{"type": "FeatureCollection", "_meta": {"source": "_merged_central-plains-war.geojson", "simplify": 0.02, "count": 22}, "features": [{"type": "Feature", "properties": {"id": "Guangxi Zhuang Autonomous Region", "name": "Guangxi Zhuang Autonomous Region"}, "geometry": {"type": "Polygon", "coordinates": [[[112.00096129100007, 24.85742471100008], [111.69849559200009, 24.886286247000044], [111.56301698100009, 24.754874366000024], [111.52371784200005, 24.76520462800005], [111.51751271500007, 25.103746743000045], [111.45442725500004, 25.212332395000033], [111.31688026800003, 25.226366580000047], [111.10487175400004, 25.055039074000035], [111.05212817100005, 25.145881961000043], [111.06660680200008, 25.240399147000062], [111.20932472900006, 25.361012278000032], [111.25586318300009, 25.46843425900005], [111.37844878500005, 25.545239502000072], [111.40606458000008, 25.747956671000054], [111.49680219400005, 25.907752707000043], [111.51258264900008, 26.00352662100005], [111.40606458000008, 26.007072305000065], [111.32321719200007, 26.060244725000075], [111.29954651100007, 26.106307978000075], [111.31739736200007, 26.37501654600004], [111.12995080900004, 26.469079374000046], [111.03127878100008, 26.460032556000044], [110.93265094100008, 26.407042699000044], [110.71961480300007, 26.438839537000035], [110.38033503000008, 26.113393022000025], [110.20675002800004, 26.12401978500003], [110.15940866300008, 26.32928021200007], [110.03316502700005, 26.336351689000026], [109.93453718500007, 26.109850554000047], [109.85563491300007, 26.042523264000067], [109.73728150300008, 26.042523264000067], [109.67021457000004, 26.116935383000055], [109.53818465300009, 26.125609403000055], [109.52392975600009, 26.078672201000074], [109.31436531900005, 25.881206011000074], [109.12782771900004, 25.92099827000004], [109.05995914100004, 25.88756640500003], [109.06803873400008, 25.702794099000073], [108.80141217300007, 25.663474723000036], [108.64305215500008, 25.507526084000062], [108.49438764800004, 25.587711983000077], [108.32310028000006, 25.62122835200006], [108.13888556500007, 25.329468114000065], [107.99991657000004, 25.313400795000064], [107.88841818900005, 25.25495622300008], [107.68642837000004, 25.40539382600008], [107.54209452400005, 25.40399255400007], [107.42523129500006, 25.49924201300007], [107.39420565900008, 25.607473207000055], [107.30836806600007, 25.62146147800007], [107.16047919800008, 25.56549857400006], [107.12738518800006, 25.47216895200006], [106.99707751500006, 25.318016716000045], [106.74111601500005, 25.268108706000078], [106.39046168900006, 25.077990294000074], [106.25634044800006, 25.05603449700004], [106.23048575200005, 24.881712642000025], [106.03495960800007, 24.780522356000063], [105.64067548000008, 24.897836778000055], [105.57765465600005, 24.88904205500006], [105.52594526300004, 24.91249325800004], [105.48069954400006, 25.000395542000035], [105.22053665600004, 25.044323130000066], [105.15105215900007, 25.009182318000057], [105.08318357800005, 24.911027688000047], [104.94421458300008, 24.874382792000063], [104.85857090000007, 24.79812660500005], [104.75030435700006, 24.779055223000057], [104.58104757100006, 24.817365169000027], [104.54235583900004, 24.710172148000026], [104.58275380100008, 24.590843721000056], [104.69637307600004, 24.46220887900006], [104.77464413100006, 24.54951118100007], [104.91098725900008, 24.544917836000025], [104.96148471300006, 24.515056990000062], [105.07257911400006, 24.558697367000036], [105.12307656900003, 24.524245699000062], [105.21144711500006, 24.43692585100007], [105.24679533300008, 24.22757213400007], [105.46393438800004, 24.15387118700005], [105.62047649800007, 24.22066448000004], [105.85781453600003, 24.11239570500004], [106.03321441600008, 24.171242650000067], [106.12112038500004, 24.107067435000033], [106.20385541500008, 23.971060829000066], [106.13973576700005, 23.601042091000068], [105.87601785900006, 23.588721625000062], [105.53706587800008, 23.28252977300008], [105.58534218000005, 23.16930721400007], [105.97022191900004, 22.945980801000076], [106.16092809700007, 23.022591583000064], [106.37937335600009, 22.882105331000048], [106.56314476400007, 22.936401400000022], [106.83013341300006, 22.83098330300004], [106.81973125800005, 22.709491556000046], [106.64917925400005, 22.569882809000035], [106.65459704400007, 22.424723881000034], [106.73586388200005, 22.29946490800006], [106.74669946000006, 22.013454937000063], [107.06093123000005, 21.96321794100004], [107.21398680700008, 21.784370934000037], [107.53354101200006, 21.623385106000057], [107.84031305200006, 21.688064979000046], [108.04340750200004, 21.581129555000075], [108.17975063000006, 21.641868028000033], [108.31893424000003, 21.606220277000034], [108.38142484100007, 21.715776043000062], [108.49078339100004, 21.743481770000074], [108.52486917200008, 21.946493519000057], [108.65411109700005, 21.955714466000074], [108.69103736000005, 21.83579558100007], [108.79471494700005, 21.695982969000056], [108.85258976400007, 21.753292934000058], [109.12554231500008, 21.633699528000022], [109.15661008600006, 21.437599915000078], [109.32304456800006, 21.516071536000027], [109.54939546500009, 21.53877910700004], [109.49835555700008, 21.72031157200007], [109.56714847700005, 21.734741850000034], [109.74212505200006, 21.546600053000077], [109.74349269000004, 21.611460900000054], [109.79197024500007, 21.67904966900005], [109.92124373100006, 21.73309787900007], [109.98426455500004, 21.910113253000077], [110.06667640100005, 21.961076975000026], [110.37531684500004, 21.973065785000074], [110.39632378600004, 21.99404376600006], [110.34703826900005, 22.056959092000056], [110.37733674300006, 22.248715143000027], [110.53640372600006, 22.24637823100005], [110.76616714500005, 22.344494965000024], [110.72829405400006, 22.503204202000063], [110.79141587200007, 22.62910846500006], [111.01107979900007, 22.70133480900006], [111.41000969300006, 22.964288484000065], [111.45798227500006, 23.136211966000076], [111.42404798600006, 23.373104589000036], [111.55816922600008, 23.70642947300007], [111.66643576900009, 23.76204918700006], [111.67936311700004, 23.910449108000023], [111.86034599500005, 23.957712154000035], [111.91043947000009, 24.01824262200006], [111.93952600500006, 24.069892438000068], [111.93952600500006, 24.29248575300005], [112.0574880590001, 24.40437223500004], [112.076879082, 24.46027835500007], [112.05910397700006, 24.668970839000053], [112.00096129100007, 24.85742471100008]]]}}, {"type": "Feature", "properties": {"id": "Fujian Province", "name": "Fujian Province"}, "geometry": {"type": "MultiPolygon", "coordinates": [[[[118.48217824100004, 24.455170363000036], [118.40442258700011, 24.491339091000043], [118.33021246300007, 24.452584689000048], [118.3131695720001, 24.398273244000052], [118.445251976, 24.391806040000063], [118.48217824100004, 24.455170363000036]]], [[[119.90241915700005, 25.527440884000043], [119.84845000300004, 25.628644174000044], [119.744404271, 25.62422953500004], [119.71494735700003, 25.524877665000076], [119.76465578900002, 25.42486947200007], [119.90241915700005, 25.527440884000043]]], [[[120.11426147400005, 26.65611017300006], [120.12021839700003, 26.721307989000024], [120.06456927500005, 26.788971419000063], [119.9753907270001, 26.67740335600007], [119.95975380700008, 26.60385850800003], [120.04240610200009, 26.575892398000065], [120.11426147400005, 26.65611017300006]]], [[[120.54140008200011, 27.28741374300006], [120.41178698500005, 27.39397407900003], [120.2388836990001, 27.43700716400008], [119.89792488400008, 27.356665184000065], [119.694319145, 27.68626773300008], [119.61079635600004, 27.69994989500003], [119.50727657400012, 27.559022164000055], [119.2977121350001, 27.491850020000072], [119.04774973400004, 27.55230679700003], [118.93918020800004, 27.96119015800008], [118.84575991500003, 28.101596975000064], [118.89625737000006, 28.252941258000078], [118.82051118900006, 28.35519961400007], [118.59094838800002, 28.390088225000056], [118.48902301400005, 28.300383434000025], [118.45203757200011, 28.153741377000074], [117.87620878300004, 27.972340247000034], [117.85348492900005, 27.90095978900007], [117.72471641800007, 27.916578293000043], [117.65906972800008, 28.005783594000036], [117.55554994400006, 28.008012782000037], [117.39648296200005, 27.938886529000058], [117.36365961600006, 27.845161016000077], [117.2626647080001, 27.724537703000067], [117.19196827000007, 27.543352335000066], [117.23741597900005, 27.337198581000052], [117.03290128800006, 27.108187816000054], [116.65922012200008, 27.000255409000033], [116.6036729220001, 26.702907459000073], [116.68194397700006, 26.54038925800006], [116.47742928500008, 26.35501831700003], [116.5077277580001, 26.182945336000046], [116.36901756200007, 26.010617884000055], [116.25066415100002, 25.964517027000056], [116.22699347000002, 25.804797748000055], [116.124420514, 25.71597160500005], [116.02973778700004, 25.29581901800003], [115.91532949100008, 25.25657752500007], [115.90743926300001, 25.14234839200003], [115.96841599700008, 24.97318308900003], [116.12378550900007, 24.960378485000035], [116.20341797600008, 24.921931108000024], [116.33889658700002, 24.934123038000052], [116.4505888760001, 24.85626153900006], [116.55297347700002, 24.684417879000023], [116.72361447700007, 24.741725517000077], [116.78773412500004, 24.724817811000037], [116.8131363650001, 24.570546555000078], [117.03290128800006, 24.29101290400007], [116.98492870500002, 24.073212074000025], [117.10864747000005, 23.835549805000028], [117.10864747000005, 23.754691292000075], [117.22161590400003, 23.642915019000043], [117.34074836900004, 23.61636651200007], [117.40732216200001, 23.764711093000074], [117.53381236900009, 23.748462379000046], [117.524935862, 23.94331280800003], [117.68027471300002, 23.892598729000042], [117.72021898900005, 24.056839996000065], [117.86002395500009, 24.056839996000065], [118.09081310200008, 24.251224411000067], [117.957665517, 24.489748676000033], [118.13741475800009, 24.47965085100003], [118.26210192600001, 24.57075433800003], [118.4597428730001, 24.636958397000058], [118.65044905000002, 24.60228445000007], [118.77180752700008, 24.76926125500006], [118.69205767000005, 24.81333094300004], [118.66085120600007, 24.932869637000067], [118.93130723900003, 24.904568294000057], [118.97985063100009, 24.961164482000072], [118.94170939500009, 25.089980857000057], [119.16362203800009, 25.231208733000074], [119.26764358900004, 25.246890617000076], [119.21591020300002, 25.357108425000035], [119.25585448000004, 25.49339367400006], [119.35127691700006, 25.55146839300005], [119.59538082300003, 25.415248919000078], [119.61979121500008, 25.489387485000066], [119.5509982960001, 25.66353303900007], [119.68192675500006, 25.791478064000046], [119.62422946800007, 25.907309128000065], [119.6641737440001, 26.050941291000072], [119.63532510100003, 26.126676324000073], [119.67970762900006, 26.246158010000045], [119.83726560600007, 26.40130067000007], [119.68192675500006, 26.623705174000065], [119.69746064000003, 26.752581306000025], [119.87499075500011, 26.736727495000025], [119.90383939700007, 26.651475420000054], [119.97911216700004, 26.850271183000075], [120.25889962800011, 26.973115456000073], [120.26971787000002, 27.09833477500007], [120.40494588600006, 27.18473057500006], [120.33462687300005, 27.253103090000025], [120.46824313800005, 27.228858849000062], [120.54140008200011, 27.28741374300006]]]]}}, {"type": "Feature", "properties": {"id": "Jiangxi Province", "name": "Jiangxi Province"}, "geometry": {"type": "Polygon", "coordinates": [[[118.59094838800002, 28.390088225000056], [118.56299389500009, 28.733690978000027], [118.16848252900002, 29.186738011000045], [118.16848252900002, 29.288937358000055], [118.29055000100004, 29.512701785000047], [118.20349541300004, 29.60735614600003], [117.70246597700009, 29.682788027000072], [117.61961859100006, 29.730760690000068], [117.49732006700003, 29.898484301000053], [117.3552959760001, 29.973697161000075], [117.26455836200012, 29.977114576000076], [117.20932677100006, 29.93267901400003], [117.18565608900008, 29.823214628000073], [116.96867483800008, 29.63479245900004], [116.85032142700004, 29.655364793000047], [116.81481540400011, 29.754738425000028], [116.92133347300012, 29.83348201700005], [116.97656506400006, 30.001033190000044], [116.81876051800009, 30.147835258000043], [116.72802290300001, 30.13760032400006], [116.65701085700005, 30.014698381000073], [116.10930687900009, 29.83641145100006], [116.05346073400005, 29.769105876000026], [115.94176844300011, 29.722414107000077], [115.68115309900008, 29.862424128000043], [115.53843517100006, 29.834617225000045], [115.49525378800001, 29.776381967000077], [115.21751778700002, 29.734734540000034], [115.21751778700002, 29.649193533000073], [115.08622440300007, 29.642610441000045], [114.93725691300006, 29.491080625000052], [114.62417269200012, 29.438321358000053], [114.419658, 29.44711647500003], [114.28583974500009, 29.341524811000056], [114.06617581700004, 29.260056488000032], [114.04022012500002, 29.164149004000024], [114.23897810800008, 28.865983726000024], [114.2347110720001, 28.683951328000035], [114.31361334500002, 28.55581715200003], [114.3175584600001, 28.458746934000033], [114.17158925500007, 28.309501166000075], [114.09663209400003, 28.180912508000063], [114.02167493400009, 28.125258631000065], [113.844144819, 28.069575841000074], [113.80074857000011, 27.930242633000034], [113.72184629800006, 27.857020660000046], [113.67845004600008, 27.616086197000072], [113.713956069, 27.469170164000047], [113.75735232000011, 27.423656375000064], [113.863870388, 27.49716931000006], [113.93882754900005, 27.430659718000072], [113.94277266200004, 27.364110030000063], [113.8591362520001, 27.260913997000046], [113.87176061600007, 27.198052070000074], [113.99800425300009, 27.056483162000063], [113.91720832500005, 26.939497842000037], [113.91973319800002, 26.85618427600008], [113.99042963500005, 26.76604650200005], [114.16212098100004, 26.67583714500006], [114.14949661700007, 26.53361265700005], [114.07122556200011, 26.45000168000007], [114.02956516100005, 26.290379363000056], [114.10057720900011, 26.262079637000056], [114.2544366410001, 26.308063186000027], [114.2544366410001, 26.247927187000073], [114.11635766200004, 26.13818729600007], [114.11635766200004, 25.978703832000065], [113.97827868500008, 25.77993312800004], [114.04534561600008, 25.666199964000043], [114.03351027600002, 25.559476494000023], [114.13608323200003, 25.402776689000063], [114.36489982300009, 25.374263894000023], [114.67656380100004, 25.44909561000003], [114.75546607600006, 25.29581901800003], [114.73574050800005, 25.156632890000026], [114.49508857300009, 25.092339483000046], [114.45958255000005, 24.945767303000025], [114.27021709500002, 24.759619799000063], [114.48325323300003, 24.58754335900005], [115.14208721400007, 24.723790129000065], [115.47347676000004, 24.841988817000072], [115.70229335300007, 24.644928544000038], [115.81275653600005, 24.641342741000074], [115.85615278500006, 24.730956888000037], [115.8245918770001, 24.895678235000048], [115.97056108200002, 24.967227816000047], [115.90743926300001, 25.14234839200003], [115.91532949100008, 25.25657752500007], [116.02973778700004, 25.29581901800003], [116.124420514, 25.71597160500005], [116.22699347000002, 25.804797748000055], [116.25066415100002, 25.964517027000056], [116.36901756200007, 26.010617884000055], [116.5077277580001, 26.182945336000046], [116.47742928500008, 26.35501831700003], [116.68194397700006, 26.54038925800006], [116.6036729220001, 26.702907459000073], [116.65922012200008, 27.000255409000033], [117.03290128800006, 27.108187816000054], [117.23741597900005, 27.337198581000052], [117.19196827000007, 27.543352335000066], [117.2626647080001, 27.724537703000067], [117.36365961600006, 27.845161016000077], [117.39648296200005, 27.938886529000058], [117.55554994400006, 28.008012782000037], [117.65906972800008, 28.005783594000036], [117.72471641800007, 27.916578293000043], [117.85348492900005, 27.90095978900007], [117.87620878300004, 27.972340247000034], [118.45203757200011, 28.153741377000074], [118.48902301400005, 28.300383434000025], [118.59094838800002, 28.390088225000056]]]}}, {"type": "Feature", "properties": {"id": "Hunan Province", "name": "Hunan Province"}, "geometry": {"type": "Polygon", "coordinates": [[[112.00096129100007, 24.85742471100008], [112.1775710070001, 24.891240795000044], [112.23311820700008, 24.978242759000068], [112.23564308000005, 25.115489007000065], [112.28866540600006, 25.26399870800003], [112.664871446, 25.25714840200004], [112.72799326400002, 25.16577409300004], [112.90220948300009, 25.02858421800005], [112.995629774, 25.02858421800005], [113.06632621100005, 25.23659516500004], [113.01077901100007, 25.398642752000057], [113.048652102, 25.453370304000032], [113.27841552100006, 25.567306118000033], [113.34658708500001, 25.585525807000067], [113.55110177800009, 25.460209502000055], [113.76066621600012, 25.41460752200004], [114.04385854500003, 25.54367680300004], [114.04534561600008, 25.666199964000043], [113.97827868500008, 25.77993312800004], [114.11635766200004, 25.978703832000065], [114.11635766200004, 26.13818729600007], [114.2544366410001, 26.247927187000073], [114.2544366410001, 26.308063186000027], [114.10057720900011, 26.262079637000056], [114.02956516100005, 26.290379363000056], [114.07122556200011, 26.45000168000007], [114.14949661700007, 26.53361265700005], [114.16212098100004, 26.67583714500006], [113.99042963500005, 26.76604650200005], [113.91973319800002, 26.85618427600008], [113.91720832500005, 26.939497842000037], [113.99800425300009, 27.056483162000063], [113.87176061600007, 27.198052070000074], [113.8591362520001, 27.260913997000046], [113.94277266200004, 27.364110030000063], [113.93882754900005, 27.430659718000072], [113.863870388, 27.49716931000006], [113.75735232000011, 27.423656375000064], [113.713956069, 27.469170164000047], [113.67845004600008, 27.616086197000072], [113.690285388, 27.759314394000057], [113.72184629800006, 27.857020660000046], [113.80074857000011, 27.930242633000034], [113.844144819, 28.069575841000074], [114.02167493400009, 28.125258631000065], [114.09663209400003, 28.180912508000063], [114.17158925500007, 28.309501166000075], [114.3175584600001, 28.458746934000033], [114.31361334500002, 28.55581715200003], [114.2347110720001, 28.683951328000035], [114.23897810800008, 28.865983726000024], [114.04022012500002, 29.164149004000024], [114.0489992570001, 29.19659834600003], [113.87539643200012, 29.231857723000076], [113.82207112000003, 29.20506170300007], [113.79298458700009, 29.323475276000067], [113.7404672340001, 29.381134530000054], [113.72784287000002, 29.473497252000072], [113.81368854300001, 29.686489592000044], [113.724262801, 29.812509698000042], [113.69911135300003, 29.936478246000036], [113.64351341300005, 29.935331095000038], [113.33891147300005, 29.720000361000075], [113.31628861200011, 29.649807934000023], [113.25488370700009, 29.60766896100006], [113.13045798000007, 29.587998077000066], [113.0674371560001, 29.610478775000047], [113.0625893990001, 29.80977507700004], [113.02703919200007, 29.85743515400003], [112.90422938100005, 29.86584339500007], [112.67961670200009, 29.75507818400007], [112.53903178900009, 29.746660623000025], [112.40006279400006, 29.693333014000075], [111.94922151700007, 30.008674996000025], [111.50807575100004, 30.059037153000077], [111.34002022100009, 30.169464321000078], [110.90533813000008, 30.23649897300004], [110.76798505300007, 30.176449226000045], [110.60154544100004, 30.158287441000027], [110.60639319800003, 30.082810382000048], [110.73081892600004, 29.970886591000067], [110.74213035500009, 29.86584339500007], [110.70334831100007, 29.83220618100006], [110.55660270600004, 29.774190430000033], [110.33693877900004, 29.767615526000043], [110.07940175900006, 29.89027582400007], [109.92790939400004, 29.853055581000035], [109.53402924700003, 29.67332785600007], [109.32884620600004, 29.24048923600003], [109.33708917400008, 28.588246407000042], [109.43808408300004, 28.412954305000028], [109.45323331900005, 28.31297438200005], [109.41031048300005, 28.09268770600005], [109.46333280900006, 27.883107307000046], [109.54412873800004, 27.782632297000077], [109.52372776600004, 27.697714364000035], [109.35082448200006, 27.535919578000062], [109.21670324100006, 27.507258458000024], [108.91291055300007, 27.24897296200004], [108.96461994600008, 27.16993233200003], [109.03572036300005, 27.16561941300006], [109.21347140400007, 27.254719184000066], [109.42354081600007, 27.271956069000055], [109.50918450000006, 27.26046510900005], [109.59159634500008, 27.198680866000075], [109.57543716000004, 26.97568629700004], [109.40526073600006, 26.815631147000033], [109.48353179100008, 26.67583714500006], [109.35728815500005, 26.49746402100004], [109.42293484600003, 26.33465457400007], [109.52897950200008, 26.198804820000078], [109.53818465300009, 26.125609403000055], [109.67021457000004, 26.116935383000055], [109.73728150300008, 26.042523264000067], [109.85563491300007, 26.042523264000067], [109.93453718500007, 26.109850554000047], [110.03316502700005, 26.336351689000026], [110.15940866300008, 26.32928021200007], [110.20675002800004, 26.12401978500003], [110.38033503000008, 26.113393022000025], [110.71961480300007, 26.438839537000035], [110.93265094100008, 26.407042699000044], [111.03127878100008, 26.460032556000044], [111.12995080900004, 26.469079374000046], [111.28992674500006, 26.39673016200004], [111.31739736200007, 26.37501654600004], [111.29954651100007, 26.106307978000075], [111.35477810200007, 26.024799124000026], [111.51258264900008, 26.00352662100005], [111.49680219400005, 25.907752707000043], [111.40606458000008, 25.747956671000054], [111.37844878500005, 25.545239502000072], [111.25586318300009, 25.46843425900005], [111.20932472900006, 25.361012278000032], [111.06660680200008, 25.240399147000062], [111.05212817100005, 25.145881961000043], [111.10487175400004, 25.055039074000035], [111.31688026800003, 25.226366580000047], [111.45442725500004, 25.212332395000033], [111.51751271500007, 25.103746743000045], [111.52371784200005, 24.76520462800005], [111.56301698100009, 24.754874366000024], [111.69849559200009, 24.886286247000044], [112.00096129100007, 24.85742471100008]]]}}, {"type": "Feature", "properties": {"id": "Zhejiang Province", "name": "Zhejiang Province"}, "geometry": {"type": "Polygon", "coordinates": [[[120.54140008200011, 27.28741374300006], [120.64419545400006, 27.369639119000055], [120.6892714600001, 27.655637365000075], [120.87304286800008, 27.95007867000004], [121.02560781000011, 28.048048120000033], [121.10535766600003, 28.301740288000076], [121.29606384400006, 28.33531693300006], [121.2475204540001, 28.069467058000043], [121.61506326900007, 28.30784592200007], [121.53184602700003, 28.655286235000062], [121.67747619900001, 28.755647285000066], [121.69828050900003, 28.937874866000072], [121.88551930300002, 29.065243920000057], [121.89245407200008, 29.210616068000036], [121.97567131400001, 29.26507756600006], [122.00341039400007, 29.657547677000025], [121.88108105100002, 29.540448852000054], [121.74571433800008, 29.561683853000034], [121.98316086600005, 29.76415668100003], [122.38482274900002, 29.898911807000047], [122.41145226800006, 29.97391075300004], [122.1207467050001, 30.16595701500006], [122.0097903840001, 30.11989991300004], [121.89661493400001, 29.993132142000036], [121.77456298200002, 29.970066029000066], [121.683578796, 30.014271372000053], [121.41950275200008, 30.309746741000026], [121.23087700600001, 30.317409616000077], [120.86957548200007, 30.171472831000074], [120.359869881, 30.327226798000027], [120.38760896000008, 30.39005738000003], [120.59565206500008, 30.419962515000066], [120.98053180400007, 30.399029882000036], [121.02214042500009, 30.52455830100007], [121.41811606100009, 30.710089537000044], [121.33919496100009, 30.820985921000045], [121.15821208300008, 30.88313502300008], [121.11063944000011, 30.93105108700007], [121.11167362900005, 31.021493710000072], [121.0018690170001, 31.09295347400007], [120.87717152900007, 31.047026002000052], [120.83488622200002, 30.96655454300003], [120.60212451600012, 30.87856105000003], [120.55478315200003, 31.003758177000066], [120.42064928800005, 31.013902106000046], [120.30624099200008, 30.969937291000065], [120.03008303500008, 31.219927537000046], [119.73999731800006, 31.22506099000003], [119.6355716710001, 30.862476574000027], [119.37050934600006, 30.67179752100003], [119.46297294700003, 30.49667707800006], [119.30270270400001, 30.374436614000047], [119.0068191800001, 30.427603469000076], [118.96366950000004, 29.99078306100006], [118.84654893800007, 29.94806280100005], [118.8403846980001, 29.793048076000048], [118.55066541400004, 29.573479148000047], [118.42738061200009, 29.55739431300003], [118.31395859500003, 29.48723452300004], [118.29055000100004, 29.512701785000047], [118.16848252900002, 29.288937358000055], [118.16848252900002, 29.186738011000045], [118.56299389500009, 28.733690978000027], [118.59094838800002, 28.390088225000056], [118.82051118900006, 28.35519961400007], [118.89625737000006, 28.252941258000078], [118.84575991500003, 28.101596975000064], [118.93918020800004, 27.96119015800008], [119.04774973400004, 27.55230679700003], [119.2977121350001, 27.491850020000072], [119.50727657400012, 27.559022164000055], [119.61079635600004, 27.69994989500003], [119.694319145, 27.68626773300008], [119.89792488400008, 27.356665184000065], [120.2388836990001, 27.43700716400008], [120.41178698500005, 27.39397407900003], [120.54140008200011, 27.28741374300006]]]}}, {"type": "Feature", "properties": {"id": "Shanghai Municipality", "name": "Shanghai Municipality"}, "geometry": {"type": "MultiPolygon", "coordinates": [[[[122.0441424600001, 31.317851835000056], [121.85809090100008, 31.370009598000024], [121.59898113400004, 31.463474317000077], [121.5953463300001, 31.437892608000027], [121.69618343500008, 31.374860012000056], [121.98875306500008, 31.28630055800005], [122.0441424600001, 31.317851835000056]]], [[[121.41811606100009, 30.710089537000044], [121.89592145800009, 30.94478845200007], [121.95833438900002, 31.14976342500006], [121.37472026300009, 31.550450451000074], [121.30054218900011, 31.508298902000035], [121.20197115600001, 31.273801175000074], [121.0018690170001, 31.09295347400007], [121.11167362900005, 31.021493710000072], [121.11063944000011, 30.93105108700007], [121.15821208300008, 30.88313502300008], [121.33919496100009, 30.820985921000045], [121.41811606100009, 30.710089537000044]]], [[[121.98449234100008, 31.511780694000038], [121.85667065900009, 31.613432671000055], [121.35390537500007, 31.827264670000034], [121.21614200500005, 31.836917734000053], [121.18067896800005, 31.772484253000073], [121.4092947690001, 31.613432671000055], [121.760094277, 31.473027005000063], [121.90495884900008, 31.447586172000058], [121.98449234100008, 31.511780694000038]]]]}}, {"type": "Feature", "properties": {"id": "Hubei Province", "name": "Hubei Province"}, "geometry": {"type": "Polygon", "coordinates": [[[116.2457002110001, 29.88968471800007], [116.22494201100005, 30.150427941000032], [116.13625585600005, 30.365927232000047], [116.01001221900003, 30.46459050800007], [116.03368290000003, 30.603909575000046], [115.89560392300007, 30.83453396400006], [116.124420514, 31.054467018000025], [116.1086400590001, 31.15580364500005], [115.93505505900009, 31.270520960000056], [115.67073244300002, 31.307605571000067], [115.48626782300005, 31.518355946000042], [115.37910964200012, 31.535590096000078], [115.29578884200009, 31.68181050700008], [115.23519189600006, 31.688256117000037], [115.1569208410001, 31.59152501400007], [114.83626200200001, 31.615179685000044], [114.68224476500006, 31.71403407500003], [114.62417269200012, 31.857829242000037], [114.4853046930001, 31.829946178000057], [114.32544868600007, 31.945846806000077], [114.250491527, 31.898968169000057], [114.120302777, 31.885569884000063], [113.8875410710001, 32.17320266100006], [113.89148618400009, 32.50984744500005], [113.80074857000011, 32.52980669300007], [113.56798686400009, 32.409984751000025], [113.33917027300004, 32.54311039600003], [112.8341957240001, 32.469915653000044], [112.7040069740001, 32.49986615900008], [112.41601367600003, 32.47990026300005], [111.93470980900008, 32.62621386500007], [111.80057594600004, 32.732473801000026], [111.61515560400005, 32.74242918600004], [111.49680219400005, 32.92143577000007], [111.38239389800009, 32.97771495300003], [111.22064423800003, 33.265170141000056], [111.08785002600007, 33.38212823400005], [110.88235074200009, 33.23423962500004], [110.66043809900009, 33.37334068200005], [110.49868843800004, 33.28825778700008], [109.84774468500007, 33.39701725200007], [109.72544616100004, 33.39372350700006], [109.62287320700005, 33.33111863800008], [109.63865366000005, 33.22887722300004], [109.86352514000004, 33.20907473600005], [109.86747025300008, 33.050493621000044], [110.04105525500006, 33.030650851000075], [110.25014627700006, 32.90818840400004], [110.24225605100008, 32.77892274900006], [109.68599502500007, 32.659433673000024], [109.62681832000004, 32.409984751000025], [109.77278752600006, 32.19657484000004], [109.74122661600006, 32.139803431000075], [109.73082396200004, 31.972288990000038], [110.02132968600006, 31.91999954000005], [110.02637943100007, 31.711886186000072], [110.19049615900008, 31.597976884000047], [110.24099361400005, 31.51406773700006], [110.25614285200004, 31.350335905000065], [110.20059565000008, 31.24677915500007], [110.20564539700007, 31.030671031000054], [110.13494895900004, 30.95924739900005], [109.90771041300007, 30.987390365000067], [109.54917848400004, 30.72078298400004], [109.27144248200005, 30.694732870000053], [109.10227600900004, 30.72078298400004], [108.80434102400005, 30.638266830000077], [108.69829637100008, 30.67084741800005], [108.53165476900006, 30.540459231000057], [108.64274917000006, 30.38158392300005], [108.56459646700006, 29.90532418400005], [108.70020975000006, 29.95874458800006], [108.90028619000009, 29.750080342000047], [108.99875622500008, 29.74788822900007], [109.00885571600008, 29.508660946000077], [109.14945956800005, 29.31882480200005], [109.32884620600004, 29.24048923600003], [109.53402924700003, 29.67332785600007], [109.92790939400004, 29.853055581000035], [110.07940175900006, 29.89027582400007], [110.33693877900004, 29.767615526000043], [110.55660270600004, 29.774190430000033], [110.70334831100007, 29.83220618100006], [110.74213035500009, 29.86584339500007], [110.73081892600004, 29.970886591000067], [110.60639319800003, 30.082810382000048], [110.60154544100004, 30.158287441000027], [110.76798505300007, 30.176449226000045], [110.90533813000008, 30.23649897300004], [111.34002022100009, 30.169464321000078], [111.50807575100004, 30.059037153000077], [111.94922151700007, 30.008674996000025], [112.40006279400006, 29.693333014000075], [112.53903178900009, 29.746660623000025], [112.67961670200009, 29.75507818400007], [112.90422938100005, 29.86584339500007], [113.02703919200007, 29.85743515400003], [113.0625893990001, 29.80977507700004], [113.0674371560001, 29.610478775000047], [113.13045798000007, 29.587998077000066], [113.25488370700009, 29.60766896100006], [113.31628861200011, 29.649807934000023], [113.33891147300005, 29.720000361000075], [113.64351341300005, 29.935331095000038], [113.69911135300003, 29.936478246000036], [113.724262801, 29.812509698000042], [113.81368854300001, 29.686489592000044], [113.72784287000002, 29.473497252000072], [113.7404672340001, 29.381134530000054], [113.84630989900006, 29.200830111000073], [113.87539643200012, 29.231857723000076], [114.0489992570001, 29.19659834600003], [114.06617581700004, 29.260056488000032], [114.28583974500009, 29.341524811000056], [114.419658, 29.44711647500003], [114.62417269200012, 29.438321358000053], [114.93725691300006, 29.491080625000052], [115.08622440300007, 29.642610441000045], [115.21751778700002, 29.649193533000073], [115.21751778700002, 29.734734540000034], [115.49525378800001, 29.776381967000077], [115.53843517100006, 29.834617225000045], [115.68115309900008, 29.862424128000043], [115.94176844300011, 29.722414107000077], [116.2457002110001, 29.88968471800007]]]}}, {"type": "Feature", "properties": {"id": "Anhui Province", "name": "Anhui Province"}, "geometry": {"type": "Polygon", "coordinates": [[[118.20349541300004, 29.60735614600003], [118.31395859500003, 29.48723452300004], [118.42738061200009, 29.55739431300003], [118.55066541400004, 29.573479148000047], [118.8403846980001, 29.793048076000048], [118.84654893800007, 29.94806280100005], [118.96366950000004, 29.99078306100006], [119.0068191800001, 30.427603469000076], [119.30270270400001, 30.374436614000047], [119.46297294700003, 30.49667707800006], [119.37050934600006, 30.67179752100003], [119.6355716710001, 30.862476574000027], [119.73999731800006, 31.22506099000003], [119.505382918, 31.277264700000046], [119.43437087400002, 31.331197271000065], [119.32390769100004, 31.358151976000045], [119.12665200900005, 31.300863999000057], [118.94123166500003, 31.341306191000058], [118.901780529, 31.432237567000072], [118.96095723300004, 31.496173501000044], [118.98857303000011, 31.68436194800006], [118.8426038240001, 31.731349618000024], [118.79920757500008, 31.79508050000004], [118.61378723200005, 31.898968169000057], [118.49148871000011, 32.11641668800007], [118.71241507400009, 32.26665535500007], [118.83076848300004, 32.423306172000025], [118.74397598400003, 32.58633381400006], [118.75975643700008, 32.66275497500004], [118.98462791700001, 32.66275497500004], [119.14637757700007, 32.58965783100007], [119.2292249620001, 32.66275497500004], [119.19371893900006, 32.86180701100005], [119.15821291600002, 32.94130310300005], [119.02013393900006, 33.03726560400003], [118.9057256420001, 33.027343287000065], [118.834713598, 32.82866258700005], [118.55066541400004, 32.82534746300007], [118.41653154900007, 32.911500431000036], [118.29423302700002, 33.248675228000025], [118.11275779900006, 33.304745223000054], [118.09697734300005, 33.37725290800006], [118.21138563900001, 33.61741350300008], [118.23191285400003, 33.83001185300003], [117.88449036500003, 33.81255975400006], [117.83762872800003, 33.95073633900006], [117.74067361300001, 34.06325823700007], [117.46111970400011, 34.12748948900003], [117.22034784000004, 34.128827122000075], [117.06360374000008, 34.30654350300006], [117.05869134700004, 34.477970371000026], [116.70086234300004, 34.571695559000034], [116.45645125200008, 34.73220183800004], [116.3758444560001, 34.69664831500006], [116.2696651010001, 34.706579856000076], [116.28806382800008, 34.57382777600003], [116.37643437500003, 34.48022154300003], [116.65417037700001, 34.35733409100004], [116.73244143000011, 34.05037266800008], [116.5077277580001, 33.89332968000008], [116.31836230200008, 33.83043133000007], [116.23504150200006, 33.884945911000045], [116.05325066500006, 34.12565021000006], [115.82348724400003, 34.161174663000054], [115.74521619000006, 34.09429270100003], [115.71239284400008, 33.96874650900003], [115.75784055300005, 33.78427643800006], [115.73511669900006, 33.69399275600006], [115.48767917000009, 33.630947898000045], [115.42708222400006, 33.48787532800003], [115.4119329880001, 33.29181933600006], [115.27811473300005, 33.20313311500007], [115.03825182300011, 33.20524573700004], [115.00037873100007, 33.12915922700006], [115.04835131200002, 33.05935528100002], [115.22761727800003, 33.03184154300004], [115.34376142400004, 32.93653534900005], [115.30083858700004, 32.82627571100005], [115.34123655100007, 32.70100747400005], [115.53312687900006, 32.68613345000006], [115.6467461530001, 32.53299976200003], [115.79066389900004, 32.511710495000045], [115.86893495400011, 32.60321853700003], [116.01790244500012, 32.656377966000036], [115.99012884500007, 32.486156720000054], [116.08102426500011, 32.266521918000024], [115.9749796100001, 31.924285600000076], [115.78308928000001, 31.898566249000055], [115.58614920700006, 31.795616995000046], [115.51292789600006, 31.51406773700006], [115.48626782300005, 31.518355946000042], [115.67073244300002, 31.307605571000067], [115.93505505900009, 31.270520960000056], [116.1086400590001, 31.15580364500005], [116.124420514, 31.054467018000025], [115.89560392300007, 30.83453396400006], [116.03368290000003, 30.603909575000046], [116.01001221900003, 30.46459050800007], [116.13625585600005, 30.365927232000047], [116.22494201100005, 30.150427941000032], [116.24671903800004, 29.88138254300003], [116.65701085700005, 30.014698381000073], [116.72802290300001, 30.13760032400006], [116.81876051800009, 30.147835258000043], [116.97656506400006, 30.001033190000044], [116.92133347300012, 29.83348201700005], [116.81481540400011, 29.754738425000028], [116.85032142700004, 29.655364793000047], [116.96867483800008, 29.63479245900004], [117.18565608900008, 29.823214628000073], [117.20932677100006, 29.93267901400003], [117.26455836200012, 29.977114576000076], [117.3552959760001, 29.973697161000075], [117.49732006700003, 29.898484301000053], [117.61961859100006, 29.730760690000068], [117.70246597700009, 29.682788027000072], [118.08908711700008, 29.641650371000026], [118.20349541300004, 29.60735614600003]]]}}, {"type": "Feature", "properties": {"id": "Jiangsu Province", "name": "Jiangsu Province"}, "geometry": {"type": "Polygon", "coordinates": [[[121.0018690170001, 31.09295347400007], [121.20197115600001, 31.273801175000074], [121.30054218900011, 31.508298902000035], [121.37472026300009, 31.550450451000074], [120.86957548200007, 31.806239368000035], [120.79676039700007, 31.92403237600007], [120.50896743700002, 32.00345749200005], [120.3564024960001, 31.929918074000057], [120.2974569490001, 32.00639784400005], [120.43615235200002, 32.07693796900003], [120.60605421900004, 32.100439262000066], [120.92505364300007, 31.941688338000063], [121.01520565500005, 31.82391791300006], [121.13309674700008, 31.82097172400006], [121.21631398700004, 31.865154689000065], [121.34807462000003, 31.85042938500004], [121.98260608400005, 31.63222028100006], [121.97567131400001, 31.770872127000075], [121.73295436, 32.08575166400004], [121.46596571200007, 32.18558075200008], [121.42088970600003, 32.40833244600003], [120.8938471780001, 32.66557020100004], [120.96666226500008, 32.87840046500003], [120.33213080000007, 34.26505923600007], [119.59011039900008, 34.60822617700006], [119.47568669200007, 34.770736052000075], [119.23643712500007, 34.83337377500004], [119.25030666300006, 35.08061065700008], [119.44213042800004, 35.186350823000055], [119.06306787100004, 35.17419488200005], [118.96598109000001, 35.08912275700004], [118.82381830200006, 34.80775500500005], [118.60537304500008, 34.728001232000054], [118.4978841090001, 34.545417789000055], [118.2933083910001, 34.513995805000036], [118.27250408000009, 34.67098709000004], [118.08526528700008, 34.767887752000036], [117.97084158000007, 34.75079588800003], [117.89109172300005, 34.63390683700004], [117.6587769250001, 34.57397294000003], [117.48540767400004, 34.65957954800007], [117.28429934100006, 34.60822617700006], [117.02077807600006, 35.052230577000046], [116.85434359400006, 35.060745637000025], [116.58042017500009, 34.99828124700008], [116.51800724400005, 34.759342262000075], [116.45645125200008, 34.73220183800004], [116.70086234300004, 34.571695559000034], [117.05869134700004, 34.477970371000026], [117.06360374000008, 34.30654350300006], [117.22034784000004, 34.128827122000075], [117.46111970400011, 34.12748948900003], [117.74067361300001, 34.06325823700007], [117.83762872800003, 33.95073633900006], [117.88449036500003, 33.81255975400006], [118.23191285400003, 33.83001185300003], [118.21138563900001, 33.61741350300008], [118.09697734300005, 33.37725290800006], [118.11275779900006, 33.304745223000054], [118.29423302700002, 33.248675228000025], [118.41653154900007, 32.911500431000036], [118.55066541400004, 32.82534746300007], [118.834713598, 32.82866258700005], [118.9057256420001, 33.027343287000065], [119.02013393900006, 33.03726560400003], [119.15821291600002, 32.94130310300005], [119.2292249620001, 32.66275497500004], [119.14637757700007, 32.58965783100007], [118.98462791700001, 32.66275497500004], [118.75975643700008, 32.66275497500004], [118.74397598400003, 32.58633381400006], [118.83076848300004, 32.423306172000025], [118.71241507400009, 32.26665535500007], [118.49148871000011, 32.11641668800007], [118.61378723200005, 31.898968169000057], [118.79920757500008, 31.79508050000004], [118.8426038240001, 31.731349618000024], [118.98857303000011, 31.68436194800006], [118.96095723300004, 31.496173501000044], [118.901780529, 31.432237567000072], [118.94123166500003, 31.341306191000058], [119.12665200900005, 31.300863999000057], [119.32390769100004, 31.358151976000045], [119.43437087400002, 31.331197271000065], [119.505382918, 31.277264700000046], [119.79337621500008, 31.21317969900008], [120.03008303500008, 31.219927537000046], [120.30624099200008, 30.969937291000065], [120.42064928800005, 31.013902106000046], [120.55478315200003, 31.003758177000066], [120.60212451600012, 30.87856105000003], [120.83488622200002, 30.96655454300003], [120.87717152900007, 31.047026002000052], [121.0018690170001, 31.09295347400007]]]}}, {"type": "Feature", "properties": {"id": "Henan Province", "name": "Henan Province"}, "geometry": {"type": "Polygon", "coordinates": [[[115.37910964200012, 31.535590096000078], [115.51292789600006, 31.51406773700006], [115.58614920700006, 31.795616995000046], [115.78308928000001, 31.898566249000055], [115.9749796100001, 31.924285600000076], [116.08102426500011, 32.266521918000024], [115.99012884500007, 32.486156720000054], [116.01790244500012, 32.656377966000036], [115.86893495400011, 32.60321853700003], [115.79066389900004, 32.511710495000045], [115.6467461530001, 32.53299976200003], [115.53312687900006, 32.68613345000006], [115.34123655100007, 32.70100747400005], [115.30083858700004, 32.82627571100005], [115.34376142400004, 32.93653534900005], [115.22761727800003, 33.03184154300004], [115.04835131200002, 33.05935528100002], [115.00037873100007, 33.12915922700006], [115.03825182300011, 33.20524573700004], [115.27811473300005, 33.20313311500007], [115.4119329880001, 33.29181933600006], [115.42708222400006, 33.48787532800003], [115.48767917000009, 33.630947898000045], [115.73511669900006, 33.69399275600006], [115.75784055300005, 33.78427643800006], [115.71239284400008, 33.96874650900003], [115.74521619000006, 34.09429270100003], [115.82348724400003, 34.161174663000054], [116.05325066500006, 34.12565021000006], [116.23504150200006, 33.884945911000045], [116.31836230200008, 33.83043133000007], [116.5077277580001, 33.89332968000008], [116.73244143000011, 34.05037266800008], [116.65417037700001, 34.35733409100004], [116.37643437500003, 34.48022154300003], [116.28806382800008, 34.57382777600003], [116.2696651010001, 34.706579856000076], [115.82952326800012, 34.718425602000025], [115.69637568300004, 34.67463717100003], [115.54769421100002, 34.76765988400007], [115.5543515920001, 34.91154709700004], [115.44561439600011, 34.94065817000006], [115.27252253400002, 35.07334629700006], [114.97737871900006, 35.16047592700005], [114.94853007400002, 35.23663787800007], [115.09499241900005, 35.33264503200007], [115.16600446500001, 35.43757892800005], [115.37460235000003, 35.545987499000034], [115.42120400400006, 35.665067874000044], [116.1623922330001, 36.10555564600003], [116.15573485400012, 36.19335884700007], [115.80955113100003, 36.07507034900004], [115.47668216700004, 35.91887239400006], [115.44783352200011, 36.07507034900004], [115.54769421100002, 36.13961345200005], [115.54944646400008, 36.22023203300006], [115.29597072600006, 36.28965130300003], [115.11176589500008, 36.20226386400003], [114.88963654000008, 36.311482891000026], [114.77044517800005, 36.24596979800003], [114.65125381700011, 36.26781360500007], [114.56998698100006, 36.337672730000065], [114.244919632, 36.37257882200004], [114.13656384900003, 36.45106027800006], [113.813192447, 36.46220698500008], [113.6652161930001, 35.69789371400003], [113.01508149600011, 35.36280771400004], [112.74419203900004, 35.38047868600006], [112.63583625600006, 35.30535033700005], [112.30535111900008, 35.35397077600004], [112.19699533500011, 35.28766292900008], [112.1428174450001, 35.19031311500004], [111.92025466600006, 35.17986319600004], [111.54924446600006, 34.930083858000046], [111.28225581700008, 34.91586892400005], [111.03607147900004, 34.85329397600003], [110.84536530100007, 34.728001232000054], [110.43970339000003, 34.71986913400008], [110.43833766800009, 34.58505345300006], [110.54983604800009, 34.48122056400007], [110.54948177700004, 34.35607206100008], [110.71591625900004, 34.30516795300008], [110.72208049900007, 34.01953498700004], [110.86385802100006, 33.937748261000024], [110.93166466300005, 33.77906278000006], [111.11659186500009, 33.65087605200006], [111.08785002600007, 33.38212823400005], [111.22064423800003, 33.265170141000056], [111.38239389800009, 32.97771495300003], [111.49680219400005, 32.92143577000007], [111.61515560400005, 32.74242918600004], [111.80057594600004, 32.732473801000026], [111.93470980900008, 32.62621386500007], [112.41601367600003, 32.47990026300005], [112.7040069740001, 32.49986615900008], [112.8341957240001, 32.469915653000044], [113.33917027300004, 32.54311039600003], [113.56798686400009, 32.409984751000025], [113.80074857000011, 32.52980669300007], [113.89148618400009, 32.50984744500005], [113.8875410710001, 32.17320266100006], [114.120302777, 31.885569884000063], [114.250491527, 31.898968169000057], [114.32544868600007, 31.945846806000077], [114.4853046930001, 31.829946178000057], [114.62417269200012, 31.857829242000037], [114.68224476500006, 31.71403407500003], [114.83626200200001, 31.615179685000044], [115.1569208410001, 31.59152501400007], [115.23519189600006, 31.688256117000037], [115.29578884200009, 31.68181050700008], [115.37910964200012, 31.535590096000078]]]}}, {"type": "Feature", "properties": {"id": "Shandong Province", "name": "Shandong Province"}, "geometry": {"type": "Polygon", "coordinates": [[[116.3758444560001, 34.69664831500006], [116.51800724400005, 34.759342262000075], [116.58042017500009, 34.99828124700008], [116.85434359400006, 35.060745637000025], [117.02077807600006, 35.052230577000046], [117.28429934100006, 34.60822617700006], [117.48540767400004, 34.65957954800007], [117.6587769250001, 34.57397294000003], [117.89109172300005, 34.63390683700004], [117.97084158000007, 34.75079588800003], [118.08526528700008, 34.767887752000036], [118.27250408000009, 34.67098709000004], [118.2933083910001, 34.513995805000036], [118.4978841090001, 34.545417789000055], [118.60537304500008, 34.728001232000054], [118.82381830200006, 34.80775500500005], [118.96598109000001, 35.08912275700004], [119.06306787100004, 35.17419488200005], [119.44213042800004, 35.186350823000055], [119.49649100300007, 35.36386808000003], [119.75307749700005, 35.64895278200004], [119.94378367500008, 35.671490463000055], [120.09634861600011, 35.93583123700006], [120.27318525400005, 36.014400857000055], [120.1344898530001, 36.16010823000005], [120.25238094300005, 36.23286058200006], [120.36680465000006, 36.143309628000054], [120.51243482300004, 36.09849576600004], [120.703141, 36.185299386000054], [120.81409732200007, 36.51204657100004], [120.9319884140001, 36.60952475200003], [120.98399918900009, 36.58725486800006], [121.79536729200004, 36.90122048500007], [121.94446484700006, 37.02866127500005], [122.14557318200002, 36.99543642000003], [122.21145349800008, 37.01481935000004], [122.37442059500006, 36.88180862400003], [122.53738769300003, 36.97604854800005], [122.65527878400007, 37.442744692000076], [122.46110522000004, 37.52253820400006], [122.32240982000008, 37.453755760000035], [122.1213014870001, 37.561028703000034], [121.58038941900008, 37.45650827400004], [121.35500939000008, 37.654422871000065], [121.1920422930001, 37.62971229800007], [120.87997763700002, 37.88465822000006], [120.38067419100003, 37.77511174500006], [120.2419787880001, 37.57202233900006], [119.95418583000003, 37.420717696000054], [119.9264467480001, 37.27186601300008], [119.65945810000005, 37.13654169800003], [119.01257407700007, 37.322033041000054], [119.03424523300009, 37.764490790000025], [118.89338271500003, 37.96978651200004], [118.67125336100003, 38.01675285600004], [118.47079516200006, 38.183027448000075], [118.13489223500005, 38.10206914100007], [117.88327616900006, 38.30339074800003], [117.79357152000011, 38.16599106100006], [117.6039488990001, 38.13616779800003], [117.58227774400007, 37.99113857800006], [117.51184648500009, 37.93561028600004], [117.23012144900008, 37.95697229000007], [116.94297862400003, 37.91851621100005], [116.54748001700011, 37.65733954900003], [116.43370644600009, 37.70879148100005], [116.29826171700006, 37.47697691500008], [116.1357280420001, 37.45117518600006], [115.77815395900006, 36.92461214700006], [115.46933997700012, 36.73814644700008], [115.4314154540001, 36.52075497900006], [115.61020249600006, 36.30711706300008], [115.58311355, 36.211007005000056], [115.54944646400008, 36.22023203300006], [115.54769421100002, 36.13961345200005], [115.44783352200011, 36.07507034900004], [115.47668216700004, 35.91887239400006], [115.80955113100003, 36.07507034900004], [116.15573485400012, 36.19335884700007], [116.1623922330001, 36.10555564600003], [115.42120400400006, 35.665067874000044], [115.37460235000003, 35.545987499000034], [115.16600446500001, 35.43757892800005], [115.09499241900005, 35.33264503200007], [114.94853007400002, 35.23663787800007], [114.97737871900006, 35.16047592700005], [115.27252253400002, 35.07334629700006], [115.44561439600011, 34.94065817000006], [115.5543515920001, 34.91154709700004], [115.54769421100002, 34.76765988400007], [115.69637568300004, 34.67463717100003], [115.82952326800012, 34.718425602000025], [116.3758444560001, 34.69664831500006]]]}}, {"type": "Feature", "properties": {"id": "Qinghai Province", "name": "Qinghai Province"}, "geometry": {"type": "Polygon", "coordinates": [[[102.32147197400008, 33.78566620200007], [101.92083096900006, 33.78436038000007], [101.81902809900004, 33.98022076900003], [101.72530482300004, 34.04317597800008], [101.48453295800005, 34.11812546800007], [101.13633482900008, 34.11828600300004], [101.01430066000006, 34.192741270000056], [101.03291604100008, 34.49928081100006], [101.19689945600004, 34.50386184400003], [101.33102069600005, 34.39592769800004], [101.69621828800007, 34.25447003200003], [101.90628770100005, 34.274502109000025], [102.00809057000004, 34.49986677100003], [101.95476525800007, 34.63293263300005], [101.94830158300005, 34.96201556700004], [102.20038487800008, 35.030850075000046], [102.31834693400003, 35.095660355000064], [102.41530204700007, 35.190798388000076], [102.42661347600006, 35.268675779000034], [102.32804244300007, 35.38337546200006], [102.41207020900003, 35.49791229600004], [102.50579348500008, 35.536055013000066], [102.60830331800008, 35.69295594600004], [102.74212157400007, 35.63551880000006], [102.77746979200003, 35.65398524700004], [102.99460884900009, 35.940690853000035], [103.01642374900007, 36.14125773100005], [103.07792964900005, 36.29761515000007], [102.94663626500005, 36.40945589800003], [102.90118855600008, 36.56373485700004], [102.73202208300006, 36.62657616600006], [102.71103407900006, 36.87389456400007], [102.54533930600007, 36.99057452900007], [102.52498251800006, 37.213973227000054], [102.40883837200005, 37.344559651000054], [102.36591553500006, 37.494954574000076], [102.12352775300008, 37.627052097000046], [102.12352775300008, 37.75891526800007], [102.04778156900005, 37.76889534500003], [101.84074200600008, 37.66703539500003], [101.59330447600007, 37.762907459000076], [101.49735931300006, 37.760911391000036], [101.17165072900008, 37.906482821000054], [101.12115327400005, 38.03188191500004], [100.45687339600005, 38.42679035300006], [100.25481894000006, 38.497747986000036], [100.20149362700005, 38.35089687900006], [100.03505401500007, 38.35089687900006], [99.50664864900006, 38.79811026100003], [99.39999802400007, 38.79685087000007], [99.13660330000005, 39.005604867000045], [98.79564448600007, 39.08467004400006], [98.61950936200009, 38.972949001000075], [98.48054036700006, 39.069616833000055], [98.20906604900006, 38.83714034900004], [97.83417294600008, 39.08341573300004], [97.12165886700006, 39.208353818000035], [96.98597341800007, 39.108788624000056], [97.09408224600008, 38.94907557100004], [97.08761857300004, 38.72628945100007], [96.89694018400007, 38.49268912600007], [96.88562875400004, 38.257060082000066], [96.45013870400004, 38.125790610000024], [96.20159654400004, 38.23742936700006], [95.85442654100007, 38.20333567500006], [95.25476926600004, 38.339614554000036], [94.62355108000008, 38.22503350900007], [94.36317357900003, 38.58982228100007], [93.97655244000003, 38.534295593000024], [93.82663812100009, 38.713061269000036], [93.30588311800005, 38.66379111400005], [93.10073720800006, 38.89138100200006], [92.434013, 39.07844236400007], [92.12629413400003, 38.919011298000044], [91.86591663400009, 38.857596038000054], [90.69421787700009, 38.688430433000065], [90.23263957900008, 38.40765805800004], [90.33915764800008, 37.833483744000034], [91.17946685700008, 37.45550514700005], [91.23627649300005, 37.38469449400003], [91.11255772900006, 37.26623498300006], [91.14790594700008, 37.09121693900005], [90.67242191300005, 36.822069320000026], [90.79038396600004, 36.526573616000064], [91.01338072700008, 36.538259425000035], [91.08932890000006, 36.50319670300007], [91.07963338900004, 36.442123699000035], [91.05216277300008, 36.40311577700004], [90.89380275500008, 36.367991895000046], [90.57586446800008, 36.217830638000066], [90.31943208000007, 36.185995916000024], [89.97620719200006, 36.30054030500003], [89.82024837300008, 36.29902461800003], [89.84183977700008, 36.15039191900007], [89.57198137800003, 36.01980263400003], [89.59298831900009, 35.93218652200005], [89.76427568500009, 35.92040978600005], [89.88708549600005, 35.86804752000006], [89.91617203000004, 35.629362370000024], [89.74488466200006, 35.190798388000076], [89.72710955900004, 35.04408084000005], [89.82083283600008, 34.946122460000026], [89.79659405600006, 34.83743712800003], [89.76750752300006, 34.781713377000074], [89.50411279900004, 34.73790400300004], [89.46856259000003, 34.68477057700005], [89.48148993800004, 34.56243424500008], [89.58167688900005, 34.48122056400007], [89.56228586600008, 34.26515440000003], [89.80719852300007, 33.99177721600006], [89.95364114200004, 33.90171262600006], [90.00918834100008, 33.717097626000054], [90.28944921600004, 33.43310851600006], [90.45104107000003, 33.137616544000025], [90.98631409200004, 33.139730746000055], [91.05448565600005, 33.09320654100003], [91.44079118500008, 33.046657700000026], [91.51653736800006, 33.002201754000055], [91.80689773200004, 32.993731413000035], [91.94576573400008, 32.945011177000026], [92.32702151700005, 32.71375466500007], [92.48861337300008, 32.69250833500007], [92.67040421000007, 32.728624086000025], [92.82694632100004, 32.72225178100007], [92.97591381100005, 32.63299170800008], [93.13498079400006, 32.645748608000076], [93.52886094200005, 32.55002754100008], [94.16765374500005, 32.605345519000025], [94.72612403400007, 32.59298172300004], [94.91154437800009, 32.50984744500005], [94.99439176300007, 32.39666136200003], [95.16797676500005, 32.27332686900007], [95.45991517500005, 32.18989768700004], [95.50725654000007, 31.992701538000063], [95.60588438100007, 31.85541661800005], [95.80314006400005, 31.85541661800005], [96.05957245100007, 31.727994145000025], [96.15820029400004, 31.727994145000025], [96.31600483900007, 31.815196920000062], [96.46197404400004, 31.805139258000054], [96.65133950100005, 31.711214959000074], [96.77363802200006, 31.768251793000047], [97.13690409000009, 32.255846458000065], [97.13185434300004, 32.34548128600005], [97.23789899800005, 32.545770900000036], [97.25052336300007, 32.645748608000076], [97.18992641600005, 32.720127578000074], [97.21012539800006, 32.78170891600007], [97.52573449000005, 32.85385347700003], [97.59390605500005, 32.93441626500004], [97.57449609700006, 33.04387986000006], [97.52715473200004, 33.113299561000076], [97.66128859600008, 33.27506559400007], [97.93744655100005, 33.37395841400007], [98.07947064400008, 33.400310871000045], [98.65940235100004, 33.38054727800005], [98.86060314900004, 33.439824577000024], [99.17621224100009, 33.28495992500007], [99.40108371900004, 33.225577120000025], [99.50760178800004, 33.23217720200006], [99.66540633500006, 33.327822397000034], [99.91789360900003, 33.33441475400008], [100.01257633600005, 33.16945631700003], [100.50177043000008, 32.76565409300002], [100.71480656800009, 32.715879020000045], [100.99096452400005, 32.745747401000074], [101.07775702500004, 32.88168772300003], [101.07775702500004, 33.093470952000075], [101.19611043300006, 33.22887722300004], [101.49199395900007, 33.350893462000045], [101.59456691300005, 33.33111863800008], [101.77604214100006, 33.126516148000064], [102.00091362100005, 33.29815062100005], [102.17449862100005, 33.29485313400005], [102.26918134800007, 33.20907473600005], [102.39937009800008, 33.21567606200006], [102.42698589500009, 33.406897737000065], [102.49799794100005, 33.505640775000074], [102.49405282700008, 33.64369193700003], [102.37569941700008, 33.679811692000044], [102.32147197400008, 33.78566620200007]]]}}, {"type": "Feature", "properties": {"id": "Ningxia Ningxia Hui Autonomous Region", "name": "Ningxia Ningxia Hui Autonomous Region"}, "geometry": {"type": "Polygon", "coordinates": [[[107.58140655100004, 37.825796156000024], [107.50974088200007, 38.081431724000026], [107.24621961900004, 38.23955969200006], [106.93415496500006, 38.228665326000055], [106.63595984900007, 38.386473815000045], [107.06619298700008, 39.11613965300006], [106.87312898700009, 39.26405458600004], [106.87312898700009, 39.40479966400005], [106.66009284900008, 39.432229076000056], [106.52028788500007, 39.34304403200008], [106.38048291900009, 39.341327817000035], [106.32056650600003, 39.241715328000055], [106.09199648300006, 39.13163370600006], [106.09643473500006, 38.966188174000024], [105.90558986300005, 38.75710620500007], [105.90558986300005, 38.293571616000065], [105.45288807000009, 38.003878531000055], [105.09560871500008, 37.674404965000065], [104.59852439500008, 37.61993562600003], [104.54273383900005, 37.57352119500007], [104.75854806700005, 37.45237334800004], [104.75065783900004, 37.30816891000006], [104.89662704400007, 37.317581999000026], [104.99525488700004, 37.188834486000076], [105.29508352400006, 36.97481740500007], [105.35788973300004, 36.61644393200004], [105.50433235200006, 36.417583500000035], [105.52958108000007, 36.23857990500005], [105.39990361700006, 36.10471034600005], [105.40959912600005, 35.98058356300004], [105.53564077400006, 35.83661354000003], [105.83458570600004, 35.77633025600005], [105.95739551700007, 35.53342506300004], [106.18039227700007, 35.51632828400005], [106.36460699300005, 35.42025567400003], [106.54882170700006, 35.47949208500006], [106.56174905500006, 35.77501924100005], [106.66829868600007, 35.82408559300006], [106.79454232300009, 35.79746737700003], [106.92583570500005, 35.85274138400007], [107.01925599700007, 36.179500043000075], [106.58245301300008, 36.391165681000075], [106.53195555800005, 36.54953780200003], [106.54558987100006, 36.798781991000055], [106.72980458500007, 36.869915469000034], [106.63284947300008, 37.00940316100008], [106.74919560800004, 37.28246894700004], [106.88816460300006, 37.279897464000044], [107.03844503100004, 37.19370199900004], [107.34676546600008, 37.21850670500004], [107.38204864900007, 37.31444443400005], [107.31103660300005, 37.45550514700005], [107.38599376200006, 37.67128235500007], [107.58140655100004, 37.825796156000024]]]}}, {"type": "Feature", "properties": {"id": "Shaanxi Province", "name": "Shaanxi Province"}, "geometry": {"type": "Polygon", "coordinates": [[[109.72939127600006, 31.94919436500004], [109.74122661600006, 32.139803431000075], [109.77278752600006, 32.19657484000004], [109.62681832000004, 32.409984751000025], [109.68599502500007, 32.659433673000024], [110.24225605100008, 32.77892274900006], [110.25014627700006, 32.90818840400004], [110.04105525500006, 33.030650851000075], [109.86747025300008, 33.050493621000044], [109.86352514000004, 33.20907473600005], [109.63865366000005, 33.22887722300004], [109.62287320700005, 33.33111863800008], [109.72544616100004, 33.39372350700006], [109.84774468500007, 33.39701725200007], [110.49868843800004, 33.28825778700008], [110.66043809900009, 33.37334068200005], [110.88235074200009, 33.23423962500004], [111.10426338400003, 33.393929369000034], [111.11659186500009, 33.65087605200006], [110.93166466300005, 33.77906278000006], [110.86385802100006, 33.937748261000024], [110.72208049900007, 34.01953498700004], [110.71591625900004, 34.30516795300008], [110.54948177700004, 34.35607206100008], [110.54983604800009, 34.48122056400007], [110.43833766800009, 34.58505345300006], [110.43970339000003, 34.71986913400008], [110.37033354800008, 34.816295480000065], [110.38767047500005, 35.21953032700003], [110.68933297400008, 35.63768155500003], [110.71013728400004, 35.76720461900004], [110.54717018700006, 36.17410431600007], [110.56797449700008, 36.67629582200004], [110.46048556000005, 36.76801149400006], [110.49515941000004, 37.09783305700006], [110.73440897900008, 37.39592957700006], [110.85576745600008, 37.77237099900003], [110.54717018700006, 38.10053432700005], [110.54370280200004, 38.23955969200006], [110.91471300300009, 38.535802416000024], [111.05174405800005, 39.04723597000003], [111.23717981200008, 39.186481065000066], [111.27180531600004, 39.502719666000075], [111.11343750800006, 39.64571575400004], [110.75044563600005, 39.38239811900007], [110.59224619300005, 39.457398916000045], [110.35646400900004, 39.44668945700005], [110.28364892300004, 39.51627148600005], [110.20736645200009, 39.41455119900007], [109.91957349100005, 39.186481065000066], [109.85022579200006, 38.94418579400008], [109.91610610800006, 38.860536065000076], [109.90917133800008, 38.79570731800004], [109.77394332100005, 38.71999918600005], [109.56243283200007, 38.70376556800005], [109.49308513200003, 38.57376395700004], [109.38559619500006, 38.511387984000066], [109.17061832100006, 38.27767711600006], [109.00418383900006, 38.18234607000005], [108.76146688600005, 37.79977388000003], [108.68865179900007, 37.75044137800006], [108.40432622400004, 37.761407001000066], [108.30723944400006, 37.912019421000025], [108.19281573600006, 37.925696207000044], [108.09919634100004, 37.86002444500008], [107.58140655100004, 37.825796156000024], [107.38599376200006, 37.67128235500007], [107.31103660300005, 37.45550514700005], [107.38204864900007, 37.31444443400005], [107.33470728600008, 37.18569155500006], [107.42544489800008, 37.00002723700004], [107.94225478800007, 36.84864298600007], [108.20657740400009, 36.66215508000005], [108.32887592600008, 36.703284567000026], [108.54980229000006, 36.56081960300003], [108.65237524600008, 36.532295014000056], [108.78256399700007, 36.42761483900006], [108.76678354400008, 36.08084951600006], [108.61292411000005, 35.99152396900007], [108.57741808700007, 35.751760509000064], [108.68788127000005, 35.636416575000055], [108.64843013300003, 35.43737803500005], [108.53796695100004, 35.379500208000024], [108.24208342700007, 35.40201319100004], [108.04088263100004, 35.340891906000024], [107.88307808400003, 35.41809004500004], [107.82390137900006, 35.389149399000075], [107.82784649300004, 35.22173348900003], [107.87913297000006, 35.12176315000005], [107.28342080800007, 35.03136177300007], [107.07827489800007, 35.17337609200007], [106.86523876000007, 35.20239398500007], [106.57724546300005, 35.137895711000056], [106.55357478200006, 35.034592118000035], [106.60486125800008, 34.97642637700005], [106.57330035000007, 34.81787695200006], [106.43916648400005, 34.72389752600003], [106.42733114500004, 34.636303292000036], [106.62064171300005, 34.57785568200006], [106.76661091800008, 34.490107167000076], [106.74294023700008, 34.40552124300007], [106.50623341700003, 34.06959048400006], [106.55357478200006, 33.96167901800004], [106.54568455300006, 33.69622474800008], [106.13933784700004, 33.702789092000046], [105.89079568600005, 33.58455418900007], [105.88685057300006, 33.52208701100005], [106.01309421000008, 33.45299181400003], [106.07227091400006, 33.28495992500007], [105.81978364100007, 32.98764285400006], [106.12750250600004, 32.97109573300003], [106.18667921000008, 32.75570130400007], [106.32870330200006, 32.71255969400005], [106.88496432800008, 32.83197758600005], [107.11772603500003, 32.822032216000025], [107.22818921700008, 32.58300967500003], [107.42149978500004, 32.576361028000065], [107.46884115000006, 32.61292248800004], [107.59902990000006, 32.50984744500005], [107.76077956000006, 32.48655605400006], [108.07638865400008, 32.27332686900007], [108.40383308500009, 32.37667259400007], [108.59319854200004, 32.37334070300005], [108.95614899900005, 32.11975801800003], [109.23230695400008, 32.07296826600003], [109.28359343200009, 31.90566657900007], [109.72939127600006, 31.94919436500004]]]}}, {"type": "Feature", "properties": {"id": "Tianjin Municipality", "name": "Tianjin Municipality"}, "geometry": {"type": "Polygon", "coordinates": [[[118.1192513850001, 39.20940789700006], [118.15694307100011, 39.42914380600007], [118.12995849300012, 39.49274128300004], [117.96237006600006, 39.525613726000074], [117.92828428300004, 39.686463795000066], [117.76211609600011, 39.72142924100007], [117.65559802700011, 39.867654542000025], [117.64503143500008, 40.03836506000005], [117.7322910370001, 40.08288862000006], [117.75228802900006, 40.22530723800003], [117.64503143500008, 40.280804196000076], [117.49548738900012, 40.30002925500003], [117.29679354500001, 40.153405484000075], [117.24754505900012, 39.75712760400006], [117.03319528000009, 39.77543450500008], [116.90421809400004, 39.70628278500004], [116.91689522100012, 39.60170845400006], [116.86141706, 39.40651431900005], [116.89692308300005, 39.33446254100005], [116.87917007200008, 39.15572879300004], [116.80815802500001, 39.08341879500006], [116.79262414000004, 38.96273727100004], [116.92133347300012, 38.824563399000056], [117.03450892100011, 38.789977941000075], [117.16099912700008, 38.81764765100007], [117.51827848300002, 38.677459283000076], [117.64775917000009, 38.68902605900007], [117.6960513140001, 39.00871077900007], [117.8098248870001, 39.13489482500006], [118.1192513850001, 39.20940789700006]]]}}, {"type": "Feature", "properties": {"id": "Shanxi Province", "name": "Shanxi Province"}, "geometry": {"type": "Polygon", "coordinates": [[[113.813192447, 36.46220698500008], [113.60887118700009, 36.73467301300008], [113.59500164600001, 36.85961759700007], [113.7198275080001, 36.88735537300005], [113.8862619900001, 37.04250067600003], [113.87585983500003, 37.22770516300005], [113.9452075370001, 37.316000976000055], [113.97433357000011, 37.42104814800007], [114.21178010000006, 37.70952527000003], [114.20068446700009, 37.77971596800006], [113.95907707700007, 38.10599129600007], [113.9244032260001, 38.272232993000046], [113.65394719200003, 38.39734449800005], [113.66809412400005, 38.675726843000064], [113.93882754900005, 38.88504754500008], [113.85006249100002, 39.03344715900005], [114.00540134100004, 39.15744955400004], [114.28501127200002, 39.172934518000034], [114.48473265100006, 39.23999662800003], [114.54242993800005, 39.445939734000035], [114.622318489, 39.59144874900005], [114.60054331200001, 39.657896108000045], [114.47225006400004, 39.79656710800003], [114.47571745000005, 39.911026597000046], [114.43410882800003, 39.99342546400004], [114.16018541000005, 40.062457634000054], [114.12204417400005, 40.18177124700003], [114.170587565, 40.26119729800007], [114.49998914500009, 40.36959560100007], [114.52772822500003, 40.41449019500004], [114.40290236300007, 40.48045727600004], [114.34048943300002, 40.68059942900004], [114.2123338670001, 40.79157821800004], [114.06656601300006, 40.59640203600003], [113.84118598500004, 40.556897958000036], [113.54992564100007, 40.42240966300005], [113.39042592900012, 40.43296750500008], [113.27253483700008, 40.50946227800006], [113.1095677400001, 40.49364292100006], [112.89805725100007, 40.30616405400008], [112.76282923400004, 40.28236185000003], [112.54091659100004, 40.38808523500006], [112.38120016700009, 40.36777938200004], [112.04529724000008, 39.849827821000076], [111.92610587900003, 39.72493302500004], [111.60103853100009, 39.75409542300008], [111.49810053600004, 39.60398595700008], [111.30306012700004, 39.474463710000066], [111.27180531600004, 39.502719666000075], [111.23717981200008, 39.186481065000066], [111.05174405800005, 39.04723597000003], [110.91471300300009, 38.535802416000024], [110.54370280200004, 38.23955969200006], [110.54717018700006, 38.10053432700005], [110.85576745600008, 37.77237099900003], [110.73440897900008, 37.39592957700006], [110.49515941000004, 37.09783305700006], [110.46048556000005, 36.76801149400006], [110.56797449700008, 36.67629582200004], [110.54717018700006, 36.17410431600007], [110.71013728400004, 35.76720461900004], [110.68933297400008, 35.63768155500003], [110.38767047500005, 35.21953032700003], [110.37033354800008, 34.816295480000065], [110.41887694000008, 34.719451615000025], [110.84536530100007, 34.728001232000054], [111.03607147900004, 34.85329397600003], [111.28225581700008, 34.91586892400005], [111.54924446600006, 34.930083858000046], [111.92025466600006, 35.17986319600004], [112.1428174450001, 35.19031311500004], [112.19699533500011, 35.28766292900008], [112.30535111900008, 35.35397077600004], [112.63583625600006, 35.30535033700005], [112.74419203900004, 35.38047868600006], [113.01508149600011, 35.36280771400004], [113.6652161930001, 35.69789371400003], [113.813192447, 36.46220698500008]]]}}, {"type": "Feature", "properties": {"id": "Beijing Municipality", "name": "Beijing Municipality"}, "geometry": {"type": "Polygon", "coordinates": [[[117.03319528000009, 39.77543450500008], [117.05448105800008, 39.89006551500006], [116.83700666800007, 40.03803885200006], [116.8450555610001, 40.09470911300008], [117.02119416300002, 40.150080771000034], [117.29679354500001, 40.153405484000075], [117.50232562800011, 40.30506980200005], [117.36018791700008, 40.425661655000056], [117.32752237500006, 40.52829299100006], [117.34882598900003, 40.60489394600006], [117.50647273100003, 40.71048078000007], [117.47238694900011, 40.76428722000003], [117.27923418300009, 40.79332460000006], [117.14005057500003, 40.75352941500006], [116.75232480400007, 41.073364550000065], [116.62166264000007, 41.06694018300004], [116.49100047500008, 40.97800538400003], [116.47537782600011, 40.894318662000046], [116.368859756, 40.91364039300004], [116.39726457600011, 40.76321151800005], [116.24387855600003, 40.75137764400006], [115.93426603700004, 40.62753376400008], [115.89876001400012, 40.542325075000065], [115.99391615500008, 40.44511963900004], [115.91438266300008, 40.30662943400006], [115.76099664300011, 40.26871147300005], [115.60608497600003, 40.115511757000036], [115.54020466000009, 39.950909412000044], [115.57141112500005, 39.831191268000055], [115.6719652920001, 39.72993316900005], [115.84186715900012, 39.628526125000064], [116.27529029000004, 39.66857300800007], [116.38971399700006, 39.604486863000034], [116.55268109500003, 39.57509420400004], [116.55961586400008, 39.64988735000003], [116.660170031, 39.695258042000034], [116.87861529000008, 39.69792597900005], [117.03319528000009, 39.77543450500008]]]}}, {"type": "Feature", "properties": {"id": "Gansu Province", "name": "Gansu Province"}, "geometry": {"type": "Polygon", "coordinates": [[[105.82575884100004, 32.994325169000035], [106.07227091400006, 33.28495992500007], [106.01309421000008, 33.45299181400003], [105.88685057300006, 33.52208701100005], [105.89079568600005, 33.58455418900007], [106.13933784700004, 33.702789092000046], [106.54568455300006, 33.69622474800008], [106.55357478200006, 33.96167901800004], [106.50623341700003, 34.06959048400006], [106.74294023700008, 34.40552124300007], [106.76661091800008, 34.490107167000076], [106.62064171300005, 34.57785568200006], [106.42733114500004, 34.636303292000036], [106.43916648400005, 34.72389752600003], [106.57330035000007, 34.81787695200006], [106.60486125800008, 34.97642637700005], [106.55357478200006, 35.034592118000035], [106.57724546300005, 35.137895711000056], [106.86523876000007, 35.20239398500007], [107.07827489800007, 35.17337609200007], [107.28342080800007, 35.03136177300007], [107.87913297000006, 35.12176315000005], [107.82784649300004, 35.22173348900003], [107.82390137900006, 35.389149399000075], [107.88307808400003, 35.41809004500004], [108.04088263100004, 35.340891906000024], [108.24208342700007, 35.40201319100004], [108.53796695100004, 35.379500208000024], [108.64843013300003, 35.43737803500005], [108.68788127000005, 35.636416575000055], [108.57741808700007, 35.751760509000064], [108.61292411000005, 35.99152396900007], [108.76678354400008, 36.08084951600006], [108.78256399700007, 36.42761483900006], [108.65237524600008, 36.532295014000056], [108.54980229000006, 36.56081960300003], [108.32887592600008, 36.703284567000026], [108.20657740400009, 36.66215508000005], [107.94225478800007, 36.84864298600007], [107.42544489800008, 37.00002723700004], [107.33470728600008, 37.18569155500006], [107.34676546600008, 37.21850670500004], [107.03844503100004, 37.19370199900004], [106.88816460300006, 37.279897464000044], [106.74919560800004, 37.28246894700004], [106.63284947300008, 37.00940316100008], [106.72980458500007, 36.869915469000034], [106.54558987100006, 36.798781991000055], [106.53195555800005, 36.54953780200003], [106.58245301300008, 36.391165681000075], [107.01925599700007, 36.179500043000075], [106.92583570500005, 35.85274138400007], [106.79454232300009, 35.79746737700003], [106.66829868600007, 35.82408559300006], [106.56174905500006, 35.77501924100005], [106.54882170700006, 35.47949208500006], [106.36460699300005, 35.42025567400003], [106.18039227700007, 35.51632828400005], [105.95739551700007, 35.53342506300004], [105.83458570600004, 35.77633025600005], [105.53564077400006, 35.83661354000003], [105.40959912600005, 35.98058356300004], [105.39990361700006, 36.10471034600005], [105.52958108000007, 36.23857990500005], [105.50433235200006, 36.417583500000035], [105.35788973300004, 36.61644393200004], [105.29508352400006, 36.97481740500007], [104.99525488700004, 37.188834486000076], [104.89662704400007, 37.317581999000026], [104.75065783900004, 37.30816891000006], [104.75854806700005, 37.45237334800004], [104.54273383900005, 37.57352119500007], [104.50975933700005, 37.54607475500006], [104.30559970500008, 37.52671813300003], [103.97938812000007, 37.623450982000065], [103.96385423400005, 37.69372319100006], [103.63542352300004, 37.79900673900005], [103.61767051100009, 38.05457048000005], [103.72640770600003, 38.223871289000044], [103.73084595900008, 38.42234087000003], [104.02155152200004, 38.46579222200006], [104.13916522200009, 38.56476346200003], [104.15469910700006, 38.772678916000075], [104.12141221200005, 38.87468248700003], [104.24790241700003, 39.007585885000026], [104.21919246900006, 39.21603787500004], [103.83431272900003, 39.454721705000054], [103.38008528700004, 39.46810672700008], [102.83223844900004, 39.08428006500003], [102.37454362300008, 38.94418579400008], [101.60825152600006, 38.92260820300004], [101.39327365300005, 38.960364679000065], [101.27884994600004, 39.035817302000055], [101.11935023300003, 39.04389674000004], [100.91824190000006, 39.15422309100006], [100.89743759000004, 39.37703783100005], [100.92517667200008, 39.457398916000045], [100.88703543500009, 39.52697023500008], [100.44039289800008, 39.53716594500003], [100.28869480200007, 39.68325105400004], [99.97988082200004, 39.79573458100003], [99.81734714700008, 39.97864749300004], [100.00155197800007, 40.173492346000046], [100.43497511000004, 40.45440801500007], [100.41872174300005, 40.75878141600003], [100.13699670600005, 40.91454229100003], [99.05885666700004, 40.861296863000064], [98.60918016800008, 40.56150796900005], [98.40330418200006, 40.536807776000046], [98.23535271800006, 40.61499379500003], [97.99696999700006, 40.84490503500007], [97.78025843100005, 40.97592607800004], [97.42810213600006, 41.46088059400006], [97.40101319000007, 41.67975711300005], [97.57438244200006, 41.95835290900004], [97.40643098000004, 42.167507931000046], [97.36665056300006, 42.54598349100007], [97.28723961800006, 42.52787794200003], [96.40396180600004, 42.65992465800008], [96.28444392900008, 42.40120571400007], [96.36729131700008, 42.223246817000074], [96.05168222500004, 42.00375549300003], [95.50725654000007, 41.921617250000054], [95.18375722000007, 41.733475198000065], [94.89181880900009, 41.67162063400008], [94.63538642000003, 41.541827700000056], [94.47316334800007, 41.326506219000066], [94.09490585000003, 41.109281843000076], [93.70828471100003, 40.78149608900003], [93.63490559600007, 40.60968608200005], [93.40514217800006, 40.45616734400005], [92.94814021100007, 40.41965496800003], [92.88501839400004, 40.04957598800007], [92.91926198000004, 39.45412675500006], [92.88893391800008, 39.22051509500005], [92.61770735400006, 39.04359751800007], [93.10073720800006, 38.89138100200006], [93.30588311800005, 38.66379111400005], [93.82663812100009, 38.713061269000036], [93.97655244000003, 38.534295593000024], [94.36317357900003, 38.58982228100007], [94.62355108000008, 38.22503350900007], [95.25476926600004, 38.339614554000036], [95.85442654100007, 38.20333567500006], [96.20159654400004, 38.23742936700006], [96.45013870400004, 38.125790610000024], [96.88562875400004, 38.257060082000066], [96.89694018400007, 38.49268912600007], [97.08761857300004, 38.72628945100007], [97.09408224600008, 38.94907557100004], [96.98597341800007, 39.108788624000056], [97.12165886700006, 39.208353818000035], [97.83417294600008, 39.08341573300004], [98.20906604900006, 38.83714034900004], [98.48054036700006, 39.069616833000055], [98.61950936200009, 38.972949001000075], [98.79564448600007, 39.08467004400006], [99.13660330000005, 39.005604867000045], [99.39999802400007, 38.79685087000007], [99.50664864900006, 38.79811026100003], [100.03505401500007, 38.35089687900006], [100.20149362700005, 38.35089687900006], [100.25481894000006, 38.497747986000036], [100.45687339600005, 38.42679035300006], [100.79544469100006, 38.23643777600006], [101.12115327400005, 38.03188191500004], [101.17165072900008, 37.906482821000054], [101.49735931300006, 37.760911391000036], [101.59330447600007, 37.762907459000076], [101.84074200600008, 37.66703539500003], [102.04778156900005, 37.76889534500003], [102.12352775300008, 37.75891526800007], [102.12352775300008, 37.627052097000046], [102.36591553500006, 37.494954574000076], [102.40883837200005, 37.344559651000054], [102.52498251800006, 37.213973227000054], [102.54533930600007, 36.99057452900007], [102.71103407900006, 36.87389456400007], [102.73202208300006, 36.62657616600006], [102.90118855600008, 36.56373485700004], [102.94663626500005, 36.40945589800003], [103.07792964900005, 36.29761515000007], [103.01642374900007, 36.14125773100005], [102.99460884900009, 35.940690853000035], [102.77746979200003, 35.65398524700004], [102.74212157400007, 35.63551880000006], [102.60830331800008, 35.69295594600004], [102.50579348500008, 35.536055013000066], [102.41207020900003, 35.49791229600004], [102.32804244300007, 35.38337546200006], [102.42661347600006, 35.268675779000034], [102.41530204700007, 35.190798388000076], [102.31834693400003, 35.095660355000064], [102.20038487800008, 35.030850075000046], [101.94830158300005, 34.96201556700004], [101.95476525800007, 34.63293263300005], [102.00809057000004, 34.49986677100003], [101.90628770100005, 34.274502109000025], [101.69621828800007, 34.25447003200003], [101.33102069600005, 34.39592769800004], [101.19689945600004, 34.50386184400003], [101.03291604100008, 34.49928081100006], [101.01430066000006, 34.192741270000056], [101.13633482900008, 34.11828600300004], [101.48453295800005, 34.11812546800007], [101.72530482300004, 34.04317597800008], [101.81902809900004, 33.98022076900003], [101.92083096900006, 33.78436038000007], [102.33289020000007, 33.785703417000036], [102.27754499000008, 34.03154282700007], [102.42651248100003, 34.13401024900003], [102.75222106500007, 34.209213377000026], [102.94916113800008, 34.31355092900003], [103.04258143100009, 34.323977564000074], [103.19912354100006, 34.24678980500005], [103.18144943000004, 34.002243656000076], [103.27234485000008, 33.83672325100002], [103.46676005100005, 33.801062916000035], [103.54503110600007, 33.614128135000044], [103.90356303500005, 33.340347448000045], [104.07525438100004, 33.32769054500005], [104.23937111000004, 33.46260263600004], [104.30249292700006, 33.46049624600005], [104.43378631000007, 33.188343331000056], [104.48933351100004, 33.13550229100008], [104.47418427500008, 32.949248785000066], [104.67112434700005, 32.771094481000034], [104.90341263900007, 32.754108753000025], [105.19882275100008, 32.65425219600007], [105.49170799000007, 32.75835549000004], [105.48160849800007, 32.923820085000045], [105.57755366200007, 32.99796668500005], [105.82575884100004, 32.994325169000035]]]}}, {"type": "Feature", "properties": {"id": "Hebei Province", "name": "Hebei Province"}, "geometry": {"type": "MultiPolygon", "coordinates": [[[[117.29679354500001, 40.153405484000075], [117.02119416300002, 40.150080771000034], [116.8450555610001, 40.09470911300008], [116.83700666800007, 40.03803885200006], [117.05448105800008, 39.89006551500006], [117.027851542, 39.77589083400005], [117.24754505900012, 39.75712760400006], [117.29679354500001, 40.153405484000075]]], [[[115.29597072600006, 36.28965130300003], [115.58311355, 36.211007005000056], [115.61020249600006, 36.30711706300008], [115.4314154540001, 36.52075497900006], [115.46933997700012, 36.73814644700008], [115.77815395900006, 36.92461214700006], [116.1357280420001, 37.45117518600006], [116.29826171700006, 37.47697691500008], [116.43370644600009, 37.70879148100005], [116.54748001700011, 37.65733954900003], [116.94297862400003, 37.91851621100005], [117.23012144900008, 37.95697229000007], [117.51184648500009, 37.93561028600004], [117.58227774400007, 37.99113857800006], [117.6039488990001, 38.13616779800003], [117.79357152000011, 38.16599106100006], [117.88327616900006, 38.30339074800003], [117.6418734240001, 38.64996538100007], [117.64775917000009, 38.68902605900007], [117.51827848300002, 38.677459283000076], [117.16099912700008, 38.81764765100007], [117.03450892100011, 38.789977941000075], [116.92133347300012, 38.824563399000056], [116.79262414000004, 38.96273727100004], [116.80815802500001, 39.08341879500006], [116.87917007200008, 39.15572879300004], [116.89692308300005, 39.33446254100005], [116.86141706, 39.40651431900005], [116.91689522100012, 39.60170845400006], [116.90421809400004, 39.70628278500004], [116.660170031, 39.695258042000034], [116.55961586400008, 39.64988735000003], [116.55268109500003, 39.57509420400004], [116.38971399700006, 39.604486863000034], [116.27529029000004, 39.66857300800007], [115.84186715900012, 39.628526125000064], [115.6719652920001, 39.72993316900005], [115.57141112500005, 39.831191268000055], [115.54020466000009, 39.950909412000044], [115.60608497600003, 40.115511757000036], [115.76099664300011, 40.26871147300005], [115.91438266300008, 40.30662943400006], [115.99391615500008, 40.44511963900004], [115.89876001400012, 40.542325075000065], [115.93426603700004, 40.62753376400008], [116.24387855600003, 40.75137764400006], [116.39726457600011, 40.76321151800005], [116.368859756, 40.91364039300004], [116.47537782600011, 40.894318662000046], [116.49100047500008, 40.97800538400003], [116.62166264000007, 41.06694018300004], [116.69693540900005, 41.07550586600007], [116.75232480400007, 41.073364550000065], [117.14005057500003, 40.75352941500006], [117.27923418300009, 40.79332460000006], [117.47238694900011, 40.76428722000003], [117.50647273100003, 40.71048078000007], [117.34882598900003, 40.60489394600006], [117.32752237500006, 40.52829299100006], [117.36018791700008, 40.425661655000056], [117.49548738900012, 40.30002925500003], [117.64503143500008, 40.280804196000076], [117.75228802900006, 40.22530723800003], [117.7322910370001, 40.08288862000006], [117.64503143500008, 40.03836506000005], [117.65559802700011, 39.867654542000025], [117.76211609600011, 39.72142924100007], [117.92828428300004, 39.686463795000066], [117.96237006600006, 39.525613726000074], [118.12995849300012, 39.49274128300004], [118.15694307100011, 39.42914380600007], [118.1192513850001, 39.20940789700006], [118.23241244000008, 39.20210070200005], [118.39494611400005, 39.118083322000075], [118.63332883600003, 39.21469465300004], [119.01257407700007, 39.22308936600007], [119.09925870300003, 39.43681521600007], [119.28888132300006, 39.69992686300003], [119.58144193600003, 39.86230482900004], [119.58685972400008, 39.94958035900004], [119.97126983200008, 40.07433721700005], [119.85697144900007, 40.128773067000054], [119.85555120700008, 40.280630838000036], [119.71210687500002, 40.39105578200008], [119.67970762900006, 40.591346816000055], [119.37346818000003, 40.64693321500005], [119.2847031230001, 40.75292423600007], [119.10051563000002, 40.78653690500005], [118.9562724110001, 40.96104861500004], [119.08054349200006, 41.05649924800008], [119.07166698700007, 41.16517767700003], [119.27138836600011, 41.25365922000003], [119.28470498700005, 41.38653246000007], [119.10120910700005, 41.41019032400004], [118.99025278600004, 41.363364173000036], [118.47014502800005, 41.430991121000034], [118.43547117700007, 41.48815895700005], [118.43200379200005, 41.61530616500005], [118.2378302300001, 41.83269074700007], [118.275971464, 42.06993437300008], [118.08859397600008, 42.26833109900008], [118.00648629900002, 42.435608857000034], [117.82007967900006, 42.66284883800006], [117.64920694300008, 42.68079652900008], [117.42729430000009, 42.58610487200008], [117.23866855400001, 42.582837073000064], [116.94130561100008, 42.46835620500008], [116.92355259900012, 42.36842327000005], [116.95240124400004, 42.26833109900008], [116.89914220900005, 42.051193356000056], [116.83034929000007, 42.02482300600008], [116.57736887600004, 42.051193356000056], [116.46641255500003, 42.10225476800008], [116.16780135400006, 41.94110715900007], [115.92710802200008, 41.990052809000076], [115.5121881880001, 41.825043031000064], [115.31468593500006, 41.66277941200008], [115.00844648900011, 41.684327765000035], [114.97737871900006, 41.732371175000026], [115.02619950100006, 42.04295379800004], [114.91169257600006, 42.195311262000075], [114.6035002960001, 42.22266251700006], [114.28394609100008, 41.90529434200005], [114.24844006800004, 41.697783539000056], [114.03966465400003, 41.550213126000074], [113.99847766700009, 41.39378211600007], [114.06522898900005, 41.298888773000044], [113.9487692350001, 41.16858559600007], [114.22953311100002, 40.814569464000044], [114.2123338670001, 40.79157821800004], [114.34048943300002, 40.68059942900004], [114.40290236300007, 40.48045727600004], [114.52772822500003, 40.41449019500004], [114.49998914500009, 40.36959560100007], [114.170587565, 40.26119729800007], [114.12204417400005, 40.18177124700003], [114.16018541000005, 40.062457634000054], [114.43410882800003, 39.99342546400004], [114.47571745000005, 39.911026597000046], [114.47225006400004, 39.79656710800003], [114.60054331200001, 39.657896108000045], [114.622318489, 39.59144874900005], [114.54242993800005, 39.445939734000035], [114.48473265100006, 39.23999662800003], [114.28501127200002, 39.172934518000034], [114.00540134100004, 39.15744955400004], [113.85006249100002, 39.03344715900005], [113.93882754900005, 38.88504754500008], [113.66809412400005, 38.675726843000064], [113.65394719200003, 38.39734449800005], [113.9244032260001, 38.272232993000046], [113.95907707700007, 38.10599129600007], [114.20068446700009, 37.77971596800006], [114.21178010000006, 37.70952527000003], [113.97433357000011, 37.42104814800007], [113.9452075370001, 37.316000976000055], [113.87585983500003, 37.22770516300005], [113.8862619900001, 37.04250067600003], [113.7198275080001, 36.88735537300005], [113.59500164600001, 36.85961759700007], [113.60887118700009, 36.73467301300008], [113.813192447, 36.46220698500008], [114.13656384900003, 36.45106027800006], [114.244919632, 36.37257882200004], [114.56998698100006, 36.337672730000065], [114.65125381700011, 36.26781360500007], [114.77044517800005, 36.24596979800003], [114.88963654000008, 36.311482891000026], [115.11176589500008, 36.20226386400003], [115.29597072600006, 36.28965130300003]]]]}}, {"type": "Feature", "properties": {"id": "Liaoning Province", "name": "Liaoning Province"}, "geometry": {"type": "MultiPolygon", "coordinates": [[[[122.7258581000001, 39.23140250000006], [122.72301761800009, 39.28198957500007], [122.53980654000009, 39.286386726000046], [122.60939834500005, 39.224801496000055], [122.7258581000001, 39.23140250000006]]], [[[119.97126983200008, 40.07433721700005], [120.5401739020001, 40.25855126300007], [120.61645637400011, 40.488368974000025], [121.01173827100001, 40.751558361000036], [121.03947735000008, 40.890628107000055], [121.21978137300005, 40.95612581100005], [121.56305249200011, 40.91159443500004], [121.826573757, 40.95874437000003], [121.99300823900012, 40.90635347600005], [122.32934458900002, 40.53581957800003], [121.95139961900009, 40.096947517000046], [121.53531341300004, 39.887085755000044], [121.4867700210001, 39.67657960200006], [121.31686815400008, 39.60982964200008], [121.62546542400003, 39.40651431900005], [121.8057694470001, 39.403835152000056], [121.65251102700006, 39.20905284200006], [121.63475801600009, 39.143682280000064], [121.48385741700008, 39.10925231400006], [121.350709832, 39.016207361000056], [121.23309613200001, 39.02137974100003], [121.14433107400009, 38.85394783800007], [121.21534312100005, 38.76056710100005], [121.65694928000005, 38.98861493900006], [121.954312221, 39.079973610000025], [122.14959534800005, 39.18497602200006], [122.30049594600007, 39.33961156200007], [123.14376399000002, 39.72982650300003], [123.3235132310001, 39.71617189800003], [123.39896352900007, 39.82192435700006], [123.66303957600007, 39.79976391400004], [123.81172104600012, 39.87303656800003], [124.11158050600011, 39.847165767000035], [124.44098208500009, 39.96685603100008], [124.4999276310001, 40.17382352100003], [124.87440521600001, 40.44088479800007], [125.05124185400007, 40.48045727600004], [125.15179602100011, 40.601667484000075], [125.31129573200008, 40.638514007000026], [125.78043022800011, 40.86282897400008], [125.72966764000012, 40.99623072300005], [125.79073799900004, 41.068010955000034], [125.8422217320001, 41.27534396400006], [125.6757872500001, 41.441908872000056], [125.53820141100005, 41.689299438000035], [125.44943635300001, 41.715808536000054], [125.39617731800001, 41.90436944900006], [125.56039267400001, 42.21576007300007], [125.40159198700007, 42.25946281100005], [125.1970772950001, 42.631509540000025], [125.05931392700006, 42.72443672500003], [125.07493657600003, 42.81409949300007], [124.9627375440001, 42.915074978000064], [124.97836019300007, 43.08023417900006], [124.91586959300002, 43.173523739000075], [124.74260020200006, 43.11030968400007], [124.68295008400003, 43.00550010200004], [124.54518671300002, 42.94835024500003], [124.47417466900004, 42.98888016800004], [124.50257948700005, 43.14866043400008], [124.36339587600003, 43.32145782100008], [123.8592103530001, 43.53805233500003], [123.78385887000002, 43.43983521000007], [123.8099180050001, 43.42951353600006], [123.68812610600003, 43.15157411900003], [123.31429865600012, 43.036843230000045], [123.20594287300003, 42.862358389000065], [122.86462215600011, 42.79083568000004], [122.72375963900004, 42.898088707000056], [122.49079470600009, 42.945696946000055], [122.46370576000004, 42.85838707500005], [122.49079470600009, 42.77493050600003], [122.39327450000008, 42.73514969900003], [122.12780283300003, 42.79083568000004], [122.00319368200007, 42.755043295000064], [121.98694031500008, 42.627613980000035], [121.78648211600012, 42.55981083000006], [121.56435276200011, 42.607679533000066], [121.17968973300003, 42.375973712000075], [120.94932533800011, 42.370370206000075], [120.60952160400007, 42.19336302100004], [120.2073049380001, 41.84302404600004], [120.0928812300001, 42.04676472700004], [119.94031628900007, 42.213911075000055], [119.97845752600006, 42.32680590700005], [119.74961011100004, 42.35756031000005], [119.62131686400005, 42.46508224100006], [119.37513252600002, 42.370370206000075], [119.38553468000009, 42.278080672000044], [119.45834976700007, 42.177947594000045], [119.37859991100004, 41.724090389000025], [119.49302361800005, 41.57122220000008], [119.45488238200005, 41.45438405400006], [119.28470498700005, 41.38653246000007], [119.27138836600011, 41.25365922000003], [119.07166698700007, 41.16517767700003], [119.08054349200006, 41.05649924800008], [118.9562724110001, 40.96104861500004], [119.10051563000002, 40.78653690500005], [119.2847031230001, 40.75292423600007], [119.37346818000003, 40.64693321500005], [119.67970762900006, 40.591346816000055], [119.71210687500002, 40.39105578200008], [119.85555120700008, 40.280630838000036], [119.85697144900007, 40.128773067000054], [119.97126983200008, 40.07433721700005]]]]}}, {"type": "Feature", "properties": {"id": "Jilin Province", "name": "Jilin Province"}, "geometry": {"type": "Polygon", "coordinates": [[[125.78043022800011, 40.86282897400008], [125.92567302100008, 40.88178094400007], [126.49454088200002, 41.30641200300005], [126.62998561000006, 41.63523130600004], [127.00923085000011, 41.76063424800003], [127.30179146300009, 41.52175400900006], [128.19572667300008, 41.37962707500003], [128.30408245400008, 41.558250599000075], [128.0873708900001, 41.914020304000076], [128.1578021480001, 41.998628534000034], [128.683327694, 41.97446621600005], [129.17092871700004, 42.11930254400005], [129.28470228800006, 42.35595889000007], [129.6802008960001, 42.39598215900003], [129.91316583000003, 42.945696946000055], [130.10278844900006, 42.945696946000055], [130.36284232800006, 42.58773870700003], [130.5741361040001, 42.547837911000045], [130.50370484600012, 42.66746372500006], [130.55246494900007, 42.766976388000046], [130.9100390310001, 42.83058073500007], [131.17551070000002, 43.05663975200008], [131.32245463700008, 43.451513834000025], [130.95286990600005, 43.428304843000035], [130.73175614800004, 43.59670851800007], [130.52724145600007, 43.65016959600007], [130.39231857000004, 43.959715086000074], [130.1693407460001, 43.87889618600008], [130.0315773760001, 44.00059418200004], [129.89665448900007, 44.01080955900005], [129.81286027400006, 43.86558635500006], [129.57852052400006, 43.881967264000025], [129.33992004900006, 43.815391815000055], [129.31293547200005, 43.65633512100004], [129.15812921200006, 43.579220547000034], [128.9564550020001, 43.58745081200004], [128.7958790140001, 43.92104568700006], [128.60503414000004, 44.00410591600007], [128.44747616200004, 44.231922706000034], [128.48742044000005, 44.50635897300003], [128.42750402500008, 44.58227524700004], [128.15455147400007, 44.64388432100003], [128.10129243900008, 44.511106641000026], [128.13014108400012, 44.25894740000007], [128.06800554200004, 44.13803480800004], [127.87494154400008, 44.10936127400004], [127.56204471700005, 44.49053062200005], [127.58645510800011, 44.63125189100003], [127.4333353830001, 44.714890498000045], [127.30906430400012, 44.688076169000055], [127.13819156800002, 44.71646742400003], [127.0472073840001, 44.862933773000066], [127.11378117800007, 44.985489922000056], [127.02945437300002, 45.17039842300005], [126.79422697100006, 45.22356609900004], [126.68992802800005, 45.31258869200008], [126.5479039380001, 45.329752419000044], [126.29492352400007, 45.21418717700004], [125.90879552400008, 45.29073642800006], [125.77939271500009, 45.39582318200007], [125.78286010000011, 45.52472103400004], [125.71351239900002, 45.55872032500008], [125.5401431460001, 45.55872032500008], [125.43958897900006, 45.446931164000034], [125.1483286350001, 45.46882042200008], [125.00963323400003, 45.57813925900007], [124.70103596400008, 45.49313185500006], [124.51379717000009, 45.52715023700006], [124.19133036100004, 45.79613970300005], [124.05956972900003, 45.97233830700003], [124.11504789000003, 46.08548553800006], [124.10464573500008, 46.18880034600005], [123.87926570700006, 46.34939295400005], [123.36609271900011, 46.335030706000055], [123.16723220800009, 46.29186184200006], [123.15111484600004, 46.19600112200004], [122.904930508, 46.167192356000044], [122.84598496100011, 46.097508848000075], [122.904930508, 46.01088251700003], [122.82864803700011, 45.81547640500003], [122.72115909900003, 45.80822592800007], [122.54085507700006, 45.97715780100003], [122.47150737700008, 45.97474810700004], [122.35361628400005, 45.885515686000076], [122.14557318200002, 46.046993334000035], [121.94099746400002, 46.07827029500004], [121.8612476080001, 45.90240850600003], [121.77456298200002, 45.82755843600006], [121.84391068100001, 45.767122063000045], [122.01727993400004, 45.74050929300006], [122.111870199, 45.555515555000056], [122.282742933, 45.499548323000056], [122.31602983100004, 45.406145853000055], [122.27164730200002, 45.24388178800007], [122.14515709500006, 45.20793370400003], [122.1213014870001, 45.10533736700006], [122.14210579700011, 44.756763024000065], [122.33627936000005, 44.57180310800004], [122.37095321000004, 44.48281274200008], [122.29813812400005, 44.41350402200004], [122.41949660000012, 44.29201587500006], [123.1615170010001, 44.55698082200007], [123.23086470300007, 44.532268619000035], [123.40770134000002, 44.19265518000003], [123.3856487700001, 44.099800336000044], [123.53876849500011, 43.96738206100008], [123.59494013200003, 43.713388364000025], [123.48745119600005, 43.665750779000064], [123.46664688600004, 43.56533746000008], [123.78385887000002, 43.43983521000007], [123.8592103530001, 43.53805233500003], [124.36339587600003, 43.32145782100008], [124.50257948700005, 43.14866043400008], [124.47417466900004, 42.98888016800004], [124.54518671300002, 42.94835024500003], [124.68295008400003, 43.00550010200004], [124.74260020200006, 43.11030968400007], [124.91586959300002, 43.173523739000075], [124.97836019300007, 43.08023417900006], [124.9627375440001, 42.915074978000064], [125.07493657600003, 42.81409949300007], [125.05931392700006, 42.72443672500003], [125.1970772950001, 42.631509540000025], [125.40159198700007, 42.25946281100005], [125.56039267400001, 42.21576007300007], [125.39617731800001, 41.90436944900006], [125.44943635300001, 41.715808536000054], [125.53820141100005, 41.689299438000035], [125.6757872500001, 41.441908872000056], [125.8422217320001, 41.27534396400006], [125.79073799900004, 41.068010955000034], [125.72966764000012, 40.99623072300005], [125.78043022800011, 40.86282897400008]]]}}, {"type": "Feature", "properties": {"id": "Heilongjiang Province", "name": "Heilongjiang Province"}, "geometry": {"type": "Polygon", "coordinates": [[[131.32245463700008, 43.451513834000025], [131.33262658400008, 43.47875356000003], [131.24594195800012, 43.53769440200006], [131.36513331900005, 44.04999747800008], [131.0563193370001, 44.77753408500007], [131.0779904950001, 44.85823943200006], [131.4843246800001, 44.93883181700005], [131.90149444500003, 45.26388515300005], [132.02610359400012, 45.15319259300003], [132.94170996000003, 44.965670844000044], [133.0446479530001, 45.01931124300006], [133.14758594800003, 45.40099692600006], [133.3805508800001, 45.50361292200006], [133.68936486200005, 46.04398500100007], [133.8627341130001, 46.209200096000075], [133.9385831620001, 46.49340470200008], [134.0686101020001, 46.78355206100008], [134.2148904080001, 47.30777653000007], [134.51286881200008, 47.388533632000076], [134.740415954, 47.64831624100003], [134.54537554500007, 47.93948857600003], [134.69165585300004, 48.24707244200005], [134.3069928230001, 48.36239217200006], [133.6947826500001, 48.207371101000035], [133.50516003100006, 48.06998400300006], [133.18551047100004, 48.11702622800004], [132.87669649000009, 47.96851609200007], [132.64914934500007, 47.90318124800007], [132.49203346100012, 47.71761741500006], [131.7985564500001, 47.67385896400003], [131.3922222640001, 47.74312622100007], [131.05090154900006, 47.70668124500003], [130.95338134400004, 47.72490692000008], [130.87753229600003, 47.89954911400008], [130.6879096770001, 48.06998400300006], [130.8179366160001, 48.28674298900006], [130.58497168400004, 48.59583355400008], [130.6120606290001, 48.88167217600005], [130.26532212400002, 48.90304456500007], [129.43098259600004, 49.39914210100005], [129.15662575400006, 49.37699496500005], [128.65385492200005, 49.64490856200007], [128.22389917500004, 49.56626275100007], [127.74540003900006, 49.65388857700003], [127.50268308400007, 49.95599321000003], [127.5835164990001, 50.18952232200007], [127.33429819800006, 50.328070437000065], [127.41556503600009, 50.648638608000056], [126.94421738000005, 51.14411686900007], [126.99297748300012, 51.310363807000044], [126.5223070510001, 51.94202137800005], [126.55616823200012, 52.11909979200004], [126.35300114000006, 52.455682704000026], [126.09057697900005, 52.63072391800006], [126.04825050000011, 52.75386245100003], [125.66731220200006, 53.08562083400005], [125.1001374010001, 53.242949827000075], [124.710733806, 53.17704336500003], [123.64410657000008, 53.57096340100003], [121.59307227900001, 53.40578626000007], [121.9165090570001, 53.08012929600005], [121.33680561800008, 52.661541113000055], [121.62936623200005, 52.50352792500007], [121.79731769600005, 52.47053678900005], [121.93276242400009, 52.34494469900005], [122.06820715300012, 52.33501430100006], [122.19281630300009, 52.384643992000065], [122.24699419400008, 52.51342044100005], [122.35534997700006, 52.52990302000006], [122.496212495, 52.46063462200004], [122.59915048900007, 52.32839279600006], [122.7887731080001, 52.29858376000004], [122.83990349300007, 52.254039843000044], [122.7806464250001, 52.08269979000005], [122.87376467500007, 51.96810631000005], [122.82297290100007, 51.77995591500007], [123.03460529100005, 51.47516697900005], [123.2377723840001, 51.369592228000045], [123.39861299800009, 51.33258343300008], [123.55098831900011, 51.37487675800003], [123.66103716100008, 51.29554474200006], [123.82187777400009, 51.29554474200006], [123.9234613220001, 51.38016067900003], [124.09276723300002, 51.35902133700006], [124.1858854830001, 51.40657113300006], [124.40598316800003, 51.369592228000045], [124.61761555500004, 51.42241008900004], [124.88003971700005, 51.40129026300008], [125.150929173, 51.67508755700004], [125.54033276900009, 51.633072079000044], [125.94666695500007, 51.18955509300008], [126.09057697900005, 51.18955509300008], [126.10750757000005, 51.06204498200003], [126.07364638700005, 50.93418269800003], [125.87894459000006, 50.85943359600003], [125.86201399800007, 50.72565450600007], [125.91280577200007, 50.68276431000004], [125.86201399800007, 50.55385824600006], [125.60805513200012, 50.435383855000055], [125.51493688300002, 50.25170232600004], [125.3625615630001, 50.17044043900006], [125.26944331200002, 49.679959816000064], [125.3794921540001, 49.47136820900005], [125.2779086060001, 49.22872658400007], [125.184790356, 49.18448131000008], [124.99008855800002, 49.22319809000004], [124.84753298100009, 49.091437334000034], [124.6308214170001, 48.502585907000025], [124.59289689200011, 48.23624785800007], [124.45203437400005, 48.35879237300003], [124.42494542800011, 48.54205780400008], [124.26241175500002, 48.56357496600003], [123.48766790800005, 48.03739109600008], [123.35222317900002, 47.99752730200004], [123.2926274990001, 47.84503651700004], [122.64834401400003, 47.58213902800003], [122.56859415800011, 47.41581625900005], [122.70382217500003, 47.17595122100005], [122.87719142600008, 47.131150244000025], [123.13724530600007, 46.88288465200003], [123.52212504700003, 46.79037778000003], [123.64695090900011, 46.87103369700003], [123.59840751800004, 46.735747788000026], [123.41463610900007, 46.64774850600003], [123.1441800770001, 46.67868351100003], [123.02975637000009, 46.37810612900006], [123.16723220800009, 46.29186184200006], [123.36609271900011, 46.335030706000055], [123.87926570700006, 46.34939295400005], [124.10464573500008, 46.18880034600005], [124.11504789000003, 46.08548553800006], [124.05956972900003, 45.97233830700003], [124.19133036100004, 45.79613970300005], [124.51379717000009, 45.52715023700006], [124.70103596400008, 45.49313185500006], [125.00963323400003, 45.57813925900007], [125.1483286350001, 45.46882042200008], [125.43958897900006, 45.446931164000034], [125.5401431460001, 45.55872032500008], [125.71351239900002, 45.55872032500008], [125.78286010000011, 45.52472103400004], [125.77939271500009, 45.39582318200007], [125.90879552400008, 45.29073642800006], [126.29492352400007, 45.21418717700004], [126.5479039380001, 45.329752419000044], [126.68992802800005, 45.31258869200008], [126.79422697100006, 45.22356609900004], [127.02945437300002, 45.17039842300005], [127.11378117800007, 44.985489922000056], [127.0472073840001, 44.862933773000066], [127.13819156800002, 44.71646742400003], [127.30906430400012, 44.688076169000055], [127.4333353830001, 44.714890498000045], [127.58645510800011, 44.63125189100003], [127.56204471700005, 44.49053062200005], [127.87494154400008, 44.10936127400004], [128.06800554200004, 44.13803480800004], [128.13014108400012, 44.25894740000007], [128.10129243900008, 44.511106641000026], [128.15455147400007, 44.64388432100003], [128.42750402500008, 44.58227524700004], [128.48742044000005, 44.50635897300003], [128.44747616200004, 44.231922706000034], [128.60503414000004, 44.00410591600007], [128.7958790140001, 43.92104568700006], [128.9564550020001, 43.58745081200004], [129.15812921200006, 43.579220547000034], [129.31293547200005, 43.65633512100004], [129.33992004900006, 43.815391815000055], [129.57852052400006, 43.881967264000025], [129.81286027400006, 43.86558635500006], [129.89665448900007, 44.01080955900005], [130.0315773760001, 44.00059418200004], [130.1693407460001, 43.87889618600008], [130.39231857000004, 43.959715086000074], [130.52724145600007, 43.65016959600007], [130.73175614800004, 43.59670851800007], [130.95286990600005, 43.428304843000035], [131.32245463700008, 43.451513834000025]]]}}]}