{"type": "FeatureCollection", "_meta": {"source": "_merged_deu-unification.geojson", "simplify": 0.02, "count": 43}, "features": [{"type": "Feature", "properties": {"id": "Baden-Württemberg", "name": "Baden-Württemberg"}, "geometry": {"type": "MultiPolygon", "coordinates": [[[[9.125932381000041, 47.668641198000046], [9.120986455000036, 47.675753575000044], [9.12067641300007, 47.672312943000065], [9.125932381000041, 47.668641198000046]]], [[[9.198598810000021, 47.70243151000005], [9.195342786000026, 47.70827957800003], [9.187810585000022, 47.70558262600008], [9.198598810000021, 47.70243151000005]]], [[[8.717719626000076, 47.69074226500004], [8.664634630000023, 47.713427746000036], [8.659509231000072, 47.68942326200005], [8.717719626000076, 47.69074226500004]]], [[[8.680067486000041, 49.61866510300007], [8.68405272700005, 49.620222967000075], [8.680116544000043, 49.62028571500008], [8.680067486000041, 49.61866510300007]]], [[[9.550341433000028, 47.58767536800008], [9.74771849900003, 47.60368831100004], [9.842190840000058, 47.677691836000065], [9.959522463000042, 47.65230409900005], [10.028645217000076, 47.686983018000035], [10.077292399000044, 47.63927426300006], [10.089245367000046, 47.67304513700003], [10.130059543000073, 47.67727125700003], [10.11904949500007, 47.759586711000054], [10.064681025000027, 47.78588771900007], [10.138022984000031, 47.809637645000066], [10.076755534000029, 47.86780935100006], [10.105704629000059, 47.879026536000026], [10.084893700000066, 47.96130765500004], [10.134326495000039, 48.01759961500005], [10.140392398000074, 48.09891655900003], [10.060721236000063, 48.24009045500003], [10.065816520000055, 48.28181712300005], [9.967275615000062, 48.37440435700006], [10.042414153000038, 48.429732038000054], [10.03402668800004, 48.45778054800007], [10.171846421000055, 48.457786948000034], [10.24140630100004, 48.49195965300004], [10.230779588000075, 48.51051118300006], [10.31202316200006, 48.52294378300007], [10.293114313000046, 48.58976552100006], [10.323094952000076, 48.609132705000036], [10.259529865000047, 48.65489233800008], [10.268706813000051, 48.70354711900006], [10.337429497000073, 48.689021808000064], [10.361128680000036, 48.65282684300007], [10.408871360000035, 48.69879250400004], [10.437393747000044, 48.693101881000075], [10.410638818000052, 48.66103394800007], [10.495748779000053, 48.68843426700005], [10.416176716000052, 48.74810596900005], [10.454106806000027, 48.86030058700004], [10.421320368000067, 48.90576289000006], [10.451372669000023, 48.93866072700007], [10.350256584000022, 49.02842207200007], [10.251863839000066, 49.039161196000066], [10.250596710000025, 49.09281512500007], [10.204997649000063, 49.09811900300008], [10.248022910000032, 49.14928110900007], [10.12489927300004, 49.199736861000076], [10.133209341000054, 49.253105435000066], [10.109875037000052, 49.25829803200003], [10.15662029400005, 49.28075891000003], [10.104846911000038, 49.338411507000046], [10.107318285000076, 49.378784909000046], [10.161698240000021, 49.39549398200006], [10.094741444000022, 49.44789857000006], [10.121323095000037, 49.51104620600006], [10.06142750600003, 49.545138456000075], [10.020260417000031, 49.48664904700007], [9.926561180000022, 49.484835462000035], [9.912438200000054, 49.585908403000076], [9.85930991400005, 49.54604448600003], [9.810230151000042, 49.557316023000055], [9.87280826400007, 49.61007617200005], [9.799993758000028, 49.730943240000045], [9.739419988000066, 49.68819070300003], [9.709719303000043, 49.72705805800007], [9.632460374000061, 49.69318610100004], [9.648736203000055, 49.79147765100004], [9.561809836000066, 49.78061678300003], [9.563380497000026, 49.744568386000026], [9.501460487000031, 49.78877466100005], [9.318028174000062, 49.76885602700003], [9.296297096000046, 49.73891796000004], [9.374211198000069, 49.728002031000074], [9.357409236000024, 49.70428829400004], [9.385645192000027, 49.730914546000065], [9.41868082700006, 49.711898302000066], [9.406000422000034, 49.64531278700008], [9.30408305800006, 49.65494425400004], [9.24894015600006, 49.58451840600003], [9.073074327000029, 49.57494100200006], [9.126413832000026, 49.51694579700006], [8.951832484000022, 49.50562623500008], [8.950348720000022, 49.454992884000035], [8.850273248000065, 49.395396721000054], [8.803540603000044, 49.40357037800004], [8.836452906000034, 49.43021830300006], [8.823524968000072, 49.46267839800004], [8.876495013000067, 49.46668603400008], [8.89957270800005, 49.50365573200003], [8.727711250000027, 49.51833855000007], [8.680989341000043, 49.57554792900004], [8.692313575000071, 49.62373885900007], [8.677933668000037, 49.62594697600008], [8.593888979000042, 49.61094664800004], [8.621299696000051, 49.54500989100006], [8.581374874000062, 49.51978041800004], [8.46428465300005, 49.58952836800006], [8.422439263000058, 49.583385415000066], [8.463795388000051, 49.47040266000005], [8.442690860000027, 49.45023919100004], [8.508242487000075, 49.43449342100007], [8.463528358000076, 49.38442891700004], [8.500397519000046, 49.38901364900005], [8.496811192000052, 49.36418049700006], [8.450484521000021, 49.32314148200004], [8.489068840000073, 49.29312437200008], [8.390815976000056, 49.23609487400006], [8.358091294000076, 49.09778419500003], [8.28759666700006, 48.99842746200005], [8.196392617000072, 48.95650110400004], [8.087040460000026, 48.80203358300008], [7.972005719000038, 48.758122435000075], [7.804823882000051, 48.59257971900007], [7.803943709000066, 48.51121629600004], [7.733153240000036, 48.397203508000075], [7.744638259000055, 48.32781093500006], [7.693568868000057, 48.301723063000054], [7.665698789000032, 48.22047802700007], [7.576981640000042, 48.119056389000036], [7.568529047000027, 48.03518422900004], [7.621952270000065, 47.97280642800007], [7.556309759000044, 47.877526903000046], [7.521079276000023, 47.663847891000046], [7.604484107000076, 47.577791105000074], [7.693596586000069, 47.60053085800007], [7.685943343000076, 47.56563496500007], [7.634097006000047, 47.56111372200007], [7.680172017000075, 47.532665423000026], [7.823085303000028, 47.58801232800005], [7.891352032000043, 47.58763814800005], [7.943210745000044, 47.54381882300004], [8.08966199400004, 47.557758953000075], [8.20405441400004, 47.62089168000006], [8.433687448000057, 47.56664774400008], [8.494547109000052, 47.58120113600006], [8.456599807000032, 47.60234628500007], [8.517746404000036, 47.63431415200006], [8.582542233000026, 47.59610411300008], [8.595741548000035, 47.64313286500004], [8.628803807000054, 47.64965372700004], [8.59803946900007, 47.672806439000055], [8.473494938000044, 47.63830648600003], [8.405559328000038, 47.674515546000066], [8.473712822000039, 47.76451491500006], [8.577304001000073, 47.78170626100007], [8.567852077000055, 47.80848124900007], [8.618583503000025, 47.798334358000034], [8.627679192000073, 47.75925902500006], [8.656975077000027, 47.80034710500007], [8.689439157000038, 47.75786296700005], [8.727146060000052, 47.76227747200005], [8.727981485000043, 47.692680574000065], [8.795947417000036, 47.67530207100003], [8.810078414000031, 47.69332049700006], [8.769908575000045, 47.71844854300008], [8.806440663000046, 47.73826225100004], [8.872719752000023, 47.70416469500003], [8.850583167000025, 47.681163027000025], [8.893659068000034, 47.65217872200003], [8.998628892000056, 47.68725699700008], [8.939828360000035, 47.72806475700003], [9.014928057000077, 47.71997296600006], [8.989864116000035, 47.743465936000064], [9.107887617000074, 47.69097369200006], [9.04072443900003, 47.708340210000074], [9.053825721000067, 47.68968488100006], [9.217727909000075, 47.666122019000056], [9.179606443000068, 47.70515093000006], [9.17332499500003, 47.734411359000035], [9.039536531000067, 47.81748197500008], [9.288606892000075, 47.68322986000004], [9.495284089000052, 47.65013127200007], [9.550341433000028, 47.58767536800008]], [[8.675960362000069, 49.61595325500008], [8.675112579000029, 49.621105028000045], [8.685867891000044, 49.62166492700004], [8.685979754000073, 49.618355087000054], [8.675960362000069, 49.61595325500008]]]]}}, {"type": "Feature", "properties": {"id": "Bayern", "name": "Bayern"}, "geometry": {"type": "Polygon", "coordinates": [[[9.602077153000039, 47.584337997000034], [9.72984380400004, 47.53372620400006], [9.777769965000061, 47.59534039000005], [9.87397800900004, 47.52871985400003], [9.970898558000044, 47.54568043800003], [9.995348118000038, 47.48631524800004], [10.091470374000039, 47.45907616000005], [10.10542274100004, 47.42874014800003], [10.06915766800006, 47.40984973700006], [10.099780481000039, 47.354736004000074], [10.181712556000036, 47.39228284100005], [10.236196380000024, 47.38186077000006], [10.173979531000043, 47.270265007000035], [10.33003062900002, 47.30471226600008], [10.39486183400004, 47.375728681000055], [10.436472140000035, 47.38064780500008], [10.475930146000053, 47.432149510000045], [10.431323512000063, 47.50367761800004], [10.454459536000059, 47.555738344000076], [10.569414659000074, 47.533577308000076], [10.597954197000035, 47.56971524000005], [10.691187265000053, 47.55844114100006], [10.777572470000052, 47.51393853900004], [10.890209020000043, 47.53720220100007], [10.91791481100006, 47.51362991500008], [10.870048944000075, 47.48322013400008], [10.937054525000065, 47.48146645800006], [10.983600034000062, 47.43001455700005], [10.970328786000039, 47.40002058400006], [11.115455044000043, 47.39559307500008], [11.206910414000049, 47.43380120900008], [11.253410755000061, 47.42824380500008], [11.225001752000026, 47.39527278300005], [11.272891854000022, 47.39785257200003], [11.338124368000024, 47.44971730900005], [11.421453927000073, 47.44471427000008], [11.383809621000069, 47.47220770000007], [11.437108055000067, 47.51585355800006], [11.572452231000057, 47.514509771000064], [11.63713910000007, 47.594259039000065], [11.843867748000036, 47.58121483800005], [12.008548722000057, 47.62514902200007], [12.20388194700007, 47.60680973600006], [12.162598451000065, 47.70112977800005], [12.25697228100006, 47.743007171000045], [12.25518949700006, 47.67929499300004], [12.440126465000048, 47.69517254800007], [12.499216430000047, 47.625017005000075], [12.575034111000036, 47.63231955900005], [12.607415246000073, 47.67371332500005], [12.781115045000035, 47.67414135900003], [12.759012632000065, 47.65090388900006], [12.82461371100004, 47.61210408300008], [12.779230115000075, 47.57933187000003], [12.79447934500007, 47.55662972600004], [13.00624606100007, 47.463989250000054], [13.04750486100005, 47.492083027000035], [13.043574404000026, 47.58344655900004], [13.098660589000076, 47.63540706500004], [13.080793954000058, 47.68702414400008], [13.01750491200005, 47.72288808300004], [12.905046866000077, 47.72364341900004], [13.00329458300007, 47.85031169200005], [12.937822201000074, 47.94366303000004], [12.87330302600003, 47.96416467700004], [12.851375614000062, 48.01483389300006], [12.759719210000071, 48.075050393000026], [12.758258591000072, 48.12632518800007], [13.022392356000069, 48.25797400700003], [13.32974884400005, 48.32352787700006], [13.41760279500005, 48.383841704000076], [13.45803967300003, 48.51194432400007], [13.438054967000028, 48.55774207200005], [13.508992163000073, 48.59060155200007], [13.72735945200003, 48.51300820800003], [13.825718996000035, 48.618549606000045], [13.813676370000053, 48.691916072000026], [13.83757629400003, 48.70066740900006], [13.794917175000023, 48.714928274000044], [13.839506769000025, 48.77160490300008], [13.80390238900003, 48.78112642100007], [13.737929348000023, 48.88584781700007], [13.655197417000068, 48.89346551500006], [13.62758543800004, 48.949484607000045], [13.529236960000048, 48.97410286300004], [13.495621999000036, 48.94134472800005], [13.402895553000064, 48.98734273500003], [13.397147201000053, 49.05100999700005], [13.289188609000064, 49.11863469000008], [13.182791683000062, 49.13447841300007], [13.170908085000065, 49.17357973400004], [13.033896390000052, 49.263902735000045], [13.029109282000036, 49.30434804600003], [12.942958576000024, 49.344199443000036], [12.786286615000051, 49.34539792100003], [12.757631008000033, 49.39475684800004], [12.655893346000028, 49.43454683500005], [12.644250380000074, 49.52304246500006], [12.588501691000033, 49.53853616500004], [12.560669829000062, 49.619634295000026], [12.528168524000023, 49.61818385600003], [12.521638214000063, 49.686761828000044], [12.442886119000036, 49.70369987500004], [12.400717371000042, 49.75384886900008], [12.472723170000052, 49.785937782000076], [12.472946945000047, 49.83358868500005], [12.547730388000048, 49.92034324000008], [12.475514391000047, 49.93791852800007], [12.489889638000022, 49.98176080700006], [12.26091210800007, 50.05843035500004], [12.275353647000031, 50.07647093300005], [12.199626558000034, 50.11173902500008], [12.197454144000062, 50.19883868000005], [12.090759844000047, 50.252384394000046], [12.139939875000039, 50.27771857600004], [12.125560837000023, 50.30761714500005], [11.977170940000065, 50.35148311300003], [11.98394319700003, 50.38870713500006], [11.934729681000022, 50.42366379600003], [11.824265370000035, 50.38975684500008], [11.78025113700005, 50.41875476000007], [11.519853242000067, 50.37426848300004], [11.48156795400007, 50.43162169200008], [11.420630678000066, 50.44336648500007], [11.429278748000058, 50.51223288400007], [11.346569075000048, 50.52153502600004], [11.247115540000038, 50.47730383000004], [11.284252880000054, 50.36030743400005], [11.252298162000045, 50.26902096100008], [11.14592282700005, 50.284956470000054], [11.131754613000055, 50.30808767700006], [11.159197358000029, 50.330391993000035], [11.115304910000077, 50.36700690300006], [10.98578072600003, 50.34732052600003], [10.937634647000039, 50.39190511400005], [10.830443013000036, 50.39261550100008], [10.715266573000065, 50.363591109000026], [10.714389547000053, 50.325479200000075], [10.851953018000074, 50.25160305700007], [10.732167774000061, 50.25183794600008], [10.716645150000033, 50.20481895900008], [10.612047270000062, 50.224138442000026], [10.600550296000051, 50.33368802900003], [10.492405731000076, 50.35505584500004], [10.44950284600003, 50.40304677100005], [10.39449369700003, 50.39365203400007], [10.403834693000022, 50.42477513000006], [10.330582236000055, 50.49427653500004], [10.230827931000022, 50.51180310400008], [10.203873884000075, 50.554700851000064], [10.107094136000057, 50.56373360300006], [9.957836757000052, 50.42320405600003], [9.860046301000068, 50.397473956000056], [9.762063990000058, 50.42586748200006], [9.745881111000074, 50.31040795600006], [9.652396015000022, 50.269670070000075], [9.636823638000067, 50.25144989000006], [9.663619150000045, 50.23373346300008], [9.50117464400006, 50.243473910000034], [9.498105015000021, 50.17554393700004], [9.531201793000037, 50.16084967000006], [9.512464155000032, 50.09435565700005], [9.413110845000062, 50.084059882000076], [9.373620660000029, 50.130963500000064], [9.221866091000038, 50.14941731500005], [9.149210890000063, 50.09063949400007], [9.153609321000033, 50.117930615000034], [9.121518865000041, 50.12606115300008], [9.018261040000027, 50.11160420900006], [8.976611545000026, 50.052211431000046], [9.031343853000067, 50.03957408400004], [9.04882026000007, 49.99226560300008], [9.015714271000036, 49.989022860000034], [9.03765196200004, 49.842564295000045], [9.084730871000033, 49.84750638400004], [9.090879621000056, 49.79065501100007], [9.131665505000058, 49.79492793600008], [9.106913989000077, 49.758660975000055], [9.150809170000059, 49.742850743000076], [9.089638351000076, 49.69334572300005], [9.102012048000063, 49.64221034500008], [9.06638137300007, 49.60236512900008], [9.194410460000029, 49.57404064000008], [9.24894015600006, 49.58451840600003], [9.30408305800006, 49.65494425400004], [9.406000422000034, 49.64531278700008], [9.39996065300005, 49.72884051400007], [9.357409236000024, 49.70428829400004], [9.374211198000069, 49.728002031000074], [9.295673221000072, 49.740530937000074], [9.425106761000052, 49.78955372300004], [9.501460487000031, 49.78877466100005], [9.563380497000026, 49.744568386000026], [9.561809836000066, 49.78061678300003], [9.648736203000055, 49.79147765100004], [9.625449125000046, 49.70373674000007], [9.653496459000053, 49.68713720300008], [9.709719303000043, 49.72705805800007], [9.739419988000066, 49.68819070300003], [9.799993758000028, 49.730943240000045], [9.87280826400007, 49.61007617200005], [9.811544998000045, 49.55568263200007], [9.85930991400005, 49.54604448600003], [9.912438200000054, 49.585908403000076], [9.913740586000074, 49.49325299100008], [9.951881740000033, 49.48036425500004], [10.020260417000031, 49.48664904700007], [10.06142750600003, 49.545138456000075], [10.121323095000037, 49.51104620600006], [10.094741444000022, 49.44789857000006], [10.161698240000021, 49.39549398200006], [10.107318285000076, 49.378784909000046], [10.104846911000038, 49.338411507000046], [10.15662029400005, 49.28075891000003], [10.109875037000052, 49.25829803200003], [10.133209341000054, 49.253105435000066], [10.12489927300004, 49.199736861000076], [10.248022910000032, 49.14928110900007], [10.204997649000063, 49.09811900300008], [10.250596710000025, 49.09281512500007], [10.251863839000066, 49.039161196000066], [10.350256584000022, 49.02842207200007], [10.457107388000054, 48.920548179000036], [10.421320368000067, 48.90576289000006], [10.454106806000027, 48.86030058700004], [10.416176716000052, 48.74810596900005], [10.495083373000057, 48.687247210000066], [10.410638818000052, 48.66103394800007], [10.437393747000044, 48.693101881000075], [10.408871360000035, 48.69879250400004], [10.361128680000036, 48.65282684300007], [10.337429497000073, 48.689021808000064], [10.268706813000051, 48.70354711900006], [10.259529865000047, 48.65489233800008], [10.323094952000076, 48.609132705000036], [10.293114313000046, 48.58976552100006], [10.31202316200006, 48.52294378300007], [10.230779588000075, 48.51051118300006], [10.24140630100004, 48.49195965300004], [10.171846421000055, 48.457786948000034], [10.03402668800004, 48.45778054800007], [10.042414153000038, 48.429732038000054], [9.967275615000062, 48.37440435700006], [10.065816520000055, 48.28181712300005], [10.060721236000063, 48.24009045500003], [10.140392398000074, 48.09891655900003], [10.134326495000039, 48.01759961500005], [10.084893700000066, 47.96130765500004], [10.105704629000059, 47.879026536000026], [10.076755534000029, 47.86780935100006], [10.138022984000031, 47.809637645000066], [10.064681025000027, 47.78588771900007], [10.11904949500007, 47.759586711000054], [10.130059543000073, 47.67727125700003], [10.089245367000046, 47.67304513700003], [10.077292399000044, 47.63927426300006], [10.028645217000076, 47.686983018000035], [9.959522463000042, 47.65230409900005], [9.842190840000058, 47.677691836000065], [9.74771849900003, 47.60368831100004], [9.602077153000039, 47.584337997000034]], [[10.454459536000059, 47.555738344000076], [10.432936910000024, 47.58147741200003], [10.481778586000075, 47.58452644700003], [10.470641834000048, 47.57969316600003], [10.454459536000059, 47.555738344000076]]]}}, {"type": "Feature", "properties": {"id": "Berlin", "name": "Berlin"}, "geometry": {"type": "Polygon", "coordinates": [[[13.480055494000055, 52.67464638200005], [13.357296057000042, 52.62317467400004], [13.302422603000025, 52.627560602000074], [13.310033892000035, 52.657376009000075], [13.282884652000064, 52.660784668000076], [13.264274727000043, 52.626927970000054], [13.22068327200003, 52.62817872100004], [13.217336442000033, 52.58745559300007], [13.128987291000044, 52.58744210400005], [13.152953085000036, 52.57278142700005], [13.117392920000043, 52.516995327000075], [13.166457606000051, 52.51012429000008], [13.09063599700005, 52.411813884000026], [13.133589439000048, 52.38691590500008], [13.222287982000068, 52.42035668200003], [13.343248653000046, 52.41161993900005], [13.420984876000034, 52.37624714200007], [13.418772686000068, 52.40991740700008], [13.462321603000078, 52.42062443700007], [13.643364633000033, 52.37739092600003], [13.65172295800005, 52.33945761600006], [13.759028644000068, 52.44257936500003], [13.611517293000077, 52.47062733400003], [13.656895568000039, 52.52986951200006], [13.508153615000026, 52.592183257000045], [13.523100123000063, 52.645430195000074], [13.480055494000055, 52.67464638200005]]]}}, {"type": "Feature", "properties": {"id": "Brandenburg", "name": "Brandenburg"}, "geometry": {"type": "MultiPolygon", "coordinates": [[[[13.051025247000041, 51.64767715500005], [13.08630409500006, 51.60813513900007], [13.154954859000043, 51.60019678500004], [13.143169245000024, 51.56746112900004], [13.207957037000028, 51.524352847000046], [13.174310971000068, 51.42825391900004], [13.217308924000065, 51.39505564900003], [13.26854325000005, 51.384793245000026], [13.320322813000075, 51.43750047600008], [13.376647809000076, 51.42461142500008], [13.401050430000055, 51.45417172500004], [13.542628170000057, 51.36931550600008], [13.763252568000041, 51.35902035100003], [13.956223629000021, 51.39707171300006], [14.000697255000034, 51.372595974000035], [14.06283710200006, 51.445505756000045], [14.033005724000077, 51.47510218900004], [14.087258361000067, 51.47739668300005], [14.139565193000067, 51.543986379000046], [14.332350139000027, 51.50501826300007], [14.569635102000063, 51.58119047800005], [14.674012757000071, 51.55064535400004], [14.696647725000048, 51.59666082600006], [14.764909531000058, 51.60704414700007], [14.746769710000024, 51.67617473100006], [14.590144373000044, 51.82100999000005], [14.694259159000069, 51.90198462300003], [14.759100958000033, 52.06568982300007], [14.681595448000053, 52.116651776000026], [14.715746889000059, 52.23588355100003], [14.576039610000066, 52.28836671100004], [14.53435722200004, 52.395007777000046], [14.63454116400004, 52.49233735100006], [14.603921495000066, 52.53133983100008], [14.639110578000043, 52.572998863000066], [14.351042391000021, 52.75150720400006], [14.122926948000043, 52.83765710700004], [14.161595565000027, 52.88809495900006], [14.143657775000065, 52.96136543700004], [14.366157186000066, 53.07936704800005], [14.37727299200003, 53.20174829700005], [14.450268471000072, 53.26055847400005], [14.412381009000057, 53.32959336200008], [14.316569422000043, 53.31233554700003], [14.266048356000056, 53.25959485200008], [14.098817346000033, 53.26167191500008], [14.223406622000027, 53.358563229000026], [14.237712313000031, 53.42734197800007], [13.916373270000065, 53.42226627100007], [13.879268139000033, 53.504139956000074], [13.791347175000055, 53.558577928000034], [13.777657389000069, 53.51370533800008], [13.827102382000021, 53.498713707000036], [13.812079406000066, 53.483943984000064], [13.71539978100003, 53.482260877000044], [13.625216954000052, 53.409302567000054], [13.550112204000072, 53.399081272000046], [13.523531386000059, 53.32008458400003], [13.43820812100006, 53.29973323400003], [13.405174674000023, 53.24641823500008], [13.297801779000054, 53.28089250200003], [13.229391856000063, 53.21658689600008], [13.152220904000046, 53.25111397900008], [12.980466333000038, 53.16252656800003], [12.941998415000057, 53.17431547000007], [12.964244872000052, 53.200391513000056], [12.764381357000048, 53.18893054700004], [12.739492982000058, 53.19960159200008], [12.757410986000025, 53.224352804000034], [12.671179075000055, 53.229504646000066], [12.660557174000076, 53.254409578000036], [12.445312164000029, 53.24992826400006], [12.394247808000046, 53.301805355000056], [12.260207483000045, 53.32391218400005], [12.229435329000069, 53.358160532000056], [12.092089179000027, 53.344856410000034], [12.06162346900004, 53.371419407000076], [12.014610854000068, 53.33442360000004], [12.018530148000025, 53.29959472200005], [11.796067194000045, 53.25334819600005], [11.828893642000025, 53.22865502600007], [11.629237266000075, 53.24222453700003], [11.551586451000048, 53.20840728500008], [11.569364935000067, 53.166094858000065], [11.534572129000026, 53.125318348000064], [11.265731921000054, 53.12197789600003], [11.338867152000034, 53.05509894100004], [11.448379406000072, 53.07838158200008], [11.639365586000054, 53.03871875200008], [11.626327036000077, 53.01264737000008], [11.692083658000058, 52.97840706300008], [11.844216635000066, 52.95268081300003], [11.833997503000035, 52.910361117000036], [11.981550252000034, 52.876028785000074], [12.124601270000028, 52.89358591000007], [12.123714704000065, 52.85379583500003], [12.196936529000027, 52.87797799000003], [12.234056796000061, 52.85937765300008], [12.257536445000028, 52.804908485000055], [12.22017640200005, 52.790127959000074], [12.197548537000046, 52.718375034000076], [12.232876671000042, 52.68904403700003], [12.236872557000027, 52.62887701900007], [12.171970158000022, 52.625946604000035], [12.181078091000074, 52.575177085000064], [12.141811423000036, 52.52839423900008], [12.188689499000077, 52.53242278000005], [12.184704165000028, 52.49577607100008], [12.23611741600007, 52.52371982500006], [12.330781529000035, 52.478555665000044], [12.274469664000037, 52.41606189200007], [12.30232598400005, 52.40501281200005], [12.283811381000021, 52.36425454600004], [12.308127562000038, 52.34469653200006], [12.24464806900005, 52.24843817400006], [12.297276877000058, 52.22754538000004], [12.21678313700005, 52.17006860100008], [12.430227854000066, 52.01830613800007], [12.48061535100004, 52.033335116000046], [12.539394591000075, 51.98488894400003], [12.603019491000055, 51.98108668500004], [12.669186684000067, 52.01288074400003], [12.844153643000027, 51.96773396900005], [12.852730179000048, 51.93500529000005], [12.960567963000074, 51.93491054300006], [12.972664852000037, 51.90088114100007], [13.045407862000047, 51.90051510700005], [13.039239290000069, 51.87091214700007], [13.138950996000062, 51.87951209000005], [13.150913369000023, 51.859610359000044], [13.123535766000032, 51.854592541000045], [13.170103761000064, 51.78702373700003], [13.154010380000045, 51.744247947000076], [13.18707161900005, 51.71562451400007], [13.051025247000041, 51.64767715500005]], [[13.480055494000055, 52.67464638200005], [13.523100123000063, 52.645430195000074], [13.508153615000026, 52.592183257000045], [13.656895568000039, 52.52986951200006], [13.611517293000077, 52.47062733400003], [13.759028644000068, 52.44257936500003], [13.65172295800005, 52.33945761600006], [13.643364633000033, 52.37739092600003], [13.462321603000078, 52.42062443700007], [13.418772686000068, 52.40991740700008], [13.420984876000034, 52.37624714200007], [13.343248653000046, 52.41161993900005], [13.222287982000068, 52.42035668200003], [13.133589439000048, 52.38691590500008], [13.09063599700005, 52.411813884000026], [13.166457606000051, 52.51012429000008], [13.117392920000043, 52.516995327000075], [13.152953085000036, 52.57278142700005], [13.128987291000044, 52.58744210400005], [13.217336442000033, 52.58745559300007], [13.22068327200003, 52.62817872100004], [13.264274727000043, 52.626927970000054], [13.282884652000064, 52.660784668000076], [13.310033892000035, 52.657376009000075], [13.302422603000025, 52.627560602000074], [13.357296057000042, 52.62317467400004], [13.480055494000055, 52.67464638200005]]], [[[12.267155795000065, 52.23131355800007], [12.264446159000045, 52.23171338700007], [12.275204045000066, 52.23105054900003], [12.267155795000065, 52.23131355800007]]], [[[12.286255987000061, 52.22745841900007], [12.279125023000063, 52.22941792600005], [12.276546163000035, 52.22829564800003], [12.286255987000061, 52.22745841900007]]], [[[12.217115001000025, 52.86199253900003], [12.222307577000038, 52.862548547000074], [12.221316314000035, 52.86381264900007], [12.217115001000025, 52.86199253900003]]]]}}, {"type": "Feature", "properties": {"id": "Bremen", "name": "Bremen"}, "geometry": {"type": "MultiPolygon", "coordinates": [[[[8.615217568000048, 53.195910920000074], [8.613037882000071, 53.19856578200006], [8.611903031000054, 53.19744233700004], [8.615217568000048, 53.195910920000074]]], [[[8.599039076000054, 53.21254623100003], [8.481735119000064, 53.22644954400005], [8.504711920000034, 53.20078605400005], [8.619465302000037, 53.16752076000006], [8.731491654000024, 53.03493253400006], [8.770704766000051, 53.05340697300005], [8.91582704800004, 53.011021380000045], [8.98026713400003, 53.04674705800005], [8.961377207000055, 53.08521811400004], [8.990913202000058, 53.09667276300007], [8.947017837000033, 53.116100810000034], [8.984185253000021, 53.12607093100007], [8.945082912000032, 53.15201299200004], [8.864023195000073, 53.13172351600008], [8.829227339000056, 53.16437627800008], [8.59325143600006, 53.183633719000056], [8.599039076000054, 53.21254623100003]]], [[[8.554898250000065, 53.52513102800003], [8.492651892000026, 53.472419761000026], [8.650555157000042, 53.51078166600007], [8.616802851000045, 53.57437003800004], [8.65063238700003, 53.60256522100008], [8.483202469000048, 53.60049898700004], [8.554898250000065, 53.52513102800003]]], [[[8.653535034000072, 53.61005081900004], [8.643769177000024, 53.605473388000064], [8.660884274000068, 53.60708643700008], [8.653535034000072, 53.61005081900004]]]]}}, {"type": "Feature", "properties": {"id": "Hamburg", "name": "Hamburg"}, "geometry": {"type": "MultiPolygon", "coordinates": [[[[10.175688643000058, 53.39658250000008], [10.325959158000046, 53.44963954000008], [10.152582687000063, 53.53979280100003], [10.152557987000023, 53.57790073600006], [10.201449729000046, 53.58407587200003], [10.188952193000034, 53.61301421700006], [10.221761274000073, 53.63372253500006], [10.141212387000053, 53.678152745000034], [10.19163750000007, 53.72289717500007], [10.168237438000062, 53.73823597300003], [10.08184213800007, 53.720419993000064], [10.069265382000026, 53.67945056100007], [9.998695506000047, 53.68146746100007], [9.985599002000072, 53.64723457600007], [9.905366421000053, 53.652194336000036], [9.828781928000069, 53.58529056900005], [9.763672583000073, 53.62749506100005], [9.730104055000027, 53.55758091300004], [9.774388785000042, 53.55432306000006], [9.763793944000042, 53.50810650500006], [9.862387477000027, 53.429876593000074], [9.904411288000063, 53.45679422400008], [9.906566145000056, 53.415790911000045], [9.98443287200007, 53.41541377900006], [10.051810704000047, 53.46391894000004], [10.175688643000058, 53.39658250000008]]], [[[8.514655343000072, 53.91764946400008], [8.491131031000066, 53.92867085600005], [8.486976415000072, 53.913911547000055], [8.514655343000072, 53.91764946400008]]], [[[8.458234723000032, 53.95707344400006], [8.436453779000033, 53.96357881300003], [8.419906902000037, 53.94871752100005], [8.43129185500004, 53.944528167000044], [8.458234723000032, 53.95707344400006]]]]}}, {"type": "Feature", "properties": {"id": "Hessen", "name": "Hessen"}, "geometry": {"type": "MultiPolygon", "coordinates": [[[[9.103006167000046, 49.57745601400006], [9.06513848000003, 49.617319156000065], [9.102012048000063, 49.64221034500008], [9.089638351000076, 49.69334572300005], [9.150809170000059, 49.742850743000076], [9.106913989000077, 49.758660975000055], [9.131665505000058, 49.79492793600008], [9.090879621000056, 49.79065501100007], [9.084730871000033, 49.84750638400004], [9.03765196200004, 49.842564295000045], [9.015714271000036, 49.989022860000034], [9.04882026000007, 49.99226560300008], [9.031343853000067, 50.03957408400004], [8.976480289000051, 50.04717018700006], [8.997391285000049, 50.09157988000004], [9.117457036000076, 50.12662404300005], [9.153609321000033, 50.117930615000034], [9.149210890000063, 50.09063949400007], [9.221866091000038, 50.14941731500005], [9.373620660000029, 50.130963500000064], [9.413110845000062, 50.084059882000076], [9.512464155000032, 50.09435565700005], [9.531201793000037, 50.16084967000006], [9.498105015000021, 50.17554393700004], [9.50117464400006, 50.243473910000034], [9.663619150000045, 50.23373346300008], [9.636823638000067, 50.25144989000006], [9.652396015000022, 50.269670070000075], [9.745881111000074, 50.31040795600006], [9.762063990000058, 50.42586748200006], [9.883100782000042, 50.39889344300008], [10.018307426000035, 50.46645526300006], [10.061828605000073, 50.55668738400004], [10.037191069000073, 50.61292626900007], [10.08104983800007, 50.62002482400004], [10.069985062000057, 50.65587779100008], [10.001994968000076, 50.67660256800008], [9.947575159000053, 50.66230475800006], [9.960722013000066, 50.62948365400007], [9.877320475000033, 50.63871517600006], [9.923955435000039, 50.69513052100007], [9.952252803000022, 50.821374509000066], [10.023054524000031, 50.83163142600006], [10.059803704000046, 50.88539256400003], [10.015635922000058, 50.92062395100004], [9.971463749000065, 50.907410938000055], [9.991996475000064, 50.93451451100003], [9.950086587000044, 50.94225025600008], [10.062345939000068, 50.943783547000066], [10.019470217000048, 50.98070807900007], [10.036400428000036, 51.01237619600005], [10.178159480000033, 50.996001543000034], [10.215185735000034, 51.02641935100007], [10.140590157000076, 51.05849138900004], [10.174630972000045, 51.11686746000004], [10.118321564000041, 51.13957300700008], [10.168738649000034, 51.15326772100008], [10.19995902200003, 51.11297207700005], [10.235776989000044, 51.186695162000035], [10.068673434000061, 51.22656282200006], [10.059916187000056, 51.27586548900007], [9.939356592000024, 51.30740986400008], [9.906021117000023, 51.42113874900008], [9.850743074000036, 51.41441364700006], [9.86527591500004, 51.371612732000074], [9.803510306000021, 51.41040054500007], [9.80145010700005, 51.38691468800005], [9.702143787000068, 51.364571795000074], [9.738247707000028, 51.31942876900007], [9.772456280000029, 51.33629096700008], [9.73230439300005, 51.29523190100008], [9.55883264800002, 51.347657076000075], [9.579345406000073, 51.40176887900003], [9.643581790000042, 51.418260728000064], [9.643813808000061, 51.469160043000045], [9.586259150000046, 51.51931892500005], [9.61883206500005, 51.53010306900006], [9.609310282000024, 51.55690536800006], [9.647755440000026, 51.552510968000036], [9.626830884000071, 51.58197606400006], [9.690947953000034, 51.576315141000066], [9.625999284000045, 51.63691397000008], [9.507071663000033, 51.627184337000074], [9.494612786000062, 51.65736291300004], [9.337098312000023, 51.61470157000008], [9.373522628000046, 51.59101373400006], [9.308324697000046, 51.51264327500007], [9.15840769600004, 51.44309608400005], [9.094329852000044, 51.44459823100004], [9.092328869000028, 51.49438795300006], [9.020976431000065, 51.51861067100003], [8.913334846000055, 51.49155398200003], [8.890376608000054, 51.481928278000055], [8.948108682000054, 51.42821888800006], [8.93950200300003, 51.38949902300004], [8.693811209000046, 51.37678475300004], [8.605048337000028, 51.32369487100004], [8.556347796000068, 51.27749475200005], [8.59356275600004, 51.24749677800003], [8.721997745000067, 51.27374380600003], [8.768194376000054, 51.20887368400008], [8.692161804000023, 51.132834142000036], [8.719655316000058, 51.11032615500005], [8.52812272400007, 51.09695248500003], [8.505143530000055, 51.04143322200008], [8.538782178000076, 51.01944843100006], [8.459665449000056, 50.966650249000054], [8.456441092000034, 50.91653052300006], [8.358600176000039, 50.86069003400007], [8.269666509000047, 50.88187564800006], [8.12551194100007, 50.78835590800003], [8.166828990000056, 50.73571067900008], [8.110229725000067, 50.670901177000076], [8.151592167000047, 50.599370803000056], [8.137912756000048, 50.55094786600006], [8.028374600000063, 50.550558728000055], [7.97890288900004, 50.49538382900005], [8.010766001000036, 50.452692427000045], [7.964191682000035, 50.412225232000026], [8.059756762000063, 50.37531153200007], [8.121913617000075, 50.27722503200005], [8.035891845000037, 50.27119223300008], [8.058909586000027, 50.23440564400005], [8.03544434500003, 50.215661975000046], [7.990203927000039, 50.23866512800004], [7.882830211000055, 50.18131748800005], [7.932942308000065, 50.143884316000026], [7.930097218000071, 50.103740112000025], [7.85401610200006, 50.12832878800003], [7.837194078000039, 50.08412892400003], [7.773997185000042, 50.06654010500006], [7.887255214000049, 49.97184287300007], [8.180949141000042, 50.035205982000036], [8.272350266000046, 50.01029608300007], [8.340963698000053, 49.95107573800004], [8.344010057000048, 49.88010932000003], [8.416297386000053, 49.77386768700006], [8.479186194000022, 49.76421191700007], [8.357266999000046, 49.69214161200006], [8.381985162000035, 49.62728359000005], [8.560001947000046, 49.51746243000008], [8.621299696000051, 49.54500989100006], [8.593888979000042, 49.61094664800004], [8.677933668000037, 49.62594697600008], [8.692313575000071, 49.62373885900007], [8.680989341000043, 49.57554792900004], [8.727711250000027, 49.51833855000007], [8.89957270800005, 49.50365573200003], [8.876495013000067, 49.46668603400008], [8.826602842000057, 49.46934922200006], [8.814612220000072, 49.39685237300006], [8.950348720000022, 49.454992884000035], [8.951832484000022, 49.50562623500008], [9.11953, 49.51221011700005], [9.072205636000035, 49.56524923000006], [9.103006167000046, 49.57745601400006]]], [[[8.675960362000069, 49.61595325500008], [8.685979754000073, 49.618355087000054], [8.685867891000044, 49.62166492700004], [8.675112579000029, 49.621105028000045], [8.675960362000069, 49.61595325500008]], [[8.68405272700005, 49.620222967000075], [8.680067486000041, 49.61866510300007], [8.680116544000043, 49.62028571500008], [8.68405272700005, 49.620222967000075]]]]}}, {"type": "Feature", "properties": {"id": "Mecklenburg-Vorpommern", "name": "Mecklenburg-Vorpommern"}, "geometry": {"type": "MultiPolygon", "coordinates": [[[[11.426799919000075, 53.93796751800005], [11.428396571000064, 53.94339132600004], [11.423207731000048, 53.94219047200005], [11.426799919000075, 53.93796751800005]]], [[[11.476962152000056, 53.963978008000026], [11.474799957000073, 53.96389986100007], [11.477147437000042, 53.961632070000064], [11.476962152000056, 53.963978008000026]]], [[[11.467246062000072, 53.96378725000005], [11.47064583100007, 53.96846709000005], [11.467271768000046, 53.967561627000066], [11.467246062000072, 53.96378725000005]]], [[[13.958649183000034, 53.940980180000054], [13.960766590000048, 53.94204435300003], [13.959025320000023, 53.94367253300004], [13.958649183000034, 53.940980180000054]]], [[[11.495327760000066, 54.011110055000074], [11.37685254400003, 53.99642693100003], [11.376623083000027, 53.97870824000006], [11.388106554000046, 53.966135112000075], [11.393635023000058, 53.97465173300003], [11.402146923000032, 53.96831596700008], [11.409895988000073, 53.96887291100006], [11.420526161000055, 53.962135267000065], [11.425946064000073, 53.96076416400007], [11.43176843200007, 53.961633455000026], [11.446154083000067, 53.99732769900004], [11.455957342000033, 53.95753345500003], [11.495327760000066, 54.011110055000074]]], [[[14.032775008000044, 53.944137598000054], [14.033396113000038, 53.94652103800007], [14.03112432200004, 53.94483188800007], [14.032775008000044, 53.944137598000054]]], [[[14.028817914000058, 53.947382291000054], [14.027327940000077, 53.95107912200007], [14.024216636000062, 53.951509808000026], [14.028817914000058, 53.947382291000054]]], [[[11.496341339000026, 54.03131270600005], [11.486354181000024, 54.025472197000056], [11.494789052000044, 54.024195286000065], [11.496341339000026, 54.03131270600005]]], [[[11.511905170000034, 54.053974366000034], [11.515186500000027, 54.05450101300005], [11.52300169800003, 54.06848707200004], [11.511905170000034, 54.053974366000034]]], [[[13.925955810000062, 54.01603996300008], [13.926332353000078, 54.03030029700005], [13.917627820000064, 54.01927991500003], [13.925955810000062, 54.01603996300008]]], [[[13.785243712000067, 54.05294661500005], [13.78231517100005, 54.059407589000045], [13.780285007000032, 54.05578612900007], [13.785243712000067, 54.05294661500005]]], [[[13.806411326000045, 54.08420988000006], [13.801789037000049, 54.08159842100008], [13.803894009000032, 54.07907125400004], [13.806411326000045, 54.08420988000006]]], [[[13.79755564900006, 54.17402461000006], [13.749296749000052, 54.15847457400008], [13.813839361000078, 54.10782325900004], [13.80703625800004, 54.07838374500005], [13.788091635000058, 54.05601212400006], [13.790568133000022, 54.04867718600008], [13.764304803000073, 54.02998066200007], [13.769915621000052, 54.019184120000034], [13.858941103000063, 54.04811080700006], [13.879676464000056, 54.04025984200007], [13.853236518000074, 54.01367774200003], [13.861586553000052, 53.99975171500006], [13.924067821000051, 54.03580373300008], [13.911190422000061, 54.06399433100006], [13.973258916000077, 54.06399662900003], [14.047581112000046, 53.99744244900006], [14.040180529000054, 53.94072126400005], [13.98368182300004, 53.96210030200007], [13.959602033000067, 53.93399228800007], [13.949969504000023, 53.95887000500005], [13.965029899000058, 53.989799815000026], [13.905954691000034, 53.98954333700004], [13.937972831000025, 53.90895263800007], [13.826150251000058, 53.84968518200003], [14.213077509000072, 53.86647963300004], [14.18531431100007, 53.91410242400008], [14.226321978000044, 53.92864344000003], [14.016216602000043, 54.05389185000007], [13.874714329000028, 54.10028757600003], [13.79755564900006, 54.17402461000006]]], [[[13.809294131000058, 54.16994984100006], [13.81226990600004, 54.173368898000035], [13.806582860000049, 54.17403031600003], [13.809294131000058, 54.16994984100006]]], [[[13.81040519000004, 54.17566724800008], [13.804088404000026, 54.17818530400007], [13.803328923000038, 54.17688366400006], [13.81040519000004, 54.17566724800008]]], [[[13.77072729200006, 54.20074034000004], [13.768876807000026, 54.20892111400008], [13.768949762000034, 54.20082204700003], [13.77072729200006, 54.20074034000004]]], [[[13.926762009000072, 54.24867061800006], [13.908618927000077, 54.24414007300004], [13.906990114000052, 54.24022405000005], [13.926762009000072, 54.24867061800006]]], [[[12.528019838000034, 54.34622056200004], [12.529585853000071, 54.35009267400005], [12.526920293000046, 54.35222689500006], [12.528019838000034, 54.34622056200004]]], [[[12.535520950000034, 54.356009183000026], [12.527863697000043, 54.35411283600007], [12.530961209000054, 54.34992789800003], [12.535520950000034, 54.356009183000026]]], [[[12.527914090000024, 54.35777705600003], [12.527901316000055, 54.36172238000006], [12.525126063000073, 54.35938853200008], [12.527914090000024, 54.35777705600003]]], [[[13.524755802000072, 54.30940815500003], [13.54220134600007, 54.33240686400006], [13.519072223000023, 54.31185113200007], [13.524755802000072, 54.30940815500003]]], [[[12.52643772600004, 54.36269087800008], [12.52817359200003, 54.366702789000044], [12.524947755000028, 54.365364200000045], [12.52643772600004, 54.36269087800008]]], [[[12.528543537000076, 54.36850288100004], [12.522948600000063, 54.368093868000074], [12.526974928000072, 54.36717360800003], [12.528543537000076, 54.36850288100004]]], [[[12.524071651000042, 54.37033337500003], [12.522531388000061, 54.37392267900003], [12.518584844000031, 54.37222750300003], [12.524071651000042, 54.37033337500003]]], [[[12.584531152000068, 54.375337829000046], [12.584889935000035, 54.380712075000076], [12.580441213000029, 54.37710558800006], [12.584531152000068, 54.375337829000046]]], [[[12.662395367000045, 54.40484528500008], [12.65865743300003, 54.40827435500006], [12.65632322600004, 54.40657480100003], [12.662395367000045, 54.40484528500008]]], [[[12.729774999000028, 54.404902856000035], [12.724436019000052, 54.41242209600006], [12.718130044000077, 54.405268497000066], [12.729774999000028, 54.404902856000035]]], [[[13.209216093000066, 54.401095430000055], [13.217181631000074, 54.39770394300007], [13.220257594000032, 54.40053776900004], [13.209216093000066, 54.401095430000055]]], [[[12.67114366800007, 54.41619666500003], [12.670447739000053, 54.42096139800003], [12.668610393000051, 54.41847407000006], [12.67114366800007, 54.41619666500003]]], [[[12.637304885000049, 54.41609817700004], [12.638030613000069, 54.42354234600003], [12.635358722000035, 54.42209910200006], [12.637304885000049, 54.41609817700004]]], [[[12.725525782000034, 54.42716916300003], [12.723620915000026, 54.42964578200008], [12.723097336000023, 54.42786766900008], [12.725525782000034, 54.42716916300003]]], [[[12.724080534000052, 54.425373421000074], [12.67728061300005, 54.41595836800008], [12.730906878000042, 54.416364970000075], [12.724080534000052, 54.425373421000074]]], [[[12.929293206000068, 54.42728750400005], [12.929686820000029, 54.43015429700006], [12.923224697000023, 54.43303882100008], [12.929293206000068, 54.42728750400005]]], [[[13.117881802000056, 54.42671122300004], [13.123002705000033, 54.42885799800007], [13.116617763000022, 54.43084460500006], [13.117881802000056, 54.42671122300004]]], [[[12.970146868000029, 54.43642168700006], [12.971534230000032, 54.44047778000004], [12.96778918700005, 54.43846849400006], [12.970146868000029, 54.43642168700006]]], [[[12.960567523000066, 54.437220799000045], [12.930027254000038, 54.44306053200006], [12.923932429000047, 54.434793279000075], [12.960567523000066, 54.437220799000045]]], [[[12.981733956000028, 54.442196109000065], [12.973554356000022, 54.441356496000026], [12.981968408000057, 54.43750144900008], [12.981733956000028, 54.442196109000065]]], [[[12.988483091000035, 54.44372793700006], [12.989248480000072, 54.44511028900007], [12.986984440000072, 54.444042696000054], [12.988483091000035, 54.44372793700006]]], [[[13.050677148000034, 54.46023989100007], [13.033047795000073, 54.44680497200005], [12.998245452000049, 54.44740629700004], [12.984373402000074, 54.43579780300007], [12.973263387000031, 54.440403745000026], [12.973190030000069, 54.43455816800008], [12.988628866000056, 54.43399199800007], [13.01563795100003, 54.443674016000045], [13.041558353000028, 54.44243454800005], [13.050677148000034, 54.46023989100007]]], [[[13.203125811000064, 54.46160903200007], [13.199219675000052, 54.46170417700006], [13.19866521800003, 54.457295962000046], [13.203125811000064, 54.46160903200007]]], [[[13.211499781000043, 54.465296902000034], [13.209070696000026, 54.46438219200007], [13.210347675000037, 54.46364110700006], [13.211499781000043, 54.465296902000034]]], [[[13.207316260000027, 54.465373543000055], [13.206325504000063, 54.466673341000046], [13.203811457000029, 54.46587270400005], [13.207316260000027, 54.465373543000055]]], [[[13.22282470600004, 54.46500956400007], [13.213227299000039, 54.467059035000034], [13.213723127000037, 54.464483924000035], [13.22282470600004, 54.46500956400007]]], [[[13.080708558000026, 54.47451809300003], [13.082809620000035, 54.47687552000008], [13.079930234000074, 54.47571706600007], [13.080708558000026, 54.47451809300003]]], [[[13.225492598000073, 54.47067782800008], [13.143480888000056, 54.47798400700003], [13.120411481000076, 54.44435430600004], [13.16067583000006, 54.448981539000044], [13.187379361000069, 54.465613473000076], [13.225492598000073, 54.47067782800008]]], [[[13.169002980000073, 54.506628326000055], [13.155170991000034, 54.50665559600003], [13.164879447000033, 54.50212107200008], [13.169002980000073, 54.506628326000055]]], [[[13.301308145000064, 54.540624957000034], [13.298631158000035, 54.53909864900004], [13.302844395000022, 54.53754504900007], [13.301308145000064, 54.540624957000034]]], [[[13.118569020000052, 54.53893293500005], [13.122935626000071, 54.54984673600006], [13.116957671000023, 54.54685862000008], [13.118569020000052, 54.53893293500005]]], [[[13.146787184000061, 54.603354280000076], [13.097973357000058, 54.59062082400004], [13.060965314000043, 54.47876005400008], [13.064966655000035, 54.45773218200003], [13.116746715000033, 54.537663904000055], [13.111421835000044, 54.584668504000035], [13.14135067500007, 54.59884820800005], [13.157957930000066, 54.57371941000008], [13.146787184000061, 54.603354280000076]]], [[[14.412381009000057, 53.32959336200008], [14.302557318000026, 53.55340466200005], [14.316948094000054, 53.61806704600008], [14.270896416000028, 53.66529523300005], [14.270424931000036, 53.78994875800004], [13.822463700000071, 53.847704555000064], [13.82615377600007, 53.87762814100006], [13.914106243000049, 53.92185745900008], [13.743604332000075, 54.02871742900004], [13.808750797000073, 54.10045250600007], [13.69738920900005, 54.14892290700004], [13.70625838500007, 54.17118193200008], [13.48598828300004, 54.12277805200006], [13.489404454000066, 54.08384578400006], [13.406736829000067, 54.14703561300007], [13.41928378800003, 54.17283972900003], [13.316391961000022, 54.16012549900006], [13.37128361300006, 54.18176564100003], [13.326608185000055, 54.18382359800006], [13.29122909800003, 54.23403459800005], [13.142765861000044, 54.25365470300005], [13.178427337000073, 54.26927398000004], [13.132873048000022, 54.279414934000044], [13.13893506200003, 54.31929075600004], [13.185501312000042, 54.30001904400007], [13.141667486000074, 54.28092434600006], [13.192975340000032, 54.29709023300006], [13.19954189200007, 54.26991824600003], [13.268173002000026, 54.253729726000074], [13.336708766000072, 54.27856150700006], [13.321679408000023, 54.24566235300006], [13.290848629000038, 54.25128307500006], [13.393587180000054, 54.22097130900005], [13.417371901000024, 54.25582429800005], [13.35795928300007, 54.24667726300004], [13.35082142300007, 54.26983544400008], [13.386721413000032, 54.26656153500005], [13.454625574000033, 54.33609271900008], [13.575317964000021, 54.352998350000064], [13.614171848000069, 54.33019748800007], [13.682148615000074, 54.349891967000076], [13.609803577000037, 54.31660384400004], [13.703623142000026, 54.32630329300008], [13.645403995000038, 54.29756069000007], [13.724230548000037, 54.27385546600004], [13.719296411000073, 54.31150637200005], [13.76690940800006, 54.341834489000064], [13.672937238000031, 54.40120108500008], [13.613370272000054, 54.403373481000074], [13.570090090000065, 54.459868535000055], [13.669397383000046, 54.52107268200007], [13.679808603000026, 54.56248552100004], [13.418736462000027, 54.580867245000036], [13.377238394000074, 54.63555880800004], [13.429096602000072, 54.68488300900003], [13.250612882000041, 54.66045915400008], [13.160936900000024, 54.559083361000035], [13.282402626000021, 54.64570451900005], [13.245451285000058, 54.557832649000034], [13.368071412000063, 54.61469746100005], [13.446130972000049, 54.55160125900005], [13.511133452000024, 54.566114027000026], [13.503314556000078, 54.47933388700005], [13.548100649000048, 54.47490950100007], [13.523993895000046, 54.44803520500005], [13.557416425000042, 54.44004500300008], [13.520060964000038, 54.43391332400006], [13.534732543000075, 54.416515410000045], [13.476252417000069, 54.424579], [13.514034759000026, 54.44319161000004], [13.470800934000067, 54.454042764000064], [13.500801200000069, 54.48228979500004], [13.412582536000059, 54.49376865500005], [13.414581682000062, 54.519874954000045], [13.376176824000026, 54.55983699900003], [13.354363926000076, 54.54736849300008], [13.387669796000068, 54.53125660100005], [13.344493904000046, 54.521397602000036], [13.355024411000045, 54.58103198100008], [13.297227363000047, 54.552434454000036], [13.312115825000035, 54.52442382400005], [13.30490476400007, 54.51411689500003], [13.243706167000028, 54.55556790500003], [13.144180806000065, 54.54696566600006], [13.170685142000025, 54.50783282800006], [13.270112699000038, 54.47988865600007], [13.149423427000045, 54.42813434000004], [13.211861745000022, 54.42994407600003], [13.260337439000068, 54.380453844000044], [13.129931726000052, 54.37209273800005], [13.12910357900006, 54.32114076600004], [13.025666122000075, 54.39650689500007], [13.015778022000063, 54.43939322600005], [12.80966360900004, 54.34360109200003], [12.786491815000034, 54.39644471000008], [12.755854630000044, 54.370560272000034], [12.700087770000039, 54.39848329500006], [12.688406841000074, 54.36813466000007], [12.685111923000022, 54.39652515500006], [12.714610037000057, 54.403968501000065], [12.66852523700004, 54.40813344700007], [12.594571143000053, 54.35812238500006], [12.553757069000028, 54.37958553900006], [12.535702203000028, 54.33842926500006], [12.429371230000072, 54.293561209000075], [12.436138350000022, 54.37908880600003], [12.592285114000049, 54.383636902000035], [12.577890986000057, 54.404328984000074], [12.63808160900004, 54.42551240600005], [12.666362237000044, 54.40864687000004], [12.668039958000065, 54.41013797100004], [12.667525903000069, 54.418569484000045], [12.669319030000054, 54.42143967100003], [12.693160015000046, 54.43225405900006], [12.721032708000052, 54.432374597000035], [12.74047164600006, 54.41511153700003], [12.801847089000034, 54.40869883500005], [12.926951676000044, 54.42796397400008], [12.560918153000046, 54.45472725900004], [12.522122122000042, 54.486566151000034], [12.340871765000031, 54.30054807300007], [12.100993421000055, 54.16928820800007], [11.682936883000025, 54.153271182000026], [11.552519675000042, 54.09268650300004], [11.531759690000058, 54.04918266300007], [11.604809509000063, 54.102832094000064], [11.626244382000039, 54.09015710800003], [11.568796976000044, 54.030945931000076], [11.51852742400007, 54.03028601800003], [11.470157111000049, 53.96536211800003], [11.482969138000044, 53.96810811000006], [11.48165030000007, 53.92739063000005], [11.444659176000073, 53.914898495000045], [11.460437385000034, 53.89549207200008], [11.334459459000072, 53.95897482100003], [11.253911321000032, 53.937149085000044], [11.259721807000062, 53.98353747500005], [11.179984661000049, 54.015166313000066], [11.04223928600004, 54.00663971700004], [10.903661739000029, 53.95682190400004], [10.895097608000071, 53.924548179000055], [10.961601488000042, 53.91420491000008], [10.967064611000069, 53.90720486500004], [10.911023571000044, 53.89795245600004], [10.882571899000027, 53.92449744800007], [10.747850837000044, 53.83336433200003], [10.77325182800007, 53.79238742100006], [10.758032962000073, 53.74751747100004], [10.941766725000036, 53.684542330000056], [10.923795348000056, 53.58418603200005], [10.823260709000067, 53.57518053600006], [10.824333999000032, 53.513741234000065], [10.632308138000042, 53.45480292900004], [10.593672881000032, 53.36785603800007], [10.700692790000062, 53.370022808000044], [10.835805651000044, 53.30496954600005], [10.91936134100007, 53.34841964600008], [10.98800062500004, 53.33342650900005], [11.080144558000029, 53.22052073300006], [11.194111225000029, 53.18118602900006], [11.184573730000068, 53.13642115600004], [11.393767787000058, 53.11030257200008], [11.39562750500005, 53.14000024000006], [11.548510908000026, 53.13082253400006], [11.551586451000048, 53.20840728500008], [11.629237266000075, 53.24222453700003], [11.729329797000048, 53.21715177500005], [11.828893642000025, 53.22865502600007], [11.796067194000045, 53.25334819600005], [11.86174684200006, 53.24821692000006], [11.892603005000069, 53.278981130000034], [11.95424878700004, 53.273809035000056], [12.02363949200003, 53.30414308600007], [12.045284959000071, 53.37098764500007], [12.16856047400006, 53.33911698000003], [12.229435329000069, 53.358160532000056], [12.260207483000045, 53.32391218400005], [12.394247808000046, 53.301805355000056], [12.445312164000029, 53.24992826400006], [12.660557174000076, 53.254409578000036], [12.671179075000055, 53.229504646000066], [12.757410986000025, 53.224352804000034], [12.739492982000058, 53.19960159200008], [12.764381357000048, 53.18893054700004], [12.964244872000052, 53.200391513000056], [12.941998415000057, 53.17431547000007], [13.006203606000042, 53.167284675000076], [13.152220904000046, 53.25111397900008], [13.229391856000063, 53.21658689600008], [13.297801779000054, 53.28089250200003], [13.405174674000023, 53.24641823500008], [13.43820812100006, 53.29973323400003], [13.523531386000059, 53.32008458400003], [13.550112204000072, 53.399081272000046], [13.625216954000052, 53.409302567000054], [13.71539978100003, 53.482260877000044], [13.812079406000066, 53.483943984000064], [13.827102382000021, 53.498713707000036], [13.777657389000069, 53.51370533800008], [13.791347175000055, 53.558577928000034], [13.879268139000033, 53.504139956000074], [13.916373270000065, 53.42226627100007], [14.237712313000031, 53.42734197800007], [14.223406622000027, 53.358563229000026], [14.098817346000033, 53.26167191500008], [14.266048356000056, 53.25959485200008], [14.316569422000043, 53.31233554700003], [14.412381009000057, 53.32959336200008]]]]}}, {"type": "Feature", "properties": {"id": "Niedersachsen", "name": "Niedersachsen"}, "geometry": {"type": "MultiPolygon", "coordinates": [[[[6.865011210000034, 53.59110167800003], [6.863570872000025, 53.588863538000055], [6.868922264000048, 53.59189273800007], [6.865011210000034, 53.59110167800003]]], [[[6.813217991000045, 53.60233809300007], [6.656498905000035, 53.60793327500005], [6.639255128000059, 53.59337343100003], [6.74738521300003, 53.55739919200005], [6.717594664000046, 53.58352082300007], [6.813217991000045, 53.60233809300007]]], [[[6.897920419000059, 53.627214578000064], [6.905670646000033, 53.65224129300003], [6.865525644000058, 53.63926221300005], [6.897920419000059, 53.627214578000064]]], [[[7.099752608000074, 53.680949809000026], [6.977640663000045, 53.68140437400007], [6.863330437000059, 53.66880209400006], [6.853592539000033, 53.66331717500003], [7.099752608000074, 53.680949809000026]]], [[[7.346950825000022, 53.72416648800004], [7.18714981100004, 53.722801943000036], [7.137296138000067, 53.70697553800005], [7.270238321000022, 53.703690351000034], [7.346950825000022, 53.72416648800004]]], [[[7.430013872000075, 53.72417952400008], [7.39386034100005, 53.736137341000074], [7.359472285000038, 53.72690739700005], [7.364279332000024, 53.72031958300005], [7.430013872000075, 53.72417952400008]]], [[[7.642707838000035, 53.75361088600005], [7.479802091000067, 53.75436031900006], [7.460545220000029, 53.72480064800004], [7.642707838000035, 53.75361088600005]]], [[[7.813396161000071, 53.78151554300007], [7.665430907000029, 53.760026141000026], [7.815279434000047, 53.77702595400007], [7.813396161000071, 53.78151554300007]]], [[[7.954792715000053, 53.78697125600007], [7.846417509000048, 53.78797509700007], [7.977601277000076, 53.77657526000007], [7.954792715000053, 53.78697125600007]]], [[[11.265731921000054, 53.12197789600003], [11.184573730000068, 53.13642115600004], [11.194111225000029, 53.18118602900006], [11.090079358000025, 53.21425727400003], [10.98800062500004, 53.33342650900005], [10.928245165000021, 53.34811826400005], [10.835805651000044, 53.30496954600005], [10.700692790000062, 53.370022808000044], [10.576908652000043, 53.35990898300008], [10.364989035000065, 53.42627524100004], [10.175688643000058, 53.39658250000008], [10.051810704000047, 53.46391894000004], [9.98443287200007, 53.41541377900006], [9.906566145000056, 53.415790911000045], [9.899237224000046, 53.45759656400003], [9.862387477000027, 53.429876593000074], [9.763793944000042, 53.50810650500006], [9.774388785000042, 53.55432306000006], [9.550629934000028, 53.61601357400008], [9.502180848000023, 53.69680511300004], [9.289727751000044, 53.86335074300007], [8.824783725000032, 53.831115587000056], [8.669284524000034, 53.89166608000005], [8.56606034400005, 53.84595761300005], [8.483350548000033, 53.69478407200006], [8.520410363000053, 53.606204880000064], [8.65063238700003, 53.60256522100008], [8.616802851000045, 53.57437003800004], [8.650555157000042, 53.51078166600007], [8.492651892000026, 53.472419761000026], [8.550145964000023, 53.53801829400004], [8.291095860000041, 53.612920718000055], [8.242972666000071, 53.58239792400008], [8.226915998000038, 53.520083713000076], [8.309414834000052, 53.52282044700007], [8.314562544000069, 53.456512916000065], [8.250797254000076, 53.398551257000065], [8.075558916000034, 53.46256986600008], [8.06234064900002, 53.50566758900004], [8.154330152000057, 53.51355472100005], [8.17097482500003, 53.54047017600004], [8.148863794000022, 53.60183230700005], [8.04469408400007, 53.641408461000026], [8.00872870400002, 53.712134924000054], [7.527114210000036, 53.671499796000035], [7.342866804000039, 53.685506289000045], [7.156217075000029, 53.63017230400004], [7.087254228000063, 53.57109162900008], [7.129998988000068, 53.53235998200006], [7.034145451000029, 53.54567023100003], [7.048688447000075, 53.50807189200003], [6.997958942000025, 53.37136721600007], [7.028705462000062, 53.33633698500006], [7.265760916000033, 53.32719714900003], [7.191115728000057, 53.317601567000054], [7.227095145000021, 53.18048924500005], [7.178938346000052, 53.138142584000036], [7.217281327000023, 53.00698383500003], [7.087323856000069, 52.84992858800007], [7.055577137000057, 52.64336989100008], [6.752644481000061, 52.64813256000008], [6.710086444000069, 52.62731869800007], [6.766621548000046, 52.56151258300008], [6.680868310000051, 52.553336399000045], [6.697720003000029, 52.48634521400004], [6.753103465000038, 52.46379697400005], [6.941683815000033, 52.43548963300003], [6.99180270200003, 52.467452568000056], [7.072191568000051, 52.37341243900005], [7.026305100000059, 52.287444125000036], [7.065868436000073, 52.241258981000044], [7.297889793000024, 52.26397512500006], [7.582104209000022, 52.37640390400003], [7.602719468000032, 52.421030693000034], [7.564310993000049, 52.432312214000035], [7.604230451000035, 52.47509025800008], [7.688382443000023, 52.45367265600004], [7.713825102000044, 52.40100238000008], [7.936669994000056, 52.36497725800007], [7.99060804800007, 52.30953959200008], [7.931790149000051, 52.30184607400008], [7.956465027000036, 52.27249058000007], [7.902993338000044, 52.198869288000026], [8.02518863900002, 52.163509515000044], [7.997386120000044, 52.15447999000003], [8.007796129000042, 52.11533314600007], [7.885163361000025, 52.08353476100007], [7.981101713000044, 52.035510017000036], [8.032748467000033, 52.06844093600006], [8.192494537000073, 52.07261933800004], [8.266731884000023, 52.13228120400004], [8.404937059000076, 52.11148888900004], [8.51743732400007, 52.18495045100008], [8.44239179400006, 52.213306817000046], [8.47214914400007, 52.31536409600005], [8.442614889000026, 52.35900989100003], [8.314038742000037, 52.405728245000034], [8.297213681000073, 52.456497908000074], [8.418134680000037, 52.44442150400005], [8.50884853100007, 52.51469337700007], [8.556857517000026, 52.49909565400003], [8.652550124000072, 52.531443429000035], [8.702061806000074, 52.50347337900007], [8.707486373000052, 52.395351266000034], [8.855101141000034, 52.38923412500003], [8.937104972000043, 52.40190619900005], [9.05229369500006, 52.50011380500007], [9.09942042800003, 52.49747790200007], [9.136708747000057, 52.475545630000056], [9.094530001000066, 52.44282393700007], [9.121595840000055, 52.40166231900008], [8.963536743000077, 52.27902697600007], [9.076449076000074, 52.23257834100008], [9.035759915000028, 52.22452507300005], [9.04534921000004, 52.18377344800007], [8.985833623000076, 52.19459859500006], [9.021603182000035, 52.17199904100005], [9.011015900000075, 52.13577000600003], [9.153344073000028, 52.129146680000076], [9.132977916000073, 52.09662945400004], [9.193280775000062, 52.070311341000036], [9.176231466000047, 51.98035269400003], [9.274375359000032, 51.97360359800007], [9.272069028000033, 51.93230420900005], [9.340841883000053, 51.90800232500004], [9.323343736000027, 51.855060964000074], [9.45964873500003, 51.86279742900007], [9.427329971000063, 51.810491916000046], [9.448156882000035, 51.79479941100004], [9.375365201000022, 51.74361401800007], [9.401664935000042, 51.70165616400004], [9.374661799000023, 51.64984558400005], [9.625999284000045, 51.63691397000008], [9.679808991000073, 51.58796119900006], [9.684003674000053, 51.566532659000075], [9.626830884000071, 51.58197606400006], [9.647755440000026, 51.552510968000036], [9.609310282000024, 51.55690536800006], [9.61883206500005, 51.53010306900006], [9.586259150000046, 51.51931892500005], [9.643813808000061, 51.469160043000045], [9.643581790000042, 51.418260728000064], [9.548441127000046, 51.35895530100004], [9.73230439300005, 51.29523190100008], [9.772456280000029, 51.33629096700008], [9.738247707000028, 51.31942876900007], [9.702143787000068, 51.364571795000074], [9.80145010700005, 51.38691468800005], [9.794136665000053, 51.40715964700007], [9.86527591500004, 51.371612732000074], [9.850743074000036, 51.41441364700006], [9.906021117000023, 51.42113874900008], [9.928338772000075, 51.37529875400003], [10.046802958000058, 51.43667335500004], [10.152939908000064, 51.43025975900008], [10.201975121000032, 51.48651977000003], [10.235877850000065, 51.47142827000005], [10.342275478000033, 51.51949714700004], [10.370023394000043, 51.58753647800006], [10.66074487700007, 51.560752354000044], [10.638209992000043, 51.61943703600008], [10.701371992000077, 51.642187644000046], [10.574202936000063, 51.81086567300008], [10.579100529000073, 51.84825725500008], [10.649322126000072, 51.889104935000034], [10.613260484000023, 51.93946787400006], [10.651303746000053, 51.957561078000026], [10.561226988000044, 52.00406594000003], [10.687385237000058, 52.04813820700008], [10.96441459700003, 52.05664316000008], [10.942159787000037, 52.103090284000075], [11.04413517200004, 52.13366550400008], [11.060336962000065, 52.17238740800008], [11.013646589000075, 52.199556191000056], [11.086244119000071, 52.228633838000064], [10.983673924000072, 52.34168646200004], [11.074479825000026, 52.37440326600006], [10.933745728000076, 52.46095212700004], [10.949993653000035, 52.49560565200005], [11.008781744000032, 52.49674764500003], [10.937575735000053, 52.56739965300005], [10.976967998000077, 52.62414161800007], [10.921411939000052, 52.61043708200003], [10.829703151000047, 52.716135165000026], [10.796696774000054, 52.71432635700006], [10.75532124700004, 52.78482963400006], [10.76469723300005, 52.84047926900007], [10.93963351900004, 52.85333551100007], [11.00207578800007, 52.911476649000065], [11.314250103000063, 52.87823631900005], [11.505026760000021, 52.94103266800005], [11.512490564000075, 53.00744492700005], [11.556416553000076, 52.99866580400004], [11.597784507000028, 53.03592637000003], [11.448379406000072, 53.07838158200008], [11.338867152000034, 53.05509894100004], [11.265731921000054, 53.12197789600003]], [[8.613037882000071, 53.19856578200006], [8.615217568000048, 53.195910920000074], [8.611903031000054, 53.19744233700004], [8.613037882000071, 53.19856578200006]], [[8.481735119000064, 53.22644954400005], [8.599039076000054, 53.21254623100003], [8.59325143600006, 53.183633719000056], [8.829227339000056, 53.16437627800008], [8.864023195000073, 53.13172351600008], [8.945082912000032, 53.15201299200004], [8.984185253000021, 53.12607093100007], [8.947017837000033, 53.116100810000034], [8.990913202000058, 53.09667276300007], [8.961377207000055, 53.08521811400004], [8.98026713400003, 53.04674705800005], [8.91582704800004, 53.011021380000045], [8.770704766000051, 53.05340697300005], [8.731491654000024, 53.03493253400006], [8.619465302000037, 53.16752076000006], [8.504711920000034, 53.20078605400005], [8.481735119000064, 53.22644954400005]], [[8.643769177000024, 53.605473388000064], [8.653535034000072, 53.61005081900004], [8.660884274000068, 53.60708643700008], [8.643769177000024, 53.605473388000064]]]]}}, {"type": "Feature", "properties": {"id": "Nordrhein-Westfalen", "name": "Nordrhein-Westfalen"}, "geometry": {"type": "MultiPolygon", "coordinates": [[[[6.192200701000047, 50.52105561800005], [6.195291313000041, 50.53098147400004], [6.187262266000062, 50.52708987500006], [6.192200701000047, 50.52105561800005]]], [[[9.440456998000059, 51.650394024000036], [9.374661799000023, 51.64984558400005], [9.401664935000042, 51.70165616400004], [9.375365201000022, 51.74361401800007], [9.448156882000035, 51.79479941100004], [9.427329971000063, 51.810491916000046], [9.45964873500003, 51.86279742900007], [9.323343736000027, 51.855060964000074], [9.340841883000053, 51.90800232500004], [9.272069028000033, 51.93230420900005], [9.274375359000032, 51.97360359800007], [9.176231466000047, 51.98035269400003], [9.193280775000062, 52.070311341000036], [9.132977916000073, 52.09662945400004], [9.153344073000028, 52.129146680000076], [9.017792062000069, 52.132426673000055], [9.021603182000035, 52.17199904100005], [8.985833623000076, 52.19459859500006], [9.04534921000004, 52.18377344800007], [9.035759915000028, 52.22452507300005], [9.076449076000074, 52.23257834100008], [8.963536743000077, 52.27902697600007], [9.098799448000022, 52.372947658000044], [9.125252412000066, 52.41199335700003], [9.094530001000066, 52.44282393700007], [9.13197374300006, 52.48398266500004], [9.05229369500006, 52.50011380500007], [8.937104972000043, 52.40190619900005], [8.855101141000034, 52.38923412500003], [8.707486373000052, 52.395351266000034], [8.702061806000074, 52.50347337900007], [8.652550124000072, 52.531443429000035], [8.556857517000026, 52.49909565400003], [8.50884853100007, 52.51469337700007], [8.418134680000037, 52.44442150400005], [8.303432823000037, 52.45900479900007], [8.314038742000037, 52.405728245000034], [8.442614889000026, 52.35900989100003], [8.47214914400007, 52.31536409600005], [8.44239179400006, 52.213306817000046], [8.51743732400007, 52.18495045100008], [8.404937059000076, 52.11148888900004], [8.266731884000023, 52.13228120400004], [8.192494537000073, 52.07261933800004], [8.032748467000033, 52.06844093600006], [7.981101713000044, 52.035510017000036], [7.885163361000025, 52.08353476100007], [8.007796129000042, 52.11533314600007], [8.016978013000028, 52.172050701000046], [7.899840167000036, 52.20682861200004], [7.956465027000036, 52.27249058000007], [7.931790149000051, 52.30184607400008], [7.99060804800007, 52.30953959200008], [7.936669994000056, 52.36497725800007], [7.713825102000044, 52.40100238000008], [7.688382443000023, 52.45367265600004], [7.604230451000035, 52.47509025800008], [7.564310993000049, 52.432312214000035], [7.602719468000032, 52.421030693000034], [7.582104209000022, 52.37640390400003], [7.297889793000024, 52.26397512500006], [7.153168307000044, 52.266512540000065], [6.985109800000032, 52.22528623300008], [6.855393157000037, 52.12043428800007], [6.760630183000046, 52.118723017000036], [6.687725947000047, 52.039899167000044], [6.832877162000045, 51.97184182600006], [6.732607205000022, 51.89870714300008], [6.684230647000049, 51.91761756300008], [6.472575542000072, 51.853808455000035], [6.390815829000076, 51.87393384500007], [6.401752482000063, 51.827292286000045], [6.118046671000059, 51.901669637000055], [6.16640764300007, 51.84083471900004], [6.063382485000034, 51.86544393500003], [5.945029570000031, 51.82365634400003], [5.990531851000071, 51.78318768200006], [5.955123398000069, 51.73806526200008], [6.029083903000071, 51.725679178000064], [6.03072258800006, 51.677113244000054], [6.118240238000055, 51.65608621900003], [6.091235346000076, 51.60590931100006], [6.212084664000031, 51.51337840700006], [6.226129918000026, 51.36051764700005], [6.072656925000047, 51.24258730400004], [6.082306252000024, 51.171638425000026], [6.165018325000062, 51.19436064300004], [6.138811263000036, 51.173333125000056], [6.175415267000062, 51.15847977400006], [5.997787242000072, 51.084259314000064], [5.957887701000061, 51.034709984000074], [5.913170487000059, 51.06673113700003], [5.867096631000038, 51.04667907900006], [5.897198106000076, 50.974845396000035], [6.026435005000053, 50.98327404500003], [6.018160184000067, 50.93443677100004], [6.093924752000021, 50.92132546500005], [6.073980156000061, 50.84678026000006], [6.018875020000053, 50.84627442800007], [6.025050641000064, 50.81416449900007], [5.97486142300005, 50.797972953000055], [6.027798682000025, 50.77373360100006], [6.039029649000042, 50.71837811200004], [6.115293948000044, 50.722114023000074], [6.195538593000038, 50.66293110500004], [6.197130958000059, 50.65673728300004], [6.183974264000028, 50.64711157100004], [6.187662378000027, 50.641110111000046], [6.231505208000044, 50.64998255300003], [6.266895404000024, 50.64152787300003], [6.273982673000035, 50.628205594000065], [6.236760624000055, 50.56625280700007], [6.19699543400003, 50.531031951000045], [6.226631720000057, 50.494368663000046], [6.351259021000033, 50.488267792000045], [6.340231706000054, 50.46259128000003], [6.377623397000036, 50.43938897400005], [6.342218728000034, 50.38000552700004], [6.405028255000047, 50.32330869300006], [6.42406186200003, 50.33382680500006], [6.38500583900003, 50.38418665900008], [6.413042934000032, 50.38948596200004], [6.461162141000045, 50.359026861000075], [6.451615287000038, 50.33642410300007], [6.603085713000041, 50.38822220600008], [6.623559011000054, 50.35162698100004], [6.667350811000063, 50.371967760000075], [6.699244644000032, 50.336097402000064], [6.800711449000062, 50.36178133700008], [6.744603261000066, 50.47263046000006], [6.800937205000025, 50.49131916700003], [6.858573833000037, 50.45326582300004], [6.901481603000036, 50.46909197900004], [6.882098443000075, 50.526949442000046], [6.929349707000029, 50.533143231000054], [6.930971323000051, 50.560452256000076], [7.056131464000032, 50.60624076100004], [7.147851587000048, 50.60029328200005], [7.203786635000029, 50.64966041100007], [7.212399645000062, 50.62340492100003], [7.333480804000033, 50.638396070000056], [7.374010755000029, 50.71821864300006], [7.655450742000028, 50.76786954500005], [7.682222419000027, 50.795368531000065], [7.661003633000064, 50.820364305000055], [7.76218749700007, 50.845134408000035], [7.735459232000039, 50.91776539300008], [7.792810759000076, 50.942335093000054], [7.851495862000036, 50.925832410000055], [7.829263584000046, 50.88238662200007], [7.978313123000021, 50.83331176400003], [7.964248181000073, 50.783822490000034], [8.039689942000052, 50.69737534700005], [8.125776743000074, 50.68581405100008], [8.166828990000056, 50.73571067900008], [8.12551194100007, 50.78835590800003], [8.269666509000047, 50.88187564800006], [8.358600176000039, 50.86069003400007], [8.456441092000034, 50.91653052300006], [8.459665449000056, 50.966650249000054], [8.538782178000076, 51.01944843100006], [8.505143530000055, 51.04143322200008], [8.527572852000048, 51.06289413500008], [8.508022760000074, 51.085387515000036], [8.719655316000058, 51.11032615500005], [8.692161804000023, 51.132834142000036], [8.768194376000054, 51.20887368400008], [8.721997745000067, 51.27374380600003], [8.609212360000072, 51.24668844100006], [8.556347796000068, 51.27749475200005], [8.621098213000039, 51.33652789700005], [8.693811209000046, 51.37678475300004], [8.93950200300003, 51.38949902300004], [8.948108682000054, 51.42821888800006], [8.890376608000054, 51.481928278000055], [9.01764946000003, 51.51823896600007], [9.092328869000028, 51.49438795300006], [9.094329852000044, 51.44459823100004], [9.216465954000057, 51.45959399900005], [9.373522628000046, 51.59101373400006], [9.337098312000023, 51.61470157000008], [9.440456998000059, 51.650394024000036]]], [[[6.196654860000024, 50.53616598100007], [6.225180521000027, 50.59045702900005], [6.178032319000067, 50.541606701000035], [6.196654860000024, 50.53616598100007]]], [[[6.181838384000059, 50.62375983800007], [6.270916792000037, 50.62901773700003], [6.166590343000053, 50.643687285000055], [6.181838384000059, 50.62375983800007]]], [[[6.183854755000027, 50.64886466300004], [6.188728225000034, 50.66332644600004], [6.166980126000055, 50.661020551000036], [6.183854755000027, 50.64886466300004]]]]}}, {"type": "Feature", "properties": {"id": "Rheinland-Pfalz", "name": "Rheinland-Pfalz"}, "geometry": {"type": "Polygon", "coordinates": [[[8.463795388000051, 49.47040266000005], [8.357266999000046, 49.69214161200006], [8.479186194000022, 49.76421191700007], [8.416297386000053, 49.77386768700006], [8.344010057000048, 49.88010932000003], [8.340963698000053, 49.95107573800004], [8.272350266000046, 50.01029608300007], [8.180949141000042, 50.035205982000036], [7.887255214000049, 49.97184287300007], [7.772490637000033, 50.05846875600008], [7.837194078000039, 50.08412892400003], [7.85401610200006, 50.12832878800003], [7.930097218000071, 50.103740112000025], [7.932942308000065, 50.143884316000026], [7.884014221000029, 50.169568592000076], [7.911141963000034, 50.20373042700004], [7.990203927000039, 50.23866512800004], [8.03544434500003, 50.215661975000046], [8.058909586000027, 50.23440564400005], [8.035891845000037, 50.27119223300008], [8.121913617000075, 50.27722503200005], [8.059756762000063, 50.37531153200007], [7.964191682000035, 50.412225232000026], [8.010766001000036, 50.452692427000045], [7.979198225000061, 50.48464087200006], [7.99285764800004, 50.52211155600003], [8.041611266000075, 50.55699325300003], [8.117738251000048, 50.53450892800004], [8.152160899000023, 50.59367498300003], [8.11009234100004, 50.65725078100007], [8.125776743000074, 50.68581405100008], [8.039689942000052, 50.69737534700005], [7.964248181000073, 50.783822490000034], [7.978313123000021, 50.83331176400003], [7.829263584000046, 50.88238662200007], [7.851495862000036, 50.925832410000055], [7.813265981000029, 50.94002724600006], [7.735459232000039, 50.91776539300008], [7.76218749700007, 50.845134408000035], [7.661003633000064, 50.820364305000055], [7.682222419000027, 50.795368531000065], [7.655450742000028, 50.76786954500005], [7.374010755000029, 50.71821864300006], [7.333480804000033, 50.638396070000056], [7.212399645000062, 50.62340492100003], [7.203786635000029, 50.64966041100007], [7.147851587000048, 50.60029328200005], [7.056131464000032, 50.60624076100004], [6.930971323000051, 50.560452256000076], [6.929349707000029, 50.533143231000054], [6.882098443000075, 50.526949442000046], [6.901481603000036, 50.46909197900004], [6.858573833000037, 50.45326582300004], [6.800937205000025, 50.49131916700003], [6.744603261000066, 50.47263046000006], [6.766624285000034, 50.45864375700006], [6.745523503000072, 50.435929558000055], [6.785122975000036, 50.420633303000045], [6.769311744000049, 50.39274798000008], [6.802745410000057, 50.36930462200007], [6.795592455000076, 50.35954428400004], [6.699244644000032, 50.336097402000064], [6.667350811000063, 50.371967760000075], [6.636206238000057, 50.34537215200004], [6.603085713000041, 50.38822220600008], [6.451615287000038, 50.33642410300007], [6.448561199000039, 50.37133836100003], [6.38500583900003, 50.38418665900008], [6.425294811000072, 50.32301195400004], [6.306466408000063, 50.320144877000075], [6.27794272400007, 50.266430728000046], [6.17568740300004, 50.23541597900004], [6.192752035000069, 50.18187401000006], [6.132532511000022, 50.15554307000008], [6.154657554000039, 50.141899720000026], [6.112354826000058, 50.060508553000034], [6.177785500000027, 49.954034903000036], [6.223907289000067, 49.949939441000026], [6.233642734000057, 49.900376410000035], [6.328294695000068, 49.83606556700005], [6.529314321000072, 49.80938685500007], [6.500498571000037, 49.75213908600006], [6.517162918000054, 49.72359518700006], [6.428219855000066, 49.666872941000065], [6.421434456000043, 49.62004862300006], [6.357852034000075, 49.57382073800005], [6.380052620000072, 49.55110477200003], [6.604679366000028, 49.51725918000005], [7.02798012300002, 49.639438288000065], [7.213352545000021, 49.565845814000056], [7.268704012000057, 49.584083425000074], [7.276111492000041, 49.537423431000036], [7.309871873000077, 49.52322051900006], [7.278135697000039, 49.48427479600008], [7.304825739000023, 49.47244594400007], [7.250246332000074, 49.43517793500007], [7.289341252000042, 49.388814350000075], [7.399838149000061, 49.37173864400006], [7.403773228000034, 49.346115370000064], [7.371695485000032, 49.28091265100005], [7.289132351000035, 49.237821137000026], [7.295756776000076, 49.20534679000008], [7.36266786300007, 49.15838864700004], [7.49398431000003, 49.16936408500004], [7.52867776100004, 49.09709186600003], [7.631201346000068, 49.05488570700004], [7.794402497000021, 49.06568567200003], [7.866825986000038, 49.03291668400004], [7.932791982000026, 49.05805758400004], [8.139902376000066, 48.97845033200008], [8.27734896100003, 48.98993894000006], [8.358091294000076, 49.09778419500003], [8.390815976000056, 49.23609487400006], [8.489068840000073, 49.29312437200008], [8.450484521000021, 49.32314148200004], [8.496811192000052, 49.36418049700006], [8.500397519000046, 49.38901364900005], [8.463528358000076, 49.38442891700004], [8.508242487000075, 49.43449342100007], [8.442690860000027, 49.45023919100004], [8.463795388000051, 49.47040266000005]]]}}, {"type": "Feature", "properties": {"id": "Saarland", "name": "Saarland"}, "geometry": {"type": "Polygon", "coordinates": [[[6.380052620000072, 49.55110477200003], [6.367083526000044, 49.46951204900006], [6.429131061000021, 49.476240508000046], [6.550815843000066, 49.42537952500004], [6.540819183000053, 49.401250728000036], [6.60215886800006, 49.36710876300003], [6.565663992000054, 49.347651703000054], [6.670166015000063, 49.28025366600008], [6.738600536000035, 49.16367513200004], [6.834056611000051, 49.15108044600004], [6.86176751000005, 49.178839322000044], [6.837990974000036, 49.21349476000006], [6.925060579000046, 49.22334642100003], [7.035012738000034, 49.191416090000075], [7.055031189000033, 49.11209007600007], [7.099103773000024, 49.15560947200004], [7.198041277000073, 49.11516664100003], [7.362726495000061, 49.143148342000075], [7.289132351000035, 49.237821137000026], [7.385427185000026, 49.29412396600003], [7.402075305000039, 49.36771865500003], [7.289341252000042, 49.388814350000075], [7.250246332000074, 49.43517793500007], [7.304825739000023, 49.47244594400007], [7.278135697000039, 49.48427479600008], [7.309871873000077, 49.52322051900006], [7.276111492000041, 49.537423431000036], [7.268704012000057, 49.584083425000074], [7.213352545000021, 49.565845814000056], [7.02798012300002, 49.639438288000065], [6.604679366000028, 49.51725918000005], [6.380052620000072, 49.55110477200003]]]}}, {"type": "Feature", "properties": {"id": "Sachsen", "name": "Sachsen"}, "geometry": {"type": "Polygon", "coordinates": [[[11.976043698000069, 50.352292688000034], [12.18445310800007, 50.32232471800006], [12.201456890000031, 50.27278176100003], [12.253703138000049, 50.271085894000066], [12.266036469000028, 50.250214622000044], [12.239627313000028, 50.24616890800007], [12.293877805000022, 50.22127014500006], [12.289803627000026, 50.176930078000055], [12.334553827000036, 50.17174892300005], [12.331084489000034, 50.242714051000064], [12.359299478000025, 50.242317842000034], [12.398015033000036, 50.32115327200006], [12.489306910000039, 50.34981661900008], [12.512047935000055, 50.39725817000004], [12.70705670600006, 50.397317463000036], [12.734613356000068, 50.43219795600004], [12.81061870700006, 50.43105705800008], [12.819380928000044, 50.459795317000044], [12.912391785000068, 50.42372909200003], [12.937308321000046, 50.40632832700004], [12.947972824000033, 50.40427966100003], [13.019865411000069, 50.446732352000026], [13.031745820000026, 50.50973180500006], [13.195270343000061, 50.50326287100006], [13.248438251000039, 50.592053332000035], [13.323678120000068, 50.58164863500008], [13.370982952000077, 50.65054589700003], [13.464767585000061, 50.60189259600003], [13.524193077000064, 50.63926466400005], [13.526820354000051, 50.705016776000036], [13.855192645000045, 50.72710970500003], [13.898190316000068, 50.74448565400007], [13.901054929000054, 50.79342943100005], [14.07837820800006, 50.81241992900004], [14.26750461000006, 50.89530453100008], [14.387635007000029, 50.89908797600003], [14.396728063000069, 50.93649067300004], [14.311707900000044, 50.95376043600004], [14.323554183000056, 50.98536364700004], [14.258647344000053, 50.98753751500004], [14.30185834100007, 51.05504617100007], [14.408442123000043, 51.01877158900004], [14.508211954000046, 51.04315459700007], [14.498557611000024, 51.02205888900005], [14.599177544000042, 50.98711100200006], [14.56481075000005, 50.91835296100004], [14.650215415000048, 50.931534568000075], [14.61886845500004, 50.85771029800003], [14.796865191000052, 50.821146998000074], [14.979275101000042, 51.07707997500006], [15.041789402000063, 51.274035225000034], [14.965243452000038, 51.36108329700005], [14.952464783000039, 51.46843315600006], [14.735763418000033, 51.525956155000074], [14.707558532000064, 51.597308326000075], [14.674012757000071, 51.55064535400004], [14.569635102000063, 51.58119047800005], [14.332350139000027, 51.50501826300007], [14.139565193000067, 51.543986379000046], [14.087258361000067, 51.47739668300005], [14.033005724000077, 51.47510218900004], [14.06283710200006, 51.445505756000045], [14.000697255000034, 51.372595974000035], [13.956223629000021, 51.39707171300006], [13.763252568000041, 51.35902035100003], [13.542628170000057, 51.36931550600008], [13.401050430000055, 51.45417172500004], [13.376647809000076, 51.42461142500008], [13.320322813000075, 51.43750047600008], [13.26854325000005, 51.384793245000026], [13.217308924000065, 51.39505564900003], [13.174310971000068, 51.42825391900004], [13.207957037000028, 51.524352847000046], [13.143169245000024, 51.56746112900004], [13.16177226800005, 51.59214829600006], [12.996291835000022, 51.66924715600004], [12.942163597000047, 51.63800593600007], [12.843862268000066, 51.68497371700005], [12.772706246000041, 51.64750905400007], [12.686675620000074, 51.66199282400004], [12.649112656000057, 51.62044632800007], [12.608332218000044, 51.61060204300003], [12.629228985000054, 51.62523564800006], [12.244950478000021, 51.56697978400007], [12.192765745000031, 51.53129860700005], [12.20308176900005, 51.48514115000006], [12.148913401000073, 51.46310677400004], [12.189822026000058, 51.42085370600006], [12.194347237000045, 51.330567665000046], [12.147653576000039, 51.31996709100008], [12.19949202500004, 51.238418909000075], [12.173737447000065, 51.19008216200007], [12.213084091000042, 51.18350039100005], [12.196192449000023, 51.14190746500003], [12.253084246000071, 51.09726787000005], [12.496357871000043, 51.06624660800003], [12.507388166000055, 51.017275890000064], [12.607533974000035, 50.99673176500005], [12.654115090000062, 50.919062739000026], [12.507862731000046, 50.90372903700006], [12.437452920000055, 50.84241740500005], [12.250495312000055, 50.81853755600008], [12.253153657000041, 50.78883476500005], [12.290160812000067, 50.78342709200007], [12.226984634000075, 50.73821847800008], [12.264756658000067, 50.73754688900004], [12.262762318000057, 50.695276464000074], [12.317717793000043, 50.663364201000036], [12.265518391000057, 50.63079334400004], [12.198197471000071, 50.64131481100003], [12.18276647500005, 50.612110603000076], [12.149889651000024, 50.62880250200004], [12.110150855000029, 50.58872004300008], [12.156024277000029, 50.573491527000044], [12.030271920000075, 50.54939778800008], [12.003938001000051, 50.63482546100005], [11.871462575000066, 50.53982274100008], [11.964228503000072, 50.48696260200006], [11.950797996000063, 50.454068979000056], [11.88850946100007, 50.443605914000045], [11.98394319700003, 50.38870713500006], [11.976043698000069, 50.352292688000034]]]}}, {"type": "Feature", "properties": {"id": "Sachsen-Anhalt", "name": "Sachsen-Anhalt"}, "geometry": {"type": "MultiPolygon", "coordinates": [[[[11.639365586000054, 53.03871875200008], [11.556416553000076, 52.99866580400004], [11.512490564000075, 53.00744492700005], [11.505026760000021, 52.94103266800005], [11.314250103000063, 52.87823631900005], [11.00207578800007, 52.911476649000065], [10.93963351900004, 52.85333551100007], [10.76469723300005, 52.84047926900007], [10.75532124700004, 52.78482963400006], [10.796696774000054, 52.71432635700006], [10.829703151000047, 52.716135165000026], [10.921411939000052, 52.61043708200003], [10.976967998000077, 52.62414161800007], [10.937575735000053, 52.56739965300005], [11.008781744000032, 52.49674764500003], [10.949993653000035, 52.49560565200005], [10.933745728000076, 52.46095212700004], [11.074479825000026, 52.37440326600006], [10.983673924000072, 52.34168646200004], [11.086244119000071, 52.228633838000064], [11.013646589000075, 52.199556191000056], [11.060336962000065, 52.17238740800008], [11.04413517200004, 52.13366550400008], [10.942159787000037, 52.103090284000075], [10.96441459700003, 52.05664316000008], [10.687385237000058, 52.04813820700008], [10.561226988000044, 52.00406594000003], [10.651303746000053, 51.957561078000026], [10.613260484000023, 51.93946787400006], [10.649322126000072, 51.889104935000034], [10.579100529000073, 51.84825725500008], [10.580437276000055, 51.78274999800004], [10.66830728900004, 51.709908031000055], [10.696011081000051, 51.642988323000054], [10.922012575000053, 51.618447435000064], [10.930538151000064, 51.59168093400007], [10.882051629000046, 51.580508087000055], [10.947971842000072, 51.53757287900004], [10.927335260000063, 51.52085370200007], [10.97294365700003, 51.48196093200005], [10.966733926000074, 51.43235320700006], [11.010663972000032, 51.42531503200007], [10.992033080000056, 51.41785321300006], [11.321259842000075, 51.41037234700008], [11.39685227900003, 51.381330726000044], [11.39943721800006, 51.34483615600004], [11.475225978000026, 51.29805427700006], [11.364832643000057, 51.221359162000056], [11.391420064000044, 51.20353330000006], [11.43094860900004, 51.21247579900006], [11.468567729000029, 51.19265410600008], [11.46336178200005, 51.11276038200003], [11.66695005400004, 51.11078547800008], [11.759689951000041, 51.04285785600007], [11.888807362000023, 51.05584043500005], [12.01412639800003, 50.968670856000074], [12.182508063000057, 50.97586604600008], [12.21458012100004, 50.93803207800005], [12.293914550000068, 51.03132995400006], [12.250268436000056, 51.03787289100006], [12.288279375000059, 51.08824243400005], [12.221198540000046, 51.10991491400006], [12.241637641000068, 51.13070468900003], [12.196192449000023, 51.14190746500003], [12.213084091000042, 51.18350039100005], [12.174844208000025, 51.18132731500003], [12.204741890000037, 51.21420247300006], [12.147653576000039, 51.31996709100008], [12.194347237000045, 51.330567665000046], [12.195756784000025, 51.359728320000045], [12.172143857000037, 51.384157697000035], [12.189822026000058, 51.42085370600006], [12.148672567000062, 51.45949484500005], [12.20308176900005, 51.48514115000006], [12.192765745000031, 51.53129860700005], [12.244950478000021, 51.56697978400007], [12.629228985000054, 51.62523564800006], [12.608332218000044, 51.61060204300003], [12.686675620000074, 51.66199282400004], [12.772706246000041, 51.64750905400007], [12.843862268000066, 51.68497371700005], [12.942163597000047, 51.63800593600007], [12.996291835000022, 51.66924715600004], [13.023467076000031, 51.63730338500005], [13.18707161900005, 51.71562451400007], [13.123535766000032, 51.854592541000045], [13.149604230000023, 51.87233145700003], [13.039239290000069, 51.87091214700007], [13.045407862000047, 51.90051510700005], [12.972664852000037, 51.90088114100007], [12.960567963000074, 51.93491054300006], [12.852730179000048, 51.93500529000005], [12.844153643000027, 51.96773396900005], [12.669186684000067, 52.01288074400003], [12.539394591000075, 51.98488894400003], [12.276724288000025, 52.10401798000004], [12.21678313700005, 52.17006860100008], [12.297276877000058, 52.22754538000004], [12.24464806900005, 52.24843817400006], [12.308127562000038, 52.34469653200006], [12.283811381000021, 52.36425454600004], [12.30232598400005, 52.40501281200005], [12.274469664000037, 52.41606189200007], [12.32988928800006, 52.49686037100008], [12.271445311000036, 52.48748083800007], [12.23611741600007, 52.52371982500006], [12.184704165000028, 52.49577607100008], [12.188689499000077, 52.53242278000005], [12.141811423000036, 52.52839423900008], [12.181078091000074, 52.575177085000064], [12.171970158000022, 52.625946604000035], [12.236872557000027, 52.62887701900007], [12.232876671000042, 52.68904403700003], [12.197548537000046, 52.718375034000076], [12.22017640200005, 52.790127959000074], [12.257536445000028, 52.804908485000055], [12.234056796000061, 52.85937765300008], [12.196936529000027, 52.87797799000003], [12.123714704000065, 52.85379583500003], [12.124601270000028, 52.89358591000007], [11.981550252000034, 52.876028785000074], [11.833997503000035, 52.910361117000036], [11.844216635000066, 52.95268081300003], [11.692083658000058, 52.97840706300008], [11.626327036000077, 53.01264737000008], [11.639365586000054, 53.03871875200008]], [[12.267155795000065, 52.23131355800007], [12.275204045000066, 52.23105054900003], [12.264446159000045, 52.23171338700007], [12.267155795000065, 52.23131355800007]], [[12.286255987000061, 52.22745841900007], [12.276546163000035, 52.22829564800003], [12.279125023000063, 52.22941792600005], [12.286255987000061, 52.22745841900007]], [[12.222307577000038, 52.862548547000074], [12.217115001000025, 52.86199253900003], [12.221316314000035, 52.86381264900007], [12.222307577000038, 52.862548547000074]]], [[[11.439672491000067, 51.19766759400005], [11.446614450000027, 51.198880348000046], [11.43938578500007, 51.19976640100003], [11.439672491000067, 51.19766759400005]]]]}}, {"type": "Feature", "properties": {"id": "Schleswig-Holstein", "name": "Schleswig-Holstein"}, "geometry": {"type": "MultiPolygon", "coordinates": [[[[8.702261189000069, 54.04820998000008], [8.70004792900005, 54.06776114100006], [8.685813245000077, 54.06592353600007], [8.682201299000042, 54.04879445300003], [8.693724377000024, 54.045664775000034], [8.702261189000069, 54.04820998000008]]], [[[7.907684732000064, 54.16888077900006], [7.89141591300006, 54.19301121800004], [7.869099861000052, 54.18782725700004], [7.907684732000064, 54.16888077900006]]], [[[11.082480424000039, 54.43890965200006], [11.088575916000025, 54.43590693800007], [11.09134780100004, 54.43812045100003], [11.082480424000039, 54.43890965200006]]], [[[8.735937941000032, 54.46762368700007], [8.718479772000023, 54.46644233500007], [8.727232762000028, 54.46232314300005], [8.735937941000032, 54.46762368700007]]], [[[8.54770936600005, 54.46862982500005], [8.559346723000033, 54.46186393800008], [8.56197240900002, 54.46478956100003], [8.54770936600005, 54.46862982500005]]], [[[8.510381401000075, 54.52731902800008], [8.516689793000069, 54.52901479700006], [8.507215489000032, 54.52760112200008], [8.510381401000075, 54.52731902800008]]], [[[11.086175979000075, 54.53057415400008], [11.031162978000054, 54.511804322000046], [11.008926289000044, 54.44166761000008], [11.09511647000005, 54.445452706000026], [11.120965639000076, 54.40207527100006], [11.312662827000054, 54.40225842500007], [11.232678195000062, 54.506862683000065], [11.086175979000075, 54.53057415400008]]], [[[8.827786719000073, 54.545838236000066], [8.80457292400007, 54.55573224900007], [8.789375360000065, 54.55190447200005], [8.827786719000073, 54.545838236000066]]], [[[8.705040588000031, 54.55756110800007], [8.590559950000056, 54.53167547500004], [8.59223974200006, 54.508678874000054], [8.703218598000035, 54.50132037700007], [8.705040588000031, 54.55756110800007]]], [[[8.575569922000057, 54.56045579500005], [8.549936511000055, 54.57943125000003], [8.50854496900007, 54.57669450800006], [8.575569922000057, 54.56045579500005]]], [[[8.818064626000023, 54.594971359000056], [8.814715015000047, 54.60187262800008], [8.808498615000076, 54.604507659000035], [8.818064626000023, 54.594971359000056]]], [[[8.771499038000059, 54.63698501300007], [8.766412090000074, 54.63784958400004], [8.76119339500002, 54.63574515500005], [8.771499038000059, 54.63698501300007]]], [[[8.728685798000072, 54.62888262400003], [8.713805060000027, 54.63915358200006], [8.71032774500003, 54.63159433800007], [8.728685798000072, 54.62888262400003]]], [[[8.547565637000048, 54.61776127700006], [8.651870162000023, 54.65763771600007], [8.528868124000041, 54.62730578000003], [8.547565637000048, 54.61776127700006]]], [[[8.713080503000072, 54.68007177000004], [8.690774130000023, 54.67628632200007], [8.681175549000045, 54.67577861800004], [8.709706829000027, 54.672386783000036], [8.713080503000072, 54.68007177000004]]], [[[8.342427443000076, 54.69355125100003], [8.360455777000027, 54.710422419000054], [8.294096232000072, 54.66617513700004], [8.39715340400005, 54.61408128800008], [8.342427443000076, 54.69355125100003]]], [[[8.565906549000033, 54.75186129400004], [8.427282048000052, 54.74618430800007], [8.39650727000003, 54.70418659300003], [8.566453100000047, 54.67997493100006], [8.596999617000051, 54.71909062200007], [8.565906549000033, 54.75186129400004]]], [[[8.364335289000053, 54.867986676000044], [8.360345561000031, 54.86963566000003], [8.367108615000063, 54.86854618500007], [8.364335289000053, 54.867986676000044]]], [[[10.307954146000043, 53.433201104000034], [10.584372484000028, 53.36043030700006], [10.632308138000042, 53.45480292900004], [10.824333999000032, 53.513741234000065], [10.823260709000067, 53.57518053600006], [10.923795348000056, 53.58418603200005], [10.941766725000036, 53.684542330000056], [10.758032962000073, 53.74751747100004], [10.747711196000068, 53.85151096100003], [10.882571899000027, 53.92449744800007], [10.911023571000044, 53.89795245600004], [10.967634004000047, 53.91063418500005], [10.895097608000071, 53.924548179000055], [10.878836861000025, 53.985947475000046], [10.787249185000064, 53.997438619000036], [10.752501222000035, 54.048891885000046], [11.091935758000034, 54.19731978300007], [11.071918095000058, 54.34224630600005], [11.127936929000043, 54.39045890300008], [10.931205242000033, 54.38193996900003], [10.789502880000043, 54.31213340900007], [10.70697446500003, 54.30503646000005], [10.599607976000073, 54.363731305000044], [10.321948338000027, 54.43574765300008], [10.226061066000057, 54.41390558900008], [10.174162085000034, 54.34574538600003], [10.152083022000056, 54.363326520000044], [10.192261717000065, 54.39021223100008], [10.168851706000055, 54.43413127900004], [10.199382745000037, 54.455561544000034], [10.13402744700005, 54.48433790300004], [9.85537006900006, 54.45628316900007], [10.027329337000026, 54.55311722300007], [10.036023455000077, 54.68841701800005], [9.909510391000026, 54.79991989000007], [9.905374299000073, 54.76334288800007], [9.845578708000062, 54.75603640600008], [9.746717702000069, 54.82412545100004], [9.604633057000058, 54.85459380600008], [9.628016845000047, 54.87974825800006], [9.591910925000036, 54.886970217000055], [9.463040675000059, 54.831644124000036], [9.382680669000024, 54.839201451000065], [9.343610062000039, 54.80024799300003], [9.25008113900003, 54.809715280000034], [9.24013846400004, 54.84998379500007], [8.947938648000047, 54.90256336600004], [8.638003413000035, 54.911251856000035], [8.427409498000031, 54.87739915000003], [8.366894682000066, 54.90317228300006], [8.352821841000036, 54.96785703200004], [8.440028994000045, 55.015870223000036], [8.396235406000073, 55.046154657000045], [8.464195700000062, 55.04571479500004], [8.409955339000021, 55.05769437300006], [8.383113016000038, 55.03731565700008], [8.297902986000054, 54.910656592000066], [8.279429968000045, 54.75138968300007], [8.297863341000038, 54.740165802000035], [8.29605725500005, 54.84239476000005], [8.34056137400006, 54.88057457200006], [8.41438101700004, 54.84724071000005], [8.60336908000005, 54.88570780900005], [8.607761589000063, 54.84105469500008], [8.701673877000076, 54.77368829100004], [8.715450891000046, 54.737715954000066], [8.686209753000071, 54.73034082300006], [8.892967770000041, 54.596776876000035], [8.871453105000057, 54.528293018000056], [8.80643703000004, 54.49834154400003], [8.807015454000066, 54.47015896100004], [8.893399380000062, 54.460575590000076], [8.983598917000052, 54.524046302000045], [9.015607438000075, 54.48431464300006], [8.871238878000042, 54.404807117000075], [8.672551198000065, 54.39964915000007], [8.649061677000077, 54.379753993000065], [8.69149027900005, 54.35562992100006], [8.601383149000071, 54.33907126400004], [8.674358497000071, 54.27875980600004], [8.841787401000033, 54.27845511800007], [8.808867636000059, 54.17103733700003], [8.857865501000049, 54.11919257900007], [8.925278418000062, 54.13247746600007], [8.985125080000046, 54.06098666400004], [8.958582680000063, 54.03400004900004], [8.804773174000047, 54.023438801000054], [8.914904897000042, 53.92489909600005], [9.022420177000072, 53.87951753800007], [9.319524176000073, 53.85083552700007], [9.502180848000023, 53.69680511300004], [9.550629934000028, 53.61601357400008], [9.702788352000027, 53.559327504000066], [9.730104055000027, 53.55758091300004], [9.763672583000073, 53.62749506100005], [9.828781928000069, 53.58529056900005], [9.905366421000053, 53.652194336000036], [9.985599002000072, 53.64723457600007], [9.998695506000047, 53.68146746100007], [10.069265382000026, 53.67945056100007], [10.08184213800007, 53.720419993000064], [10.193670979000046, 53.73101511700003], [10.140273002000072, 53.68012668200004], [10.221761274000073, 53.63372253500006], [10.188952193000034, 53.61301421700006], [10.201449729000046, 53.58407587200003], [10.152557987000023, 53.57790073600006], [10.152582687000063, 53.53979280100003], [10.325959158000046, 53.44963954000008], [10.307954146000043, 53.433201104000034]]]]}}, {"type": "Feature", "properties": {"id": "Thüringen", "name": "Thüringen"}, "geometry": {"type": "Polygon", "coordinates": [[[11.919322860000023, 50.42472776500006], [11.88850946100007, 50.443605914000045], [11.950797996000063, 50.454068979000056], [11.964228503000072, 50.48696260200006], [11.871462575000066, 50.53982274100008], [11.92601067000004, 50.556844271000045], [11.923565976000077, 50.58570803400005], [12.010397048000073, 50.63546120900003], [12.036137609000036, 50.59394988200006], [12.01753547800007, 50.56784079200003], [12.052068203000033, 50.55096098400003], [12.083594331000029, 50.57856674000004], [12.156024277000029, 50.573491527000044], [12.110150855000029, 50.58872004300008], [12.153639990000045, 50.63050499600007], [12.265518391000057, 50.63079334400004], [12.322048412000072, 50.68143383700004], [12.274761805000026, 50.68611728500008], [12.253382117000058, 50.71570452800006], [12.27335318200005, 50.729573938000044], [12.226984634000075, 50.73821847800008], [12.290160812000067, 50.78342709200007], [12.253153657000041, 50.78883476500005], [12.250495312000055, 50.81853755600008], [12.442501815000071, 50.84402739500007], [12.521322395000027, 50.90759852700006], [12.640121045000058, 50.90307378300008], [12.607533974000035, 50.99673176500005], [12.528349485000035, 50.998280331000046], [12.538852058000032, 51.02425203800004], [12.507388166000055, 51.017275890000064], [12.504459791000045, 51.06079102100006], [12.458382880000045, 51.084550712000066], [12.331598674000077, 51.10378250500003], [12.26559684600005, 51.076984320000065], [12.250268436000056, 51.03787289100006], [12.291747857000075, 51.01869953700003], [12.21458012100004, 50.93803207800005], [12.182508063000057, 50.97586604600008], [12.01412639800003, 50.968670856000074], [11.888807362000023, 51.05584043500005], [11.759689951000041, 51.04285785600007], [11.66695005400004, 51.11078547800008], [11.48521893700007, 51.10253352700005], [11.451004307000062, 51.146670132000054], [11.485260144000051, 51.16559279300003], [11.468567729000029, 51.19265410600008], [11.43094860900004, 51.21247579900006], [11.391420064000044, 51.20353330000006], [11.364832643000057, 51.221359162000056], [11.475225978000026, 51.29805427700006], [11.39943721800006, 51.34483615600004], [11.39685227900003, 51.381330726000044], [11.321259842000075, 51.41037234700008], [10.992033080000056, 51.41785321300006], [11.010663972000032, 51.42531503200007], [10.966733926000074, 51.43235320700006], [10.97294365700003, 51.48196093200005], [10.927335260000063, 51.52085370200007], [10.947971842000072, 51.53757287900004], [10.882051629000046, 51.580508087000055], [10.937063688000023, 51.60348729100008], [10.764511214000038, 51.64900827500003], [10.638209992000043, 51.61943703600008], [10.65679616600005, 51.558301647000064], [10.370023394000043, 51.58753647800006], [10.36766403300004, 51.54303646400007], [10.29966982600007, 51.493896094000036], [10.201975121000032, 51.48651977000003], [10.152939908000064, 51.43025975900008], [10.046802958000058, 51.43667335500004], [9.923293275000049, 51.368043123000064], [9.939356592000024, 51.30740986400008], [10.059916187000056, 51.27586548900007], [10.068673434000061, 51.22656282200006], [10.235776989000044, 51.186695162000035], [10.19995902200003, 51.11297207700005], [10.168738649000034, 51.15326772100008], [10.118321564000041, 51.13957300700008], [10.174630972000045, 51.11686746000004], [10.140590157000076, 51.05849138900004], [10.198846624000055, 51.040090389000056], [10.202904887000045, 51.00810588000007], [10.036400428000036, 51.01237619600005], [10.019470217000048, 50.98070807900007], [10.062345939000068, 50.943783547000066], [9.950086587000044, 50.94225025600008], [9.991996475000064, 50.93451451100003], [9.971463749000065, 50.907410938000055], [10.015635922000058, 50.92062395100004], [10.059803704000046, 50.88539256400003], [10.023054524000031, 50.83163142600006], [9.952252803000022, 50.821374509000066], [9.952133926000045, 50.77329162500007], [9.920126452000034, 50.75961203400004], [9.941503200000056, 50.73913914000008], [9.878551050000056, 50.63478121000003], [9.960722013000066, 50.62948365400007], [9.951484133000065, 50.66592744600007], [10.05402966400004, 50.67116299200006], [10.082964842000024, 50.633705347000046], [10.037191069000073, 50.61292626900007], [10.061828605000073, 50.55668738400004], [10.041338408000058, 50.51646958200007], [10.119408294000038, 50.56422474400006], [10.330582236000055, 50.49427653500004], [10.403834693000022, 50.42477513000006], [10.383918035000022, 50.408621476000064], [10.39449369700003, 50.39365203400007], [10.44950284600003, 50.40304677100005], [10.492405731000076, 50.35505584500004], [10.600550296000051, 50.33368802900003], [10.612047270000062, 50.224138442000026], [10.716645150000033, 50.20481895900008], [10.732167774000061, 50.25183794600008], [10.84466635800004, 50.24315772500006], [10.846358138000028, 50.27509463700005], [10.71539585100004, 50.32117650400005], [10.71245514100002, 50.354643785000064], [10.87274682800006, 50.396794483000065], [10.937634647000039, 50.39190511400005], [10.98578072600003, 50.34732052600003], [11.115304910000077, 50.36700690300006], [11.159197358000029, 50.330391993000035], [11.131754613000055, 50.30808767700006], [11.14592282700005, 50.284956470000054], [11.252298162000045, 50.26902096100008], [11.284252880000054, 50.36030743400005], [11.247115540000038, 50.47730383000004], [11.346569075000048, 50.52153502600004], [11.429278748000058, 50.51223288400007], [11.420630678000066, 50.44336648500007], [11.48156795400007, 50.43162169200008], [11.519853242000067, 50.37426848300004], [11.78025113700005, 50.41875476000007], [11.824265370000035, 50.38975684500008], [11.919322860000023, 50.42472776500006]], [[11.446614450000027, 51.198880348000046], [11.439672491000067, 51.19766759400005], [11.43938578500007, 51.19976640100003], [11.446614450000027, 51.198880348000046]]]}}, {"type": "Feature", "properties": {"id": "Burgenland", "name": "Burgenland"}, "geometry": {"type": "Polygon", "coordinates": [[[15.99728683766434, 46.83575189263528], [16.059454558340747, 46.83900671690219], [16.27753291849947, 46.96299597479276], [16.291194047933494, 47.01432130139014], [16.513461609213973, 47.00192346129423], [16.440013523916832, 47.03007433355874], [16.521711686484952, 47.05655339479477], [16.464465697988487, 47.09533372904405], [16.530473535016192, 47.127611877308944], [16.455433708307634, 47.14268302018741], [16.45605761192668, 47.18775313878013], [16.420627504791433, 47.1953052601572], [16.432926568018228, 47.25333266018525], [16.490575070048, 47.28067308314768], [16.43486697802618, 47.35322797917677], [16.462508436713097, 47.38370350106705], [16.446608955560578, 47.40762383214974], [16.57691868354604, 47.40676173648501], [16.663209981191656, 47.45610377640392], [16.653527647745946, 47.50074469430789], [16.71572644299573, 47.540338972362], [16.66575054429537, 47.56667845099847], [16.65327268751536, 47.62333479611287], [16.422711986378978, 47.66573361569892], [16.610454994940266, 47.76081577255566], [16.72215691527814, 47.73576783868694], [16.75024186824392, 47.68185555779717], [16.82955286777542, 47.68315865300909], [16.868137248953285, 47.72206992820983], [16.876382781360213, 47.68877083306284], [17.094339253969665, 47.7086660389451], [17.052225684879655, 47.79441618847589], [17.075722719146995, 47.80869844579337], [17.011213753867718, 47.85879077714612], [17.086458274992044, 47.87488080929708], [17.118271003515616, 47.96134913045396], [17.095945007307897, 47.97131918375414], [17.162068565200922, 48.00711223986378], [17.068699162638946, 48.031893031515295], [17.078357484043067, 48.11557083419076], [17.037280107903356, 48.08476513669047], [16.976795588777076, 48.10606062067809], [17.018287043366417, 48.07451364700172], [16.980507440914533, 48.02391216869162], [16.891261567951567, 48.075106013840255], [16.829109115339005, 48.02879580469981], [16.703927486437138, 48.012806279527794], [16.700527998014124, 47.96675996706118], [16.579734808888073, 47.88790537776249], [16.51988033942884, 47.9440344671095], [16.44986750078033, 47.93433346295565], [16.413667286664744, 47.881891438934545], [16.349159711251062, 47.868607797554546], [16.389198348104195, 47.84301955925281], [16.344683296739156, 47.801856103318464], [16.31678387660548, 47.785045486638104], [16.279879868198236, 47.810937257587625], [16.269905830352524, 47.791531413409615], [16.304798382471066, 47.78533267967692], [16.293680984180543, 47.71886557144433], [16.357852610295183, 47.67996625927346], [16.372600485912137, 47.623834691799054], [16.314232469670394, 47.56556476621845], [16.3408273965571, 47.5165920139788], [16.303631399033907, 47.467462808372346], [16.016250463168575, 47.367542122870844], [16.114786830599783, 47.16177590505226], [16.087587485818535, 47.07458687187005], [16.156699554075143, 46.993162668735756], [16.014312014286787, 46.884353733643366], [15.99728683766434, 46.83575189263528]]]}}, {"type": "Feature", "properties": {"id": "Kärnten", "name": "Kärnten"}, "geometry": {"type": "Polygon", "coordinates": [[[13.785429953975212, 46.94429481447807], [13.759147915180385, 46.98962525332075], [13.694418984924775, 47.00656786577662], [13.694095064090208, 47.04066169295914], [13.40351464375477, 47.069971133820886], [13.36363299313508, 47.09926830497218], [13.250510788285535, 47.08798177437096], [13.248823714540471, 47.05104360693049], [13.07369312424457, 47.01388016404318], [12.965501762747072, 47.03947411556485], [12.91998775194717, 47.082087572013286], [12.739481427935146, 47.10080555365591], [12.731529491037643, 47.13148583406106], [12.657453973649114, 47.10000921275831], [12.715202659323786, 47.04519016582413], [12.77290713392549, 47.04063211422661], [12.726525176985179, 46.99284517538218], [12.837688793407676, 46.91295501756857], [12.841788234530233, 46.86143803513421], [12.964130115627574, 46.79909627940332], [12.932063229187479, 46.76448693053899], [12.725564407126132, 46.74389242482793], [12.722124831513923, 46.70339139959705], [12.69004928248534, 46.70311562252175], [12.69123204591661, 46.657410895008994], [12.83187917376988, 46.63173212877074], [12.8432112761988, 46.606777619394464], [13.08438449396946, 46.60247135571945], [13.240449833637424, 46.55210646954744], [13.372920325907357, 46.57968218976921], [13.50494956559158, 46.56670724414735], [13.795181608953637, 46.50572689992905], [13.912796675708409, 46.521513278101686], [14.122303136360474, 46.47697924980989], [14.16421949065978, 46.43394267159878], [14.522592099647307, 46.42761449119727], [14.564426765587212, 46.37265223253519], [14.59681248390694, 46.43717452395555], [14.70024601017614, 46.464039306298126], [14.715625721095616, 46.50030608241112], [14.819486109057124, 46.509744381106614], [14.8712883014811, 46.60759431174619], [14.956574471405721, 46.63309231199781], [14.98027696583758, 46.601757097967905], [15.066063857238904, 46.65268712302146], [15.023336452193933, 46.67284158337865], [15.031475553440345, 46.769669183365046], [14.977176021220044, 46.78516613502313], [15.02777861964897, 46.910758312422544], [14.959670530896492, 46.98888712788096], [14.844544719479304, 47.04880327871116], [14.616143340904777, 46.998367011450405], [14.50662371764151, 47.02865131205906], [14.386753778601674, 46.980419665579454], [14.36659523839251, 47.02508436243836], [14.235849982787865, 47.02625419718597], [14.204119523208893, 47.07766042884641], [13.88164766165147, 46.917437726400536], [13.785429953975212, 46.94429481447807]]]}}, {"type": "Feature", "properties": {"id": "Niederösterreich", "name": "Niederösterreich"}, "geometry": {"type": "Polygon", "coordinates": [[[17.068032487786684, 48.11914731852426], [16.977506465595177, 48.17225232336043], [16.958348902105904, 48.2643086088198], [16.83449750697533, 48.380722906218914], [16.864903179370007, 48.41986484598894], [16.85149840439063, 48.449987858014794], [16.955183909569193, 48.54351815200273], [16.902927996445694, 48.718614245872914], [16.683873799408552, 48.72834309111626], [16.66503187847441, 48.78156941771058], [16.542000847145466, 48.81485480543167], [16.461673825329736, 48.80959564730188], [16.3792410026601, 48.729030989112374], [16.103894327527556, 48.745991370968135], [15.8427222869738, 48.877719938690866], [15.690847546733645, 48.856272289243925], [15.469626022710434, 48.95243137324034], [15.279991599502363, 48.99528385933747], [15.262729650689476, 48.95426943698465], [15.161342076967635, 48.94231476525075], [15.15737602431474, 48.993920831391094], [15.021631054067413, 49.02116661184622], [14.977271985581343, 48.97164034003352], [14.993992828227446, 48.90433812872058], [14.954317542448786, 48.79039877300927], [14.980562724946667, 48.77287217544884], [14.80970097985678, 48.77942001564311], [14.809168673301214, 48.73449600367804], [14.73505395060408, 48.69705687257946], [14.722149966640718, 48.60298077336966], [14.692016836101976, 48.584903824442314], [14.921985446336766, 48.50631001553068], [14.86750070862475, 48.480454227886426], [14.950430670414507, 48.41421729893535], [14.91709194236506, 48.38981066074575], [14.965500778389908, 48.38843028071192], [14.944705163437618, 48.324209901576324], [14.987472002227689, 48.31986815487361], [14.993189688422273, 48.257125828980236], [14.953176213448916, 48.21968309434079], [14.975168867177457, 48.199380899742685], [14.882503897263897, 48.233148383836905], [14.833328966958554, 48.190646811654915], [14.69231957150405, 48.15764549243698], [14.52213248238306, 48.23817595295151], [14.49054292471064, 48.22243831711931], [14.468606429257946, 48.12305446873319], [14.495619327922636, 48.11236982639681], [14.453568042505418, 48.06448971563112], [14.494094797095602, 47.99857512214961], [14.728837253174653, 47.9354878973476], [14.772909660154399, 47.88353530310168], [14.710944772576333, 47.851156442044655], [14.73278348283366, 47.804603851544925], [14.7128239188567, 47.79059388713482], [14.767999130818906, 47.726808349717246], [14.861523102635504, 47.74186501124026], [14.913811134724321, 47.70948433641317], [15.03025547089302, 47.753117091455564], [15.200388857534366, 47.753914284740176], [15.218322312342407, 47.796519474518604], [15.375982579496755, 47.8258705586246], [15.515089738900153, 47.74693811459814], [15.608333134321095, 47.75272160884151], [15.67980323445266, 47.69946042596118], [15.71868740800232, 47.711945904507644], [15.726176865617932, 47.64691253950288], [15.857834138080067, 47.62126792902663], [15.848095253982004, 47.568233163475995], [15.905440869297287, 47.563197105591705], [15.91495216648075, 47.53086428957213], [16.058781316932958, 47.48501962335179], [16.110584729085467, 47.52542299243619], [16.141984705144708, 47.44201320164619], [16.200738038535548, 47.42275993800786], [16.303631399033907, 47.467462808372346], [16.3408273965571, 47.5165920139788], [16.314232469670394, 47.56556476621845], [16.373712535955864, 47.64307062459022], [16.357852610295183, 47.67996625927346], [16.309826428849714, 47.6876306077779], [16.304798382471066, 47.78533267967692], [16.26980155329185, 47.7953871194342], [16.310152281752348, 47.80776514702783], [16.31678387660548, 47.785045486638104], [16.378363345675133, 47.827776325681015], [16.349159711251062, 47.868607797554546], [16.490592600282366, 47.943443727338696], [16.579734808888073, 47.88790537776249], [16.700527998014124, 47.96675996706118], [16.703927486437138, 48.012806279527794], [16.829109115339005, 48.02879580469981], [16.875043675813714, 48.07279374192281], [16.980507440914533, 48.02391216869162], [17.018287043366417, 48.07451364700172], [16.976795588777076, 48.10606062067809], [17.037280107903356, 48.08476513669047], [17.068032487786684, 48.11914731852426]], [[16.416449048842328, 48.32269765093788], [16.54821448929569, 48.26349981314424], [16.5376051510267, 48.175102578075084], [16.57725811050515, 48.13570433943151], [16.494654923981386, 48.15930602604066], [16.438228703027946, 48.12041993449713], [16.21604344590023, 48.1258446057197], [16.239616343599067, 48.1376544963407], [16.18300615282552, 48.17162339404957], [16.207010836101958, 48.26341982962803], [16.25781041125025, 48.24038950636041], [16.416449048842328, 48.32269765093788]]]}}, {"type": "Feature", "properties": {"id": "Oberösterreich", "name": "Oberösterreich"}, "geometry": {"type": "Polygon", "coordinates": [[[14.921985446336766, 48.50631001553068], [14.611474729404682, 48.62871293857399], [14.504274304568426, 48.617976797805106], [14.470853226258592, 48.649109438889695], [14.432386296478473, 48.589740746511666], [14.33419048945687, 48.55241658739647], [14.067888733044581, 48.59548207583148], [14.011482245322368, 48.640283707230836], [14.060398913820386, 48.67445747626351], [13.840463717902876, 48.77227153524329], [13.795780713724334, 48.7157266825522], [13.838325029776716, 48.70119097626348], [13.814393697925441, 48.69248348305552], [13.826684255116794, 48.61921053253532], [13.731386531990921, 48.51539290047367], [13.509858725060907, 48.591267360005716], [13.438471912195682, 48.55778435463565], [13.458984005485089, 48.51218326652326], [13.409907072792498, 48.37358218899945], [13.257386953488947, 48.29425245147185], [13.081661433677386, 48.27783416387944], [12.95748338497601, 48.210131640101984], [12.870775752973604, 48.201930797441165], [12.759318987724347, 48.1273482142019], [12.75345464397077, 48.088200574405064], [12.860889597472067, 47.997230894073546], [13.042887078054264, 48.04205673073389], [13.075833182705265, 48.00462540437614], [13.150429921239276, 47.99541382454276], [13.146981357727842, 47.970592362685174], [13.297608985750458, 48.01121922500092], [13.372324898606617, 47.97742082765514], [13.358999295108015, 47.94022381355825], [13.281051845006216, 47.95528762128595], [13.287164601873267, 47.830779349875364], [13.390063887577206, 47.79482751074375], [13.530260876579433, 47.79757158502713], [13.516861203381623, 47.77262940869428], [13.466056518136314, 47.78669928834953], [13.436869183358052, 47.739977467907686], [13.551652206419869, 47.71465205596929], [13.484863444233188, 47.64207122167032], [13.524071296678342, 47.61885475146765], [13.476968377808225, 47.53288816719967], [13.590447060843728, 47.473532132858935], [13.723349847304913, 47.4626130070542], [13.756731658299824, 47.55324076746527], [13.695147676078516, 47.5799682569129], [13.696359619396777, 47.63324501576461], [13.77846955853303, 47.71885546342914], [14.011443721356315, 47.70141209979144], [14.056276958194902, 47.66840255877671], [14.051621970082087, 47.61766589496948], [14.206661303578006, 47.653046247919306], [14.327278038043422, 47.60805335757338], [14.518106777533818, 47.68234774983743], [14.53285576389792, 47.71423694839416], [14.74731337472795, 47.75642936411204], [14.710944772576333, 47.851156442044655], [14.772909660154399, 47.88353530310168], [14.728837253174653, 47.9354878973476], [14.608780158301409, 47.949791665499426], [14.457018366843055, 48.043535803549375], [14.459503488740241, 48.09110233787576], [14.495619327922636, 48.11236982639681], [14.468606429257946, 48.12305446873319], [14.49054292471064, 48.22243831711931], [14.561336799069839, 48.23177801494774], [14.69231957150405, 48.15764549243698], [14.833328966958554, 48.190646811654915], [14.882503897263897, 48.233148383836905], [14.975168867177457, 48.199380899742685], [14.953176213448916, 48.21968309434079], [14.993189688422273, 48.257125828980236], [14.987472002227689, 48.31986815487361], [14.944705163437618, 48.324209901576324], [14.965500778389908, 48.38843028071192], [14.91709194236506, 48.38981066074575], [14.950430670414507, 48.41421729893535], [14.86750070862475, 48.480454227886426], [14.921985446336766, 48.50631001553068]]]}}, {"type": "Feature", "properties": {"id": "Salzburg", "name": "Salzburg"}, "geometry": {"type": "Polygon", "coordinates": [[[13.785429953975212, 46.94429481447807], [13.865434819530911, 46.99663359067061], [13.907562277729019, 47.0705603324989], [13.88196161009991, 47.10842961615898], [13.994390391205927, 47.14251549105218], [13.89501070814838, 47.18593440873299], [13.82398544736731, 47.294639049531064], [13.712637992545007, 47.25997970791642], [13.598462580147688, 47.29400114359658], [13.564108981525449, 47.42096401917097], [13.591854010748078, 47.47178683212969], [13.476968377808225, 47.53288816719967], [13.524071296678342, 47.61885475146765], [13.484863444233188, 47.64207122167032], [13.551652206419869, 47.71465205596929], [13.436869183358052, 47.739977467907686], [13.466056518136314, 47.78669928834953], [13.539479603361816, 47.782890543573146], [13.290466374255155, 47.82492991683379], [13.281051845006216, 47.95528762128595], [13.358999295108015, 47.94022381355825], [13.374208578399308, 47.96637978617445], [13.297608985750458, 48.01121922500092], [13.146981357727842, 47.970592362685174], [13.150429921239276, 47.99541382454276], [13.075833182705265, 48.00462540437614], [13.042887078054264, 48.04205673073389], [12.860889597472067, 47.997230894073546], [13.00466052697088, 47.8485075555358], [12.905953752569408, 47.72399286087841], [13.046713198293336, 47.71321835902244], [13.099644128230448, 47.63570656279167], [13.044356725800016, 47.58389929073852], [13.048343413939575, 47.49269405089775], [13.007323739961999, 47.464912396061656], [12.794975539947577, 47.557558777600335], [12.779807635445058, 47.579661468806286], [12.825166422441253, 47.612648877214326], [12.759240610680184, 47.6521126838519], [12.781842869204446, 47.67436749711083], [12.607995958184567, 47.67428721092684], [12.57080987696842, 47.61226423537413], [12.667230911866996, 47.57925500695142], [12.628812165300449, 47.550092030889054], [12.700242571258316, 47.478420972196396], [12.632033366824421, 47.465084436794], [12.622960536664486, 47.418905061268404], [12.506709802454287, 47.39466054718477], [12.470407883343366, 47.32429798315612], [12.297201163911144, 47.33313672840911], [12.264697973267301, 47.30273904953664], [12.115106116964034, 47.30697630242135], [12.076650137668437, 47.27011193566278], [12.1116567622831, 47.242399312107985], [12.082400851372705, 47.192377609237866], [12.136563066107225, 47.081172876383484], [12.262013038131458, 47.07322140891118], [12.363857456739918, 47.14188976346249], [12.484119552197333, 47.158349187393505], [12.657453973649114, 47.10000921275831], [12.731529491037643, 47.13148583406106], [12.739481427935146, 47.10080555365591], [12.91998775194717, 47.082087572013286], [12.965501762747072, 47.03947411556485], [13.07369312424457, 47.01388016404318], [13.248823714540471, 47.05104360693049], [13.250510788285535, 47.08798177437096], [13.36363299313508, 47.09926830497218], [13.40351464375477, 47.069971133820886], [13.694095064090208, 47.04066169295914], [13.694418984924775, 47.00656786577662], [13.759147915180385, 46.98962525332075], [13.785429953975212, 46.94429481447807]]]}}, {"type": "Feature", "properties": {"id": "Steiermark", "name": "Steiermark"}, "geometry": {"type": "Polygon", "coordinates": [[[16.172886653292764, 47.42281555802388], [16.11625387348087, 47.474751582418406], [16.110584729085467, 47.52542299243619], [16.058781316932958, 47.48501962335179], [15.91495216648075, 47.53086428957213], [15.905440869297287, 47.563197105591705], [15.848095253982004, 47.568233163475995], [15.857834138080067, 47.62126792902663], [15.726176865617932, 47.64691253950288], [15.71650914049118, 47.713112592406844], [15.67980323445266, 47.69946042596118], [15.608333134321095, 47.75272160884151], [15.515089738900153, 47.74693811459814], [15.3389044604797, 47.828384660087906], [15.288199376617605, 47.790674021579605], [15.218322312342407, 47.796519474518604], [15.200388857534366, 47.753914284740176], [15.03025547089302, 47.753117091455564], [14.913811134724321, 47.70948433641317], [14.861523102635504, 47.74186501124026], [14.767999130818906, 47.726808349717246], [14.697906217407548, 47.766307129518125], [14.313524677615474, 47.60686099751316], [14.206661303578006, 47.653046247919306], [14.051621970082087, 47.61766589496948], [14.056276958194902, 47.66840255877671], [14.011443721356315, 47.70141209979144], [13.77846955853303, 47.71885546342914], [13.696359619396777, 47.63324501576461], [13.695147676078516, 47.5799682569129], [13.756731658299824, 47.55324076746527], [13.723349847304913, 47.4626130070542], [13.586434604403998, 47.47530669166427], [13.564108981525449, 47.42096401917097], [13.608353807342725, 47.28400076500273], [13.712637992545007, 47.25997970791642], [13.82398544736731, 47.294639049531064], [13.89501070814838, 47.18593440873299], [13.994390391205927, 47.14251549105218], [13.88196161009991, 47.10842961615898], [13.907562277729019, 47.0705603324989], [13.865434819530911, 46.99663359067061], [13.785429953975212, 46.94429481447807], [13.816122795038227, 46.91894492337823], [13.95192532495531, 46.942742130438816], [14.013368803114034, 47.004328080696254], [14.204119523208893, 47.07766042884641], [14.235849982787865, 47.02625419718597], [14.36659523839251, 47.02508436243836], [14.386753778601674, 46.980419665579454], [14.50662371764151, 47.02865131205906], [14.616143340904777, 46.998367011450405], [14.844544719479304, 47.04880327871116], [14.959670530896492, 46.98888712788096], [15.02777861964897, 46.910758312422544], [14.977176021220044, 46.78516613502313], [15.031475553440345, 46.769669183365046], [15.025434682416208, 46.67009970552591], [15.236850484781797, 46.63974157718423], [15.421358909082315, 46.65524644057067], [15.475728173247015, 46.61238930280793], [15.543437015830145, 46.63029287093299], [15.544679856172634, 46.669638744412126], [15.596123063314492, 46.69036068107713], [15.840729353279741, 46.72272693033027], [16.039144700413466, 46.65646806583537], [15.985808783203375, 46.752422120177314], [15.986428537799268, 46.82765337601738], [16.12279770344683, 46.99103362436349], [16.13601263046651, 46.99521231700989], [16.15440049058563, 46.99126612158378], [16.156699554075143, 46.993162668735756], [16.087587485818535, 47.07458687187005], [16.114786830599783, 47.16177590505226], [16.016250463168575, 47.367542122870844], [16.172886653292764, 47.42281555802388]]]}}, {"type": "Feature", "properties": {"id": "Tirol", "name": "Tirol"}, "geometry": {"type": "MultiPolygon", "coordinates": [[[[12.657453973649114, 47.10000921275831], [12.498765943257089, 47.156957097670144], [12.363857456739918, 47.14188976346249], [12.205271954328317, 47.02737724330532], [12.12659821479095, 47.013599678510985], [12.169223642442052, 46.93778607936824], [12.144349438083678, 46.91426658882174], [12.215958685770877, 46.87448118583134], [12.274172008613531, 46.88492067851287], [12.307318495653474, 46.841612178165946], [12.284483326351085, 46.783392834106905], [12.357989819439391, 46.77543109723338], [12.384616494379243, 46.71679024518503], [12.565725020608975, 46.65221186169689], [12.69123204591661, 46.657410895008994], [12.725564407126132, 46.74389242482793], [12.964665970300802, 46.78595167751416], [12.841788234530233, 46.86143803513421], [12.837688793407676, 46.91295501756857], [12.745197450119461, 46.960994210524106], [12.725259034096231, 46.996264018849644], [12.77290713392549, 47.04063211422661], [12.715202659323786, 47.04519016582413], [12.657453973649114, 47.10000921275831]]], [[[10.454786786565249, 47.55640583665213], [10.471075699689887, 47.58033664603408], [10.482371802206485, 47.58509621849402], [10.429365823509258, 47.57821353894079], [10.454786786565249, 47.55640583665213]]], [[[12.575671173232084, 47.63287248321066], [12.499803946866, 47.62565664250679], [12.440696931300009, 47.69578880849115], [12.255848987654247, 47.68002608053023], [12.257632158051125, 47.74361720106207], [12.163009940148557, 47.701745819875924], [12.203592293575452, 47.606998386433965], [12.009092276046717, 47.625752111039716], [11.844748280638827, 47.581743204388935], [11.636709653785191, 47.59514202711289], [11.572906336625326, 47.51507816583363], [11.442628276528392, 47.518525784967274], [11.384302470045615, 47.47295873967869], [11.421653169103287, 47.44515887435693], [11.33904159155692, 47.450486061904094], [11.228750229376265, 47.395675063805136], [11.250429286344012, 47.43290249432841], [11.115271313541724, 47.39603467861964], [10.970945229710516, 47.40065360789495], [10.984026803219159, 47.43059731661082], [10.937601923568284, 47.481730200667535], [10.87045614874865, 47.483837835574086], [10.918394458093683, 47.5142079576168], [10.890700679284652, 47.53791082953434], [10.777903987800844, 47.514514808243575], [10.69138073188644, 47.559378331855804], [10.59832533544934, 47.57034681908133], [10.571470506859884, 47.53407356935674], [10.454786786565249, 47.55640583665213], [10.431652069443572, 47.50436765771363], [10.476327859887204, 47.43337166530662], [10.437102977941825, 47.380952201175745], [10.395101029896656, 47.376212982067536], [10.330657447600874, 47.30540029601105], [10.174512865626012, 47.26446019386212], [10.22389053566518, 47.25057239078008], [10.196956398511299, 47.192335348134556], [10.222254205585717, 47.150746054652444], [10.133036692586778, 47.08207003525898], [10.157194869810615, 47.049433035071964], [10.123514717631906, 47.022686057314786], [10.160242668588054, 46.984705630806964], [10.099894143529252, 46.91746971983667], [10.145238298059983, 46.85154440922161], [10.232961860033598, 46.86683410591413], [10.240883847448732, 46.93191825571928], [10.316360458097208, 46.925723226754386], [10.346821892248235, 46.990137473408616], [10.38962350410074, 47.00107044321416], [10.489666047402784, 46.93832616944567], [10.469962672269661, 46.85544123752755], [10.546488327952186, 46.83778877400294], [10.667704888546217, 46.87601383576708], [10.763856102540933, 46.823978249666645], [10.73066309414139, 46.78885037059551], [11.022617219172353, 46.76591719914073], [11.083705706328145, 46.82278677169474], [11.096333178669603, 46.91241660832585], [11.164537115392257, 46.94045139816964], [11.164841592837275, 46.96633391408248], [11.320764010924144, 46.992894992539554], [11.40604321474487, 46.96532563805504], [11.479222278133475, 47.01149476237097], [11.538988578923801, 46.984592046591146], [11.627675188714647, 47.01381147443583], [11.74751149221894, 46.96937375239267], [12.07720057878755, 47.05938961554982], [12.136563066107225, 47.081172876383484], [12.082400851372705, 47.192377609237866], [12.1116567622831, 47.242399312107985], [12.076650137668437, 47.27011193566278], [12.111480140755944, 47.30479308570458], [12.470407883343366, 47.32429798315612], [12.506709802454287, 47.39466054718477], [12.579239111124313, 47.39302595486014], [12.638164534673354, 47.43710685193943], [12.632033366824421, 47.465084436794], [12.700242571258316, 47.478420972196396], [12.628812165300449, 47.550092030889054], [12.667230911866996, 47.57925500695142], [12.57516971914631, 47.60554298190067], [12.575671173232084, 47.63287248321066]]]]}}, {"type": "Feature", "properties": {"id": "Vorarlberg", "name": "Vorarlberg"}, "geometry": {"type": "Polygon", "coordinates": [[[10.178645537062396, 47.270697133679285], [10.236573547671608, 47.38244941121636], [10.1821513806476, 47.39301632434407], [10.100137537840324, 47.355356518817544], [10.06943455534654, 47.41075775151758], [10.105889336278283, 47.42932093804431], [10.091892475705547, 47.459601324586174], [10.00105852443464, 47.48271851544577], [9.970875303156003, 47.546459814100736], [9.874755870598591, 47.52916034678167], [9.777257836766724, 47.596073393403145], [9.735929621528822, 47.534834133031794], [9.56206254384782, 47.50518790186591], [9.596182519731691, 47.46340700752573], [9.658827252686935, 47.4532338530958], [9.674331612108354, 47.39076018381848], [9.530952372466038, 47.27118170195606], [9.585102495919987, 47.205938334632926], [9.564842470814165, 47.17084998079001], [9.635213112813037, 47.128671695732415], [9.607280034709428, 47.06134874192372], [9.876504246800895, 47.02179526923604], [9.876380385087758, 46.93518739816734], [10.018087687902048, 46.90216634800637], [10.105427166238604, 46.841444752457406], [10.145238298059983, 46.85154440922161], [10.098088784933168, 46.924707957256274], [10.160242668588054, 46.984705630806964], [10.123514717631906, 47.022686057314786], [10.157194869810615, 47.049433035071964], [10.133036692586778, 47.08207003525898], [10.222254205585717, 47.150746054652444], [10.196956398511299, 47.192335348134556], [10.22389053566518, 47.25057239078008], [10.178645537062396, 47.270697133679285]]]}}, {"type": "Feature", "properties": {"id": "Wien", "name": "Wien"}, "geometry": {"type": "Polygon", "coordinates": [[[16.416449048842328, 48.32269765093788], [16.25781041125025, 48.24038950636041], [16.207010836101958, 48.26341982962803], [16.18300615282552, 48.17162339404957], [16.239616343599067, 48.1376544963407], [16.21604344590023, 48.1258446057197], [16.438228703027946, 48.12041993449713], [16.494654923981386, 48.15930602604066], [16.57725811050515, 48.13570433943151], [16.5376051510267, 48.175102578075084], [16.54821448929569, 48.26349981314424], [16.416449048842328, 48.32269765093788]]]}}, {"type": "Feature", "properties": {"id": "Île-de-France", "name": "Île-de-France"}, "geometry": {"type": "Polygon", "coordinates": [[[3.48501923270186, 48.851845323103326], [3.381371278840235, 48.87155071212889], [3.367998905411946, 48.928303927832005], [3.330294003482511, 48.90870700297291], [3.304410962993503, 48.948779526991835], [3.264925826267932, 48.93878814773154], [3.167451784404943, 49.0124584627662], [3.190734560351175, 49.051282567749006], [3.165232374530915, 49.09986304692098], [3.069579134878933, 49.11764728242797], [3.066111970908449, 49.08517322636628], [2.986830789909118, 49.070881856076056], [2.968013311286655, 49.09152418697615], [2.856122018909244, 49.070094224578995], [2.809213065025145, 49.097533364114966], [2.734605923363826, 49.06052625485357], [2.633912317810848, 49.108600248761576], [2.583558640225259, 49.0798251316755], [2.553433005081058, 49.12454210446737], [2.490067622738633, 49.10624577009458], [2.310801083145411, 49.186745675660994], [2.241315034488069, 49.151588832063574], [2.080736629782236, 49.21071503036181], [1.882953328474857, 49.162576218700906], [1.754858186750837, 49.17459129447087], [1.709329712197051, 49.24146284349249], [1.623408953057119, 49.08600024930382], [1.507926824019907, 49.08540734765374], [1.446300057070426, 49.04632995072727], [1.470982389135414, 48.97495412551472], [1.518265147655096, 48.97840312445444], [1.49182615093753, 48.96462951016232], [1.563429331279501, 48.8904879266029], [1.54561023291999, 48.870216773466446], [1.598094573306621, 48.838892283952404], [1.581943292958555, 48.761862057433305], [1.626752768386714, 48.74810376028816], [1.576364604310537, 48.70259707127454], [1.611846301906186, 48.6892911767101], [1.602777940241654, 48.66311746810791], [1.787542892797324, 48.55381597567617], [1.801287833715395, 48.466016186358736], [1.871024834094465, 48.43980546978691], [1.929495322778949, 48.45713143836771], [1.928326862652026, 48.40614443121065], [1.978188134938286, 48.401829449456116], [1.989166598503546, 48.3636015422664], [1.972251618300056, 48.28821944775387], [2.163885468690958, 48.298377591852685], [2.152064943519967, 48.316103628306074], [2.204108540733148, 48.34491156642882], [2.24624300657815, 48.33118177912487], [2.245215126943108, 48.29821525256626], [2.317147173545778, 48.331664063083004], [2.402968663847022, 48.32064361721128], [2.42341067751712, 48.26027941065398], [2.518519324699489, 48.22831011812264], [2.516773499152191, 48.16676139524746], [2.454346111077113, 48.12243459292076], [2.705524341313351, 48.12311689053749], [2.755623450703414, 48.145886515787595], [2.736694652670558, 48.16614761501925], [2.795259672908834, 48.16912603925835], [2.820926825566628, 48.12972303787382], [2.936623684076953, 48.163455797460756], [3.047353992990203, 48.24969534825208], [3.01464762953619, 48.30628509897984], [3.050281543636197, 48.359998576483356], [3.414735503528071, 48.390187765330374], [3.38366526926314, 48.47959411167858], [3.43523091352334, 48.496869743474505], [3.405371096209291, 48.52785216572778], [3.481750724291409, 48.54145315464449], [3.465353380916502, 48.57047192273814], [3.559027106557363, 48.61771854226982], [3.533603064430008, 48.64651803846823], [3.450864182979124, 48.6346751404452], [3.469715471844077, 48.737883109992744], [3.395984541538108, 48.75858342947777], [3.442806346233666, 48.785856175939045], [3.405257752705052, 48.810246587488464], [3.487032212715447, 48.81511641453405], [3.48501923270186, 48.851845323103326]]]}}, {"type": "Feature", "properties": {"id": "Centre-Val de Loire", "name": "Centre-Val de Loire"}, "geometry": {"type": "Polygon", "coordinates": [[[1.501397406665655, 48.94103403734606], [1.447804700289873, 48.9246064818788], [1.464617312474512, 48.876801218774176], [1.361161286768645, 48.833674788692974], [1.374996481713562, 48.781285739552025], [1.329445183306355, 48.76086645965193], [1.121380921191983, 48.78923485708021], [1.113893852316824, 48.746083116328755], [0.890245763939789, 48.72037265744639], [0.810626561970199, 48.66666542830247], [0.819636188167186, 48.609871113219334], [0.967418666857715, 48.52385436829342], [0.93569321019795, 48.47560206453942], [0.97659052881691, 48.44108245495415], [0.91637738045989, 48.37448384318205], [0.785396894607372, 48.34045718736375], [0.755692429653096, 48.29988132061137], [0.807666184664664, 48.289826229521196], [0.787451794761793, 48.26129302800936], [0.830615126996241, 48.210721045772836], [0.795695988225677, 48.1879957909423], [0.916650657911377, 48.13893627325287], [0.850148433369363, 48.1332933109155], [0.812310956413725, 48.09504244664417], [0.848223178404972, 48.09464414581931], [0.843614787970742, 48.07300917084819], [0.793934654185494, 48.069693704916645], [0.79752072380878, 48.03723640431272], [0.842412178617484, 48.03016832349306], [0.81871111303317, 47.986654497158106], [0.848883626651522, 47.94143364484183], [0.813581197269606, 47.93189520427785], [0.811786055605482, 47.888503028398574], [0.759649576607739, 47.89959554593452], [0.774741145260288, 47.839738995107055], [0.703796296240262, 47.76775832800783], [0.581237632059369, 47.71357836149454], [0.618638760942994, 47.693746522828214], [0.596638396332546, 47.67286595857626], [0.450077092467337, 47.61937885556612], [0.382633515816267, 47.643421783633315], [0.364688872430552, 47.62024024354066], [0.402385803142531, 47.57842081560656], [0.3783856506719, 47.56840755002103], [0.230671335407337, 47.61081715581131], [0.193053295044752, 47.53812315964798], [0.220005947830274, 47.501894987119755], [0.153456684501846, 47.39876313689039], [0.182957460233303, 47.38041951334211], [0.078585859154188, 47.28389148864069], [0.054155061502645, 47.161029366108856], [0.081212356710723, 47.11853162192811], [0.182368073114625, 47.115113939413625], [0.201166082931547, 47.091296467921026], [0.176072032524947, 47.06057188274292], [0.305344161154632, 47.05270029560193], [0.291357414284592, 46.9902595054131], [0.324970654517775, 46.9305488483786], [0.59942867438297, 46.95616421804269], [0.567584957560815, 47.00650837237335], [0.692886031271278, 46.974131452142586], [0.704922405264183, 46.902765723885544], [0.913152358029961, 46.72567557322771], [0.910669735785497, 46.60166928615331], [1.146327474948626, 46.50580387037553], [1.151835552307016, 46.44864815159708], [1.213221993294786, 46.433128824351115], [1.182241550450744, 46.375888415024505], [1.303705568168605, 46.371136702610485], [1.344690314546163, 46.401581448378856], [1.416897776628147, 46.34705217789836], [1.522727097132595, 46.4267330718129], [1.54640547970113, 46.39316754111797], [1.60930445415471, 46.423092238724564], [1.627728855604462, 46.38825125012716], [1.683732724019817, 46.41817837925827], [1.727162074602929, 46.389220966202494], [1.74797391498028, 46.450390393324945], [1.784910614451584, 46.455365921225706], [1.839650760736489, 46.425848353311565], [2.281089687075233, 46.42047317551321], [2.359856746689653, 46.51587188884877], [2.536649373699507, 46.519704337505544], [2.614892752109683, 46.553287932802135], [2.568510814492999, 46.609141271439924], [2.593001283806323, 46.646556823155834], [2.566782646680803, 46.653561606294545], [2.628260505542494, 46.659141258924684], [2.623250894516691, 46.68963865881222], [2.715125147576918, 46.74517735760754], [2.758682852153809, 46.71750933636601], [2.845401834027578, 46.72667467343688], [2.913346030081347, 46.791032922081065], [3.028131590263093, 46.793295113037175], [3.059204778844124, 46.82663914335067], [3.075160728955185, 47.02931781342221], [3.019340996690526, 47.06816805775795], [2.983081112868537, 47.26080292757283], [2.876571632540047, 47.321873165608935], [2.931506434088698, 47.43990444239355], [2.844894817772869, 47.5448884535946], [2.976537935335726, 47.5696034221805], [2.936132652365399, 47.59941477014369], [2.953941106199978, 47.645941490880276], [2.926173269626368, 47.68201709880811], [2.84851614151385, 47.726015918916495], [2.856360700115313, 47.761801835309534], [3.024956285781587, 47.787275358397146], [3.009298308408866, 47.90554142137829], [3.126982440882186, 47.96806986347469], [3.099474897282144, 48.01996564181868], [3.124227598285273, 48.031113443210884], [3.050221516365736, 48.072156063839834], [3.029309618936243, 48.133320589754966], [2.953220786954703, 48.16517498823553], [2.820926825566628, 48.12972303787382], [2.795259672908834, 48.16912603925835], [2.736694652670558, 48.16614761501925], [2.755623450703414, 48.145886515787595], [2.705524341313351, 48.12311689053749], [2.441775336905275, 48.12476939000777], [2.516773499152191, 48.16676139524746], [2.518519324699489, 48.22831011812264], [2.42341067751712, 48.26027941065398], [2.402968663847022, 48.32064361721128], [2.317147173545778, 48.331664063083004], [2.245215126943108, 48.29821525256626], [2.24624300657815, 48.33118177912487], [2.204108540733148, 48.34491156642882], [2.152064943519967, 48.316103628306074], [2.163885468690958, 48.298377591852685], [1.972251618300056, 48.28821944775387], [1.989166598503546, 48.3636015422664], [1.978188134938286, 48.401829449456116], [1.928326862652026, 48.40614443121065], [1.929495322778949, 48.45713143836771], [1.871024834094465, 48.43980546978691], [1.801287833715395, 48.466016186358736], [1.787542892797324, 48.55381597567617], [1.602777940241654, 48.66311746810791], [1.611846301906186, 48.6892911767101], [1.576364604310537, 48.70259707127454], [1.626752768386714, 48.74810376028816], [1.581943292958555, 48.761862057433305], [1.598094573306621, 48.838892283952404], [1.501397406665655, 48.94103403734606]]]}}, {"type": "Feature", "properties": {"id": "Bourgogne-Franche-Comté", "name": "Bourgogne-Franche-Comté"}, "geometry": {"type": "Polygon", "coordinates": [[[2.936623684076953, 48.163455797460756], [3.029309618936243, 48.133320589754966], [3.050221516365736, 48.072156063839834], [3.124227598285273, 48.031113443210884], [3.099474897282144, 48.01996564181868], [3.128677660045099, 47.98245423552766], [3.009298308408866, 47.90554142137829], [3.024956285781587, 47.787275358397146], [2.856360700115313, 47.761801835309534], [2.84851614151385, 47.726015918916495], [2.926173269626368, 47.68201709880811], [2.953941106199978, 47.645941490880276], [2.936132652365399, 47.59941477014369], [2.976537935335726, 47.5696034221805], [2.844894817772869, 47.5448884535946], [2.931506434088698, 47.43990444239355], [2.876571632540047, 47.321873165608935], [2.983081112868537, 47.26080292757283], [3.019340996690526, 47.06816805775795], [3.075160728955185, 47.02931781342221], [3.037784399963999, 46.77240136304001], [3.198075841686713, 46.67973405269972], [3.269608688926793, 46.71673145478925], [3.346563096777804, 46.68454644691421], [3.43436354924751, 46.712411234450926], [3.456903682742204, 46.651778652307534], [3.560950852090091, 46.68888422584839], [3.547676404820391, 46.72255616000927], [3.597567325091227, 46.72399025650453], [3.589415327142041, 46.761880155056865], [3.625985500703058, 46.75268604505598], [3.724104040132747, 46.62645388728607], [3.741892422946139, 46.53911101840389], [3.999320846186889, 46.46451083759035], [3.97722060541512, 46.39922004729085], [4.004697739447264, 46.32755775551686], [3.891238685031669, 46.28524616422431], [3.890130972164007, 46.214487049888824], [3.972710207422757, 46.20278896635716], [3.98986752506797, 46.16907001615427], [4.207827981825696, 46.19494022176066], [4.281036675363004, 46.15606501505189], [4.374161250582651, 46.18686965235889], [4.406075411042376, 46.29618696503583], [4.503969726540196, 46.267238160053644], [4.56022834671841, 46.29520373762224], [4.618334145551643, 46.2649510931237], [4.679691492435727, 46.30649511286819], [4.710130487814832, 46.27838755254016], [4.679246759688874, 46.25872058075759], [4.736837024341585, 46.232594485141306], [4.727453865178982, 46.17947274062732], [4.780448097674888, 46.17691473867383], [4.941889886899514, 46.519899550639146], [5.056372484707543, 46.48373717785971], [5.201924469738894, 46.508189093600166], [5.214607199320889, 46.46866449747634], [5.315212764725868, 46.44500563905467], [5.298780533846846, 46.413075753769206], [5.377857321171261, 46.382177225977216], [5.404829408148505, 46.31014161357333], [5.423531845745544, 46.34773243593002], [5.437146947817779, 46.315126839461925], [5.466917576725216, 46.32326724820639], [5.473656588716409, 46.26428401360694], [5.541732752906198, 46.26978707954531], [5.643367138893512, 46.344849957424636], [5.714595090198946, 46.30902225056115], [5.725178302665053, 46.260686969644496], [5.869492899680652, 46.26486240485622], [6.085619835819899, 46.44083354649318], [6.0727934518517, 46.46544356284537], [6.156662038634406, 46.545297910040375], [6.110472921940944, 46.57643872907223], [6.452257503417162, 46.774216442667544], [6.431040640812181, 46.812357447829605], [6.464618387729253, 46.89035620657164], [6.432689024464739, 46.92868261073122], [6.719170637342068, 47.05118310914712], [6.702728367333639, 47.082138958319206], [6.955666529240068, 47.243102955040555], [6.941017218050333, 47.28668973364667], [7.056961288836153, 47.33440283664852], [7.015567597353821, 47.372920033340584], [6.879293126307231, 47.35257556364757], [6.940302981815963, 47.43332305027109], [7.002182484412259, 47.45416312202581], [6.982968505970289, 47.49455176710075], [7.112525326734039, 47.495108736806756], [7.143362828977243, 47.52459142205578], [7.080798788376049, 47.59621395111678], [7.005653227329304, 47.602104019155334], [7.048417658888412, 47.68210972112439], [7.015834187910759, 47.74380394805445], [6.866015751607772, 47.78385331223906], [6.84478914109459, 47.823991938038986], [6.606469429350678, 47.944318730544374], [6.478264588208606, 47.88544349070394], [6.391010547182451, 47.960517303108716], [6.205263783558639, 47.93198886994288], [6.149770736817111, 47.96558974205232], [6.131306229357558, 48.0241354710046], [6.041176515785307, 48.00442320835525], [5.949357697512793, 47.93544849732709], [5.92868439989269, 47.93811456176336], [5.960132131097217, 47.96802485057898], [5.931580008172503, 47.97687246483636], [5.828425228609043, 47.851931736561035], [5.761196771811133, 47.85933796407713], [5.742002161956234, 47.81942873880519], [5.692101961209059, 47.82143392367281], [5.691124584470558, 47.68471636067517], [5.596822493249279, 47.67201972808507], [5.567590737152505, 47.70737098816296], [5.52985395986767, 47.6729905987074], [5.419851789363173, 47.67772609619391], [5.359290474616627, 47.593718309751054], [5.3224601014238, 47.61240953999319], [5.256225133497778, 47.57655261097346], [5.258722171608671, 47.6221669416635], [5.174396402879283, 47.65161558715405], [5.178439513388894, 47.68098244025991], [5.125369460861115, 47.646773078139894], [5.053419199430474, 47.66837637158674], [5.029155372432103, 47.70992099824842], [4.969093701585307, 47.68582687889277], [4.958991959376116, 47.76187040983307], [4.917962007038912, 47.77709403619218], [4.994126637629452, 47.81974615460683], [4.90290943586282, 47.92103636341765], [4.833320800859713, 47.90724758150976], [4.866094237750457, 47.940508774678364], [4.786515251763801, 47.964201285167064], [4.810588224441771, 47.988653992985356], [4.789488927544798, 48.008111263546404], [4.585106407034197, 48.0300573848516], [4.535718507969153, 48.00677203969771], [4.554218115211155, 47.96765682157898], [4.312718284088009, 47.96269075746238], [4.29279701966587, 47.925881153724625], [4.203966197001556, 47.97351309121723], [4.202698207582113, 47.94166378933527], [4.165799356973602, 47.95999947322027], [4.109674447809694, 47.92599587352341], [3.901890489196631, 47.92558777058352], [3.911442621255504, 47.98113745351279], [3.850028363224443, 47.9837330159561], [3.870526513138954, 48.016892593815534], [3.822051556755198, 48.04413684170157], [3.791787009039585, 48.11770751800328], [3.740131605119243, 48.13201094137553], [3.747463455156997, 48.1662512965801], [3.66790818799453, 48.13928637365072], [3.633216531485477, 48.18888084365096], [3.578754336235962, 48.18486456986223], [3.621767262271224, 48.22566312778301], [3.599546660279388, 48.23656923010954], [3.61662506626002, 48.27145420513515], [3.504852389905312, 48.365670670114056], [3.42738844170016, 48.35808860850038], [3.383340214744506, 48.40005310995869], [3.35667438711407, 48.37099297983706], [3.04613384739667, 48.35796786674478], [3.01464762953619, 48.30628509897984], [3.047353992990203, 48.24969534825208], [2.936623684076953, 48.163455797460756]]]}}, {"type": "Feature", "properties": {"id": "Normandie", "name": "Normandie"}, "geometry": {"type": "MultiPolygon", "coordinates": [[[[-1.246878460251737, 49.59166022637013], [-1.241083521532428, 49.586238211154466], [-1.239144617344313, 49.58887262001599], [-1.246878460251737, 49.59166022637013]]], [[[-1.15637765729818, 49.492810182663824], [-1.150532581698658, 49.49375943103293], [-1.154736808881721, 49.49426957244628], [-1.15637765729818, 49.492810182663824]]], [[[-1.147459308340047, 49.49781115169009], [-1.144357179155987, 49.49808473119133], [-1.146109140633977, 49.49888785649021], [-1.147459308340047, 49.49781115169009]]], [[[-1.822702252721489, 48.87231445354528], [-1.832408528783965, 48.86907085914728], [-1.821514779934232, 48.86862414717136], [-1.822702252721489, 48.87231445354528]]], [[[-1.842837219012653, 48.87751829798977], [-1.841643399011568, 48.87624217993297], [-1.841941225829348, 48.8790015864714], [-1.842837219012653, 48.87751829798977]]], [[[-1.767526054446306, 48.87326788402145], [-1.765804304062662, 48.87225989475712], [-1.766657854598708, 48.875046735808866], [-1.767526054446306, 48.87326788402145]]], [[[-1.798221834183604, 48.87800881566803], [-1.796498289047336, 48.87734548316594], [-1.795361711176935, 48.878603770249185], [-1.798221834183604, 48.87800881566803]]], [[[-1.678244560862407, 49.669758988310946], [-1.678943980366825, 49.66921717610224], [-1.663309139947492, 49.67169674122167], [-1.678244560862407, 49.669758988310946]]], [[[-1.647997138291802, 49.67426359956801], [-1.619891692525829, 49.673859028884344], [-1.598139650990232, 49.671448999833814], [-1.619051079319467, 49.6742114164534], [-1.647997138291802, 49.67426359956801]]], [[[-1.58290894742556, 49.67010262055006], [-1.584827215829419, 49.67005906903893], [-1.580439611307005, 49.66866827632285], [-1.58290894742556, 49.67010262055006]]], [[[-1.554540824095939, 48.931234423254615], [-1.553414726878932, 48.93063051781423], [-1.553187930679846, 48.931974065667895], [-1.554540824095939, 48.931234423254615]]], [[[1.623408953057119, 49.08600024930382], [1.708683363378414, 49.264699394184014], [1.790296032157655, 49.24681836958939], [1.802863031319563, 49.271916468457434], [1.720477777046517, 49.39401029060199], [1.740488821169827, 49.405591160337366], [1.713965503086742, 49.40689071279022], [1.790265380183657, 49.503474100725825], [1.716461703056043, 49.50376956204209], [1.747834678567124, 49.53870538330106], [1.690391087391099, 49.57994728254487], [1.72225570970676, 49.58897340429624], [1.693914169712654, 49.601149518880874], [1.721554480090669, 49.623454702221785], [1.698649606562338, 49.64453031019557], [1.752365643603209, 49.68069213982926], [1.688851745420302, 49.695310756289935], [1.749755615208313, 49.76386185509924], [1.78672013692815, 49.76195930340212], [1.712836558668646, 49.887297368253215], [1.453009416867555, 50.038954959772866], [1.449600458974178, 50.07006286539871], [1.368966978921559, 50.06472951760113], [1.085368782381806, 49.92726353779367], [0.580580746904495, 49.85186676341297], [0.205820800313173, 49.71466103886874], [0.156747345853085, 49.66195227211107], [0.153573819484044, 49.66165413147239], [0.142252110141046, 49.669164509830054], [0.136653079028316, 49.670514620729016], [0.123305851719605, 49.670118704490754], [0.117722508822451, 49.66389013343006], [0.153389232141735, 49.64503136901884], [0.066316899726837, 49.51017445209119], [0.175481532602842, 49.47138316908536], [0.089488409717357, 49.48442066769566], [0.108399982683514, 49.4673439696482], [0.178482701856171, 49.45586827390209], [0.114355368925128, 49.457637829235416], [0.337211457322016, 49.43395774548259], [0.130603114632654, 49.403428429183634], [-0.003905291917026, 49.32456797482744], [-0.111269571904703, 49.28577312641069], [-0.089773961270666, 49.29810979154931], [-0.229166127180104, 49.28613165184039], [-0.219475619618524, 49.27085279904221], [-0.24929436612993, 49.260034639573014], [-0.227163848475974, 49.27621292583194], [-0.246866553334094, 49.292332379445625], [-0.396216917839533, 49.333250731171], [-0.755251428470137, 49.348619194152484], [-0.967537639819583, 49.39688075458008], [-1.078533353305327, 49.388183125655885], [-1.119526655098232, 49.35943630729789], [-1.099560893923494, 49.319777251641966], [-1.139528814458324, 49.30868941362036], [-1.118035375877732, 49.34494861432609], [-1.17087692569867, 49.357197740329916], [-1.187097822825298, 49.34052641727716], [-1.200940995384653, 49.333624588062136], [-1.212932356704662, 49.33105523558583], [-1.223583122578623, 49.31220099818572], [-1.234378802451206, 49.302400902541095], [-1.245459372555157, 49.32578630103815], [-1.1839122703082, 49.34590006781771], [-1.162199214024765, 49.39138367903443], [-1.307274082507274, 49.54105853969364], [-1.29632225860044, 49.583273346236815], [-1.228931974513625, 49.605803923022314], [-1.26534573180432, 49.696971161924715], [-1.472916396861595, 49.69723400288593], [-1.487821559481209, 49.66816988766635], [-1.620100268182781, 49.63922881770024], [-1.852673105700748, 49.71823179196692], [-1.948506009032808, 49.71626284066006], [-1.947059819611349, 49.67510922974023], [-1.847288338910838, 49.624531223185194], [-1.841600923531664, 49.57272164072288], [-1.889192680081809, 49.53410950463183], [-1.84977015043703, 49.50725228163727], [-1.809181384110917, 49.37252913074914], [-1.686978879965048, 49.33051044800305], [-1.707564772399863, 49.31738114416721], [-1.62842182659302, 49.211559641683145], [-1.616423543328924, 49.24013700656116], [-1.566713254521333, 49.22105995822894], [-1.61377547117537, 49.218316712006086], [-1.609790458236617, 49.07204108868436], [-1.597519942534166, 49.07355730852337], [-1.606903206564042, 49.06786021022344], [-1.594467579093054, 49.02335922837693], [-1.584996868789376, 49.004516774634624], [-1.57815545646335, 48.998835314715365], [-1.560100062468203, 49.0383179099532], [-1.542363424329966, 49.041146940158974], [-1.504857458574161, 49.02031430551723], [-1.557173834079486, 49.0263141388837], [-1.548461386286635, 48.89337203541298], [-1.56268762840142, 48.91390503626274], [-1.55660994440012, 48.92254169026935], [-1.558787108480805, 48.92649691995323], [-1.557280105316163, 48.930294267844296], [-1.552370999112446, 48.93330762590419], [-1.552861411920812, 48.936689320435946], [-1.564994002959236, 48.92175831615595], [-1.582434433257063, 48.85298231128067], [-1.614412505791162, 48.83406339624919], [-1.574205438660022, 48.82138410039603], [-1.570399306272387, 48.743665090562864], [-1.501618542217277, 48.68620661531802], [-1.446590850700751, 48.65415006637374], [-1.372930560626724, 48.69289497302948], [-1.399694431724372, 48.6555364792427], [-1.345269195114333, 48.632895143285054], [-1.570855605611889, 48.6262383951587], [-1.489922091533116, 48.48931633691018], [-1.419694379653858, 48.46028547605812], [-1.345087711540894, 48.4724700282738], [-1.251875801239012, 48.543771727161754], [-1.002948090636425, 48.489093405271824], [-0.955408560322357, 48.51728361224745], [-0.846571526920322, 48.49964636970723], [-0.764558598731496, 48.436337760730446], [-0.668800076845318, 48.486547110068116], [-0.651075095221885, 48.44394692446026], [-0.509893349794883, 48.50907071869014], [-0.353156452843776, 48.48371937526646], [-0.320104503379722, 48.52311553359555], [-0.271471313009985, 48.50741111753994], [-0.246179757825435, 48.56638137491111], [-0.208232074560769, 48.564226078767646], [-0.144374727896225, 48.52772706156173], [-0.173255274423479, 48.509778724198085], [-0.147486220491763, 48.456946764584906], [-0.051014577766933, 48.452970042780805], [-0.057975009567398, 48.38727708670774], [-0.050272026361553, 48.37521922907362], [-0.002487765692286, 48.3975371637859], [0.061175899888673, 48.379849513881986], [0.157677516260575, 48.44075339423414], [0.145885726448913, 48.45759326508058], [0.300584521697601, 48.4805804141662], [0.382622831240135, 48.425134678735056], [0.395714884501374, 48.3203290780619], [0.490238287179313, 48.30961939366204], [0.536466876074189, 48.24934629550732], [0.68308457255082, 48.25503602294486], [0.757689661440873, 48.1798896672768], [0.830615126996241, 48.210721045772836], [0.787451794761793, 48.26129302800936], [0.807666184664664, 48.289826229521196], [0.755692429653096, 48.29988132061137], [0.769118472485848, 48.3224176060616], [0.909144473600662, 48.370313657280114], [0.976414541753978, 48.43876933535038], [0.93569321019795, 48.47560206453942], [0.967418666857715, 48.52385436829342], [0.819636188167186, 48.609871113219334], [0.810626561970199, 48.66666542830247], [0.890245763939789, 48.72037265744639], [1.113893852316824, 48.746083116328755], [1.121380921191983, 48.78923485708021], [1.222883608578398, 48.757996712756096], [1.374996481713562, 48.781285739552025], [1.361161286768645, 48.833674788692974], [1.460711142009411, 48.87257747614981], [1.447804700289873, 48.9246064818788], [1.518265147655096, 48.97840312445444], [1.470982389135414, 48.97495412551472], [1.447292137684176, 49.05350326835774], [1.502332206062537, 49.058916295108574], [1.507926824019907, 49.08540734765374], [1.623408953057119, 49.08600024930382]]]]}}, {"type": "Feature", "properties": {"id": "Hauts-de-France", "name": "Hauts-de-France"}, "geometry": {"type": "Polygon", "coordinates": [[[3.48501923270186, 48.851845323103326], [3.677784314257078, 49.01391691338531], [3.650003387521594, 49.043012461529216], [3.585134239661751, 49.038987610553185], [3.638946371158137, 49.077498672385815], [3.599667521552024, 49.120679140155396], [3.621482053108474, 49.15044051234977], [3.748767845640252, 49.15708513325138], [3.654867481913577, 49.21257651224067], [3.678256369666212, 49.23522876850737], [3.643940319862819, 49.3127136717361], [3.77772588786433, 49.35597725426153], [3.852841317423809, 49.34496921801195], [3.861086553128179, 49.385999722441696], [3.822582312015746, 49.40254126958897], [3.924671101638562, 49.407819539075454], [4.03580166061249, 49.35989165547036], [4.037211377327873, 49.438195015695584], [4.068214337983352, 49.44557313416324], [4.04020080325519, 49.506339650515635], [4.075835432204229, 49.51834511850302], [4.048713420973778, 49.54535667424064], [4.076793991507818, 49.57069501744205], [4.025217550677357, 49.62257696775054], [4.115745174150733, 49.632920815796595], [4.12702698569341, 49.677916707718865], [4.249600765372731, 49.75710750642266], [4.205920739567765, 49.77818675979733], [4.252751996980741, 49.869627444079775], [4.25583684779586, 49.903980274853076], [4.216862304262529, 49.914094407634124], [4.233158566360097, 49.957750980032415], [4.144944762763441, 49.97603040953685], [4.161917698734682, 50.00030565951253], [4.135355304925615, 50.01512681560322], [4.231265637213395, 50.07138249931946], [4.199472270427598, 50.13416853750894], [4.127048505123502, 50.135579172500925], [4.150377567413135, 50.21356941497979], [4.220032287946041, 50.251619350481974], [4.208255731706763, 50.27301545367901], [4.162595372550648, 50.2889556064924], [4.16764116636984, 50.259507966328535], [4.135513476994221, 50.25740532143856], [4.118187407264103, 50.30315360832361], [4.024197591000225, 50.359180601119135], [3.900683936906017, 50.32694903605498], [3.747150704852574, 50.350988142201615], [3.709624177947304, 50.30331893803139], [3.657284786209031, 50.36858840128654], [3.662806219895906, 50.45601804123425], [3.607555320861727, 50.497212529971016], [3.500712154076126, 50.486685854418944], [3.520004486396882, 50.523620318075345], [3.47446039189263, 50.533680124368004], [3.376531474794496, 50.49109255218239], [3.288508143805904, 50.52581825760952], [3.240078354516226, 50.65860941773785], [3.261111484371572, 50.7013392362535], [3.205490517052479, 50.711805100592905], [3.150372217074036, 50.79010176231088], [2.951262988242902, 50.75194880298097], [2.906094187985402, 50.69248876160947], [2.790119429515627, 50.72575731765032], [2.724109711000569, 50.8105829004301], [2.635069418287399, 50.81290919566436], [2.5990432350118, 50.8489356715351], [2.590271287823557, 50.91910059929403], [2.632925929000945, 50.94618440509663], [2.574046121420865, 51.0032485909626], [2.545506839235904, 51.088989440783664], [2.375233795479113, 51.041981505923594], [2.16332543438478, 51.044113983023564], [2.110456259185404, 51.00575784556287], [1.854189307785789, 50.981365713087825], [1.58202234042543, 50.87118909905301], [1.606921645243145, 50.77061607765146], [1.601472955731263, 50.723614782207875], [1.562773214849673, 50.72531674710002], [1.576430261390331, 50.57237562999527], [1.644424758333676, 50.50920221898628], [1.586175442483637, 50.539409696539636], [1.555715721495791, 50.399506685148474], [1.625504821436763, 50.37199633669057], [1.646470306506007, 50.348365125969295], [1.555649817797041, 50.363328551745916], [1.538720114033048, 50.27621001464317], [1.683793928232033, 50.18302609834176], [1.51885086256502, 50.205782214936896], [1.453601524788892, 50.10910215582037], [1.380640996690968, 50.064372160595404], [1.449600458974178, 50.07006286539871], [1.453009416867555, 50.038954959772866], [1.679042870049818, 49.91670577364987], [1.78672013692815, 49.76195930340212], [1.749755615208313, 49.76386185509924], [1.688851745420302, 49.695310756289935], [1.751011115399149, 49.695236553031016], [1.698649606562338, 49.64453031019557], [1.721554480090669, 49.623454702221785], [1.693914169712654, 49.601149518880874], [1.72225570970676, 49.58897340429624], [1.690391087391099, 49.57994728254487], [1.747834678567124, 49.53870538330106], [1.716461703056043, 49.50376956204209], [1.790776215668475, 49.49800882450957], [1.713965503086742, 49.40689071279022], [1.740488821169827, 49.405591160337366], [1.720477777046517, 49.39401029060199], [1.802863031319563, 49.271916468457434], [1.790296032157655, 49.24681836958939], [1.708683363378414, 49.264699394184014], [1.698907386996721, 49.23511908950458], [1.740440872499697, 49.224282541162914], [1.715525689076281, 49.20266253427466], [1.882953328474857, 49.162576218700906], [2.080736629782236, 49.21071503036181], [2.241315034488069, 49.151588832063574], [2.310801083145411, 49.186745675660994], [2.490067622738633, 49.10624577009458], [2.553433005081058, 49.12454210446737], [2.583558640225259, 49.0798251316755], [2.633912317810848, 49.108600248761576], [2.734605923363826, 49.06052625485357], [2.809213065025145, 49.097533364114966], [2.856122018909244, 49.070094224578995], [2.968013311286655, 49.09152418697615], [2.986830789909118, 49.070881856076056], [3.066111970908449, 49.08517322636628], [3.069579134878933, 49.11764728242797], [3.137123812225457, 49.10764694291109], [3.190734560351175, 49.051282567749006], [3.167451784404943, 49.0124584627662], [3.264925826267932, 48.93878814773154], [3.304410962993503, 48.948779526991835], [3.330294003482511, 48.90870700297291], [3.367998905411946, 48.928303927832005], [3.381371278840235, 48.87155071212889], [3.48501923270186, 48.851845323103326]]]}}, {"type": "Feature", "properties": {"id": "Grand Est", "name": "Grand Est"}, "geometry": {"type": "Polygon", "coordinates": [[[3.38366526926314, 48.47959411167858], [3.42738844170016, 48.35808860850038], [3.504852389905312, 48.365670670114056], [3.61662506626002, 48.27145420513515], [3.599546660279388, 48.23656923010954], [3.621767262271224, 48.22566312778301], [3.578754336235962, 48.18486456986223], [3.633216531485477, 48.18888084365096], [3.66790818799453, 48.13928637365072], [3.747463455156997, 48.1662512965801], [3.740131605119243, 48.13201094137553], [3.791787009039585, 48.11770751800328], [3.822051556755198, 48.04413684170157], [3.870526513138954, 48.016892593815534], [3.850028363224443, 47.9837330159561], [3.911442621255504, 47.98113745351279], [3.901890489196631, 47.92558777058352], [4.109674447809694, 47.92599587352341], [4.165799356973602, 47.95999947322027], [4.202698207582113, 47.94166378933527], [4.203966197001556, 47.97351309121723], [4.29279701966587, 47.925881153724625], [4.312718284088009, 47.96269075746238], [4.554218115211155, 47.96765682157898], [4.535718507969153, 48.00677203969771], [4.585106407034197, 48.0300573848516], [4.789488927544798, 48.008111263546404], [4.810588224441771, 47.988653992985356], [4.786515251763801, 47.964201285167064], [4.866094237750457, 47.940508774678364], [4.833320800859713, 47.90724758150976], [4.90290943586282, 47.92103636341765], [4.994126637629452, 47.81974615460683], [4.917962007038912, 47.77709403619218], [4.958991959376116, 47.76187040983307], [4.969093701585307, 47.68582687889277], [5.029155372432103, 47.70992099824842], [5.053419199430474, 47.66837637158674], [5.125369460861115, 47.646773078139894], [5.178439513388894, 47.68098244025991], [5.174396402879283, 47.65161558715405], [5.258722171608671, 47.6221669416635], [5.253115949950774, 47.576855834463885], [5.3224601014238, 47.61240953999319], [5.359290474616627, 47.593718309751054], [5.419851789363173, 47.67772609619391], [5.52985395986767, 47.6729905987074], [5.567590737152505, 47.70737098816296], [5.596822493249279, 47.67201972808507], [5.691124584470558, 47.68471636067517], [5.692101961209059, 47.82143392367281], [5.742002161956234, 47.81942873880519], [5.761196771811133, 47.85933796407713], [5.796156541208866, 47.84672591106542], [5.828425228609043, 47.851931736561035], [5.931580008172503, 47.97687246483636], [5.960132131097217, 47.96802485057898], [5.92868439989269, 47.93811456176336], [5.949357697512793, 47.93544849732709], [6.041176515785307, 48.00442320835525], [6.131306229357558, 48.0241354710046], [6.149770736817111, 47.96558974205232], [6.205263783558639, 47.93198886994288], [6.391010547182451, 47.960517303108716], [6.478264588208606, 47.88544349070394], [6.606469429350678, 47.944318730544374], [6.84478914109459, 47.823991938038986], [6.866015751607772, 47.78385331223906], [7.015834187910759, 47.74380394805445], [7.048417658888412, 47.68210972112439], [7.005653227329304, 47.602104019155334], [7.080798788376049, 47.59621395111678], [7.143362828977243, 47.52459142205578], [7.13025733192307, 47.502946799022276], [7.201292586895685, 47.49413181968512], [7.170203580544528, 47.44298309313607], [7.385586059767578, 47.43186254495666], [7.455829248490759, 47.47070523851178], [7.42082095769303, 47.48037147849337], [7.433145750049732, 47.49717241475389], [7.511072972992998, 47.49703175739958], [7.497877781714997, 47.52125228776716], [7.531231025326879, 47.52816399441642], [7.499180205209465, 47.54011774060044], [7.592875192834911, 47.597484017327325], [7.511756854212251, 47.69766618169833], [7.547864355952037, 47.73078145419499], [7.529845723637542, 47.780101087290454], [7.556637987964707, 47.877885621120136], [7.621822990131299, 47.97228997616315], [7.568999798650184, 48.0346559836843], [7.56932506398605, 48.08178583030706], [7.693157814231012, 48.30114199956259], [7.74427446673765, 48.32676825445673], [7.732990565470702, 48.3970183458576], [7.8049381955579, 48.513116844991885], [7.800823180255133, 48.58542882728152], [7.972067870304938, 48.75795360289729], [8.090644726925175, 48.804958911126], [8.142540386663336, 48.8973580453639], [8.232496511358603, 48.96641830742273], [8.087763131295265, 48.989779324320544], [7.933964392460037, 49.05786341761185], [7.866754444908907, 49.032982774525465], [7.794366896620152, 49.065780903961716], [7.631454192753084, 49.05488753191523], [7.52882879870274, 49.097060416294894], [7.494111765212536, 49.169604534124105], [7.432491694737791, 49.1658783078762], [7.445841277908515, 49.18429203017748], [7.365422479167994, 49.17209113264706], [7.36267586257514, 49.14324078022139], [7.293555410597476, 49.114960554569016], [7.158737696344362, 49.120523414025726], [7.101473928231747, 49.15597933800673], [7.052546080126423, 49.1128070004209], [7.034984206292611, 49.19138874149669], [6.938213374325753, 49.2224203719225], [6.838024821061492, 49.21345733300272], [6.861868070270508, 49.179072574789465], [6.834168476600268, 49.15126155143837], [6.738650362420839, 49.16363344958287], [6.670272442896213, 49.280228298449366], [6.566158683872794, 49.34722014326691], [6.60232241531424, 49.367082049119006], [6.540697371686524, 49.40109690459068], [6.54117972668609, 49.43287192504731], [6.428142132749914, 49.47697149455272], [6.334025135067012, 49.466939344508866], [6.240650729567697, 49.514937078902975], [6.041773478540464, 49.44785887447832], [5.980312910468709, 49.45186915973056], [5.943153363647831, 49.50023177720529], [5.866262494797382, 49.499912757841045], [5.774441394597255, 49.56320401026877], [5.746412771729604, 49.53952455312268], [5.64261928985955, 49.55040505754661], [5.611028459005525, 49.5059876987822], [5.556699360456112, 49.52921743364237], [5.465016139029711, 49.49886444319465], [5.428431349239967, 49.59607384901596], [5.352243834642753, 49.63104947376603], [5.312133731697212, 49.61165005095132], [5.332198726071336, 49.65436447338209], [5.269403428828585, 49.69616287431057], [5.164291816747478, 49.69340246978767], [5.093880634808886, 49.763828264437954], [4.994146894481795, 49.80084723078303], [4.851677685921516, 49.79348098712382], [4.876267625497718, 49.81983896136322], [4.847450007840905, 49.86796702644286], [4.890199407117323, 49.908953619844745], [4.79024607466257, 49.968985121381934], [4.841693826409256, 50.03877243055841], [4.81965162357211, 50.06606576276318], [4.897106457371723, 50.13799804121308], [4.825279673666872, 50.169128032813994], [4.6797093981207, 50.06795425123919], [4.692994065416887, 49.995498929726665], [4.445604785326957, 49.93717269731311], [4.233158566360097, 49.957750980032415], [4.216862304262529, 49.914094407634124], [4.25583684779586, 49.903980274853076], [4.252751996980741, 49.869627444079775], [4.205920739567765, 49.77818675979733], [4.249600765372731, 49.75710750642266], [4.12702698569341, 49.677916707718865], [4.115745174150733, 49.632920815796595], [4.024491747727213, 49.62121437864005], [4.076793991507818, 49.57069501744205], [4.048713420973778, 49.54535667424064], [4.075835432204229, 49.51834511850302], [4.04020080325519, 49.506339650515635], [4.068214337983352, 49.44557313416324], [4.037211377327873, 49.438195015695584], [4.03580166061249, 49.35989165547036], [3.924671101638562, 49.407819539075454], [3.822582312015746, 49.40254126958897], [3.861086553128179, 49.385999722441696], [3.852841317423809, 49.34496921801195], [3.77772588786433, 49.35597725426153], [3.643940319862819, 49.3127136717361], [3.678256369666212, 49.23522876850737], [3.654867481913577, 49.21257651224067], [3.748767845640252, 49.15708513325138], [3.621482053108474, 49.15044051234977], [3.599667521552024, 49.120679140155396], [3.638946371158137, 49.077498672385815], [3.585134239661751, 49.038987610553185], [3.650003387521594, 49.043012461529216], [3.677784314257078, 49.01391691338531], [3.481436948013025, 48.86635258357073], [3.487032212715447, 48.81511641453405], [3.404524017996953, 48.80904571483047], [3.443565445278884, 48.79093581156766], [3.399050001086557, 48.75492521168537], [3.469715471844077, 48.737883109992744], [3.450864182979124, 48.6346751404452], [3.533603064430008, 48.64651803846823], [3.559027106557363, 48.61771854226982], [3.465353380916502, 48.57047192273814], [3.481750724291409, 48.54145315464449], [3.405371096209291, 48.52785216572778], [3.43523091352334, 48.496869743474505], [3.38366526926314, 48.47959411167858]]]}}, {"type": "Feature", "properties": {"id": "Pays de la Loire", "name": "Pays de la Loire"}, "geometry": {"type": "MultiPolygon", "coordinates": [[[[-2.36166139153588, 47.043240618014984], [-2.354624516585857, 47.0381982408867], [-2.358288909194869, 47.04278010244859], [-2.36166139153588, 47.043240618014984]]], [[[-2.621726949974606, 47.4137893816588], [-2.622884961940127, 47.40931024616449], [-2.617055528896823, 47.41156609467156], [-2.621726949974606, 47.4137893816588]]], [[[-2.400664823671526, 46.7258397961929], [-2.380800264846732, 46.6985244738969], [-2.282620083499428, 46.68836817410152], [-2.346954390002527, 46.72975424848792], [-2.400664823671526, 46.7258397961929]]], [[[-2.512882517102211, 47.29592453856199], [-2.511023584846882, 47.29589383941778], [-2.511629063450722, 47.297035505120114], [-2.512882517102211, 47.29592453856199]]], [[[-2.197857903467954, 46.951139510953446], [-2.148355224559874, 46.89396195782311], [-2.156850548770786, 46.95012937870245], [-2.246586596582255, 46.98411438793923], [-2.222213265908282, 47.014437644062504], [-2.307469272973016, 47.02485094146333], [-2.264034050042031, 46.96041144653543], [-2.197857903467954, 46.951139510953446]]], [[[0.797859366645849, 48.194769264193404], [0.757689661440873, 48.1798896672768], [0.68308457255082, 48.25503602294486], [0.536466876074189, 48.24934629550732], [0.490238287179313, 48.30961939366204], [0.395714884501374, 48.3203290780619], [0.382622831240135, 48.425134678735056], [0.300584521697601, 48.4805804141662], [0.145885726448913, 48.45759326508058], [0.157677516260575, 48.44075339423414], [0.061175899888673, 48.379849513881986], [-0.002487765692286, 48.3975371637859], [-0.050272026361553, 48.37521922907362], [-0.051014577766933, 48.452970042780805], [-0.147486220491763, 48.456946764584906], [-0.173255274423479, 48.509778724198085], [-0.144374727896225, 48.52772706156173], [-0.208232074560769, 48.564226078767646], [-0.246179757825435, 48.56638137491111], [-0.271471313009985, 48.50741111753994], [-0.320104503379722, 48.52311553359555], [-0.353156452843776, 48.48371937526646], [-0.509893349794883, 48.50907071869014], [-0.651075095221885, 48.44394692446026], [-0.666066284859081, 48.485908417076466], [-0.730838942411241, 48.47317913546139], [-0.714840010847492, 48.449090666123766], [-0.759078714178424, 48.436155850444784], [-0.846571526920322, 48.49964636970723], [-0.955408560322357, 48.51728361224745], [-1.002948090636425, 48.489093405271824], [-1.060171362943063, 48.51545034489345], [-1.083594402904047, 48.43367116543291], [-1.045086589055989, 48.32780932009571], [-1.10201671368742, 48.26266654942089], [-1.015612896689944, 48.00339702916417], [-1.155487083908143, 47.96537076747138], [-1.246066514660124, 47.77672979389435], [-1.478599665542999, 47.83579261898089], [-1.471300791614406, 47.80299258410578], [-1.623145899245371, 47.76353969639966], [-1.657613591665104, 47.709415060642264], [-1.859295737342982, 47.70816841115525], [-1.956539615602639, 47.671201017772596], [-1.973641708821607, 47.694443485065115], [-2.090804843054526, 47.642138999268646], [-2.098833050680168, 47.533450020905825], [-2.156044999402674, 47.52201799089763], [-2.164153430216306, 47.489178045655805], [-2.298543359571946, 47.515885304621555], [-2.317212414078638, 47.46123328593335], [-2.453174055546147, 47.46248817658112], [-2.432735341008626, 47.413868027753416], [-2.559629261101078, 47.37409511065239], [-2.470048719737779, 47.28407171533601], [-2.547542971384185, 47.292343588126464], [-2.432043881763975, 47.25805823820237], [-2.416544247781219, 47.26067563772426], [-2.427915714162063, 47.27730562309287], [-2.427272557136198, 47.28114559716398], [-2.423893537070289, 47.28370054885432], [-2.37380562862008, 47.27834299578468], [-2.298441546563713, 47.233237770034386], [-2.170447437912104, 47.26871259198986], [-2.169716598493779, 47.16385150123149], [-2.247116139587785, 47.13210210173655], [-2.09880371232207, 47.11530859748935], [-1.97554249396153, 47.02883893146626], [-2.029163812386908, 47.00973551657855], [-2.033508409181154, 46.968988643719165], [-2.114758949702518, 46.89934856049513], [-2.156349640765872, 46.889017511448564], [-2.143328089949711, 46.82188898519002], [-1.934332394486587, 46.69609384847394], [-1.933580747818815, 46.691749752500435], [-1.946996539869363, 46.69631298578489], [-1.949686426991931, 46.69466584194252], [-1.954290909048857, 46.690984439636985], [-1.856314599383446, 46.60888377932588], [-1.802995896485466, 46.488708662568115], [-1.648187241676271, 46.41979739080735], [-1.512895934787747, 46.40336520138991], [-1.467233088447461, 46.3428008046427], [-1.357774330740311, 46.34797191262569], [-1.300895611492314, 46.29388409794546], [-1.28398063379153, 46.28649696608743], [-1.265581858327856, 46.28220307134475], [-1.29773038729991, 46.29388463918592], [-1.285629021010446, 46.293804433833984], [-1.28392341296128, 46.29468388185035], [-1.299241421911005, 46.29589451680163], [-1.289921775047358, 46.304196522833706], [-1.331623243342728, 46.33850092718487], [-1.336788412097812, 46.34983426300118], [-1.331658296216616, 46.34932241965749], [-1.20760911700631, 46.266910852758926], [-1.202777794220069, 46.316069966051295], [-1.164833296108171, 46.33306959161605], [-1.096472278017339, 46.312119484250914], [-1.053691200110429, 46.34951605936088], [-0.929403791593015, 46.37148086167797], [-0.963143758871298, 46.32272686064546], [-0.932377809412525, 46.31050845337711], [-0.803282716340209, 46.34289040370197], [-0.748815038895335, 46.301686540290945], [-0.648248874424402, 46.31696157976276], [-0.538147553519829, 46.386353744087955], [-0.640667445548862, 46.39719140783346], [-0.607806016515351, 46.454575928363774], [-0.646112506914019, 46.51207705295073], [-0.602234077437419, 46.533354743606445], [-0.614049685322969, 46.62160837113592], [-0.658929852674818, 46.635960394811335], [-0.636971325580188, 46.66337745418727], [-0.681084487165383, 46.68698291044168], [-0.656162148138884, 46.700798945012025], [-0.727449730864289, 46.76762979210735], [-0.698514220195843, 46.810739273936036], [-0.782291436522152, 46.84322827937927], [-0.832336697800211, 46.88464556890356], [-0.807411078226201, 46.92005656846608], [-0.903475360872801, 46.971598225649466], [-0.786724234436257, 47.00545182201927], [-0.595493292713698, 46.99791029159447], [-0.542336224244005, 47.03253155455388], [-0.557552530971356, 47.06408996221663], [-0.492998629711922, 47.083365349792054], [-0.459495589906845, 47.08199074863975], [-0.480320366102588, 47.05333810213847], [-0.396158548803073, 47.09163791078118], [-0.18031446879741, 47.108248046210036], [-0.140142596145332, 47.0978168476611], [-0.179203293698672, 47.070157309213684], [-0.128788401063523, 47.05442424791532], [-0.085909274640677, 47.101010256765804], [-0.035503651403108, 47.086741021494824], [-0.012101080036972, 47.15644783154106], [0.063182173947955, 47.17630220391255], [0.078585859154188, 47.28389148864069], [0.182957460233303, 47.38041951334211], [0.153456684501846, 47.39876313689039], [0.220005947830274, 47.501894987119755], [0.193053295044752, 47.53812315964798], [0.230671335407337, 47.61081715581131], [0.402385803142531, 47.57842081560656], [0.364688872430552, 47.62024024354066], [0.382633515816267, 47.643421783633315], [0.450077092467337, 47.61937885556612], [0.61480971981711, 47.682924786951475], [0.581237632059369, 47.71357836149454], [0.703796296240262, 47.76775832800783], [0.774741145260288, 47.839738995107055], [0.759649576607739, 47.89959554593452], [0.817974438938345, 47.892795702905815], [0.813581197269606, 47.93189520427785], [0.848883626651522, 47.94143364484183], [0.81871111303317, 47.986654497158106], [0.842412178617484, 48.03016832349306], [0.79752072380878, 48.03723640431272], [0.793934654185494, 48.069693704916645], [0.843614787970742, 48.07300917084819], [0.848223178404972, 48.09464414581931], [0.812310956413725, 48.09504244664417], [0.850148433369363, 48.1332933109155], [0.916650657911377, 48.13893627325287], [0.797859366645849, 48.194769264193404]]]]}}, {"type": "Feature", "properties": {"id": "Bretagne", "name": "Bretagne"}, "geometry": {"type": "MultiPolygon", "coordinates": [[[[-4.0147533359165, 47.70928508154154], [-4.013012928435493, 47.70872734079152], [-4.01334956453243, 47.70990892961249], [-4.0147533359165, 47.70928508154154]]], [[[-3.437422081845052, 48.900972251660725], [-3.438563572808973, 48.897340419474546], [-3.435246954010291, 48.89977567975333], [-3.437422081845052, 48.900972251660725]]], [[[-3.465972676410031, 48.890439316671454], [-3.461337925498805, 48.89124136391564], [-3.464011674615624, 48.89259367972351], [-3.465972676410031, 48.890439316671454]]], [[[-4.011311364919033, 47.718887810250685], [-4.011181171599342, 47.715667902067736], [-4.006967903824614, 47.71741824914253], [-4.011311364919033, 47.718887810250685]]], [[[-4.00672875265249, 48.75304309893935], [-4.022605744460113, 48.73878184539972], [-3.988828679577233, 48.739353344879206], [-4.00672875265249, 48.75304309893935]]], [[[-3.490455573655874, 48.880175884211035], [-3.491315430062271, 48.87739955085825], [-3.488004134281859, 48.87876424173534], [-3.490455573655874, 48.880175884211035]]], [[[-3.485931189660536, 48.88185274855477], [-3.475012792210702, 48.88173853883492], [-3.482094008002004, 48.88458757429439], [-3.485931189660536, 48.88185274855477]]], [[[-3.501751303206992, 48.882716228889265], [-3.494956251014013, 48.88294149645987], [-3.500689986938385, 48.88367093042474], [-3.501751303206992, 48.882716228889265]]], [[[-4.009336010302582, 47.723170329874954], [-3.99578765192462, 47.7231889188932], [-4.00058172961445, 47.725923125384824], [-4.009336010302582, 47.723170329874954]]], [[[-4.866619803367638, 48.04419511962762], [-4.85578980085259, 48.03274963688632], [-4.848678266510957, 48.0354312527429], [-4.866619803367638, 48.04419511962762]]], [[[-3.514965986091033, 47.647472610222124], [-3.4632892843288, 47.620317232868295], [-3.418053324910657, 47.62555551656436], [-3.435715253230384, 47.64460861977114], [-3.514965986091033, 47.647472610222124]]], [[[-4.840521229663941, 48.031696278868466], [-4.838168030577734, 48.03037670041937], [-4.835808936484134, 48.03215936947644], [-4.840521229663941, 48.031696278868466]]], [[[-4.850337044919675, 48.03274920677942], [-4.849570330909991, 48.031746019144634], [-4.844323339171193, 48.03242157218144], [-4.850337044919675, 48.03274920677942]]], [[[-3.971858774927971, 48.73553101328082], [-3.970442235804536, 48.7351155320702], [-3.969787574843667, 48.73708883905144], [-3.971858774927971, 48.73553101328082]]], [[[-3.532833880517185, 48.83174711931357], [-3.53140483200604, 48.83090396653617], [-3.530611746367344, 48.83204472235978], [-3.532833880517185, 48.83174711931357]]], [[[-3.493669612888623, 48.83593760339106], [-3.491861693338506, 48.83496753507723], [-3.492206573076225, 48.83663533371375], [-3.493669612888623, 48.83593760339106]]], [[[-3.312873269754725, 47.70514173592391], [-3.315128231346725, 47.70232174228222], [-3.312516612131062, 47.70254246720111], [-3.312873269754725, 47.70514173592391]]], [[[-3.298711681309513, 47.70082047658941], [-3.295641835025049, 47.699734622678704], [-3.294046645461513, 47.700688372833525], [-3.298711681309513, 47.70082047658941]]], [[[-3.964810079648272, 48.71427580961131], [-3.962919448746443, 48.715301115169005], [-3.964902867501038, 48.71842120363271], [-3.964810079648272, 48.71427580961131]]], [[[-3.555872577192161, 48.804422343583404], [-3.55527621516692, 48.80101128964929], [-3.554092394974574, 48.80243728345603], [-3.555872577192161, 48.804422343583404]]], [[[-3.533091006355479, 48.825860928835574], [-3.530749714553012, 48.82592593001544], [-3.532536054546361, 48.826785623074706], [-3.533091006355479, 48.825860928835574]]], [[[-3.54829334045693, 48.80632688660295], [-3.547742795848804, 48.804948367702536], [-3.546263121876681, 48.8063381616308], [-3.54829334045693, 48.80632688660295]]], [[[-4.031065143501575, 47.775374165057215], [-4.027104623631434, 47.7743157715843], [-4.028499932333471, 47.776198089032434], [-4.031065143501575, 47.775374165057215]]], [[[-5.141276573546228, 48.4491761535355], [-5.095617967801158, 48.45582984197515], [-5.1027853638723, 48.436188718765884], [-5.034348185398184, 48.4629456942024], [-5.074442191460225, 48.483265011076185], [-5.141276573546228, 48.4491761535355]]], [[[-5.10166223556141, 48.483080697650344], [-5.096308755578452, 48.47779480256374], [-5.08945721834941, 48.479983396569644], [-5.10166223556141, 48.483080697650344]]], [[[-4.773831812887383, 48.530944559511155], [-4.775846011054222, 48.526936271641226], [-4.772955066283965, 48.52828842259891], [-4.773831812887383, 48.530944559511155]]], [[[-5.073406162419797, 48.48464333752539], [-5.072695577518155, 48.48341489613759], [-5.071612439725264, 48.48417966791276], [-5.073406162419797, 48.48464333752539]]], [[[-4.636692067422335, 48.60227778046426], [-4.634032325147282, 48.598849294870604], [-4.633258736311215, 48.600091085820516], [-4.636692067422335, 48.60227778046426]]], [[[-4.623796594727815, 48.60108607872286], [-4.621233070253401, 48.599607748706944], [-4.622732931004276, 48.60193883346077], [-4.623796594727815, 48.60108607872286]]], [[[-4.06447787992738, 48.70670131993544], [-4.06943949043625, 48.70572934301858], [-4.05989247049189, 48.70304792732027], [-4.06447787992738, 48.70670131993544]]], [[[-4.437509205038287, 48.65671909921774], [-4.435984569192765, 48.656126060253264], [-4.436769960660992, 48.65838259434681], [-4.437509205038287, 48.65671909921774]]], [[[-3.89433787425958, 48.69076057029257], [-3.892630327004006, 48.69031597610871], [-3.892861880397008, 48.691366163247054], [-3.89433787425958, 48.69076057029257]]], [[[-3.252812178181852, 47.39011097108541], [-3.251411069362696, 47.38682537226771], [-3.248660223436701, 47.38885456909135], [-3.252812178181852, 47.39011097108541]]], [[[-3.802948408803416, 47.78397800380197], [-3.799041343590948, 47.783434788756956], [-3.799833008202555, 47.7852099320761], [-3.802948408803416, 47.78397800380197]]], [[[-4.439256137943374, 48.22467782799728], [-4.435445749011467, 48.2238148383684], [-4.434431835696896, 48.227924131414824], [-4.439256137943374, 48.22467782799728]]], [[[-5.012766567589042, 48.43104124573584], [-5.010081521878323, 48.426643838600675], [-5.011066798676113, 48.43127306937818], [-5.012766567589042, 48.43104124573584]]], [[[-4.956293968634846, 48.40248362284348], [-4.962768152462059, 48.391227251787875], [-4.953756801551334, 48.393274656512965], [-4.956293968634846, 48.40248362284348]]], [[[-4.982592905454976, 48.42065657888099], [-4.986287278813219, 48.41396866769704], [-4.979986435877098, 48.415782234869226], [-4.982592905454976, 48.42065657888099]]], [[[-4.978776220750145, 48.41802149309021], [-4.977784548204382, 48.417227562753034], [-4.975917826960317, 48.41861767470223], [-4.978776220750145, 48.41802149309021]]], [[[-4.615826366103204, 48.586940287282154], [-4.616881633632349, 48.58474245441716], [-4.614849874543429, 48.58568984325866], [-4.615826366103204, 48.586940287282154]]], [[[-4.694267291961475, 48.57483922128959], [-4.691230564129517, 48.575620034983885], [-4.692342385218739, 48.57630714935672], [-4.694267291961475, 48.57483922128959]]], [[[-4.665710221284974, 48.57950616969516], [-4.664372201607487, 48.57871414093246], [-4.664378500043792, 48.580511369196245], [-4.665710221284974, 48.57950616969516]]], [[[-4.670312116615829, 48.583165518468114], [-4.67209846446868, 48.5835028123131], [-4.671038703410494, 48.58231597120415], [-4.670312116615829, 48.583165518468114]]], [[[-3.567498316492974, 48.80813898957127], [-3.583516579623145, 48.794060422898006], [-3.562350994061385, 48.80328270097035], [-3.567498316492974, 48.80813898957127]]], [[[-3.597579600852634, 48.771062852662446], [-3.599291925300685, 48.767249581755266], [-3.591130818222796, 48.766564939098956], [-3.597579600852634, 48.771062852662446]]], [[[-3.593435425370816, 48.80150319883245], [-3.59949657836377, 48.796735665560135], [-3.59051171250684, 48.79608730640985], [-3.593435425370816, 48.80150319883245]]], [[[-3.610665649913896, 48.7979283584435], [-3.608752303739818, 48.793995599372046], [-3.605169170004777, 48.79453349453887], [-3.610665649913896, 48.7979283584435]]], [[[-3.99264177862194, 47.7083387939513], [-3.99934708034966, 47.70154278710465], [-3.990945920164927, 47.70211156234256], [-3.99264177862194, 47.7083387939513]]], [[[-3.954482894248577, 47.72204212377553], [-3.950864458804559, 47.72016593491256], [-3.955238778988408, 47.724625538636055], [-3.954482894248577, 47.72204212377553]]], [[[-3.359991952441192, 47.72497265812298], [-3.357737290421698, 47.72455003429795], [-3.356950300431159, 47.727537498825136], [-3.359991952441192, 47.72497265812298]]], [[[-3.968405852475436, 47.71329636534972], [-3.966630521634667, 47.71167201447243], [-3.96499064090589, 47.712837930952126], [-3.968405852475436, 47.71329636534972]]], [[[-4.336644329769948, 48.102723153954436], [-4.338308715956109, 48.10039151460216], [-4.335668381105862, 48.0999652693797], [-4.336644329769948, 48.102723153954436]]], [[[-4.848120466474136, 48.35701361451352], [-4.85755399310129, 48.341568774737304], [-4.841979023132723, 48.355489448547154], [-4.848120466474136, 48.35701361451352]]], [[[-4.897751687830714, 48.37603205907565], [-4.90502281470201, 48.37208349902557], [-4.893023267633084, 48.37333713361439], [-4.897751687830714, 48.37603205907565]]], [[[-4.935773676161857, 48.375422483941946], [-4.936934411305392, 48.3712193398028], [-4.932605003191564, 48.37401763827177], [-4.935773676161857, 48.375422483941946]]], [[[-4.948992645305442, 48.40267562278796], [-4.949880987629706, 48.39795089737931], [-4.94541332576023, 48.40129863358303], [-4.948992645305442, 48.40267562278796]]], [[[-4.899935528631446, 48.383625952948584], [-4.898049429063024, 48.37850411610284], [-4.896006570520024, 48.38063894036021], [-4.899935528631446, 48.383625952948584]]], [[[-4.88781559136666, 48.37479624086828], [-4.883291775127931, 48.37432424822358], [-4.88715369367329, 48.37730705076876], [-4.88781559136666, 48.37479624086828]]], [[[-4.939515781850295, 48.37847060711443], [-4.937895113416243, 48.378533404483804], [-4.938812254146026, 48.37997371765384], [-4.939515781850295, 48.37847060711443]]], [[[-3.922618985466667, 48.697934270416326], [-3.926700178081638, 48.680831019244835], [-3.922625795229246, 48.67989533026754], [-3.922618985466667, 48.697934270416326]]], [[[-4.575096417981932, 48.61039074842414], [-4.57193208785595, 48.60483808491807], [-4.569347937794041, 48.607690398206934], [-4.575096417981932, 48.61039074842414]]], [[[-4.554986212714961, 48.63166703480048], [-4.555942597045984, 48.62751093407625], [-4.551032532012683, 48.62838710795427], [-4.554986212714961, 48.63166703480048]]], [[[-4.56962722961508, 48.64040281230306], [-4.568579369205625, 48.63739992515527], [-4.56644767539691, 48.63942614793813], [-4.56962722961508, 48.64040281230306]]], [[[-4.595482805241706, 48.62568153600758], [-4.593307462423801, 48.622282766398314], [-4.591979149679458, 48.625660697602825], [-4.595482805241706, 48.62568153600758]]], [[[-4.576348995180723, 48.61472070609484], [-4.574549380284314, 48.6149792194901], [-4.574639984453499, 48.618777853534006], [-4.576348995180723, 48.61472070609484]]], [[[-4.406574763963449, 48.639305450753646], [-4.404425007657967, 48.63891184207931], [-4.402988034610874, 48.64032315751772], [-4.406574763963449, 48.639305450753646]]], [[[-4.587751360998221, 48.60669978873234], [-4.586253888379847, 48.60550956258392], [-4.584836987362982, 48.60656162728583], [-4.587751360998221, 48.60669978873234]]], [[[-4.573081647184197, 48.621216828866224], [-4.570565344970339, 48.62085859528359], [-4.571453460359882, 48.62257403226161], [-4.573081647184197, 48.621216828866224]]], [[[-3.866377619204942, 48.677051448859956], [-3.8651910131908, 48.67553540735796], [-3.863104221039038, 48.6763366118937], [-3.866377619204942, 48.677051448859956]]], [[[-4.574233634312691, 48.63533430802596], [-4.572007057330141, 48.63344488572539], [-4.571935544076198, 48.635047090296204], [-4.574233634312691, 48.63533430802596]]], [[[-4.193170353853307, 47.86440173555743], [-4.178065903009361, 47.85058232551917], [-4.181924190463763, 47.86738433038673], [-4.193170353853307, 47.86440173555743]]], [[[-4.18442544375943, 47.84506145823232], [-4.176538972988892, 47.84058410755294], [-4.181447390614223, 47.84741689388474], [-4.18442544375943, 47.84506145823232]]], [[[-3.91648783710898, 47.871732857117784], [-3.912945557133754, 47.871217540222275], [-3.911628591907523, 47.87290794692083], [-3.91648783710898, 47.871732857117784]]], [[[-4.186542828277858, 47.85041073299467], [-4.183504619124675, 47.8490745465333], [-4.183665272993341, 47.85066609112006], [-4.186542828277858, 47.85041073299467]]], [[[-4.778693825086838, 48.485827544446686], [-4.776591979232296, 48.483726450947735], [-4.777367204683606, 48.48697506706027], [-4.778693825086838, 48.485827544446686]]], [[[-4.280083361178471, 48.28518206529907], [-4.277828171244371, 48.28187045892642], [-4.276892402865736, 48.283315170158154], [-4.280083361178471, 48.28518206529907]]], [[[-4.532117657623518, 48.30357226747214], [-4.529318138037213, 48.30459782739581], [-4.52895996411988, 48.30700407942621], [-4.532117657623518, 48.30357226747214]]], [[[-4.538970178546137, 48.302205492471465], [-4.534705607072874, 48.30319734955761], [-4.537713551703313, 48.30428597583763], [-4.538970178546137, 48.302205492471465]]], [[[-4.463295626139535, 48.324304764632885], [-4.462627084592022, 48.32281427666801], [-4.461583306750934, 48.324242199462695], [-4.463295626139535, 48.324304764632885]]], [[[-3.017398572871779, 47.41134919108219], [-3.01358715670519, 47.411659526448226], [-3.015892085441228, 47.41249980739921], [-3.017398572871779, 47.41134919108219]]], [[[-2.999213649840599, 47.39442288607691], [-2.997312199569246, 47.39298548227563], [-2.995389924651489, 47.39480283644244], [-2.999213649840599, 47.39442288607691]]], [[[-1.827648401596004, 48.68080006950069], [-1.82613954080178, 48.680936017848474], [-1.826486797542475, 48.68355958407117], [-1.827648401596004, 48.68080006950069]]], [[[-2.98253040497547, 48.84691803500402], [-2.978526175404136, 48.845524897919454], [-2.980561121640492, 48.84833166961716], [-2.98253040497547, 48.84691803500402]]], [[[-2.983356679437835, 48.859351879713785], [-2.981193510535284, 48.85857274761478], [-2.980483849362258, 48.86110204714522], [-2.983356679437835, 48.859351879713785]]], [[[-2.970756931113797, 47.3581401235274], [-2.969785782471941, 47.355351719490315], [-2.968802264502624, 47.35739842324234], [-2.970756931113797, 47.3581401235274]]], [[[-2.896266505712037, 48.70222750689309], [-2.895058679755116, 48.70145119740262], [-2.894875197531171, 48.70290250696], [-2.896266505712037, 48.70222750689309]]], [[[-2.952945663197444, 48.77908870150669], [-2.948640811054318, 48.77830777382378], [-2.946052885030902, 48.78043192843941], [-2.952945663197444, 48.77908870150669]]], [[[-2.950940944339582, 48.77444272443407], [-2.948264715468907, 48.77502632616409], [-2.949871274654841, 48.77562714273227], [-2.950940944339582, 48.77444272443407]]], [[[-2.980340403987121, 48.79975922195863], [-2.982262176896631, 48.79612991159958], [-2.975942536098578, 48.79787805912777], [-2.980340403987121, 48.79975922195863]]], [[[-2.864009240523944, 47.34909016691232], [-2.882181897134692, 47.32947794323759], [-2.860806555014031, 47.3411601886893], [-2.864009240523944, 47.34909016691232]]], [[[-2.949189655342669, 47.374187493501225], [-2.947936379260482, 47.373600852593434], [-2.948344456903704, 47.374989157655804], [-2.949189655342669, 47.374187493501225]]], [[[-2.991332612600484, 47.40256155708188], [-2.950216055700134, 47.375136033674366], [-2.937838236469268, 47.392885562740766], [-2.991332612600484, 47.40256155708188]]], [[[-2.161999252715873, 48.63821141967485], [-2.159314577800608, 48.637207413441416], [-2.156589460921668, 48.64108534833813], [-2.161999252715873, 48.63821141967485]]], [[[-2.034333540842137, 48.65234774472189], [-2.032692824777892, 48.65128689209083], [-2.032362086539516, 48.65279615157913], [-2.034333540842137, 48.65234774472189]]], [[[-2.475700041067041, 48.62997245771181], [-2.473745506491492, 48.62907781347725], [-2.474877299490454, 48.63084437286922], [-2.475700041067041, 48.62997245771181]]], [[[-2.994259034650295, 48.85022165824362], [-3.011247657210751, 48.83704533291195], [-2.996206224454177, 48.83851876876151], [-2.994259034650295, 48.85022165824362]]], [[[-2.995174258957259, 48.86439807019348], [-2.99768157410519, 48.85067575102107], [-2.984590962149861, 48.86205979833029], [-2.995174258957259, 48.86439807019348]]], [[[-3.018827969001549, 48.84519317674962], [-3.016814944561762, 48.83886011954962], [-3.015222465478695, 48.84444405491918], [-3.018827969001549, 48.84519317674962]]], [[[-2.992043659309554, 48.842024305863035], [-2.990967300426531, 48.838207238945245], [-2.988153129801427, 48.84012250993889], [-2.992043659309554, 48.842024305863035]]], [[[-2.991670715700813, 48.84603494737498], [-2.987112280047174, 48.846275315583036], [-2.986837868471879, 48.849079612005156], [-2.991670715700813, 48.84603494737498]]], [[[-3.02160895335218, 48.83714282025869], [-3.019693727911925, 48.83461921941497], [-3.017829301194864, 48.83634846405896], [-3.02160895335218, 48.83714282025869]]], [[[-3.273941439183558, 48.83898715566829], [-3.271363437889037, 48.83876896953994], [-3.27273836019675, 48.840786175152765], [-3.273941439183558, 48.83898715566829]]], [[[-3.295329494113215, 48.838680290849645], [-3.29171903242861, 48.83765628864896], [-3.293593137924288, 48.839669539681545], [-3.295329494113215, 48.838680290849645]]], [[[-2.987279619421642, 48.84502227392703], [-2.983404629063928, 48.84532293518606], [-2.986380279759722, 48.846006264170946], [-2.987279619421642, 48.84502227392703]]], [[[-2.756353082927268, 47.607669706677], [-2.769855759686505, 47.605546288625064], [-2.753350679054821, 47.60230633385763], [-2.756353082927268, 47.607669706677]]], [[[-2.786627369852955, 47.61610113839769], [-2.774210730895852, 47.61333689404574], [-2.785105182594772, 47.618125249384924], [-2.786627369852955, 47.61610113839769]]], [[[-2.850339454264264, 47.61334691641679], [-2.846988784139794, 47.609633030445295], [-2.845540096421296, 47.61116156227848], [-2.850339454264264, 47.61334691641679]]], [[[-2.813052156745798, 47.59841400230853], [-2.810617575050735, 47.59479612014168], [-2.80654166970637, 47.59598760105356], [-2.813052156745798, 47.59841400230853]]], [[[-2.801331568894683, 47.60961475890889], [-2.804795002969687, 47.60738450953137], [-2.800271774989634, 47.60814220147711], [-2.801331568894683, 47.60961475890889]]], [[[-2.933190873383344, 47.584903296891156], [-2.929602747018982, 47.58387912855142], [-2.928031095898787, 47.58565522648487], [-2.933190873383344, 47.584903296891156]]], [[[-2.726260915359415, 47.599756185729184], [-2.723620150635172, 47.59863596903219], [-2.7224317711034, 47.600243895185734], [-2.726260915359415, 47.599756185729184]]], [[[-2.068852814039329, 48.679007552228725], [-2.072436900167712, 48.67515861275006], [-2.067908007279, 48.67718204179769], [-2.068852814039329, 48.679007552228725]]], [[[-1.954953417275462, 48.69907065399858], [-1.953797104049855, 48.69774618678258], [-1.952832513438136, 48.699073233176904], [-1.954953417275462, 48.69907065399858]]], [[[-3.182039624878825, 48.87430087677371], [-3.187900575834044, 48.8647863057388], [-3.180156289570085, 48.86566085752026], [-3.182039624878825, 48.87430087677371]]], [[[-3.037534868390158, 48.86388888335047], [-3.039655684148568, 48.85939726954791], [-3.032280156402703, 48.86307834461455], [-3.037534868390158, 48.86388888335047]]], [[[-3.278799038331038, 48.84939373038223], [-3.292707703752841, 48.85142037119533], [-3.290224953476319, 48.84785944289311], [-3.288019992011512, 48.846875826991976], [-3.285515563907993, 48.84659179789992], [-3.283095255888878, 48.8468906122156], [-3.279234748203643, 48.84868876962175], [-3.277182049732116, 48.846926495922354], [-3.281739182139673, 48.84380072057083], [-3.275736860231839, 48.84482822396185], [-3.278799038331038, 48.84939373038223]]], [[[-3.196041281372389, 48.86779040568344], [-3.195173583734383, 48.86311388060132], [-3.191945289173082, 48.86703847942911], [-3.196041281372389, 48.86779040568344]]], [[[-3.204810604794649, 48.85389568119428], [-3.202845657310716, 48.84978853698163], [-3.201514941918487, 48.852980749570165], [-3.204810604794649, 48.85389568119428]]], [[[-3.25778102777485, 48.85413916944916], [-3.259346978623469, 48.853303792262324], [-3.260223416617541, 48.84943269163461], [-3.25778102777485, 48.85413916944916]]], [[[-2.862283357287311, 47.568761926016485], [-2.823983254297418, 47.588713400290736], [-2.837824325523273, 47.607399120974534], [-2.855194110765989, 47.600467758201184], [-2.862283357287311, 47.568761926016485]]], [[[-2.793252361374927, 47.60613387546894], [-2.80892752184141, 47.57848804158337], [-2.793281337484752, 47.59354375748148], [-2.777491917469174, 47.58644948578307], [-2.774321232906623, 47.594842278331285], [-2.793252361374927, 47.60613387546894]]], [[[-2.73018163245295, 47.58164804218156], [-2.727252951332729, 47.57275894808678], [-2.723852784665483, 47.57705229946138], [-2.73018163245295, 47.58164804218156]]], [[[-2.794148617604347, 47.57930171088287], [-2.785926538158428, 47.56865325598589], [-2.786075879875593, 47.575525976123444], [-2.794148617604347, 47.57930171088287]]], [[[-2.889658733919958, 47.58251518417115], [-2.884960741610641, 47.578543654723354], [-2.884654627406318, 47.582454870097656], [-2.889658733919958, 47.58251518417115]]], [[[-2.90892543977752, 47.577335809455015], [-2.909816465945671, 47.567584355465186], [-2.908077492585875, 47.56693602480024], [-2.90892543977752, 47.577335809455015]]], [[[-2.900910671445543, 47.572088854353794], [-2.895821491572559, 47.57256593729923], [-2.897134225426005, 47.57726091732877], [-2.900910671445543, 47.572088854353794]]], [[[-2.847709765375879, 47.55431817155541], [-2.844148994417505, 47.55549163091319], [-2.84303104430816, 47.560843319281915], [-2.847709765375879, 47.55431817155541]]], [[[-2.793872235457648, 47.56679971083331], [-2.791914725626557, 47.56230576509169], [-2.788917657874812, 47.56254414438663], [-2.793872235457648, 47.56679971083331]]], [[[-2.88986259680673, 47.56653271719753], [-2.886548968643871, 47.56703333648591], [-2.887248756900838, 47.57188754568367], [-2.88986259680673, 47.56653271719753]]], [[[-2.92844595769101, 47.581142448780135], [-2.928988351659465, 47.577501461146184], [-2.92642322415457, 47.57818714684959], [-2.92844595769101, 47.581142448780135]]], [[[-2.830896235673706, 47.560511993803686], [-2.831103612270233, 47.55691921363963], [-2.82890362547424, 47.557395820486995], [-2.830896235673706, 47.560511993803686]]], [[[-2.80976346164537, 47.563618923825935], [-2.805104720976916, 47.560952196000834], [-2.804576860062928, 47.566591588617236], [-2.80976346164537, 47.563618923825935]]], [[[-2.750093904196012, 47.57641695324629], [-2.747247164821674, 47.57528579736914], [-2.747008291937304, 47.57861432656042], [-2.750093904196012, 47.57641695324629]]], [[[-2.849766320540603, 47.562970177419395], [-2.848735583267569, 47.56045313060429], [-2.846738960230747, 47.561568832662616], [-2.849766320540603, 47.562970177419395]]], [[[-2.869600532682092, 47.5770928230907], [-2.866387598540138, 47.578115780378916], [-2.868165104796109, 47.57912833997924], [-2.869600532682092, 47.5770928230907]]], [[[-2.764663359417071, 47.59167698099442], [-2.762802625389215, 47.59073022156049], [-2.762023749620153, 47.59207829969413], [-2.764663359417071, 47.59167698099442]]], [[[-2.923974889716658, 47.57455660672586], [-2.921297403161119, 47.5721869653004], [-2.922713157220726, 47.575398872720875], [-2.923974889716658, 47.57455660672586]]], [[[-2.914528607838326, 47.57938478647554], [-2.91407963576679, 47.577669970712776], [-2.91241071298742, 47.57810222015056], [-2.914528607838326, 47.57938478647554]]], [[[-2.949143573765936, 47.528119822975675], [-2.945942023777751, 47.52811826500797], [-2.945385989787842, 47.52965960918094], [-2.949143573765936, 47.528119822975675]]], [[[-2.93783696976879, 47.58247487340704], [-2.936476611490089, 47.58222737129218], [-2.937162739265608, 47.58329727443194], [-2.93783696976879, 47.58247487340704]]], [[[-2.189271890009787, 48.62749582724179], [-2.187438315271126, 48.6217497636831], [-2.186785574515755, 48.626942612932616], [-2.189271890009787, 48.62749582724179]]], [[[-1.990231784417023, 48.59102557027225], [-1.988036481444789, 48.59033085255571], [-1.988578981608618, 48.59180248226806], [-1.990231784417023, 48.59102557027225]]], [[[-2.154788293593293, 48.620620114089924], [-2.152461664000729, 48.6199412024356], [-2.152545241431799, 48.62112024800322], [-2.154788293593293, 48.620620114089924]]], [[[-3.408587551524219, 48.843011333801755], [-3.408618532342777, 48.83781600823378], [-3.406622157848149, 48.830408767835785], [-3.408587551524219, 48.843011333801755]]], [[[-3.298020421748614, 48.84551867183375], [-3.29298950155662, 48.84361599476762], [-3.296258825184406, 48.846628365297356], [-3.298020421748614, 48.84551867183375]]], [[[-3.324135891351656, 48.841683129625686], [-3.319904800353802, 48.840643196431216], [-3.322812390498332, 48.84314176024138], [-3.324135891351656, 48.841683129625686]]], [[[-3.322402564976573, 48.845010313542694], [-3.319147702764351, 48.844750483609786], [-3.319310780561451, 48.84594631191965], [-3.322402564976573, 48.845010313542694]]], [[[-3.301330328628591, 48.84678663250899], [-3.302357562157948, 48.84969072311381], [-3.30371195814391, 48.84878558869127], [-3.306920502906817, 48.84931624797235], [-3.307994199568352, 48.849298319716084], [-3.309466611446783, 48.848904744904154], [-3.310564121541853, 48.847855213977866], [-3.310822089544643, 48.846657880838265], [-3.307886498382852, 48.843260128948366], [-3.301330328628591, 48.84678663250899]], [[-3.308150180241322, 48.84915294344842], [-3.3058174549201, 48.8453154970182], [-3.310410026018041, 48.846551548504266], [-3.308150180241322, 48.84915294344842]]], [[[-3.303711691013277, 48.85048624964122], [-3.300739558416067, 48.84921044280789], [-3.302637063935772, 48.85245924904384], [-3.303711691013277, 48.85048624964122]]], [[[-3.298076945637231, 48.84893140674119], [-3.295256256905434, 48.84793348015884], [-3.296490918358217, 48.84950495197634], [-3.298076945637231, 48.84893140674119]]], [[[-3.244369957544983, 47.30868216504812], [-3.093022724411825, 47.27791563492867], [-3.055861528122245, 47.30820505816445], [-3.249060903920889, 47.38766266054181], [-3.244369957544983, 47.30868216504812]]], [[[-3.197380192958513, 47.292909160181644], [-3.19526205773221, 47.29178533865019], [-3.194366048049775, 47.29322030128105], [-3.197380192958513, 47.292909160181644]]], [[[-3.171714263154138, 47.68563891453058], [-3.170197563344682, 47.68887450548622], [-3.172890402802263, 47.687340842045735], [-3.171714263154138, 47.68563891453058]]], [[[-3.176000179497076, 47.686612942525734], [-3.178531831346567, 47.68966956052265], [-3.179371423489955, 47.68590361297616], [-3.176000179497076, 47.686612942525734]]], [[[-3.165230572823565, 47.55760996809184], [-3.165333668240771, 47.55475138842854], [-3.16308243393056, 47.555191124791776], [-3.165230572823565, 47.55760996809184]]], [[[-3.18366892380889, 47.68704468348929], [-3.186132611865625, 47.68793703555668], [-3.185375102202502, 47.68624011627848], [-3.18366892380889, 47.68704468348929]]], [[[-3.199513477755629, 47.60821551433086], [-3.198088252348361, 47.60792295353548], [-3.199548835442467, 47.61025236474893], [-3.199513477755629, 47.60821551433086]]], [[[-3.174737650609917, 47.686448625105776], [-3.175031757078576, 47.687404512749985], [-3.176127000162632, 47.68529802227211], [-3.174737650609917, 47.686448625105776]]], [[[-1.570855605611889, 48.6262383951587], [-1.822425062907252, 48.610159353363485], [-1.872117914793554, 48.64651029998246], [-1.843628644732008, 48.71260673925246], [-1.936914305670109, 48.70274217677518], [-2.029227233977237, 48.65100887497431], [-2.012460498762392, 48.59828980098938], [-1.962133968432011, 48.59332659592759], [-1.953750357463109, 48.5784153810348], [-1.987195071600798, 48.58458325103667], [-1.969849675148672, 48.53567157750328], [-1.946210245792255, 48.54021887375801], [-1.940627808765031, 48.535660694124836], [-1.943189532143475, 48.51859991346493], [-2.000754466166523, 48.49109922606568], [-1.9735528835447, 48.54486803467107], [-2.047393457418557, 48.638977725973966], [-2.150491550755109, 48.63506575999687], [-2.123348884522911, 48.60507271918281], [-2.150327602257353, 48.61827676663358], [-2.16581069029955, 48.577013848304624], [-2.19610442621938, 48.610443975397374], [-2.191289493801078, 48.59389154384668], [-2.20568983119337, 48.57510755974255], [-2.21726585780138, 48.57148422429138], [-2.213422343490924, 48.568384080033724], [-2.219776551737487, 48.56029344634928], [-2.215202347592732, 48.5542829172372], [-2.223823085234091, 48.547372499980206], [-2.21836073421509, 48.544881029755054], [-2.218194050485058, 48.54309972288624], [-2.220226808946121, 48.540719585443775], [-2.215597668094333, 48.541091596529434], [-2.226113827260674, 48.538015651098796], [-2.225926201353671, 48.57063031594492], [-2.210037521124003, 48.5865039184332], [-2.243065917000969, 48.64476370654371], [-2.337685134264174, 48.61978808961123], [-2.283762243846661, 48.6688191669316], [-2.318123082110051, 48.68854195860185], [-2.415810872384742, 48.63216280093593], [-2.488091351623144, 48.6454311662415], [-2.467842744197406, 48.63572675363797], [-2.473743022112231, 48.6221323949804], [-2.554200467436384, 48.599488239523865], [-2.62253985600977, 48.520343037948635], [-2.682209982697304, 48.53227743914754], [-2.672310597550846, 48.486004914653755], [-2.738445288409752, 48.52739888119299], [-2.713481836334497, 48.55562132654163], [-2.821351605719741, 48.59429838753118], [-2.817140992580979, 48.649639864783566], [-2.945339586452238, 48.7208082148771], [-2.92838604658283, 48.75457909545249], [-3.045701378434345, 48.784779049104245], [-3.004933144869833, 48.79913539528627], [-3.012582245015948, 48.821153298435576], [-3.083671181895138, 48.81277611357278], [-3.098703805084352, 48.76866277996427], [-3.148867937797651, 48.73553404857358], [-3.134271017996925, 48.73397255866646], [-3.129651884944788, 48.72718807938029], [-3.113794733045532, 48.726306124734265], [-3.097156759400971, 48.71751622603558], [-3.084562041189099, 48.71719690311698], [-3.097556843052066, 48.716705485958705], [-3.131792669189099, 48.72650323027231], [-3.12967438763561, 48.71943480533905], [-3.136303926720859, 48.710345204250636], [-3.138457617636889, 48.709822811739556], [-3.140541935828077, 48.71074922073999], [-3.130588107780213, 48.72184882859072], [-3.151296419029212, 48.73472033826071], [-3.148416577125004, 48.747328541601114], [-3.071847574728511, 48.83075835772065], [-3.100013445869791, 48.830889111531434], [-3.076243560546057, 48.85625611997078], [-3.101684044637497, 48.86681412374368], [-3.093724653599089, 48.869105602791926], [-3.081206541250464, 48.875633451718926], [-3.0723369024213, 48.88374138767975], [-3.182510913695433, 48.843551551613444], [-3.199552548889985, 48.8145044631925], [-3.22361090282233, 48.79636709192483], [-3.199105366232903, 48.764351732841654], [-3.250079885549196, 48.75109756438001], [-3.221603806160433, 48.78470296176925], [-3.226791616292156, 48.792042957249066], [-3.244532948436176, 48.784460733085524], [-3.242691546618097, 48.787458610554516], [-3.24744779002377, 48.78540512719951], [-3.249482830579211, 48.785820864629024], [-3.249472267463464, 48.78988492739877], [-3.254196077323077, 48.7831738842132], [-3.251936154726102, 48.788810276344606], [-3.203371707170269, 48.82450728750421], [-3.224334031434841, 48.86982138283278], [-3.263763461092323, 48.83442527805471], [-3.430432870638903, 48.797162488114765], [-3.428067892309176, 48.821544172726405], [-3.502812028201331, 48.8240325527152], [-3.510479468475887, 48.82814181865957], [-3.498246051910162, 48.83747885047759], [-3.504712716944583, 48.84038061604305], [-3.534982558472275, 48.801838965604745], [-3.584480520076735, 48.79041792037226], [-3.58490355528436, 48.75759054490392], [-3.550305879008441, 48.73319020170559], [-3.474987388618701, 48.74010175323689], [-3.46998096045747, 48.73839563405429], [-3.465013294963796, 48.73147832659938], [-3.582932279351098, 48.72560761805576], [-3.572576844691207, 48.67547697172893], [-3.623426208496822, 48.68663280342556], [-3.659578359989729, 48.656144299530055], [-3.643640336510597, 48.69674457854174], [-3.821247954095945, 48.71879593326773], [-3.846212499669325, 48.66085824621943], [-3.864659800998743, 48.671032738070366], [-3.849367510434824, 48.6035443564738], [-3.89084727906135, 48.671126215388746], [-3.956083803817235, 48.64646997727585], [-3.969566898964365, 48.72752162370479], [-4.053416846279998, 48.706199815749045], [-4.056128554540317, 48.66927559294056], [-4.129863075918023, 48.696979535091984], [-4.296740798713285, 48.632600383122224], [-4.318810459859748, 48.64653035943214], [-4.296342482452165, 48.66479628714927], [-4.346947132645939, 48.678350879990596], [-4.437604238181478, 48.65287153955932], [-4.432958314055121, 48.64749290150073], [-4.404919981666043, 48.64184252846986], [-4.398213411399134, 48.638232768511045], [-4.398581510077299, 48.63621411223777], [-4.542157167494254, 48.637282424110005], [-4.56856026860766, 48.60925967614673], [-4.552474293207628, 48.61105316626517], [-4.559760925674716, 48.60376137652335], [-4.516625752645905, 48.593922427546936], [-4.5152112037451, 48.58663940898506], [-4.598108004937309, 48.60840588320625], [-4.61234287199984, 48.578246740606126], [-4.59390596277335, 48.574526609796216], [-4.587074931577022, 48.5626181164999], [-4.53900623999516, 48.562597344760576], [-4.507093065245969, 48.5531572155497], [-4.505072032049061, 48.5458699172224], [-4.704867756742163, 48.57009197414404], [-4.777953302789435, 48.516548891422445], [-4.763581355629833, 48.472067532563514], [-4.719272851176787, 48.47567665138669], [-4.716700967706791, 48.468698809256054], [-4.771532450891383, 48.463266116535436], [-4.795258400126448, 48.41302596665735], [-4.761112131485055, 48.378745224314684], [-4.789574296796164, 48.362377006849556], [-4.766033727968537, 48.36363338049006], [-4.774144069885928, 48.33076559518195], [-4.716572157523099, 48.329126282694176], [-4.691025087958896, 48.354730186254706], [-4.614518982073951, 48.33731231559395], [-4.401660464539444, 48.38976651664718], [-4.269858069938492, 48.445192779266684], [-4.458850762240374, 48.3269281831487], [-4.261239369735527, 48.36076259292623], [-4.336670579894967, 48.314805172190745], [-4.24203719739907, 48.32868433831647], [-4.28202017548055, 48.312612322973074], [-4.180950031473524, 48.296473735755576], [-4.27993625859482, 48.27896007691702], [-4.213852873602121, 48.260241996529196], [-4.2069958357746, 48.239583932968195], [-4.270573799340209, 48.258143540067806], [-4.289249182739121, 48.281327950659296], [-4.264287625780118, 48.29247518181989], [-4.288461299658943, 48.29884013415232], [-4.397507657249817, 48.27471107546489], [-4.503735744300943, 48.281151190635036], [-4.506244331218431, 48.31089234553976], [-4.535854405854329, 48.284096243327745], [-4.556482104654864, 48.30028986583559], [-4.532247443117639, 48.34171430206833], [-4.578487150572079, 48.32491109153764], [-4.570417288269721, 48.281966930777834], [-4.630550063325795, 48.27994016554217], [-4.622535266273986, 48.25259667980571], [-4.544073091594733, 48.24921560464968], [-4.5734841546011, 48.235794522748], [-4.55403340535783, 48.16780613736361], [-4.488221197735001, 48.2363065320027], [-4.431242692134851, 48.23708980485494], [-4.316345341427231, 48.203851259087266], [-4.267833150437927, 48.13053976617298], [-4.296680759606068, 48.091973891814064], [-4.416045904725399, 48.106819243267104], [-4.741084681097268, 48.04037027801246], [-4.566094623754735, 47.99967663321409], [-4.535374337962848, 48.02472742517306], [-4.451001130353466, 47.98108076767886], [-4.362449631137115, 47.88952010807425], [-4.346232616357611, 47.83976180530895], [-4.374821278169417, 47.7973859520549], [-4.173544688126254, 47.80676934183639], [-4.159107090721809, 47.831428654994646], [-4.182933657606555, 47.8355879474655], [-4.222232836114792, 47.86806398136784], [-4.167748789047196, 47.87504202097116], [-4.168993905435267, 47.83927640979305], [-4.113127494356482, 47.86226117473817], [-4.130484343429183, 47.890030710989045], [-4.170874165640717, 47.89477802993595], [-4.176428004141862, 47.90715456323467], [-4.145696478596149, 47.8973031413028], [-4.151836848020258, 47.91053208940231], [-4.141028310949902, 47.926361112628285], [-4.111566298623943, 47.93605060424226], [-4.12322020667998, 47.9538280722213], [-4.101003943031503, 47.97074281114641], [-4.116905159910746, 47.97521757594936], [-4.115608154189697, 47.983899343526744], [-4.095754263353697, 47.96967449698384], [-4.109695876072642, 47.94252637810308], [-4.081624814361794, 47.95541380376954], [-4.068560650569064, 47.932912057234574], [-4.139545878067134, 47.92556769328065], [-4.098642660766176, 47.86238168025887], [-3.975975941127442, 47.85418198296814], [-3.992030992636816, 47.896699265104765], [-3.945955181057944, 47.9051391582326], [-3.905590641115721, 47.87710567743063], [-3.919147934211777, 47.855896248181494], [-3.886655315458113, 47.849252905561556], [-3.901820038714986, 47.83439391914487], [-3.843915671142983, 47.80558611670364], [-3.855441724761444, 47.790111869864226], [-3.742368296423646, 47.797003055167586], [-3.758736435757018, 47.81637721253987], [-3.745376455803654, 47.818942516310884], [-3.757317056453872, 47.83602223519554], [-3.747463068925664, 47.853233210660754], [-3.732580885302069, 47.80306189497551], [-3.698565724920496, 47.83187304702152], [-3.6511680540559, 47.82172645107321], [-3.723125980098205, 47.8028083483189], [-3.677568982672348, 47.77550963369873], [-3.638172353549346, 47.79289016858166], [-3.64536473474913, 47.77401331835866], [-3.539472484548422, 47.76263821855873], [-3.531824956720694, 47.790671605611905], [-3.523204451143062, 47.79784310159479], [-3.530117699293156, 47.765775947710644], [-3.453043738929644, 47.69536029652289], [-3.380500163749467, 47.705027055810426], [-3.364864876774967, 47.76086786698015], [-3.333262502999698, 47.74316614477111], [-3.300158935438974, 47.77476485031507], [-3.287231424730845, 47.77247322426507], [-3.297035458708382, 47.78614263762257], [-3.290168833840927, 47.79350061146394], [-3.295511248264334, 47.79372865532972], [-3.276092168080452, 47.79848963622567], [-3.284923672223532, 47.76937130105668], [-3.363090596329666, 47.708842588437186], [-3.289645834261189, 47.70835579626491], [-3.281012650776488, 47.686329651560044], [-3.326721096925738, 47.70222761090464], [-3.352735145754546, 47.70082007956987], [-3.360605133769635, 47.68610420485355], [-3.213951717632061, 47.643928029881174], [-3.216070476236718, 47.695763151122264], [-3.151238534974466, 47.692699292115414], [-3.210442295643966, 47.64367890622187], [-3.139950699516694, 47.5798200852554], [-3.162377972632145, 47.529822918609796], [-3.130549184455373, 47.47318827799917], [-3.079434233252184, 47.46900781280295], [-3.126713339133468, 47.51348016980834], [-3.129105830358896, 47.5980147263599], [-3.096110362883503, 47.563571012735956], [-3.042872142293752, 47.58782934332171], [-3.018379804728191, 47.567039576886245], [-3.024938992229695, 47.59235025632894], [-2.9874650507908, 47.56610922707226], [-2.997790391742872, 47.5846407901568], [-2.994919612178363, 47.5910660938306], [-2.928420787583588, 47.55401118368714], [-2.96491699003554, 47.58814586768872], [-2.953364203312979, 47.61246104847589], [-2.970725125069695, 47.63294582245547], [-2.981135366722932, 47.65522758614392], [-2.97685010989353, 47.65975660130367], [-2.918619354607791, 47.58231102850682], [-2.862444679668223, 47.59692696341881], [-2.860101552424022, 47.62301610414746], [-2.745017119166597, 47.63218299541473], [-2.733953925257038, 47.61291348863208], [-2.779570565961748, 47.622195782494266], [-2.717615982913848, 47.59863649372531], [-2.730186194489284, 47.54259630166683], [-2.914433109114323, 47.557160712873596], [-2.834887141357136, 47.49179303152077], [-2.520640225494978, 47.52727181055054], [-2.382200403267065, 47.500699590880615], [-2.498547485097027, 47.49492644045978], [-2.480229177531265, 47.44125675792083], [-2.423109759856178, 47.47722509165261], [-2.317212414078638, 47.46123328593335], [-2.298543359571946, 47.515885304621555], [-2.164153430216306, 47.489178045655805], [-2.156044999402674, 47.52201799089763], [-2.098833050680168, 47.533450020905825], [-2.081692861114905, 47.65004142913106], [-1.973641708821607, 47.694443485065115], [-1.956539615602639, 47.671201017772596], [-1.859295737342982, 47.70816841115525], [-1.657613591665104, 47.709415060642264], [-1.623145899245371, 47.76353969639966], [-1.471300791614406, 47.80299258410578], [-1.478599665542999, 47.83579261898089], [-1.246066514660124, 47.77672979389435], [-1.155487083908143, 47.96537076747138], [-1.019891759824552, 47.997098231360525], [-1.10201671368742, 48.26266654942089], [-1.045086589055989, 48.32780932009571], [-1.083594402904047, 48.43367116543291], [-1.070079830603676, 48.50881739553861], [-1.251875801239012, 48.543771727161754], [-1.369775963845458, 48.46037643655824], [-1.427999293475819, 48.46173541345437], [-1.489922091533116, 48.48931633691018], [-1.570855605611889, 48.6262383951587]]]]}}, {"type": "Feature", "properties": {"id": "Nouvelle-Aquitaine", "name": "Nouvelle-Aquitaine"}, "geometry": {"type": "MultiPolygon", "coordinates": [[[[-1.153533157560251, 45.60477038525612], [-1.151497260434277, 45.59793750067667], [-1.147202185298842, 45.60185265565608], [-1.153533157560251, 45.60477038525612]]], [[[-1.253880582622908, 44.571800828054954], [-1.253616419360005, 44.56540640463066], [-1.245435212676036, 44.56908602553079], [-1.252940640248424, 44.572064245237605], [-1.237624304598385, 44.588498051638076], [-1.253880582622908, 44.571800828054954]]], [[[-1.228094856231536, 44.59765799094337], [-1.23613538700837, 44.58913308730356], [-1.223428599020705, 44.59824588273005], [-1.228094856231536, 44.59765799094337]]], [[[-1.247632693931624, 44.59690355833035], [-1.242620255078204, 44.59520302302222], [-1.24584540571935, 44.59746545500535], [-1.247632693931624, 44.59690355833035]]], [[[-1.244088982733185, 44.577624953006016], [-1.242022556836698, 44.57772152276797], [-1.243479561788507, 44.578577879613576], [-1.244088982733185, 44.577624953006016]]], [[[-1.53488688100113, 46.20234022156188], [-1.314254685328549, 46.1438049168177], [-1.254489394675126, 46.16199131604039], [-1.439394789510942, 46.21008761294982], [-1.414625267611977, 46.23055881747982], [-1.496976097835124, 46.20327997160765], [-1.515348054546007, 46.23491791177727], [-1.474229192039033, 46.23301102112252], [-1.500467923934897, 46.25800794750011], [-1.56260041682036, 46.24476848430971], [-1.53488688100113, 46.20234022156188]]], [[[-1.176002587512256, 44.70454898487892], [-1.180592938756682, 44.69213254907592], [-1.166327809256558, 44.69560086905293], [-1.176002587512256, 44.70454898487892]]], [[[-1.01109596048667, 44.65021912832505], [-1.026278895172731, 44.6623747125835], [-1.032730174192463, 44.651785520631314], [-1.01109596048667, 44.65021912832505]]], [[[-1.025845587038176, 44.64424895721974], [-1.024396137273911, 44.65027649445778], [-1.026928726883593, 44.65030323687372], [-1.025845587038176, 44.64424895721974]]], [[[-1.411277881449622, 46.04793801937138], [-1.386798753208272, 45.953744377485], [-1.268274648912692, 45.881099924759994], [-1.234463841896245, 45.804026112815365], [-1.195441069266806, 45.829116839984316], [-1.18794561069226, 45.88660290772542], [-1.217767363318522, 45.905691395656966], [-1.23423752850542, 45.92474886701887], [-1.236363189630556, 45.984933158536876], [-1.411277881449622, 46.04793801937138]]], [[[-1.174466055024504, 46.02427820607113], [-1.17480379118888, 46.007986427569506], [-1.154588833850632, 46.01949412061405], [-1.174466055024504, 46.02427820607113]]], [[[-1.113121127862492, 45.96187070093756], [-1.116603500444937, 45.952233609268866], [-1.105321293451349, 45.95397731788014], [-1.113121127862492, 45.96187070093756]]], [[[0.053907027919235, 47.163678950409626], [-0.00184219905785, 47.163739973236574], [-0.035503651403108, 47.086741021494824], [-0.085909274640677, 47.101010256765804], [-0.128788401063523, 47.05442424791532], [-0.179203293698672, 47.070157309213684], [-0.140142596145332, 47.0978168476611], [-0.18031446879741, 47.108248046210036], [-0.396158548803073, 47.09163791078118], [-0.480320366102588, 47.05333810213847], [-0.459495589906845, 47.08199074863975], [-0.492998629711922, 47.083365349792054], [-0.557552530971356, 47.06408996221663], [-0.542336224244005, 47.03253155455388], [-0.595493292713698, 46.99791029159447], [-0.786724234436257, 47.00545182201927], [-0.903475360872801, 46.971598225649466], [-0.807411078226201, 46.92005656846608], [-0.832336697800211, 46.88464556890356], [-0.782291436522152, 46.84322827937927], [-0.698514220195843, 46.810739273936036], [-0.727449730864289, 46.76762979210735], [-0.656162148138884, 46.700798945012025], [-0.681084487165383, 46.68698291044168], [-0.636971325580188, 46.66337745418727], [-0.658929852674818, 46.635960394811335], [-0.614049685322969, 46.62160837113592], [-0.601772695623111, 46.54804195771114], [-0.644131629318961, 46.52175463651033], [-0.607806016515351, 46.454575928363774], [-0.640667445548862, 46.39719140783346], [-0.538147553519829, 46.386353744087955], [-0.721915585761268, 46.30243211190728], [-0.803282716340209, 46.34289040370197], [-0.963143758871298, 46.32272686064546], [-0.929403791593015, 46.37148086167797], [-1.053691200110429, 46.34951605936088], [-1.127753711371229, 46.30568577485182], [-1.106657230899515, 46.26211332260208], [-1.240837543078101, 46.16301070609041], [-1.150821463862246, 46.15790883995381], [-1.174219661404877, 46.13850648861197], [-1.127228967093042, 46.12603029953233], [-1.14288381793226, 46.10656581724043], [-1.101028830847886, 46.09431877935001], [-1.052884310318159, 46.01228017731095], [-1.121409281394595, 46.002470175905685], [-1.069513673649056, 45.94956180860709], [-1.100949099185893, 45.94545968779455], [-1.073061764417712, 45.917615175236676], [-1.105529136654659, 45.86704301832984], [-1.169572428600466, 45.85500716207004], [-1.135102174778697, 45.801163149257064], [-1.242517350821996, 45.78138971660586], [-1.230631833976313, 45.67949321471875], [-1.227560589187252, 45.67506187460916], [-1.210623692890976, 45.67113304634536], [-1.199823256861591, 45.67301646217742], [-1.191887275010006, 45.67604288185954], [-1.230608391023235, 45.69004940911583], [-1.200866808327032, 45.69520499012606], [-0.988469289761186, 45.58339871769126], [-1.092011913365901, 45.565782977865766], [-1.152347489115669, 45.48402813385728], [-1.260137214474365, 44.63069312889164], [-1.162344419885297, 44.780890705216095], [-0.997657979231433, 44.648378524115564], [-1.017055171705318, 44.639986850839534], [-1.035934873195897, 44.64894256496263], [-1.039315136935609, 44.653763524705916], [-1.119338638130473, 44.639469992738064], [-1.140190253455846, 44.64828359483155], [-1.143815942274156, 44.63798589359428], [-1.143700006691897, 44.66043876842126], [-1.194857951682664, 44.658674967774296], [-1.210937456488731, 44.59965786959283], [-1.256059727556721, 44.53460020302325], [-1.323891469746992, 44.08933852294138], [-1.447056601732544, 43.64236269434502], [-1.597126696671487, 43.43182450609263], [-1.667592907419834, 43.38788413138623], [-1.792127124035473, 43.36978758928445], [-1.730158393973971, 43.29576726191929], [-1.624114406427422, 43.3060662642124], [-1.608780024817633, 43.25189874186367], [-1.535321462866498, 43.29466657434493], [-1.382543607051482, 43.253101462695305], [-1.414767892776785, 43.127532027075546], [-1.473213591860995, 43.0867295390169], [-1.441248125860446, 43.04627244194506], [-1.353893041501254, 43.02829745621735], [-1.344838070312394, 43.094443234150695], [-1.27015689858948, 43.11831638594382], [-1.309831215426158, 43.06918477912308], [-1.141911041141226, 43.00759461115931], [-1.11496093201587, 43.02396112687676], [-0.945045118408201, 42.95340605839913], [-0.752868462809921, 42.96789984103949], [-0.731972158370182, 42.89610961558996], [-0.552082107442839, 42.7778945808563], [-0.505669811721723, 42.827287731237526], [-0.441814823261541, 42.795359131980774], [-0.32442406970443, 42.83464486896218], [-0.327176135408518, 42.91650237388985], [-0.279275287665145, 42.94234802439857], [-0.287646656420394, 43.005439719654056], [-0.181956061395672, 43.05252959076534], [-0.194039315787596, 43.11510800831636], [-0.146093213633916, 43.12808137558236], [-0.117718152532992, 43.180271269423606], [-0.068134643036751, 43.17727980732631], [-0.073669897146637, 43.22344530452689], [-0.049769131288629, 43.217329690184854], [-0.016857304597769, 43.271655542204634], [-0.044869555742045, 43.30413555741381], [0.029793991601402, 43.346114815709164], [-0.00589868472969, 43.373191488673356], [-0.000877415857979, 43.445108369056705], [-0.067137813264103, 43.41039931020105], [-0.064999333418709, 43.46359059452887], [-0.017383380016196, 43.47214323603154], [-0.065804633430986, 43.54843520364027], [-0.093846493612613, 43.54352613516328], [-0.09648137963706, 43.58177518404202], [-0.24207859477877, 43.58333559921387], [-0.247201089158014, 43.61583823456915], [-0.280245897424706, 43.619236422305654], [-0.242403601572821, 43.65512642773696], [-0.250492457484156, 43.707962996520216], [-0.193962732944281, 43.736763517225725], [-0.227150216764394, 43.80861220841464], [-0.191738309962154, 43.81036300641441], [-0.208736054350754, 43.85759804258309], [-0.185677508890095, 43.86691572620348], [-0.229054207460563, 43.91145363801127], [-0.179689005625459, 43.938887334221114], [-0.095379611257621, 43.92920993583344], [-0.036164948567139, 43.98373593475582], [0.006662452034772, 43.9538393770639], [-0.023937951694331, 43.92982730827846], [0.058573924146352, 43.896773972387976], [0.055992649290445, 43.9613497709224], [0.127288227672071, 44.00228924461449], [0.156751093305609, 43.97257417641168], [0.214175272703929, 44.02305192117793], [0.302859040608626, 43.99097275233309], [0.591891503954847, 44.08001153254512], [0.6633919233926, 44.024088134259216], [0.798646568849834, 44.110588479237734], [0.788284995227544, 44.14437379549784], [0.894217871335425, 44.13796548743134], [0.853136802808286, 44.18401658880818], [0.906238963933085, 44.190350750475204], [0.950896255389611, 44.27509646751208], [0.869049910254472, 44.309593949867924], [0.896420049089812, 44.381861716963954], [0.941094127565034, 44.344469821547676], [1.062208233740076, 44.3654869784778], [1.05745664469784, 44.427752861992104], [1.020815154452527, 44.44518129844233], [0.981513351183313, 44.54444099901469], [1.103214345710049, 44.57173474103465], [1.146728963037966, 44.67079638542764], [1.315827996227518, 44.74047479861371], [1.298510841905215, 44.79646103083184], [1.442294049471173, 44.87881367004513], [1.410745294429288, 44.90887924016157], [1.442509479795358, 44.91615055682293], [1.409109324538713, 45.006931637040104], [1.537311118443311, 45.04665423646346], [1.629937492363874, 45.0334995007385], [1.800169264795483, 44.92028441165639], [1.908117642947911, 44.978124741306175], [1.949295292874526, 44.95258665074585], [2.133174395456815, 44.98560037990928], [2.095198616211745, 45.056044610139615], [2.175632752902636, 45.08136704141266], [2.179075405192197, 45.13630273418501], [2.23282698076488, 45.165336807677484], [2.189388239103709, 45.222502010067934], [2.35928868460156, 45.33612385646831], [2.349977480843563, 45.41268306230029], [2.480204405333856, 45.36968780005165], [2.52872431135847, 45.39241680671594], [2.487471709412974, 45.41884203009315], [2.517045724590225, 45.5521608918258], [2.461104177122872, 45.5962614044277], [2.484302892573188, 45.64017759714178], [2.520867948416706, 45.64177366514134], [2.523635044169432, 45.71111669779754], [2.388058862091799, 45.827395024232764], [2.492162308036836, 45.86416381725115], [2.557617714364645, 45.91254583198142], [2.563202639629243, 45.95615024992225], [2.61121052067532, 45.9717302121322], [2.515966007689316, 46.23957138913542], [2.391858137952902, 46.329985164143054], [2.364769214889394, 46.31079450280818], [2.301082898451916, 46.3422915239949], [2.337748631204752, 46.364394372172434], [2.287452306605525, 46.38241469664019], [2.281089687075233, 46.42047317551321], [1.839650760736489, 46.425848353311565], [1.784910614451584, 46.455365921225706], [1.74797391498028, 46.450390393324945], [1.727162074602929, 46.389220966202494], [1.683732724019817, 46.41817837925827], [1.627728855604462, 46.38825125012716], [1.60930445415471, 46.423092238724564], [1.54640547970113, 46.39316754111797], [1.522727097132595, 46.4267330718129], [1.416897776628147, 46.34705217789836], [1.344690314546163, 46.401581448378856], [1.303705568168605, 46.371136702610485], [1.182241550450744, 46.375888415024505], [1.213221993294786, 46.433128824351115], [1.151835552307016, 46.44864815159708], [1.146327474948626, 46.50580387037553], [0.910669735785497, 46.60166928615331], [0.913152358029961, 46.72567557322771], [0.704922405264183, 46.902765723885544], [0.692886031271278, 46.974131452142586], [0.567584957560815, 47.00650837237335], [0.59942867438297, 46.95616421804269], [0.324970654517775, 46.9305488483786], [0.291357414284592, 46.9902595054131], [0.305344161154632, 47.05270029560193], [0.176072032524947, 47.06057188274292], [0.201166082931547, 47.091296467921026], [0.182368073114625, 47.115113939413625], [0.081212356710723, 47.11853162192811], [0.053907027919235, 47.163678950409626]], [[-0.075195350420839, 43.30715512509965], [-0.110626637179091, 43.3123979785022], [-0.086659186769974, 43.33522457996747], [-0.107349523001636, 43.37095541481647], [-0.065041126456839, 43.35495242529511], [-0.075195350420839, 43.30715512509965]], [[-0.137454027448747, 43.28560364943803], [-0.111953894522311, 43.31067535915445], [-0.079818793704459, 43.26308182834], [-0.12165723747577, 43.241067971106986], [-0.137454027448747, 43.28560364943803]]]]}}, {"type": "Feature", "properties": {"id": "Occitanie", "name": "Occitanie"}, "geometry": {"type": "MultiPolygon", "coordinates": [[[[-0.075195350420839, 43.30715512509965], [-0.065041126456839, 43.35495242529511], [-0.107349523001636, 43.37095541481647], [-0.086659186769974, 43.33522457996747], [-0.110626637179091, 43.3123979785022], [-0.075195350420839, 43.30715512509965]]], [[[-0.137454027448747, 43.28560364943803], [-0.12165723747577, 43.241067971106986], [-0.079818793704459, 43.26308182834], [-0.111953894522311, 43.31067535915445], [-0.137454027448747, 43.28560364943803]]], [[[3.502731375066251, 43.28064134164838], [3.504893572732659, 43.276149607065996], [3.507167466816431, 43.278100919072806], [3.502731375066251, 43.28064134164838]]], [[[3.034941559739968, 42.60810337400159], [3.037684957705189, 42.60647161727149], [3.037881202623601, 42.60881529744846], [3.034941559739968, 42.60810337400159]]], [[[4.130177020848881, 43.51751563926368], [4.127363061370872, 43.51355519153447], [4.132797514322846, 43.51302348853287], [4.130177020848881, 43.51751563926368]]], [[[-0.313252392017203, 42.849402544386], [-0.160246198335302, 42.79801642595795], [-0.106467432846301, 42.72099239940283], [-0.016246571934295, 42.68507464239244], [0.175789580887765, 42.7370723287909], [0.260004446490352, 42.71631443271021], [0.295201732122158, 42.67322514406685], [0.360205773353969, 42.7241752398211], [0.422171967545005, 42.690487966458335], [0.676678556197248, 42.690753924299884], [0.639279193446122, 42.75486469451099], [0.667222361186471, 42.7751122237161], [0.644822707897237, 42.78298371521161], [0.659304546342878, 42.83870941485192], [0.7090864852033, 42.861416078388835], [0.926270793592827, 42.78935573195397], [1.078870168654783, 42.78832634214602], [1.166040240296567, 42.708938196464544], [1.357377685172708, 42.71969901708565], [1.43793451890316, 42.60284900658805], [1.476724726239062, 42.61309949104964], [1.478940352194589, 42.651653198288344], [1.54924820607625, 42.6558796937345], [1.735780160259278, 42.61565982866413], [1.726818659799155, 42.5888608900537], [1.786708888143086, 42.574151541894736], [1.734947138223351, 42.549963322008054], [1.730101351967614, 42.492389269341984], [1.936989054699924, 42.453694386384825], [1.965347572830642, 42.38093547866939], [2.016062473837968, 42.34709272510357], [2.084668448173296, 42.36176194930022], [2.148873807192, 42.4209401178353], [2.256773586920226, 42.4387364857309], [2.432501044230262, 42.39357608966739], [2.526225893574311, 42.33345752124272], [2.570768020248123, 42.358237577874746], [2.670319035605346, 42.340511331466054], [2.651397366374091, 42.38658870208644], [2.673880796413233, 42.40472206183781], [2.800843957178349, 42.418461122125805], [2.839087460365905, 42.45941182644545], [2.947030253800628, 42.48212829838194], [3.040442294222381, 42.47421711621189], [3.085866895273289, 42.42556077095071], [3.174709035619892, 42.43498372605566], [3.127578816490593, 42.487959337645435], [3.14125877646242, 42.51578822473479], [3.047777146148558, 42.54043574957105], [3.028795124217358, 42.609914040371095], [3.04262331450905, 42.7026613493761], [3.024456636595346, 42.70384576627506], [3.049469722995157, 42.980084421533626], [3.178679434860939, 43.1732899534932], [3.388779944852628, 43.284595339700736], [3.510516799568609, 43.284966875896146], [3.506316444399765, 43.26783096861087], [3.644496481463911, 43.38454153122314], [3.974958950174177, 43.54671427381461], [4.101766714432638, 43.554629938352754], [4.138907370849021, 43.54002493950849], [4.13826545079657, 43.51356282586561], [4.116357418684819, 43.51077704522737], [4.138091105727778, 43.51025338474163], [4.110013469778754, 43.50902275432852], [4.129402945714067, 43.48706657056828], [4.230213234693135, 43.46048585707824], [4.239742600370684, 43.49919908270309], [4.32469091189772, 43.528239444190106], [4.307833436335364, 43.54541864901152], [4.313895948539036, 43.555618205892785], [4.334310622190364, 43.53539416707158], [4.460326595015258, 43.58894320276002], [4.473134175139465, 43.611263771469645], [4.426308075525803, 43.62500126208517], [4.485557542633289, 43.698626216211615], [4.627315908592571, 43.68539530415347], [4.612495104219395, 43.726143681941], [4.666761343514096, 43.84661148831679], [4.642076441900599, 43.86752544306712], [4.845568850662445, 43.996639891561024], [4.760588397753939, 44.086992380506615], [4.720467216698682, 44.08183862755684], [4.706381006225234, 44.21445784589989], [4.674281305158378, 44.21440654878795], [4.634930203301452, 44.28482008551575], [4.504407012548567, 44.34425857595629], [4.453072470187504, 44.338943504663895], [4.439332927815146, 44.283405294112164], [4.395200394418547, 44.29097757431612], [4.391425158096845, 44.34676005926049], [4.325776411732131, 44.33832570411742], [4.25854560868667, 44.26433710325462], [4.129916814571933, 44.33686293465238], [4.046922070940764, 44.31898906738313], [4.040217591811732, 44.39163686904103], [4.068431153609823, 44.40504615102621], [3.987927999389199, 44.472516076098444], [3.955130305861637, 44.566607042795205], [3.90507406553009, 44.59257290317875], [3.861099163326777, 44.71130619066544], [3.875860959119469, 44.74031856680286], [3.74301335981488, 44.838794101402875], [3.663185073329285, 44.82982174893557], [3.672747059618799, 44.85660045353665], [3.630173803624915, 44.88094773651716], [3.593531988469539, 44.87663425915377], [3.58958086419495, 44.826564709779056], [3.479754295750125, 44.80899347862383], [3.372733894832508, 44.975754461614734], [3.286262702332253, 44.9264183133762], [3.241684137361433, 44.93536932819214], [3.238190842348271, 44.886760385240706], [3.191734909884667, 44.86234654015299], [3.142319462242301, 44.902981409806706], [3.102865844583214, 44.88639012382279], [3.099338410836403, 44.833266224100015], [3.047943111923998, 44.8040676848101], [3.039104775213563, 44.71514968111245], [2.981424805313696, 44.644591045053474], [2.938352008030156, 44.67852027623499], [2.911625151325111, 44.76173256876754], [2.937521946208511, 44.775050465265174], [2.887664277013915, 44.78913978819604], [2.859754814552768, 44.87441875803474], [2.773617677022338, 44.85478867022596], [2.775486704855343, 44.91128203563959], [2.738402891763098, 44.94143502045817], [2.602682349716753, 44.843163111304236], [2.600419476200478, 44.79354197034589], [2.549932636793848, 44.75505590595945], [2.5606251083702, 44.72070503982236], [2.483802571318858, 44.650657870387484], [2.353387571709769, 44.6401303286949], [2.285180314203805, 44.66689711952498], [2.21587021397231, 44.650687382002296], [2.207793407780032, 44.61576623507636], [2.168717964252326, 44.63892073515525], [2.159626918772773, 44.69741292680617], [2.129984407842812, 44.69854885222962], [2.168045641143248, 44.81069069839529], [2.083728780932474, 44.88607710891787], [2.108153632951101, 44.91043018649956], [2.062878147676085, 44.97661955547746], [1.949295292874526, 44.95258665074585], [1.908117642947911, 44.978124741306175], [1.774613436931778, 44.92353987203382], [1.646194901713057, 45.02855370763777], [1.527699347500872, 45.04527313258073], [1.409109324538713, 45.006931637040104], [1.442509479795358, 44.91615055682293], [1.410745294429288, 44.90887924016157], [1.442294049471173, 44.87881367004513], [1.298510841905215, 44.79646103083184], [1.315827996227518, 44.74047479861371], [1.146728963037966, 44.67079638542764], [1.103214345710049, 44.57173474103465], [0.981513351183313, 44.54444099901469], [1.020815154452527, 44.44518129844233], [1.05745664469784, 44.427752861992104], [1.062208233740076, 44.3654869784778], [0.941094127565034, 44.344469821547676], [0.896420049089812, 44.381861716963954], [0.869049910254472, 44.309593949867924], [0.950896255389611, 44.27509646751208], [0.906238963933085, 44.190350750475204], [0.853136802808286, 44.18401658880818], [0.894217871335425, 44.13796548743134], [0.788284995227544, 44.14437379549784], [0.798646568849834, 44.110588479237734], [0.6633919233926, 44.024088134259216], [0.591891503954847, 44.08001153254512], [0.302859040608626, 43.99097275233309], [0.214175272703929, 44.02305192117793], [0.156751093305609, 43.97257417641168], [0.127288227672071, 44.00228924461449], [0.055992649290445, 43.9613497709224], [0.058573924146352, 43.896773972387976], [-0.023937951694331, 43.92982730827846], [0.006662452034772, 43.9538393770639], [-0.036164948567139, 43.98373593475582], [-0.095379611257621, 43.92920993583344], [-0.179689005625459, 43.938887334221114], [-0.229054207460563, 43.91145363801127], [-0.185677508890095, 43.86691572620348], [-0.208736054350754, 43.85759804258309], [-0.191738309962154, 43.81036300641441], [-0.227150216764394, 43.80861220841464], [-0.193962732944281, 43.736763517225725], [-0.250492457484156, 43.707962996520216], [-0.242403601572821, 43.65512642773696], [-0.280245897424706, 43.619236422305654], [-0.247201089158014, 43.61583823456915], [-0.24207859477877, 43.58333559921387], [-0.09648137963706, 43.58177518404202], [-0.093846493612613, 43.54352613516328], [-0.065804633430986, 43.54843520364027], [-0.017383380016196, 43.47214323603154], [-0.064999333418709, 43.46359059452887], [-0.067137813264103, 43.41039931020105], [-0.000877415857979, 43.445108369056705], [-0.00589868472969, 43.373191488673356], [0.029793991601402, 43.346114815709164], [-0.044869555742045, 43.30413555741381], [-0.016857304597769, 43.271655542204634], [-0.049769131288629, 43.217329690184854], [-0.073669897146637, 43.22344530452689], [-0.068134643036751, 43.17727980732631], [-0.117718152532992, 43.180271269423606], [-0.146093213633916, 43.12808137558236], [-0.194039315787596, 43.11510800831636], [-0.181956061395672, 43.05252959076534], [-0.287646656420394, 43.005439719654056], [-0.281197344564217, 42.934292171435445], [-0.327176135408518, 42.91650237388985], [-0.313252392017203, 42.849402544386]], [[1.959830613049494, 42.453287694503445], [1.989632544338394, 42.49368924929845], [2.014389216210351, 42.4517905314465], [1.959830613049494, 42.453287694503445]]], [[[3.732404353946748, 43.41425200268849], [3.732210921275211, 43.4138898386187], [3.748229436331212, 43.41990993107483], [3.732404353946748, 43.41425200268849]]], [[[3.708004782242137, 43.39606178174894], [3.705187704784597, 43.39351071540695], [3.708714982320222, 43.39582502137926], [3.73147491564651, 43.398898085915924], [3.708004782242137, 43.39606178174894]]]]}}, {"type": "Feature", "properties": {"id": "Auvergne-Rhône-Alpes", "name": "Auvergne-Rhône-Alpes"}, "geometry": {"type": "Polygon", "coordinates": [[[2.281089687075233, 46.42047317551321], [2.287452306605525, 46.38241469664019], [2.337748631204752, 46.364394372172434], [2.301082898451916, 46.3422915239949], [2.364769214889394, 46.31079450280818], [2.391858137952902, 46.329985164143054], [2.515966007689316, 46.23957138913542], [2.61121052067532, 45.9717302121322], [2.563202639629243, 45.95615024992225], [2.557617714364645, 45.91254583198142], [2.492162308036836, 45.86416381725115], [2.388058862091799, 45.827395024232764], [2.523635044169432, 45.71111669779754], [2.520867948416706, 45.64177366514134], [2.484302892573188, 45.64017759714178], [2.461104177122872, 45.5962614044277], [2.517045724590225, 45.5521608918258], [2.487471709412974, 45.41884203009315], [2.522223232887739, 45.40266094044813], [2.5233595831599, 45.3814804421524], [2.349977480843563, 45.41268306230029], [2.35928868460156, 45.33612385646831], [2.189388239103709, 45.222502010067934], [2.23282698076488, 45.165336807677484], [2.179075405192197, 45.13630273418501], [2.175632752902636, 45.08136704141266], [2.095198616211745, 45.056044610139615], [2.138909375065102, 44.993442597144885], [2.062878147676085, 44.97661955547746], [2.108153632951101, 44.91043018649956], [2.083728780932474, 44.88607710891787], [2.168045641143248, 44.81069069839529], [2.129984407842812, 44.69854885222962], [2.159626918772773, 44.69741292680617], [2.168717964252326, 44.63892073515525], [2.207793407780032, 44.61576623507636], [2.21587021397231, 44.650687382002296], [2.285180314203805, 44.66689711952498], [2.353387571709769, 44.6401303286949], [2.483802571318858, 44.650657870387484], [2.5606251083702, 44.72070503982236], [2.549932636793848, 44.75505590595945], [2.600419476200478, 44.79354197034589], [2.602682349716753, 44.843163111304236], [2.738402891763098, 44.94143502045817], [2.775486704855343, 44.91128203563959], [2.773617677022338, 44.85478867022596], [2.859754814552768, 44.87441875803474], [2.887664277013915, 44.78913978819604], [2.937521946208511, 44.775050465265174], [2.911625151325111, 44.76173256876754], [2.938352008030156, 44.67852027623499], [2.981424805313696, 44.644591045053474], [3.039104775213563, 44.71514968111245], [3.047943111923998, 44.8040676848101], [3.099338410836403, 44.833266224100015], [3.102865844583214, 44.88639012382279], [3.142319462242301, 44.902981409806706], [3.191734909884667, 44.86234654015299], [3.238190842348271, 44.886760385240706], [3.241684137361433, 44.93536932819214], [3.286262702332253, 44.9264183133762], [3.372733894832508, 44.975754461614734], [3.479754295750125, 44.80899347862383], [3.58958086419495, 44.826564709779056], [3.593531988469539, 44.87663425915377], [3.630173803624915, 44.88094773651716], [3.672747059618799, 44.85660045353665], [3.663185073329285, 44.82982174893557], [3.74301335981488, 44.838794101402875], [3.875860959119469, 44.74031856680286], [3.861099163326777, 44.71130619066544], [3.90507406553009, 44.59257290317875], [3.955130305861637, 44.566607042795205], [3.987927999389199, 44.472516076098444], [4.068431153609823, 44.40504615102621], [4.040217591811732, 44.39163686904103], [4.051680937797117, 44.31697578001555], [4.129916814571933, 44.33686293465238], [4.25854560868667, 44.26433710325462], [4.290551756545121, 44.31663493009078], [4.387291356898071, 44.34707334320274], [4.400897787342907, 44.287254514678516], [4.439332927815146, 44.283405294112164], [4.453072470187504, 44.338943504663895], [4.504407012548567, 44.34425857595629], [4.649453594448593, 44.27033840732341], [4.650612479689276, 44.32980492919166], [4.762931694430296, 44.32552383994271], [4.804579969287194, 44.303829992664795], [4.826882480801677, 44.22850041163931], [5.060539369016325, 44.308205065081744], [5.108136666434813, 44.27729603692151], [5.167021578993484, 44.314933777751925], [5.154812599144479, 44.2304623457317], [5.355216229919255, 44.214554904483364], [5.384679641297207, 44.20110905434099], [5.383201645083959, 44.15536302427944], [5.501905008194088, 44.11563020312869], [5.578627678948282, 44.152037766064424], [5.583784218070965, 44.1887284239309], [5.678862465787286, 44.146137338006056], [5.643300802515971, 44.17062626474716], [5.686419175302587, 44.1946386232611], [5.68726587188075, 44.26681462509275], [5.607957895735799, 44.30648730334756], [5.630371848457798, 44.33370021069071], [5.492828300109733, 44.33712449576612], [5.43172237936618, 44.37108912556193], [5.418362894281695, 44.42490332159596], [5.498472872751461, 44.43672130659331], [5.464428956511577, 44.44789217960721], [5.458415204441033, 44.49939102030719], [5.610752948023826, 44.46904194399473], [5.664706285578013, 44.50188374424925], [5.59705284153199, 44.543394531773906], [5.647190105355016, 44.61155848790108], [5.641677891748076, 44.65141246646518], [5.789758497133559, 44.65317690944662], [5.830382356626948, 44.69023452674411], [5.801185564718121, 44.707282083751345], [5.827098194050943, 44.759688387435325], [5.951121489008564, 44.75961873998664], [5.980335194169803, 44.78125138316249], [5.949511727324044, 44.80436274650387], [6.016478809011637, 44.835695323212214], [6.056498584211233, 44.81581387206561], [6.132900749707981, 44.864500955343054], [6.288594953904825, 44.8740615677962], [6.353952089031232, 44.85347619119488], [6.358842378175417, 44.94128079670892], [6.322918010831826, 44.953019839293745], [6.323521237457782, 44.99907484467236], [6.203923320526895, 45.0124710739274], [6.244019396905392, 45.070370215356085], [6.232394609993841, 45.111291566434595], [6.33423622975125, 45.12293578461428], [6.364878932699327, 45.070172557666844], [6.452819541653938, 45.05168348903771], [6.487086839826483, 45.05640420839552], [6.480493859552692, 45.09416725855647], [6.576402141468075, 45.123097720050666], [6.629914851434582, 45.10936714633342], [6.768023629864273, 45.15978944142887], [6.893854104820661, 45.136983234772764], [6.891661369670864, 45.167148418498265], [6.947247269321791, 45.17042570605237], [6.965879997353407, 45.20820520430396], [7.076478718491861, 45.21057216018633], [7.130008585978532, 45.24806608367715], [7.109974165553782, 45.32678496086277], [7.185564599205883, 45.40325836762831], [6.999857847941162, 45.50486957507658], [6.977988103615727, 45.59043145735955], [7.001155448296643, 45.63986071177734], [6.914927749110908, 45.65173425525587], [6.808592213633633, 45.72511511089255], [6.818076109648369, 45.83590925125544], [6.942600756767438, 45.84788888286256], [7.044472096689702, 45.92248289104383], [6.937207632041312, 46.06440284626381], [6.871726873024114, 46.051150517862176], [6.89993501799661, 46.123879994909935], [6.797988077423286, 46.136360535294045], [6.803546748777904, 46.20460960995068], [6.864955997882824, 46.28113373850952], [6.772087743071823, 46.35026955164634], [6.805301495105555, 46.3941425894424], [6.513044705862239, 46.40491542448287], [6.389911708298328, 46.34036221515064], [6.302076802926348, 46.36593075894224], [6.23756514362821, 46.27766351924626], [6.266785660597842, 46.24769295733433], [6.309755238326942, 46.25622507427832], [6.294679198765339, 46.22515355351233], [6.136440933114237, 46.141589612745015], [5.956846583124526, 46.128756518266755], [5.994912193370388, 46.18183927276201], [5.973356819848998, 46.21371577646724], [6.120785965571583, 46.24801506004937], [6.102388312388397, 46.284940112243454], [6.159328271527759, 46.37966739455956], [6.060147193152211, 46.417911198398095], [5.852895361042216, 46.261419526344504], [5.725178302665053, 46.260686969644496], [5.714595090198946, 46.30902225056115], [5.643367138893512, 46.344849957424636], [5.541732752906198, 46.26978707954531], [5.473656588716409, 46.26428401360694], [5.466917576725216, 46.32326724820639], [5.437146947817779, 46.315126839461925], [5.423531845745544, 46.34773243593002], [5.404829408148505, 46.31014161357333], [5.377857321171261, 46.382177225977216], [5.298780533846846, 46.413075753769206], [5.315212764725868, 46.44500563905467], [5.214607199320889, 46.46866449747634], [5.201924469738894, 46.508189093600166], [5.056372484707543, 46.48373717785971], [4.941889886899514, 46.519899550639146], [4.780448097674888, 46.17691473867383], [4.727453865178982, 46.17947274062732], [4.736837024341585, 46.232594485141306], [4.679246759688874, 46.25872058075759], [4.710130487814832, 46.27838755254016], [4.679691492435727, 46.30649511286819], [4.618334145551643, 46.2649510931237], [4.56022834671841, 46.29520373762224], [4.503969726540196, 46.267238160053644], [4.406075411042376, 46.29618696503583], [4.374161250582651, 46.18686965235889], [4.281036675363004, 46.15606501505189], [4.207827981825696, 46.19494022176066], [3.98986752506797, 46.16907001615427], [3.972710207422757, 46.20278896635716], [3.890130972164007, 46.214487049888824], [3.891238685031669, 46.28524616422431], [4.004697739447264, 46.32755775551686], [3.97722060541512, 46.39922004729085], [3.999320846186889, 46.46451083759035], [3.741892422946139, 46.53911101840389], [3.724104040132747, 46.62645388728607], [3.625985500703058, 46.75268604505598], [3.589415327142041, 46.761880155056865], [3.597567325091227, 46.72399025650453], [3.547676404820391, 46.72255616000927], [3.560950852090091, 46.68888422584839], [3.456903682742204, 46.651778652307534], [3.43436354924751, 46.712411234450926], [3.346563096777804, 46.68454644691421], [3.269608688926793, 46.71673145478925], [3.198075841686713, 46.67973405269972], [3.063730689166844, 46.74756134179975], [3.032062944145858, 46.79490938920292], [2.959612794560297, 46.804287049368774], [2.845401834027578, 46.72667467343688], [2.704866205034842, 46.73942664355203], [2.623250894516691, 46.68963865881222], [2.628260505542494, 46.659141258924684], [2.566782646680803, 46.653561606294545], [2.593001283806323, 46.646556823155834], [2.568510814492999, 46.609141271439924], [2.614892752109683, 46.553287932802135], [2.536649373699507, 46.519704337505544], [2.359856746689653, 46.51587188884877], [2.281089687075233, 46.42047317551321]], [[4.869258911303137, 44.34490223195547], [4.971623374772892, 44.43153331080388], [5.07221962086241, 44.38084287365056], [5.023504510366545, 44.36027588367009], [4.987133211629078, 44.29272569007955], [4.889276926851719, 44.30404219916875], [4.895360507060351, 44.33817077336593], [4.869258911303137, 44.34490223195547]]]}}, {"type": "Feature", "properties": {"id": "Provence-Alpes-Côte d'Azur", "name": "Provence-Alpes-Côte d'Azur"}, "geometry": {"type": "MultiPolygon", "coordinates": [[[[5.228733797968218, 43.19772855530756], [5.231391369921939, 43.198991914753876], [5.228835755192626, 43.19912751967219], [5.228733797968218, 43.19772855530756]]], [[[6.145176754123646, 43.02041914901224], [6.143726151317809, 43.015548961024116], [6.148191718171685, 43.018384081189275], [6.145176754123646, 43.02041914901224]]], [[[5.745944621142655, 43.128630835652984], [5.750086121112084, 43.12652545276962], [5.753158209219469, 43.12820918612836], [5.745944621142655, 43.128630835652984]]], [[[4.869258911303137, 44.34490223195547], [4.895360507060351, 44.33817077336593], [4.889276926851719, 44.30404219916875], [4.987133211629078, 44.29272569007955], [5.023504510366545, 44.36027588367009], [5.07221962086241, 44.38084287365056], [4.971623374772892, 44.43153331080388], [4.869258911303137, 44.34490223195547]]], [[[5.780745462777965, 43.08244227724185], [5.780595092316367, 43.06983589878611], [5.792049876166235, 43.07753471724522], [5.780745462777965, 43.08244227724185]]], [[[5.790160397255289, 43.07249259725118], [5.788597145340402, 43.06916994516406], [5.792083743773645, 43.06879788902078], [5.790160397255289, 43.07249259725118]]], [[[5.767785721085056, 43.08207329775428], [5.767292023955646, 43.07883623266533], [5.769594846992964, 43.08054724542975], [5.767785721085056, 43.08207329775428]]], [[[5.792254856818508, 43.0685027637722], [5.793294462395401, 43.067712628058615], [5.793477014566824, 43.06966350674838], [5.792254856818508, 43.0685027637722]]], [[[5.29234720639874, 43.28074994349948], [5.289632064666244, 43.26054302575411], [5.323984883288534, 43.28636469057178], [5.29234720639874, 43.28074994349948]]], [[[5.338040263018488, 43.2128192860448], [5.338371437641399, 43.207903171679135], [5.340072155524875, 43.20913066117324], [5.338040263018488, 43.2128192860448]]], [[[5.324379451360058, 43.280291478226566], [5.324522693418666, 43.278986180651245], [5.327927728701813, 43.280066595862586], [5.324379451360058, 43.280291478226566]]], [[[5.35516345722843, 43.20115952787184], [5.358475371643801, 43.19939448398414], [5.357512047897939, 43.20134851351575], [5.35516345722843, 43.20115952787184]]], [[[5.325551815732567, 43.21497438662612], [5.327403215232173, 43.21331826509746], [5.32794148172169, 43.214553912499056], [5.325551815732567, 43.21497438662612]]], [[[5.050201396088102, 43.404634694824665], [5.057187645534789, 43.40570630980067], [5.054770009682482, 43.406755652756836], [5.050201396088102, 43.404634694824665]]], [[[5.318355609647745, 43.34748079972298], [5.361030958274518, 43.30896521358425], [5.357981267878251, 43.299034911336456], [5.361574245025627, 43.30905054313246], [5.351464617760801, 43.32318367062023], [5.318355609647745, 43.34748079972298]]], [[[4.873518363225261, 43.368194360098734], [4.875746982811021, 43.36201327487804], [4.877007660846007, 43.36667520955278], [4.873518363225261, 43.368194360098734]]], [[[4.876648159107356, 43.359729995844724], [4.877937751834692, 43.35635024057883], [4.87989413947478, 43.35901134924702], [4.876648159107356, 43.359729995844724]]], [[[5.308083925489046, 43.36012299884962], [5.307888872919968, 43.35999576101516], [5.31318436013888, 43.35745178781291], [5.308083925489046, 43.36012299884962]]], [[[5.380663080392234, 43.18082919865552], [5.386390771123826, 43.17260993130503], [5.398693186565406, 43.173734550826154], [5.380663080392234, 43.18082919865552]]], [[[5.362905375761573, 43.19994908898572], [5.362206877088304, 43.19685613968514], [5.371671972556014, 43.19389481513146], [5.362905375761573, 43.19994908898572]]], [[[5.383312037647763, 43.190342881760344], [5.387055019994367, 43.1859793154893], [5.391551142614483, 43.18615780129155], [5.383312037647763, 43.190342881760344]]], [[[5.618821949666669, 43.16162382660021], [5.616084030270501, 43.15844503298244], [5.620970765414385, 43.159208315619715], [5.618821949666669, 43.16162382660021]]], [[[6.577619558264296, 43.269124887901455], [6.583141075503192, 43.26943797208337], [6.580000845969589, 43.27078117341314], [6.577619558264296, 43.269124887901455]]], [[[6.586036350285216, 43.27148949204959], [6.583520117172247, 43.269370465213385], [6.587060633655589, 43.26961130103039], [6.586036350285216, 43.27148949204959]]], [[[6.581205921537739, 43.27466817862389], [6.58283255566636, 43.2730996265294], [6.582623630621968, 43.275012862912554], [6.581205921537739, 43.27466817862389]]], [[[6.576053936315255, 43.27340625202963], [6.57766042723889, 43.27298114755283], [6.577381147481901, 43.274021439578945], [6.576053936315255, 43.27340625202963]]], [[[6.43237695270672, 43.00997020864499], [6.470876558606326, 43.016715768466675], [6.508264830106531, 43.052767898612316], [6.468558287852892, 43.04560087678484], [6.43237695270672, 43.00997020864499]]], [[[6.892928422891901, 43.42752083219785], [6.895286116356145, 43.42702257778725], [6.89511929227726, 43.4281175858026], [6.892928422891901, 43.42752083219785]]], [[[6.78153480891813, 43.408003695023915], [6.782428559984536, 43.40724201636625], [6.783064086200821, 43.40854649456646], [6.78153480891813, 43.408003695023915]]], [[[7.046322963853267, 43.52445722957894], [7.043223446942924, 43.51578283368614], [7.070905353885159, 43.51724415317449], [7.046322963853267, 43.52445722957894]]], [[[7.047148033322472, 43.509554467695864], [7.047555187216592, 43.50477716865387], [7.055605099820475, 43.50802036617079], [7.047148033322472, 43.509554467695864]]], [[[7.072232465154311, 43.515952857093545], [7.073833590008475, 43.51456385839142], [7.072910197378966, 43.51688596358086], [7.072232465154311, 43.515952857093545]]], [[[6.393595812150624, 42.98761918626959], [6.395931131382724, 42.98740140611013], [6.396778839334791, 42.98920736561933], [6.393595812150624, 42.98761918626959]]], [[[6.252035964163868, 42.99935412129114], [6.25322363189299, 42.997945527011765], [6.253701457989385, 42.99933523681547], [6.252035964163868, 42.99935412129114]]], [[[6.361851135013028, 43.01752093803895], [6.364135988329848, 43.00414406854354], [6.36866013618584, 43.01885708109443], [6.361851135013028, 43.01752093803895]]], [[[4.230213234693135, 43.46048585707824], [4.532447681779892, 43.452420991534], [4.587833546223802, 43.423158061112986], [4.551515406018135, 43.385408170663396], [4.583634535202902, 43.3623158417294], [4.835436940864754, 43.32872385437966], [4.862218247370273, 43.33346706536322], [4.917785454781572, 43.382168887432435], [4.882944503847397, 43.35517798957612], [4.877458490316843, 43.356099398652916], [4.866684301418622, 43.369314911503814], [4.858188185655787, 43.367406744844665], [4.851116172701802, 43.37697921365622], [4.828580750380431, 43.375640864405135], [4.871720042118682, 43.39028677806078], [4.807568149138564, 43.38379469947126], [4.860981006475554, 43.400285130222386], [4.828193822840039, 43.42986413191596], [4.876557689962064, 43.410635908528796], [4.850055741670119, 43.45095578537262], [4.905657684831617, 43.43008233528479], [4.884836923003553, 43.41373535905992], [4.893324333878169, 43.404447929446306], [4.931434265148777, 43.433172409120544], [4.982431075139361, 43.396250454818585], [4.986782236957406, 43.40639738744124], [4.988672683651695, 43.402273434268075], [4.992198165039782, 43.40506948085518], [5.039345216285435, 43.402671761445596], [5.053988043465138, 43.40743014773738], [5.059398622571792, 43.406714516336486], [5.051712330467457, 43.46388742462216], [5.000162073111167, 43.47490906851159], [5.021323909855938, 43.5564215273994], [5.045774765419313, 43.521349321968216], [5.114222921874437, 43.522812672127976], [5.14164946267809, 43.459311622635184], [5.205440070339333, 43.49216784625653], [5.229935391518477, 43.46527661614906], [5.137100261629362, 43.39950389790991], [4.997110087620467, 43.402384512011146], [5.041525235988072, 43.32740975592715], [5.229170915307741, 43.328718694392585], [5.293872422476072, 43.35976375648645], [5.314202057540432, 43.36027940175492], [5.351135457503273, 43.33478623898732], [5.374000134650226, 43.29434637778032], [5.345691958941701, 43.28248033483148], [5.3757539054133, 43.25778759302729], [5.337097514986686, 43.21360191945055], [5.537137031526403, 43.21477050676754], [5.604675214299568, 43.16025476706402], [5.623648693271128, 43.186808334758545], [5.686336591611292, 43.17988696592669], [5.69517301097518, 43.143597561598185], [5.80953739300196, 43.11404862528466], [5.793444322762827, 43.06992714390827], [5.829240733218912, 43.04931635102337], [5.950877677947069, 43.07200810003571], [5.894583974911441, 43.081850649338996], [5.91059356103933, 43.100564438715985], [5.880458131002521, 43.10797533291397], [5.914107994353393, 43.12492540469102], [6.021573953872091, 43.07849771992823], [6.114033272727149, 43.08375614275097], [6.132028385614302, 43.048596392838725], [6.095519865773989, 43.028749628834966], [6.155709270187551, 43.02609439053378], [6.154651951056075, 43.0805241216368], [6.201169565734321, 43.11606118293792], [6.364502753969349, 43.08646912826581], [6.38644523422129, 43.14497965502459], [6.49389770366956, 43.15046369914454], [6.561766212882802, 43.18908549488698], [6.646805809075283, 43.167587899222795], [6.697715371088196, 43.26659185610072], [6.678221739352556, 43.27905094096539], [6.664050472157697, 43.26482453126873], [6.645834919640914, 43.27395270570384], [6.603232062630446, 43.26247508314839], [6.574402358828992, 43.26706130539977], [6.574284027647626, 43.27121547457887], [6.575319342984163, 43.27340446138487], [6.577424341365507, 43.27447924953351], [6.580142668178964, 43.271199693094616], [6.578339692949736, 43.27477219314237], [6.582863690691143, 43.27562352566189], [6.583373521507824, 43.27186963937996], [6.587827860009969, 43.27156415579146], [6.633833314729887, 43.30701253010147], [6.671353889628726, 43.31276478238077], [6.680384764627147, 43.340601056238654], [6.716617954734972, 43.34670578614249], [6.74165926457165, 43.427410007092796], [6.855295545375639, 43.411660195322625], [6.922952817849943, 43.45081002982285], [6.959794380794302, 43.54067456960361], [7.037770049850909, 43.53499856805232], [7.097216304116338, 43.5709922983722], [7.138456366476187, 43.545861274484544], [7.121595953339936, 43.58684965463287], [7.155278787177325, 43.65274643285286], [7.212630367387574, 43.64774900545011], [7.240240493543765, 43.68748042911171], [7.314556147132356, 43.706719491883504], [7.33192578536376, 43.67483836055221], [7.355706305285335, 43.721046444958496], [7.487522296557504, 43.74930125077234], [7.529944191170748, 43.78420471387548], [7.49770236035828, 43.87156457086177], [7.561155022455252, 43.89877768597628], [7.569322048870034, 43.94739142209279], [7.652736159838532, 43.97398110116489], [7.662736222105355, 44.029024175283695], [7.718983685520389, 44.082450089170514], [7.666353249803072, 44.13075209155344], [7.677867299054046, 44.177128531174475], [7.357702658147499, 44.11620094711309], [7.344571688208737, 44.14531038736932], [7.28049090535807, 44.14088682092156], [7.188397026569137, 44.200874246007544], [7.008447279568528, 44.23520722910805], [6.995834191569327, 44.280214251500965], [6.887427465725824, 44.36128675584911], [6.892827378751075, 44.42087951092276], [6.948192071837191, 44.42970012737012], [6.853506607083858, 44.52786932133927], [6.968298643543853, 44.619586624942876], [6.962834489871926, 44.6780820409899], [7.077111095857423, 44.6810364201915], [6.999576873754227, 44.78971945880515], [7.024146132615694, 44.82303504830622], [6.9313732157735, 44.863678436497906], [6.863478328892946, 44.85056018275035], [6.750760712576767, 44.905847891056425], [6.744487459400943, 45.014833381379304], [6.673300182388552, 45.01962690912738], [6.615494611950276, 45.121505691190286], [6.510423958615894, 45.10899802929493], [6.480493859552692, 45.09416725855647], [6.487086839826483, 45.05640420839552], [6.452819541653938, 45.05168348903771], [6.364878932699327, 45.070172557666844], [6.33423622975125, 45.12293578461428], [6.260569800056646, 45.12684420381057], [6.203923320526895, 45.0124710739274], [6.323521237457782, 44.99907484467236], [6.322918010831826, 44.953019839293745], [6.358842378175417, 44.94128079670892], [6.353952089031232, 44.85347619119488], [6.288594953904825, 44.8740615677962], [6.132900749707981, 44.864500955343054], [6.056498584211233, 44.81581387206561], [6.016478809011637, 44.835695323212214], [5.949511727324044, 44.80436274650387], [5.980335194169803, 44.78125138316249], [5.951121489008564, 44.75961873998664], [5.827098194050943, 44.759688387435325], [5.801185564718121, 44.707282083751345], [5.830382356626948, 44.69023452674411], [5.789758497133559, 44.65317690944662], [5.641677891748076, 44.65141246646518], [5.647190105355016, 44.61155848790108], [5.59705284153199, 44.543394531773906], [5.664706285578013, 44.50188374424925], [5.610752948023826, 44.46904194399473], [5.458415204441033, 44.49939102030719], [5.464428956511577, 44.44789217960721], [5.498472872751461, 44.43672130659331], [5.418362894281695, 44.42490332159596], [5.43172237936618, 44.37108912556193], [5.492828300109733, 44.33712449576612], [5.630371848457798, 44.33370021069071], [5.607957895735799, 44.30648730334756], [5.68726587188075, 44.26681462509275], [5.686419175302587, 44.1946386232611], [5.643300802515971, 44.17062626474716], [5.678862465787286, 44.146137338006056], [5.631309182941476, 44.150422167511216], [5.601999043737762, 44.19165703748677], [5.541015036039147, 44.13269641254721], [5.454918478037481, 44.11910091283756], [5.435980872211441, 44.152508386679116], [5.383201645083959, 44.15536302427944], [5.384679641297207, 44.20110905434099], [5.355216229919255, 44.214554904483364], [5.154812599144479, 44.2304623457317], [5.167021578993484, 44.314933777751925], [5.108136666434813, 44.27729603692151], [5.060539369016325, 44.308205065081744], [4.826882480801677, 44.22850041163931], [4.779628728720388, 44.31938179986914], [4.650612479689276, 44.32980492919166], [4.649366350083863, 44.262985040951506], [4.722470686762946, 44.18731900143227], [4.708615969362286, 44.10219870821955], [4.787208141927575, 44.06590390360399], [4.844382556469001, 43.98930770342985], [4.642076441900599, 43.86752544306712], [4.666761343514096, 43.84661148831679], [4.612495104219395, 43.726143681941], [4.627315908592571, 43.68539530415347], [4.485557542633289, 43.698626216211615], [4.426308075525803, 43.62500126208517], [4.473134175139465, 43.611263771469645], [4.460326595015258, 43.58894320276002], [4.334310622190364, 43.53539416707158], [4.313895948539036, 43.555618205892785], [4.32469091189772, 43.528239444190106], [4.239742600370684, 43.49919908270309], [4.230213234693135, 43.46048585707824]]], [[[6.159874207060941, 43.00174656005023], [6.205714532109332, 42.982280926801806], [6.252513896809938, 43.00443698925002], [6.242107244689425, 43.02673210570966], [6.159874207060941, 43.00174656005023]]], [[[6.368891887024085, 43.00207060419408], [6.402541157702633, 42.99345308053467], [6.421284407265698, 43.01410275050321], [6.409064319180513, 43.02005135483338], [6.368891887024085, 43.00207060419408]]]]}}, {"type": "Feature", "properties": {"id": "Corse", "name": "Corse"}, "geometry": {"type": "MultiPolygon", "coordinates": [[[[8.595731334032426, 41.881954324410344], [8.593510066033874, 41.87403181171518], [8.598416637462641, 41.88195773687699], [8.595731334032426, 41.881954324410344]]], [[[9.470137331072603, 42.98383715043812], [9.47187380245779, 42.983450901166016], [9.47121039456015, 42.98461795899708], [9.470137331072603, 42.98383715043812]]], [[[9.247738233865356, 41.33698042685645], [9.248361073427498, 41.33601836938334], [9.248601850241679, 41.337818530759236], [9.247738233865356, 41.33698042685645]]], [[[9.25477153869298, 41.34957891948816], [9.256368967541091, 41.349155559223014], [9.256382320099261, 41.351006280563254], [9.25477153869298, 41.34957891948816]]], [[[9.373615423843916, 41.56535726514817], [9.3713193574957, 41.55945170110255], [9.37451070779878, 41.55866863556541], [9.373615423843916, 41.56535726514817]]], [[[9.404098746066298, 43.02617023976343], [9.40901248019801, 43.02230205047532], [9.406346924864305, 43.027612525628356], [9.404098746066298, 43.02617023976343]]], [[[9.465946271479263, 42.98547578259199], [9.466659290200836, 42.98457557869699], [9.46658324997745, 42.98640202237422], [9.465946271479263, 42.98547578259199]]], [[[9.258570480521358, 41.34811426755607], [9.259934855230025, 41.33389596496041], [9.26167574015758, 41.340050418365855], [9.258570480521358, 41.34811426755607]]], [[[9.36621724952748, 41.55689032292101], [9.36585586916031, 41.554199687477386], [9.3674204302138, 41.55578848149057], [9.36621724952748, 41.55689032292101]]], [[[9.226231632158937, 41.3708848500902], [9.23022625760891, 41.37205186118037], [9.227140657158982, 41.37332795043911], [9.226231632158937, 41.3708848500902]]], [[[9.2434187046577, 41.37513230781011], [9.246903923941717, 41.37466758236882], [9.247894450148996, 41.3764563919647], [9.2434187046577, 41.37513230781011]]], [[[8.534676184582125, 42.372222892886036], [8.541647199335431, 42.366401359182625], [8.541466639880179, 42.37155921818713], [8.534676184582125, 42.372222892886036]]], [[[9.34146042874518, 42.96557646830111], [9.340937184234601, 42.96326792461119], [9.343892336536424, 42.96349832113258], [9.34146042874518, 42.96557646830111]]], [[[9.259256588505677, 41.37437227651161], [9.264267208888821, 41.36087985420977], [9.274675432103896, 41.36916355118957], [9.259256588505677, 41.37437227651161]]], [[[9.259846483280594, 41.361102215260566], [9.260479152237096, 41.36002870100084], [9.261787208177713, 41.36115444432867], [9.259846483280594, 41.361102215260566]]], [[[9.361455089383853, 41.553582007081516], [9.363155061461745, 41.54926999109002], [9.364536394465956, 41.55275906704876], [9.361455089383853, 41.553582007081516]]], [[[9.351910844366268, 41.54085284088724], [9.355018050850955, 41.539405198962], [9.354535808474173, 41.54152531242776], [9.351910844366268, 41.54085284088724]]], [[[9.019652395617877, 41.46107357943202], [9.020616175208533, 41.459731432186494], [9.021852549271669, 41.460496005386034], [9.019652395617877, 41.46107357943202]]], [[[9.394112228038367, 41.67268839997988], [9.391643342373044, 41.66800812073991], [9.39642555733725, 41.67012380563597], [9.394112228038367, 41.67268839997988]]], [[[9.36087061922005, 41.63351503159], [9.362622127822753, 41.63254940931449], [9.363097497825832, 41.63406487377948], [9.36087061922005, 41.63351503159]]], [[[8.744148887926539, 41.81228525464295], [8.746768657853103, 41.81040958772095], [8.746150013423193, 41.81263455661431], [8.744148887926539, 41.81228525464295]]], [[[8.679404400219912, 42.46732089786327], [8.6552267632919, 42.415348815369725], [8.606130322894096, 42.41652808432569], [8.609287527955024, 42.38709906679809], [8.543111877493285, 42.36845771762564], [8.553176495715524, 42.33324696719072], [8.616745518478623, 42.34906625446884], [8.604796958142048, 42.305974349619504], [8.696173594730778, 42.26607414063793], [8.53989171915287, 42.23654320004623], [8.58168212848628, 42.20596208067856], [8.561372120025968, 42.17146938687282], [8.593760893761367, 42.167811579866445], [8.558263534474518, 42.14584070672358], [8.65933024872739, 42.10088645929556], [8.700625154987138, 42.11232083107381], [8.747370440768014, 42.049658493801545], [8.65623130333124, 42.009432618453125], [8.656349358779291, 41.97259941349203], [8.591302031103291, 41.962070436701104], [8.623514981077596, 41.93480995768225], [8.608253145495912, 41.89406338048995], [8.747419772193135, 41.93357539108623], [8.80360961178584, 41.89315547096719], [8.788372572491154, 41.85049647933714], [8.750936068058659, 41.84519401561802], [8.784002452274924, 41.83233521354132], [8.771594338247425, 41.811385191609325], [8.711893181020251, 41.801867270245566], [8.729087362751843, 41.774415784082954], [8.658824361615613, 41.740453478562834], [8.775192077591067, 41.74154900776752], [8.782752019407509, 41.699165168452154], [8.91394694676971, 41.69085669465509], [8.87182965427789, 41.646630126885945], [8.790611732820325, 41.62894289867688], [8.786922420918927, 41.55610601621935], [9.040448871602436, 41.45685635821077], [9.079760108520007, 41.47743929248606], [9.069153931305651, 41.44508014558918], [9.12216194151427, 41.44132586386488], [9.093699427215018, 41.39379887449828], [9.219894385793063, 41.36635484491587], [9.26567235072934, 41.42491149970153], [9.220184079271094, 41.40503355062791], [9.22350295753252, 41.442670570827], [9.287630563575343, 41.48411635905837], [9.272801289135403, 41.53015318441012], [9.369432118289662, 41.59405056429013], [9.279179092964448, 41.59689751386085], [9.388911769980185, 41.655405780922926], [9.372602972514018, 41.67914791966438], [9.40662836721289, 41.71335405246004], [9.413881658243783, 41.95465832012087], [9.55510410038579, 42.12536589588912], [9.533479617281966, 42.5454429485248], [9.446468623456795, 42.67467627138386], [9.492690442947945, 42.80649284086805], [9.463521673610154, 42.986634287092684], [9.422036464568333, 43.01169924290622], [9.340251311145789, 42.99400883343374], [9.361695729532457, 42.9245126252119], [9.322054558926538, 42.90021005962436], [9.34046404068358, 42.86589508446384], [9.309497813074339, 42.83328120802434], [9.34521050374109, 42.736605125380095], [9.298969067122139, 42.67652913348985], [9.222104768962755, 42.73541110147365], [9.122953978976508, 42.73133750977234], [9.014397579075991, 42.64083077678242], [8.805843243229925, 42.60403517530399], [8.783201250947089, 42.55684351867556], [8.709251110209488, 42.57680254160804], [8.720322232396555, 42.52529288657113], [8.666982893537886, 42.51599265088236], [8.649708021765827, 42.47750284732474], [8.679404400219912, 42.46732089786327]]]]}}, {"type": "Feature", "properties": {"id": "Nordjylland", "name": "Nordjylland"}, "geometry": {"type": "MultiPolygon", "coordinates": [[[[10.194405329103908, 56.63574479568489], [10.117469374671723, 56.66272072814658], [10.086030512209522, 56.63296786146311], [9.950407028244031, 56.59111549566174], [9.803427866827692, 56.58337975032406], [10.133932627569923, 56.67169617626291], [10.336450473462083, 56.689250367606235], [10.270994166758447, 56.82512179212741], [10.315970583561626, 56.98132434221562], [10.240943771408142, 56.95930722086985], [10.191454836491308, 56.96347262220555], [10.02578095717552, 57.048417056586906], [9.945051512241042, 57.012911969011284], [9.700383771880643, 56.999027297892376], [9.570859625585262, 56.880511712269886], [9.5428919309028, 56.911256341176134], [9.585339354037885, 56.943389437194284], [9.526726206671446, 56.96927443120888], [9.302885472989471, 56.96134033342665], [9.173063798027277, 56.854329189588476], [9.217990626719313, 56.819518335568816], [9.174997734361702, 56.77181457265299], [9.189774991481162, 56.7289704446288], [9.247892257736208, 56.699167989834216], [9.175791144139925, 56.626719759459974], [9.294306729762425, 56.653844456253125], [9.454798651463975, 56.585611215323276], [9.51405644427522, 56.630587632126456], [9.567909132972293, 56.57971023009765], [9.670854051697098, 56.56870166942477], [9.640406951457681, 56.525361660289185], [9.698623393935007, 56.53319658184918], [9.748211505074124, 56.49888160894091], [9.87436365981204, 56.49868325649635], [10.047227815243005, 56.54886642496915], [10.194405329103908, 56.63574479568489]]], [[[10.227579897582565, 56.6732829388127], [10.229166717142862, 56.667629894129135], [10.23829092961457, 56.66981177102455], [10.227579897582565, 56.6732829388127]]], [[[10.274936543835185, 56.673828408036556], [10.27880441651341, 56.67189447169744], [10.284308696863189, 56.67303499825641], [10.274936543835185, 56.673828408036556]]], [[[9.092284884356907, 56.87413958346847], [9.101607449273653, 56.84994058517394], [9.107558022624765, 56.85846974031053], [9.092284884356907, 56.87413958346847]]], [[[9.568033223778471, 56.96905122841874], [9.564958760880396, 56.96042289705962], [9.573983797129586, 56.961513835507326], [9.568033223778471, 56.96905122841874]]], [[[9.606414421893156, 56.93781071832538], [9.596794328308855, 56.93800907077041], [9.605918540780564, 56.93572801765249], [9.606414421893156, 56.93781071832538]]], [[[9.796733592906287, 57.0366894121764], [9.785725032206726, 57.03549929750618], [9.787014323099468, 57.03371412550084], [9.796733592906287, 57.0366894121764]]], [[[9.87756221425892, 57.026176732589455], [9.852371453739204, 57.037681174401605], [9.816469661187483, 57.03143307238294], [9.847610995058313, 57.01397805721967], [9.87756221425892, 57.026176732589455]]], [[[8.549790947180343, 56.70950705408766], [8.564270675668054, 56.69244874381447], [8.589858141077844, 56.69681249760529], [8.57835369926569, 56.713870807878486], [8.549790947180343, 56.70950705408766]]], [[[8.930825994096683, 56.95467067615365], [8.824062790555447, 56.887429197286046], [8.64147936489877, 56.87612310791895], [8.651471369317507, 56.826857319382846], [8.615024107541931, 56.81441070345678], [8.668975972592035, 56.79303822750403], [8.544410637108715, 56.782128843027024], [8.55998130404413, 56.75078915671115], [8.504492207544988, 56.71776347461248], [8.545650339890194, 56.73204485065515], [8.656281416109657, 56.69891999233393], [8.614329873984303, 56.70020928322667], [8.645074502965063, 56.65677009776354], [8.772317596456384, 56.672192000365186], [8.884585080347406, 56.763558095360516], [8.83529449775568, 56.85043646628677], [8.864452307176139, 56.868288186340116], [8.899461513725194, 56.843990011823074], [8.930825994096683, 56.95467067615365]]], [[[11.190233901459068, 57.32464757425929], [10.93921888226458, 57.31884576524199], [10.876936214522917, 57.279671157347146], [11.009237295362686, 57.23672785299657], [11.082528523803905, 57.26568730997199], [11.07806559379057, 57.30168827874623], [11.175258291858764, 57.31393654222728], [11.188151200786178, 57.28983672015527], [11.190233901459068, 57.32464757425929]]], [[[10.931086432018057, 57.37577291696774], [10.926474737670944, 57.37934326097841], [10.920920869209905, 57.37507868341011], [10.931086432018057, 57.37577291696774]]], [[[10.956425956871552, 57.23196739431583], [10.961781472887555, 57.24257925012532], [10.950971264633031, 57.240992430565015], [10.956425956871552, 57.23196739431583]]], [[[11.028775011198848, 57.232165746760884], [10.997385736771719, 57.21723972527182], [11.037750459336776, 57.22477711818323], [11.028775011198848, 57.232165746760884]]], [[[10.61585480874279, 57.51357827815735], [10.608614944498935, 57.50916493625527], [10.619276388419681, 57.50951205303408], [10.61585480874279, 57.51357827815735]]], [[[8.34947977174854, 56.67640698982273], [8.545997456669074, 56.68672131696465], [8.460656317191845, 56.708738438363795], [8.499037515306528, 56.751384214046745], [8.467797005213173, 56.777566736791634], [8.613982757205536, 56.83320459762456], [8.678149773175047, 56.94391005601091], [8.855328094704468, 56.95680296493832], [8.819624654597787, 56.9929031099351], [8.911660189095015, 56.95531532160056], [8.952719145217703, 56.986704596027685], [9.139815088998976, 57.01174659221362], [9.25842985113118, 56.95739802227345], [9.584422094549694, 57.00058926718025], [9.673482342371369, 57.05726847834962], [9.65657279643195, 57.03173060105108], [9.744294165249618, 57.02454032491845], [9.79184916394727, 57.06956632994193], [9.937092741825714, 57.017399636897146], [10.029872097991833, 57.05731806646083], [10.23938186806231, 56.96929916897559], [10.323086599867981, 56.99786192106093], [10.453255391923593, 57.20573528345978], [10.56309305836291, 57.274117288886316], [10.527935087480069, 57.41737734231437], [10.57087839183061, 57.465180281568294], [10.450825574471889, 57.55548023217141], [10.438527722879588, 57.61230820767457], [10.543952047416829, 57.701765160386316], [10.644318384605622, 57.73979924172218], [10.559076421350978, 57.74162160481148], [10.18389277156322, 57.599179755219176], [9.966919990748215, 57.5920018761144], [9.799708879581912, 57.45997352988657], [9.561388416869798, 57.20380134712104], [9.407194184909063, 57.132617613408314], [9.174006091712286, 57.11357577868471], [8.980128973716305, 57.14016740334748], [8.762003269314524, 57.09101318806171], [8.601040260166892, 57.12210493382126], [8.36252144500973, 56.96223286312135], [8.227840134829519, 56.808460130106205], [8.233840296291891, 56.70283745312393], [8.254865655465826, 56.780740375912266], [8.34947977174854, 56.67640698982273]]], [[[9.257686029462349, 56.94885647010928], [9.25961996580146, 56.95629468679817], [9.25485950712057, 56.9533937822895], [9.257686029462349, 56.94885647010928]]]]}}, {"type": "Feature", "properties": {"id": "Midtjylland", "name": "Midtjylland"}, "geometry": {"type": "MultiPolygon", "coordinates": [[[[10.253018476470283, 55.72867906672786], [10.314904439171903, 55.71281087116334], [10.327995700512629, 55.738398336511125], [10.311730800058998, 55.759820400523225], [10.253018476470283, 55.72867906672786]]], [[[10.405154801445095, 55.92921338817445], [10.429750504570096, 55.91651883172284], [10.454742912584212, 55.92187434772586], [10.443238470799937, 55.92881668328534], [10.405154801445095, 55.92921338817445]]], [[[10.560068060643701, 55.97860314686901], [10.521984391288859, 55.93476725662204], [10.603507246001568, 55.88795607970671], [10.584366235101864, 55.84635165446096], [10.530711898849342, 55.828202405784076], [10.529025903070616, 55.7712752541964], [10.618978736676977, 55.74677872729367], [10.679426644155571, 55.866732368139225], [10.639656979021998, 55.85740980324507], [10.617937386343064, 55.87337717503186], [10.651508537584258, 55.899262169046494], [10.590614337105418, 55.91691553661205], [10.560068060643701, 55.97860314686901]]], [[[10.646004257247812, 55.87486481836607], [10.63271464346253, 55.87317882258734], [10.645954669136673, 55.87139365058633], [10.646004257247812, 55.87486481836607]]], [[[10.653144945251844, 55.886964317484015], [10.65671528925386, 55.883096444815166], [10.658202932588035, 55.88666678881718], [10.653144945251844, 55.886964317484015]]], [[[10.66802137859358, 55.918006475057126], [10.677343943487735, 55.91170878494246], [10.67922829171102, 55.91617171494498], [10.66802137859358, 55.918006475057126]]], [[[10.682352342712784, 55.89544388448883], [10.67342648270774, 55.89990681449137], [10.690683145384153, 55.88230303503699], [10.682352342712784, 55.89544388448883]]], [[[10.765412428870807, 55.934122611177365], [10.76471819531486, 55.92975885739712], [10.769478653984214, 55.93203991050952], [10.765412428870807, 55.934122611177365]]], [[[11.504919930288471, 56.720937170621774], [11.565268661544785, 56.69093636338263], [11.647386573591163, 56.736359073186065], [11.525796525078038, 56.729714266293406], [11.504919930288471, 56.720937170621774]]], [[[10.806124268116033, 56.12801212573138], [10.807165618449954, 56.12087143772735], [10.813116191786648, 56.125136015285314], [10.806124268116033, 56.12801212573138]]], [[[8.298552664033146, 55.9803883188703], [8.28585810758153, 55.974041040644494], [8.28764327958254, 55.97106575397615], [8.298552664033146, 55.9803883188703]]], [[[9.32110910383291, 56.623595708455866], [9.287389188258308, 56.51549362617259], [9.369507100304688, 56.5172787981736], [9.366730166080897, 56.484748997266344], [9.304050793601052, 56.473442907926625], [9.248611285347524, 56.52888241618014], [9.285604016257306, 56.57658617909597], [9.17323735641606, 56.58094993287626], [9.155187283961425, 56.61437231978401], [9.117698671940252, 56.583776455211186], [9.152410349737634, 56.56850331698034], [9.09875601348511, 56.56523050164516], [9.062011223131023, 56.51812179606299], [9.058688819684706, 56.59096673132637], [9.18146898286516, 56.67001018048216], [9.11125221749217, 56.75430996941867], [8.963578822519876, 56.774740271208], [8.86797294424366, 56.741813765411685], [8.82959174622198, 56.68518414249082], [8.918354465161002, 56.66951429937086], [8.8185831855491, 56.671894528705565], [8.730117995276919, 56.60361169966699], [8.679141417025903, 56.60668616255766], [8.764928849296577, 56.5310147049594], [8.738647150392849, 56.45851688647402], [8.659206996347983, 56.44701244468974], [8.610808999876205, 56.482021651153985], [8.546840336506746, 56.46813698003505], [8.527600149384769, 56.47210402892618], [8.62890866044199, 56.50076595716462], [8.644727267895373, 56.56537926597891], [8.613288405433172, 56.54028768174252], [8.623206027661002, 56.500121311719845], [8.564146587294317, 56.564437091867305], [8.519219758602274, 56.52932870918084], [8.38850549763956, 56.57266871831644], [8.310305046373175, 56.57390842109494], [8.298106371032953, 56.54911436552539], [8.277775245465914, 56.58561121532379], [8.300684952812187, 56.59215684599415], [8.181673486078306, 56.63901761102067], [8.220352212766816, 56.6862254928251], [8.192384518084355, 56.703878860390624], [8.112646835372653, 56.53825456918599], [8.121175990488581, 56.37144016331399], [8.127622444936664, 56.43233436379284], [8.162532475178603, 56.43372283090474], [8.1885166454155, 56.37501050731602], [8.295924494142831, 56.3080665572782], [8.246435559225992, 56.28247909193041], [8.23810475655462, 56.31411630683717], [8.132184551161462, 56.328893563956655], [8.122068576489083, 56.3687624053125], [8.139226062943223, 56.22327088723038], [8.107638436147601, 56.03716670612529], [8.14582128172472, 55.996107750102105], [8.144234462168273, 56.11095381550034], [8.236071643997919, 56.09032516126646], [8.30777605270509, 56.0492662052433], [8.388257557083886, 55.893857064933385], [8.238402285221472, 55.82592135267273], [8.271824672129238, 55.865691017806306], [8.219955507877721, 55.888204020263466], [8.18658270908109, 55.81828478355734], [8.183458658079324, 55.94255259007197], [8.134366428051601, 55.98787612365315], [8.178202318298585, 55.80430093621619], [8.36174582444223, 55.80352818814944], [8.466789973205257, 55.75433678189946], [8.558127141580917, 55.82654395895568], [8.676152355882147, 55.822957085583305], [8.745413172668181, 55.778548177163145], [8.820908316982424, 55.788369378063784], [8.794604578918188, 55.81031762703297], [8.877188068230263, 55.86394992412501], [8.957807317362215, 55.85301850051389], [8.956440889410827, 55.81065923402083], [9.006657116624375, 55.79631174053124], [9.246636025587069, 55.911262491941855], [9.379179536871803, 55.88111567526433], [9.453052047993772, 55.81774757901868], [9.441010401672155, 55.793237277640635], [9.592086092047605, 55.709799770859], [9.669460074795008, 55.70945816387113], [9.663311149013758, 55.6706857707505], [9.743252693960292, 55.64066016945715], [10.017375772337346, 55.66218140969157], [9.996251236992082, 55.69034745681859], [10.07658397703745, 55.70869505794008], [10.014003780779882, 55.72585254439422], [10.047971636910182, 55.783573105760155], [9.864594801917729, 55.80678034177331], [10.082187433596182, 55.843822660794274], [10.193463154992365, 55.802614940437714], [10.194454917215145, 55.84893023624164], [10.255844998805372, 55.87719545959099], [10.251183716358293, 55.95519755841284], [10.278060472595694, 55.98485124887403], [10.209628879223718, 56.092705390601644], [10.22078620423002, 56.12880553551093], [10.38844360799138, 56.26026361814076], [10.457073553807916, 56.26760265858936], [10.511322947394108, 56.24161848835247], [10.448891515469956, 56.19961735821766], [10.47700797448584, 56.177996941760995], [10.42151887812116, 56.19103861499062], [10.345797832411732, 56.159550164417325], [10.396675234440472, 56.13039235506755], [10.525405970957626, 56.14735148907716], [10.482462666711148, 56.1120447539461], [10.51771981373107, 56.07093620981181], [10.557886183753755, 56.09027557315606], [10.53408389040698, 56.14626055063215], [10.582829003656725, 56.19550154499328], [10.669806550594739, 56.20908868744539], [10.63777263079887, 56.16178162941867], [10.716419375065513, 56.128855123622294], [10.750734347973781, 56.219105485895504], [10.918044634957175, 56.34565434552252], [10.929350724296892, 56.431441777793204], [10.964087196149846, 56.449367879970005], [10.840513623191168, 56.53837853946476], [10.497264717886193, 56.498311345664455], [10.399873667608965, 56.51259272167252], [10.308284426335012, 56.57432992004073], [10.229687270179515, 56.50242715888901], [10.233059261736976, 56.45070675897093], [10.221852348619535, 56.43741714518568], [10.274415746427001, 56.43255751029404], [10.217389418617016, 56.43295421518315], [10.220711822063336, 56.5117497237832], [10.257704552973118, 56.54745316380334], [10.36233546747666, 56.61281029428477], [10.346541654078717, 56.678192218819966], [10.200355902440599, 56.642092073910696], [10.047227815243005, 56.54886642496915], [9.833503056233408, 56.49431950271611], [9.645266586349315, 56.52317978339906], [9.670854051697098, 56.56870166942477], [9.567909132972293, 56.57971023009765], [9.528337820283278, 56.62701728812439], [9.480187764367203, 56.623199003566725], [9.454798651463975, 56.585611215323276], [9.32110910383291, 56.623595708455866]]], [[[9.992011453489727, 55.82733461384117], [10.002028251939828, 55.823070036283205], [10.007879649054244, 55.827632142508], [9.992011453489727, 55.82733461384117]]], [[[10.030987708845071, 55.806408430940444], [10.072740898424211, 55.80809442671918], [10.115188321559296, 55.82535108939559], [10.058360346193865, 55.82783049495254], [10.030987708845071, 55.806408430940444]]], [[[10.054194944858185, 55.790341882931386], [10.07928652909458, 55.77883744114711], [10.097634130216052, 55.786077305373425], [10.08087334865103, 55.79539987026758], [10.054194944858185, 55.790341882931386]]], [[[8.181549515800544, 56.33551357679488], [8.191020845028115, 56.334769755127795], [8.184971095469143, 56.337992982351835], [8.181549515800544, 56.33551357679488]]], [[[8.40127315935255, 56.66651658937496], [8.541955907559657, 56.565503236258266], [8.530550641997655, 56.58350372060162], [8.589957199142317, 56.58826417927097], [8.596800358479516, 56.62307503329063], [8.632801327166518, 56.60859530483804], [8.643809887839401, 56.64191851552353], [8.587626557918783, 56.62887684229394], [8.583957037694491, 56.67598554787611], [8.40127315935255, 56.66651658937496]]], [[[8.958322601789947, 56.807270015435286], [9.010588471057234, 56.771665751551126], [9.080582090099712, 56.79316219778206], [9.046019176551992, 56.81750996041037], [8.958322601789947, 56.807270015435286]]]]}}, {"type": "Feature", "properties": {"id": "Sjælland", "name": "Sjælland"}, "geometry": {"type": "MultiPolygon", "coordinates": [[[[10.958865656863768, 54.84517926604138], [10.97466736557536, 54.842087627380415], [10.970201665287302, 54.84998848173621], [10.958865656863768, 54.84517926604138]]], [[[11.018465579939019, 54.859005761164035], [11.029372194104086, 54.853938908914124], [11.025078251519414, 54.865704311596126], [11.018465579939019, 54.859005761164035]]], [[[11.065527190667028, 54.85634351676151], [11.06342315880054, 54.851963695325146], [11.070636982342789, 54.85363833293317], [11.065527190667028, 54.85634351676151]]], [[[11.05608051698075, 54.871501134085406], [11.064281947317474, 54.865403735615175], [11.059043337364173, 54.872961074564195], [11.05608051698075, 54.871501134085406]]], [[[11.299074727847346, 54.98936985803466], [11.29916060669904, 54.984131248081354], [11.303712185838792, 54.98576294626353], [11.299074727847346, 54.98936985803466]]], [[[11.319599773402077, 54.98565559769891], [11.311042425154652, 54.978318018737], [11.320437411755305, 54.98001254828369], [11.319599773402077, 54.98565559769891]]], [[[11.34782873113667, 55.04386842753061], [11.378201564530569, 55.04858737057204], [11.380089141747138, 55.05270572086273], [11.34782873113667, 55.04386842753061]]], [[[11.364216333335074, 54.98449554417306], [11.36129916854583, 54.97205469433657], [11.373911616311092, 54.97445706533948], [11.364216333335074, 54.98449554417306]]], [[[11.368677879483338, 54.96561977200735], [11.41228520313432, 54.93970848476171], [11.47672022539087, 54.96484758132783], [11.41764763840867, 54.98475294106622], [11.368677879483338, 54.96561977200735]]], [[[11.503532401762603, 54.935461436024426], [11.488002789208096, 54.92344958100989], [11.512026499237168, 54.93194367848445], [11.503532401762603, 54.935461436024426]]], [[[11.504905185192836, 54.91915963279041], [11.483970237881787, 54.904917004701744], [11.52669812214778, 54.90946434981439], [11.504905185192836, 54.91915963279041]]], [[[11.54261383004204, 54.96847258757331], [11.560116818777507, 55.00236317850718], [11.50503388363942, 55.001161993005724], [11.505377079496979, 54.99507026653407], [11.54261383004204, 54.96847258757331]]], [[[11.300317554605977, 55.76940592014971], [11.298258379460627, 55.79188524881977], [11.282471370012951, 55.797033186683144], [11.276122246648125, 55.79085566124709], [11.300317554605977, 55.76940592014971]]], [[[11.080414808875576, 55.91337658239539], [11.214432791252042, 55.86618715198114], [11.157633876826164, 55.89312802679945], [11.080414808875576, 55.91337658239539]]], [[[11.774957425608935, 55.78703760733181], [11.81167938236766, 55.7551203925789], [11.84565577226592, 55.789268380405936], [11.820602474664172, 55.81380688422135], [11.774957425608935, 55.78703760733181]]], [[[11.81742791298176, 55.74808487749895], [11.809534408257923, 55.74345173342191], [11.819058093305161, 55.74448132099459], [11.81742791298176, 55.74808487749895]]], [[[11.766120132276813, 55.73847539348733], [11.766034333312424, 55.734099646303456], [11.771611265997743, 55.73667361523515], [11.766120132276813, 55.73847539348733]]], [[[12.191854593577737, 55.0594623893085], [12.23998781260027, 55.078423960438585], [12.184904877462184, 55.06469612613626], [12.191854593577737, 55.0594623893085]]], [[[12.237070647811024, 55.06306594581287], [12.287863634729646, 55.03629666892338], [12.28151451136482, 55.00549484070753], [12.172549826590092, 55.00772561378164], [12.18730724846509, 54.99150960951201], [12.126046787890957, 54.97949775449747], [12.143635575590816, 54.96319595126345], [12.111632561873519, 54.92553020589642], [12.1864492588212, 54.902536083440026], [12.362937728570492, 54.98747705818569], [12.557529779805972, 54.98190012550037], [12.526556353661345, 55.0284031641995], [12.237070647811024, 55.06306594581287]]], [[[12.137801246012343, 55.009098397211915], [12.105969830223822, 54.99468417119447], [12.106141428152602, 54.98919303747354], [12.137801246012343, 55.009098397211915]]], [[[12.080487537800128, 54.97014566737906], [12.094901763817571, 54.98327290893066], [12.06890467760754, 54.97658058970828], [12.080487537800128, 54.97014566737906]]], [[[12.087523052880075, 54.93119293754622], [12.068990476571933, 54.961737368868896], [11.98851104797454, 54.975465203171225], [12.008931201499253, 54.94389118427588], [12.087523052880075, 54.93119293754622]]], [[[11.68761407986041, 55.2053206287708], [11.68383892542727, 55.19940050022792], [11.690617043614044, 55.201802871230825], [11.68761407986041, 55.2053206287708]]], [[[11.629442382004303, 55.096012748138506], [11.67508743105954, 55.08777604755711], [11.628584392360407, 55.09944470671409], [11.629442382004303, 55.096012748138506]]], [[[11.905414750963269, 55.0007758976661], [11.881905834720538, 55.012015562001146], [11.90498575614132, 54.99863092355636], [11.905414750963269, 55.0007758976661]]], [[[11.979030262409502, 54.594260404388486], [11.969077582540315, 54.71060380010071], [12.160838267950949, 54.8733644355477], [12.1210275484742, 54.9111159798791], [11.999793611791777, 54.921669252499015], [11.969420778397879, 54.96233796161966], [11.905757946820838, 54.939343839163264], [11.828796275763414, 54.98833504782968], [11.811979678743064, 54.95744742064944], [11.7378493735105, 54.97392082181225], [11.711080096620961, 54.95281427657242], [11.761701485610793, 54.9373704629823], [11.760843495966897, 54.87919876512619], [11.80889091602504, 54.86873129147067], [11.800568416479257, 54.83312472124901], [11.836089187736524, 54.821627660020795], [11.889799339444387, 54.77889977575481], [11.877101092714737, 54.75556245744087], [11.916654415298318, 54.74638196825118], [11.875213515498164, 54.68469251285511], [11.924891115879717, 54.60541426975918], [11.979030262409502, 54.594260404388486]]], [[[11.872982742424046, 54.75230209679408], [11.862515268768522, 54.75015712268434], [11.873240139317215, 54.74852694236095], [11.872982742424046, 54.75230209679408]]], [[[11.21610587105771, 55.190220011038356], [11.197573294749565, 55.2513088736837], [11.171147213717587, 55.25645681154707], [11.175608759865844, 55.20875258734648], [11.21610587105771, 55.190220011038356]]], [[[11.142318761682702, 55.16928506372731], [11.184531852162356, 55.173746609875565], [11.183159068732124, 55.179580939454056], [11.142318761682702, 55.16928506372731]]], [[[11.689716154487991, 55.186530655569655], [11.73390262114861, 55.2092673811329], [11.706103756686398, 55.21518750967578], [11.689716154487991, 55.186530655569655]]], [[[11.872038953815897, 55.74016992303465], [11.837376172202518, 55.69233700038746], [11.77246925564183, 55.66436653799648], [11.807646831041541, 55.69645535067813], [11.783408623601497, 55.72944505248591], [11.654710177017177, 55.73244801623952], [11.76826510638674, 55.75029420083253], [11.743555004642555, 55.79478096386849], [11.609408323819494, 55.785085680892486], [11.732272440825323, 55.82459610399386], [11.669982392678506, 55.88353999252946], [11.673585949182865, 55.916315196926256], [11.74977542956078, 55.9077353004873], [11.778603881595666, 55.97791885335795], [11.637207188281696, 55.941711690385574], [11.279168109884134, 56.010522459825985], [11.293582335901583, 55.9777472554292], [11.523351962536774, 55.932102206373926], [11.52781350868503, 55.89023231175183], [11.492121139498979, 55.849735200559934], [11.354499600618151, 55.84630324198435], [11.375434547929201, 55.77766407047272], [11.268443239335438, 55.731161031773595], [11.180327702907377, 55.754240953194376], [10.876084575182055, 55.73364920174088], [11.09796069709341, 55.67582069974234], [10.934985564235461, 55.6644952364429], [11.140045089126472, 55.603577971726324], [11.152056944141004, 55.54231751115216], [11.083932566415706, 55.51726421355041], [11.174707870739843, 55.49976122481494], [11.219323332222393, 55.40263679712598], [11.097488802789238, 55.354074583281495], [11.234938743741278, 55.296246081282945], [11.24720799564898, 55.25446198562521], [11.29414002917006, 55.25806554212958], [11.237126617333209, 55.2505581327455], [11.251412144904064, 55.213021085825055], [11.443301528761271, 55.229494486987846], [11.678991283939354, 55.1739825570278], [11.662689480705337, 55.20298260699146], [11.7220623640629, 55.22014239986937], [11.738964760047642, 55.21207729721674], [11.728625984838702, 55.19843526187881], [11.744884888590521, 55.19598999139368], [11.723263549564356, 55.17093669379193], [11.820902771039657, 55.152232519555014], [11.724121539208252, 55.127522417810795], [11.835488594985879, 55.06334479244742], [11.689458757594876, 55.08445133768724], [12.027592476254062, 54.98320855970757], [12.122142935011338, 55.01512577446048], [12.17259272607239, 55.01546897031804], [12.106441724528048, 55.10650167153535], [12.156033525945205, 55.09414662066325], [12.189838317914681, 55.13275615463856], [12.037630955087632, 55.13944847386093], [12.016009616061467, 55.16553135903535], [12.092713890225719, 55.19178584213855], [12.099320410483715, 55.15000174648085], [12.154532044068386, 55.225933829965584], [12.356846002098925, 55.250043338959046], [12.455343213218121, 55.30032153209132], [12.433936371602924, 55.36951839687147], [12.195329451635583, 55.4594571612928], [12.237799939008413, 55.551347852154], [12.359416858817072, 55.60098327248818], [12.15885166175411, 55.62062815329513], [12.150819683229981, 55.67624960457476], [12.247203425519539, 55.71212577531586], [12.211327254778425, 55.75442752887628], [12.085335179288304, 55.78449689962946], [12.116566002326103, 55.731718725042306], [12.07195054084354, 55.65793161566727], [11.99404508117783, 55.690878417992856], [11.930553847529566, 55.65458545605609], [11.982376422020847, 55.7324480162396], [11.872038953815897, 55.74016992303465]]], [[[11.393881325272984, 55.20251071268762], [11.433520446820953, 55.197191176895466], [11.467496836719212, 55.20027993961349], [11.432490859248277, 55.21709653663384], [11.393881325272984, 55.20251071268762]]], [[[11.994130880142245, 55.69199380452997], [12.036601367515063, 55.698514525823576], [11.982290623056487, 55.70048790200454], [11.994130880142245, 55.69199380452997]]], [[[11.60586911653848, 54.6761984153812], [11.604925327930196, 54.672337461983666], [11.60990166786479, 54.67276645680562], [11.60586911653848, 54.6761984153812]]], [[[11.022865153511535, 54.901592294832554], [11.115930813523974, 54.845875698593], [11.074681769741417, 54.81658289938509], [10.989536228020489, 54.83460266799402], [11.020451660420667, 54.825037672334304], [10.977409179951913, 54.81145879456737], [11.009007826327787, 54.779518541203664], [11.260345167636412, 54.7284482965205], [11.362058648267935, 54.67541381165723], [11.414751526143373, 54.65952908672233], [11.449040327548541, 54.6430465495587], [11.502160214158787, 54.62494137920281], [11.471073978264688, 54.63758083775316], [11.571335629197863, 54.685320414304776], [11.806361236836771, 54.67421818719977], [11.86537384398739, 54.71845629212601], [11.813534983581567, 54.73792789043332], [11.86991542944733, 54.76272667096823], [11.863652105046889, 54.79696045775964], [11.79003659360066, 54.83110844558666], [11.795356129392813, 54.85435996493623], [11.75473031975436, 54.86624312150415], [11.750697768428052, 54.896873351791236], [11.661209448569755, 54.923042035930024], [11.653401742810306, 54.88117214130791], [11.567860175313928, 54.87027567283046], [11.621570327021782, 54.835698690181474], [11.473266817074451, 54.86152417846267], [11.269794573024647, 54.971432651845646], [11.086442186124192, 54.95521664757601], [11.022865153511535, 54.901592294832554]]], [[[11.71604888942465, 55.14290297452617], [11.730908793396004, 55.15135774747539], [11.720404378519703, 55.16109354662903], [11.71604888942465, 55.14290297452617]]], [[[11.714426256232372, 55.16433881301359], [11.69879773653836, 55.16288698331524], [11.716134291171608, 55.15639645054615], [11.714426256232372, 55.16433881301359]]]]}}, {"type": "Feature", "properties": {"id": "Hovedstaden", "name": "Hovedstaden"}, "geometry": {"type": "MultiPolygon", "coordinates": [[[[14.770854209270702, 55.29635420331896], [14.706325895049991, 55.21812800620993], [14.6853475542128, 55.104030616593334], [14.963731022284293, 55.010291954371475], [15.068003113027764, 54.994713102104186], [15.119608061163119, 55.01870099394754], [15.146516987806597, 55.137954452567364], [14.82830122700628, 55.24926358169288], [14.770854209270702, 55.29635420331896]]], [[[15.183251213323189, 55.316026930116834], [15.187986830347617, 55.310937248268154], [15.190642316529539, 55.3137697668622], [15.183251213323189, 55.316026930116834]]], [[[12.753923937894854, 55.59626923851571], [12.74020392595492, 55.61122847734052], [12.725510235748288, 55.61556577143767], [12.753923937894854, 55.59626923851571]]], [[[12.729847529845427, 55.638225920190074], [12.758305490095044, 55.61171531647395], [12.787958419126502, 55.61277751094669], [12.766758787774151, 55.6727914986581], [12.729847529845427, 55.638225920190074]]], [[[12.677888516885838, 55.59348097802477], [12.616699537562413, 55.700445939879], [12.505791300775048, 55.6109563124893], [12.592804401453122, 55.560622580404754], [12.677888516885838, 55.59348097802477]]], [[[12.15885166175411, 55.62062815329513], [12.490036909565738, 55.60694032322691], [12.609771956085352, 55.7129959063228], [12.580789900244117, 55.72002388753142], [12.590838240043572, 55.78806143894621], [12.510719254265375, 55.92624493613842], [12.616473638166418, 56.035412910912235], [12.283615061495603, 56.12717826555038], [11.841521576896614, 55.97035388486668], [11.864278849381648, 55.945187018824406], [12.013941382547937, 55.959510713859096], [12.075051352485685, 55.78816183867763], [12.219626965920027, 55.7496083417618], [12.247203425519539, 55.71212577531586], [12.150819683229981, 55.67624960457476], [12.15885166175411, 55.62062815329513]]], [[[12.068861778125532, 55.739354832873], [12.08439139068004, 55.73540808051108], [12.079844045567393, 55.74741993552561], [12.068861778125532, 55.739354832873]]], [[[11.853570726731073, 55.745124813228244], [12.061375818482546, 55.74096356345535], [12.049020767610452, 55.81492227075914], [11.994710023151876, 55.869576211075255], [12.02216569175653, 55.907670951264215], [11.903591522970181, 55.939931361874685], [11.955028002121713, 55.855376482468834], [11.878838521743795, 55.819383816907404], [11.853570726731073, 55.745124813228244]]], [[[11.705395915230344, 56.2030767856575], [11.699218389794297, 56.194668487147325], [11.712431430310286, 56.19586967264878], [11.705395915230344, 56.2030767856575]]]]}}, {"type": "Feature", "properties": {"id": "Syddanmark", "name": "Syddanmark"}, "geometry": {"type": "MultiPolygon", "coordinates": [[[[10.694003482659136, 54.735493940644815], [10.740889041741172, 54.75761299310793], [10.89896767536749, 55.00058096321427], [10.958236487758994, 55.16062383702071], [10.905927917744883, 55.140383622990754], [10.813352424038282, 55.000751766708206], [10.679442484802157, 54.91671644769779], [10.729658712015706, 54.885886417044574], [10.676624227152418, 54.888790076441275], [10.652540934509187, 54.84002567892609], [10.60266631428349, 54.842075320853155], [10.655529995652852, 54.81628399327069], [10.694003482659136, 54.735493940644815]]], [[[10.670731506612054, 54.96437062250247], [10.695156406243132, 54.954634823348826], [10.705575419372474, 54.95497643033667], [10.69464399576136, 54.96368740852678], [10.670731506612054, 54.96437062250247]]], [[[10.623248135301283, 54.919534705347516], [10.597542209465779, 54.91936390185359], [10.593784532599459, 54.91210475336184], [10.612658318678019, 54.89639083192087], [10.623248135301283, 54.919534705347516]]], [[[10.582682305494423, 54.90493100661704], [10.581700185404362, 54.900148508787176], [10.5854151613972, 54.9021127489673], [10.582682305494423, 54.90493100661704]]], [[[10.55061394951026, 54.910695624536956], [10.54399531412072, 54.90745035815241], [10.55061394951026, 54.90937189745905], [10.55061394951026, 54.910695624536956]]], [[[10.511286445034346, 54.933967600584054], [10.49736596027957, 54.93405300233102], [10.511457248528268, 54.92935590624812], [10.511286445034346, 54.933967600584054]]], [[[10.487971768113772, 54.91936390185361], [10.478235968960124, 54.92192595426246], [10.478577575947972, 54.91902229486576], [10.487971768113772, 54.91936390185361]]], [[[10.502233859856394, 54.97120276225941], [10.496768148050837, 54.967445085393095], [10.478321370707086, 54.96291879280412], [10.48651993841542, 54.96001513340742], [10.502233859856394, 54.97120276225941]]], [[[10.465254903421927, 55.01202479730717], [10.463034458000921, 54.99571306363747], [10.484726501729222, 55.004253238333646], [10.465254903421927, 55.01202479730717]]], [[[10.440958106411292, 54.97030604391633], [10.381219584411506, 54.976711174938494], [10.36405383327218, 54.97235568584344], [10.440958106411292, 54.97030604391633]]], [[[10.341080763339452, 55.002929511255765], [10.251451629903029, 55.02995916416919], [10.239495385328373, 55.027140906519456], [10.341080763339452, 55.002929511255765]]], [[[10.171259389505884, 55.03743181702836], [10.140002350117857, 55.052889533228445], [10.122836598978534, 55.03931065546152], [10.142051992044943, 55.020607672876885], [10.171259389505884, 55.03743181702836]]], [[[10.325153337531072, 55.03341793492117], [10.32651976548246, 55.03051427552447], [10.334632931443833, 55.033674140162056], [10.325153337531072, 55.03341793492117]]], [[[10.258796180141745, 55.05271872973452], [10.23736034165433, 55.05519538039641], [10.2613582325506, 55.04691141094112], [10.258796180141745, 55.05271872973452]]], [[[9.980301083299274, 55.15955631518376], [9.972871131313598, 55.114378791040956], [10.035470611836608, 55.11198754212602], [10.025649410935998, 55.12949490025319], [9.980301083299274, 55.15955631518376]]], [[[9.99661281696898, 55.17304979120371], [9.982777733961166, 55.167840284639034], [9.99712522745075, 55.169121310843465], [9.99661281696898, 55.17304979120371]]], [[[10.095081031215953, 55.12035691332826], [10.07142474730753, 55.115062005016625], [10.104048214646943, 55.11745325393156], [10.095081031215953, 55.12035691332826]]], [[[10.960328830559574, 55.32839556892724], [10.983002994377934, 55.34035181350189], [10.949013099087132, 55.324808695554836], [10.960328830559574, 55.32839556892724]]], [[[10.791788482930428, 55.50833704977577], [10.786578976365758, 55.4995406698387], [10.804427941480776, 55.50287133797021], [10.791788482930428, 55.50833704977577]]], [[[10.426952219909557, 54.81948655878179], [10.527213870842727, 54.860821004311305], [10.456842831346192, 54.892590454181104], [10.486733442782826, 54.86901957201964], [10.445057390265461, 54.865945109129015], [10.420803294128307, 54.88063420960645], [10.41243392292605, 54.90437589526186], [10.395182770039764, 54.912745266464114], [10.376052778720318, 54.88387947599102], [10.20183321491821, 54.964327921629035], [10.426952219909557, 54.81948655878179]]], [[[10.176084588209225, 55.58387489496355], [10.170533474656706, 55.57029601719662], [10.18436855766452, 55.577469763941416], [10.176084588209225, 55.58387489496355]]], [[[10.160370666768253, 55.60795818760679], [10.188724046759576, 55.60983702603995], [10.158662631829017, 55.613509301159304], [10.160370666768253, 55.60795818760679]]], [[[10.656213209628543, 55.039524159828964], [10.702244751240961, 55.04140299826212], [10.677819851609883, 55.03081318163886], [10.719837511115095, 55.03696210742011], [10.711468139912837, 55.05643370572741], [10.656213209628543, 55.039524159828964]]], [[[10.51611164373769, 55.00630288026084], [10.561267817443744, 54.94600924690573], [10.689370437886469, 54.97760789328162], [10.695775568908607, 54.99673788460106], [10.629247608025352, 54.98785610291702], [10.663749913797922, 55.02585988031506], [10.631895062181169, 55.05451216642077], [10.51611164373769, 55.00630288026084]]], [[[10.484577048672032, 55.44467004741576], [10.480904773552673, 55.44091237054944], [10.485601869635573, 55.438521121634516], [10.484577048672032, 55.44467004741576]]], [[[10.460579157775761, 55.449110938257775], [10.45767549837906, 55.44731750157158], [10.460920764763609, 55.446634287595884], [10.460579157775761, 55.449110938257775]]], [[[10.471510581386875, 55.46081097759154], [10.465788664340433, 55.45227080289536], [10.473731026807881, 55.44902553651082], [10.471510581386875, 55.46081097759154]]], [[[9.784965937560852, 55.29470457975079], [9.790431649366408, 55.270279680119714], [9.822030295742278, 55.27762423035843], [9.81741860140634, 55.29675422167788], [9.784965937560852, 55.29470457975079]]], [[[9.737226361009197, 55.224248138507306], [9.746705954921959, 55.248758439885336], [9.716302933003552, 55.24312192458586], [9.737226361009197, 55.224248138507306]]], [[[9.701955439513968, 55.33484340082286], [9.690597007168048, 55.32237474576644], [9.711947443908501, 55.32749885058414], [9.701955439513968, 55.33484340082286]]], [[[9.673516657775684, 55.465337270180505], [9.680263395785667, 55.44381602994613], [9.702809456983585, 55.44390143169309], [9.70494450065763, 55.45227080289535], [9.673516657775684, 55.465337270180505]]], [[[9.898550261020064, 54.885630211803736], [9.864047955247493, 54.86769584494176], [9.983097990512261, 54.85129870952509], [9.898550261020064, 54.885630211803736]]], [[[9.745510330464493, 54.9646268277434], [9.790260845872481, 54.8890462816822], [9.9002582959593, 54.89809886686015], [9.996591466532227, 54.856593617836715], [10.06320482916244, 54.87128271831413], [9.951840951124234, 54.997762705564604], [9.759516216966228, 55.064888478676615], [9.629193151102497, 55.03124019037366], [9.693586068311705, 55.02782412049519], [9.649689570373333, 55.012281002548136], [9.68589991108514, 54.992296993759076], [9.787869596957547, 54.995029849661826], [9.773522103467961, 54.97299619894568], [9.873783754401131, 54.933540591849315], [9.825104758632898, 54.92192595426252], [9.745510330464493, 54.9646268277434]]], [[[8.522984322706117, 55.241926300128426], [8.469693632601949, 55.2555905796423], [8.435703737311147, 55.229201439831115], [8.475927960130162, 55.21417073236584], [8.522984322706117, 55.241926300128426]]], [[[8.502146296447439, 55.28445637011543], [8.530841283426609, 55.25268692024564], [8.576787423292064, 55.27642860590102], [8.533488737582426, 55.29453377625692], [8.502146296447439, 55.28445637011543]]], [[[8.452869488450471, 55.30768564528905], [8.488396615186586, 55.31050390293879], [8.49001924837886, 55.31614041823827], [8.47498854091358, 55.317848453177504], [8.452869488450471, 55.30768564528905]]], [[[8.429640213276858, 55.29854765836414], [8.404019689188313, 55.3134075623355], [8.408289776536405, 55.300084889809455], [8.429640213276858, 55.29854765836414]]], [[[8.523240527947006, 55.339028086424065], [8.463203099832851, 55.34321277202522], [8.442792082308976, 55.42067215651959], [8.40675254509109, 55.41606046218366], [8.399066387864528, 55.451758392413694], [8.345434090772509, 55.44595107362029], [8.424003697977378, 55.33629523052127], [8.523240527947006, 55.339028086424065]]], [[[8.30657629590489, 55.50791004104109], [8.310077767530323, 55.496893215683016], [8.324169055779024, 55.49509977899682], [8.30657629590489, 55.50791004104109]]], [[[9.669929784403292, 55.47853184008621], [9.816137575201921, 55.408459706704065], [9.711776640414584, 55.437837907658924], [9.737738771490974, 55.40299399489852], [9.822286500983171, 55.39146475905867], [9.78368491135643, 55.38061873719455], [9.829801854715807, 55.35294857117891], [9.778731610032644, 55.33723464973794], [9.892401335238818, 55.31204113438418], [9.871648710727095, 55.31024769769798], [9.892572138732737, 55.225358361217936], [9.867976435607735, 55.22211309483339], [9.966871658589515, 55.19717578472054], [10.014013422912436, 55.16472312087505], [10.108980165533971, 55.172750885089464], [10.169957012864705, 55.11570251811896], [10.07977276807303, 55.08905717306688], [10.084555265902893, 55.06309504199048], [10.129647388298729, 55.078808963431456], [10.210949851406378, 55.05028477994623], [10.228201004292664, 55.0883739590912], [10.318129043843452, 55.047722727537355], [10.514040651373854, 55.02568907682116], [10.61976801411258, 55.05814174066667], [10.711831097337416, 55.059678972111975], [10.77545539882397, 55.10331926480946], [10.809616097608695, 55.181205658038614], [10.817131451341332, 55.23073867127649], [10.765377992682474, 55.2912885098724], [10.855391433980225, 55.28906806445139], [10.668447009880813, 55.43775250591191], [10.750945097445923, 55.473194230901065], [10.625746136399906, 55.600101226886316], [10.58876717996544, 55.59975961989847], [10.630443232482806, 55.57456610454473], [10.631553455193309, 55.54587111756557], [10.601534741136234, 55.5625671590966], [10.632279370042484, 55.50773923754711], [10.568398863315048, 55.509447272486355], [10.629034103657936, 55.47528657370163], [10.487139101080885, 55.454405846569465], [10.497899721198074, 55.43655688145445], [10.473133214579148, 55.421269968748284], [10.42573524501534, 55.42050135302563], [10.443328004889475, 55.45893213915845], [10.504048646979328, 55.48156360210334], [10.470741965664219, 55.51077099956428], [10.557424738830461, 55.50564689474656], [10.305916594027924, 55.596258148273066], [10.309161860412472, 55.55902298659771], [10.185329327317843, 55.56666644295078], [9.932881763298719, 55.47878804532708], [9.856361798020933, 55.48083768725418], [9.82245730447709, 55.51969548212179], [9.75174465799271, 55.50722682706538], [9.742179662332987, 55.472212110811036], [9.669929784403292, 55.47853184008621]]], [[[8.185989029194813, 55.80694425802794], [8.15870317104052, 55.68477705899936], [8.078254725402491, 55.5556496175931], [8.293637931240186, 55.468027425210266], [8.237614385233236, 55.558040866508016], [8.312084708583939, 55.57324237746724], [8.292783913770569, 55.55300216343729], [8.428658093186815, 55.445054355277506], [8.609197386264094, 55.40867321107177], [8.656168347093093, 55.31182763001707], [8.629352198547084, 55.256145690997975], [8.666928967210279, 55.147514668862556], [8.545871990891909, 55.1436288893758], [8.575250191846772, 55.17958302484672], [8.489677641391035, 55.19700498122693], [8.4474891783919, 55.09828056173908], [8.508807632710486, 55.05711691970348], [8.551593907938354, 55.08094400710582], [8.539125252881929, 55.1404690247382], [8.667142471577689, 55.13355148323429], [8.618975886291222, 55.054127858559795], [8.639728510802943, 54.97820570551072], [8.619232091532108, 54.90885948697774], [9.130532350592492, 54.86462138205145], [9.27725255187289, 54.798008019421246], [9.548488500223606, 54.86837905891779], [9.610831775505728, 54.92384749356947], [9.6641224656099, 54.90411969002129], [9.591787185933246, 54.89865397821573], [9.64524867953134, 54.87149622268187], [9.629876365078212, 54.850572794676225], [9.752257068474492, 54.84416766365408], [9.693159059576917, 54.88584371617145], [9.770874649312168, 54.89891018345662], [9.730223417758344, 54.97150166837415], [9.570351347445829, 55.02650039341756], [9.40706320725484, 55.01181129294013], [9.54028993251527, 55.05861145027519], [9.451472115674985, 55.09755464688979], [9.505787626742698, 55.10609482158597], [9.4869992424111, 55.13274016663806], [9.678299155605563, 55.17100014927695], [9.7110934264389, 55.22668208829605], [9.59067696322274, 55.33100032220995], [9.613607332281987, 55.356065734943236], [9.584485336568006, 55.389884826740094], [9.680733105393971, 55.43250029847403], [9.617792017883115, 55.46307412388639], [9.500193812316695, 55.45052006708298], [9.492507655090133, 55.46273251689851], [9.574664135667398, 55.46452595358471], [9.560829052659585, 55.49253772658819], [9.735304821702568, 55.48476616761463], [9.729326699415243, 55.52089110657948], [9.8526468220281, 55.584430006319046], [9.750335529167847, 55.586479648246126], [9.66630021015742, 55.65104336894925], [9.550837048265048, 55.6578755087062], [9.663311149013758, 55.6706857707505], [9.669460074795008, 55.70945816387113], [9.533671297125725, 55.732345832056886], [9.495496716233793, 55.782903666258264], [9.441010401672155, 55.793237277640635], [9.453052047993772, 55.81774757901868], [9.379179536871803, 55.88111567526433], [9.246636025587069, 55.911262491941855], [9.006657116624375, 55.79631174053124], [8.956440889410827, 55.81065923402083], [8.957807317362215, 55.85301850051389], [8.877188068230263, 55.86394992412501], [8.794604578918188, 55.81031762703297], [8.820908316982424, 55.788369378063784], [8.745413172668181, 55.778548177163145], [8.676152355882147, 55.822957085583305], [8.558127141580917, 55.82654395895568], [8.466789973205257, 55.75433678189946], [8.36174582444223, 55.80352818814944], [8.283688627719128, 55.78491060731179], [8.185989029194813, 55.80694425802794]]], [[[9.545173104488045, 55.110203686782], [9.542718492980711, 55.09480657823599], [9.561685945537386, 55.093318934898214], [9.545173104488045, 55.110203686782]]]]}}]}