{"type": "FeatureCollection", "_meta": {"topic": "india-pakistan-partition", "year": 1960, "units_source": "india-pakistan-partition_units.geojson", "method": "本地图使用的是现代行政界线，而非1947年时的实际界线。", "units_total": 42, "units_matched": 42, "units_missing": [], "control_sha1": "10463ba2891b2efd", "gazetteer_sha1": "5e260a85798767c5", "built_from": {"control": "india-pakistan-partition_control.json", "units": "india-pakistan-partition_units.geojson"}}, "features": [{"type": "Feature", "properties": {"id": "印度", "name": "印度", "color": "#4a6fa5", "owner": "印度", "units": ["Andaman and Nicobar Islands", "Andhra Pradesh", "Arunāchal Pradesh", "Assam", "Bihār", "Chandīgarh", "Chhattīsgarh", "Delhi", "Dādra and Nagar Haveli and Damān and Diu", "Goa", "Gujarāt", "Haryāna", "Himāchal Pradesh", "Jammu and Kashmīr", "Jhārkhand", "Karnātaka", "Kerala", "Ladākh", "Lakshadweep", "Madhya Pradesh", "Mahārāshtra", "Manipur", "Meghālaya", "Mizoram", "Nāgāland", "Odisha", "Puducherry", "Punjab", "Rājasthān", "Sikkim", "Tamil Nādu", "Telangāna", "Tripura", "Uttar Pradesh", "Uttarākhand", "West Bengal"], "label_lon": 79.475, "label_lat": 23.379}, "geometry": {"type": "MultiPolygon", "coordinates": [[[[77.31004712447016, 8.126281864997269], [77.30671222150434, 8.12713016370954], [77.30548464043089, 8.129389754814648], [77.31004712447016, 8.126281864997269]]], [[[77.24485021916378, 8.17026706520099], [77.24331075110857, 8.170826588769764], [77.24630338247641, 8.172156089652153], [77.24485021916378, 8.17026706520099]]], [[[77.24007568870005, 8.17424510418158], [77.23558603467417, 8.175607726505692], [77.2365026773867, 8.176736289919564], [77.24007568870005, 8.17424510418158]]], [[[73.01113337459773, 8.277594035553292], [73.01158327694314, 8.276183776874452], [73.01025765643456, 8.277851242669295], [73.01113337459773, 8.277594035553292]]], [[[73.01777379843304, 8.275661092958083], [73.07842503706058, 8.32429621929929], [73.0659898921445, 8.284957964672605], [73.01777379843304, 8.275661092958083]]], [[[78.20743344907628, 8.832065239467786], [78.20466558517566, 8.832064623429266], [78.20390095178223, 8.83729003571588], [78.20743344907628, 8.832065239467786]]], [[[78.20809598803935, 8.840129403826325], [78.21393641180849, 8.83500463702452], [78.21165464157947, 8.834348392854292], [78.20809598803935, 8.840129403826325]]], [[[78.22604500654239, 8.872687684985994], [78.22514039227148, 8.866657151778304], [78.22076775459115, 8.87293542043654], [78.22604500654239, 8.872687684985994]]], [[[78.21851698162932, 8.879910338702135], [78.21775275427443, 8.88513134862858], [78.22348016548925, 8.884087441219252], [78.21851698162932, 8.879910338702135]]], [[[78.26932831628146, 8.937422235402584], [78.2665589503977, 8.939420550481385], [78.27038716679503, 8.942046604367743], [78.26932831628146, 8.937422235402584]]], [[[78.25586735100646, 8.949772744763804], [78.25185270633985, 8.948918271143482], [78.25089288789982, 8.956033323733106], [78.25586735100646, 8.949772744763804]]], [[[72.28341278206968, 10.041699896482681], [72.29054787848757, 10.053170441056832], [72.28870268858832, 10.045593591708945], [72.28341278206968, 10.041699896482681]]], [[[73.6279704164372, 10.07251289561642], [73.62621946789612, 10.07282477187423], [73.62812995453672, 10.074343882501974], [73.6279704164372, 10.07251289561642]]], [[[73.63506834416191, 10.071261195166947], [73.65126279391328, 10.101954018604577], [73.64740192555196, 10.076518000864265], [73.63506834416191, 10.071261195166947]]], [[[72.33770121760722, 10.10603253247754], [72.3349926452103, 10.10127683955685], [72.33652875356636, 10.107600769914004], [72.33770121760722, 10.10603253247754]]], [[[72.33320218876302, 10.128616839957168], [72.32736741090541, 10.129849828023387], [72.32810509843357, 10.138719144849473], [72.33320218876302, 10.128616839957168]]], [[[73.66422777776035, 10.139726086855825], [73.66007082468141, 10.129234594729915], [73.6591335431752, 10.155412226381392], [73.66422777776035, 10.139726086855825]]], [[[74.95374808078239, 12.551021703335598], [74.94997810845308, 12.636347789578906], [74.92811325816808, 12.611812738158404], [74.84682496861953, 12.79533369202314], [74.69775292129209, 13.347286355915788], [74.66969696651057, 13.63482999321461], [74.61006424404037, 13.866907052976703], [74.51505215833436, 13.98687310733901], [74.39451496664957, 14.418530854139698], [74.35539062760557, 14.508923293987936], [74.30993268970144, 14.521310849729993], [74.26310601574838, 14.719243771051168], [74.23433707800727, 14.748231094882689], [74.20450217509556, 14.718587358425344], [74.09300140724666, 14.80419293318401], [74.12461112154669, 14.80552555803222], [74.12508831560876, 14.840650547645785], [74.08568785959928, 14.900641739228085], [74.16195468528721, 14.911807932599327], [74.06667054030582, 14.907279689278532], [74.03488621148085, 14.997211894215237], [73.91227208162155, 15.085231856664466], [73.9495973350016, 15.144836668913408], [73.89488934310727, 15.331785793219813], [73.78299902442869, 15.41151246587482], [73.87487277112945, 15.396460025512305], [73.9398488912002, 15.408639061964058], [73.9353778197243, 15.437163796562704], [73.89715379920752, 15.418614917652095], [73.78790999101776, 15.462499086469995], [73.81470270250742, 15.491656969078091], [73.76622943370651, 15.494661684980526], [73.67538205174372, 15.727022158467594], [73.73603901910683, 15.73229484088128], [73.65331560962748, 15.74399007924931], [73.62902870460543, 15.84776501337858], [73.58867796128104, 15.90975293799237], [73.51044575739708, 15.937335121082569], [73.45720701404885, 16.053806191889993], [73.41169281286184, 16.272680104309757], [73.44929643169057, 16.308965515936382], [73.41018842491677, 16.27422150331609], [73.38536852338551, 16.337115323641086], [73.43871807931392, 16.371898487923588], [73.3667251062695, 16.37868590471093], [73.49919348080944, 16.418159751778646], [73.46457437437499, 16.416176742872935], [73.47405858232887, 16.439162181583427], [73.36615303035046, 16.396675011575443], [73.35577285081708, 16.442153227217577], [73.38560361069872, 16.449250703823527], [73.3518747796266, 16.44362831218325], [73.31582870744819, 16.51285009831966], [73.31673309085204, 16.601787480535975], [73.35164907072496, 16.622953175394137], [73.3228232983725, 16.636303504850027], [73.34466156750825, 16.690734129666716], [73.30547514230169, 16.73023971964475], [73.30324780099576, 16.89138115189605], [73.27676606290129, 16.892019156307125], [73.29604329534915, 16.98437252831449], [73.25564769015949, 17.02709796873559], [73.28755908747802, 17.0531155186954], [73.28956618702911, 17.115258093665865], [73.26749898942971, 17.11240464430335], [73.27653815222887, 17.156660800630803], [73.18978663970233, 17.298775687107703], [73.24939242978199, 17.28093475525053], [73.24424806561075, 17.321617551796567], [73.16771630428764, 17.40437055993622], [73.21164120248072, 17.43752526786285], [73.13756628584895, 17.556463931595047], [73.17705617363659, 17.58256444369698], [73.11476368423885, 17.68442066282845], [73.14473954539507, 17.722113677000948], [72.98980339830086, 18.05630763041787], [72.98360296659675, 18.194788100808495], [72.93201925058186, 18.219213804492494], [72.93558497027006, 18.280995526811772], [72.96400044969292, 18.280372577876445], [72.96938166816356, 18.243335545777285], [73.06776328868624, 18.21248940026462], [73.05062897656886, 18.18240523687543], [73.10564847006773, 18.140861971068187], [73.05040150427428, 18.296964112060916], [73.10270726635159, 18.265415649785396], [73.08275286048635, 18.311827745221585], [73.11300012245285, 18.329513587887252], [73.0448252992847, 18.313054791700523], [73.05313866286018, 18.270441985022984], [73.02867455167357, 18.264258534278635], [72.91211784711503, 18.36202368327651], [72.89601406612194, 18.472450843078537], [72.90580956008465, 18.54044425337201], [72.93371729553927, 18.540489636637425], [72.86551360590776, 18.651928367700364], [72.868382638974, 18.79963494309449], [72.80358829389928, 18.902985507397098], [72.82341957667168, 18.941430120021472], [72.79258271175665, 18.93957026024274], [72.83815066902856, 19.048505557744335], [72.81732041833773, 19.043333688269232], [72.82321487487292, 19.110982106146583], [72.78165700780912, 19.158325795631956], [72.79999732256847, 19.32992005478903], [72.7577998658021, 19.375633827571384], [72.77489697598865, 19.412944024065272], [72.7623525141873, 19.396884577104824], [72.74426993147286, 19.46191840359086], [72.77277043733568, 19.487553911150066], [72.7187314711391, 19.53968728987554], [72.71585242634904, 19.592242797091583], [72.78906432789404, 19.59722678422171], [72.77250501750858, 19.63566265343391], [72.7294434218631, 19.601625299139936], [72.72553295122675, 19.628714624720686], [72.75382604507362, 19.626546136307002], [72.74190188524734, 19.650539727714566], [72.71893004822421, 19.633660160572052], [72.69130217121828, 19.795545204943604], [72.6546083840756, 19.83628170064975], [72.69854339999371, 19.85647001485825], [72.70335783721565, 19.877004767137674], [72.68058451888717, 19.866253519505367], [72.66374776741944, 19.93370644024976], [72.7209586759011, 19.967953351347177], [72.73406984349266, 19.910270303849362], [72.75738424496456, 19.882214832807417], [72.77535973861569, 19.900958438196284], [72.77053959978664, 19.95398095100196], [72.74694873010799, 19.951943240115586], [72.77659958259103, 19.961224973640405], [72.76575985011112, 19.982164742958805], [72.71639450302914, 19.97348134308416], [72.70809123022924, 20.0710508950638], [72.77629200213268, 20.33396429850318], [72.89665760032685, 20.379774579698037], [72.82123644146087, 20.367663040128463], [72.83240218064222, 20.44638675639071], [72.88806502508972, 20.460613697680984], [72.85555080611327, 20.467484334508974], [72.90368861524097, 20.575874142315307], [72.83964272849467, 20.803669719535673], [72.72787542780601, 21.007049086984726], [72.72139519604373, 21.048449893601557], [72.75450736870759, 21.052423532282596], [72.69632002744473, 21.062549656159756], [72.70207909888342, 21.09557917795675], [72.62391177582084, 21.09079248923273], [72.65741214914654, 21.224548395688352], [72.598007323874, 21.317262316242612], [72.65412031950025, 21.346122216172077], [72.69849597343828, 21.4647401057149], [72.65281038267824, 21.459945751682294], [72.73657035169673, 21.538779046923246], [72.635408614253, 21.53531150534069], [72.61224675030962, 21.585208394251662], [72.70004886142554, 21.64545634670112], [72.80725386761951, 21.657805703198783], [72.72761423365402, 21.68597400354339], [72.52778857921128, 21.678164191485692], [72.54287958338338, 21.733562655000643], [72.59705725035815, 21.749564616838608], [72.5781687809175, 21.77445981052372], [72.62223288474193, 21.8094916320182], [72.63177198065796, 21.916366030040116], [72.66696325823283, 21.955511378999127], [72.61356910364553, 21.944919562704925], [72.55824663624905, 21.878889519414702], [72.51505941749932, 21.88531406426164], [72.5079210341458, 21.934211987739683], [72.58041947662417, 22.19742009621988], [72.64823411488928, 22.21562297325007], [72.75816521422142, 22.17422035075367], [72.80908567980751, 22.223594167186597], [72.9132941739116, 22.240439579581814], [72.93956342361048, 22.309301180544207], [72.91067676704131, 22.267041953509], [72.84224346802318, 22.28211286457914], [72.75582144496644, 22.231715880918017], [72.73721562324343, 22.27532000774753], [72.5157750181496, 22.321068315708903], [72.42725640986474, 22.20951362899568], [72.41860040278875, 22.30181531737076], [72.37330104268509, 22.315796065959404], [72.32350794301763, 22.143570477786145], [72.26946578420853, 22.059561667907065], [72.22466956780055, 22.057472925640994], [72.24800925415275, 22.007683643721588], [72.20424718009647, 21.890956196585684], [72.24150835574903, 21.823668605074705], [72.16227887367768, 21.807345328844065], [72.22568759168111, 21.69459708840257], [72.30479518763981, 21.667025294797565], [72.3086334795414, 21.6250684544608], [72.23541086199332, 21.455895887546472], [72.10790162080968, 21.302357051635113], [72.08272757195236, 21.245015886728275], [72.11238750280971, 21.198742667288684], [72.00967872271626, 21.134582947178252], [71.98893298373073, 21.139758779756914], [72.00948480159923, 21.186089044539226], [71.97441372938917, 21.12281597586455], [71.8490100565865, 21.07731397918845], [71.85651448096041, 21.096861877563093], [71.82329235899734, 21.09676064209254], [71.83720779185604, 21.0745838403677], [71.78606579183942, 21.055035327031362], [71.80469974161065, 21.039636184061802], [71.75219053088443, 21.059462531954384], [71.74441595974838, 21.031897962325925], [71.78226830051973, 21.031718051664065], [71.52961720052298, 20.94284302385232], [71.55689682135451, 20.96992587476639], [71.43728097146953, 20.869110326687], [71.38133795146807, 20.875194757683648], [71.07144839884641, 20.735017265169077], [70.92029679026379, 20.742846013918975], [71.0074547796766, 20.737382930228392], [70.97683132752366, 20.702082808370932], [70.81306187556079, 20.718494855906584], [70.82158209958662, 20.692234785905764], [70.64829254209283, 20.76258993800462], [70.65801228651753, 20.7846588980502], [70.61386564817973, 20.771435808811777], [70.54755473849629, 20.804998994912854], [70.58608599900991, 20.813374398945623], [70.54571475074084, 20.816471537057847], [70.5420662665706, 20.801673861032654], [70.44749443260892, 20.848259706530325], [70.15881591664558, 21.055209931344258], [69.72211972666496, 21.539275457272957], [69.21723933959628, 21.957585611796944], [68.96592263844505, 22.23407549822964], [68.99878009111514, 22.209431817025195], [69.0026577238363, 22.225383095554555], [68.95828431748309, 22.23790173212477], [68.9367136169446, 22.305324528795122], [68.9839794125614, 22.41192767485516], [69.06817556305764, 22.48119258681807], [69.03570670181654, 22.389998424928287], [69.11055001129117, 22.409753121543265], [69.12123037545317, 22.37544728247569], [69.19479675580256, 22.421720561774336], [69.13385476036531, 22.22245235050489], [69.15650799370327, 22.195052387361354], [69.19036076443682, 22.24345066814979], [69.21288055483592, 22.210161045586503], [69.23764942577083, 22.222518496039267], [69.24057856241777, 22.25818539143771], [69.32204378414467, 22.291816338412232], [69.33278416025922, 22.32764467904726], [69.4229845755544, 22.316019208094783], [69.54049929204095, 22.377026725167934], [69.59771609975907, 22.345978326478832], [69.65542232671201, 22.35938668718712], [69.73074871062059, 22.484376920240905], [69.75376152249873, 22.41646239142997], [69.76458517783001, 22.475324779987993], [69.77936330328028, 22.41621766105923], [69.82087554940239, 22.432300093571957], [69.82422655466969, 22.47293241590277], [69.86402375431936, 22.46332727641514], [69.86784294624137, 22.4336582901873], [69.87146278673046, 22.43659597414838], [69.87067041695433, 22.4277279854037], [69.87184671949638, 22.43644630480414], [69.86441454033256, 22.463602680052205], [69.87118697159889, 22.47104365498239], [69.9264028071745, 22.464293159184706], [69.8896243493247, 22.495126595197643], [69.9711177934229, 22.499893882185702], [69.94673559870876, 22.528052681257275], [69.98459477116783, 22.541273915928215], [69.97712471364174, 22.526998967304063], [69.98241971989627, 22.513075237068783], [69.99159409801031, 22.523904405352905], [69.97868021662478, 22.52524209845981], [69.98636324584011, 22.540952478119983], [69.98402955478434, 22.543073308334076], [69.97553508635602, 22.542667961850164], [70.12529343398408, 22.55278708863174], [70.18132793482084, 22.594262139584025], [70.22345297120559, 22.660890455038], [70.21890059590825, 22.717998967393655], [70.2924928692974, 22.765963620522133], [70.37611168873025, 22.90835360944135], [70.40923659501327, 22.92588084291334], [70.39175524393872, 22.89210455546157], [70.41082351208178, 22.92652097326336], [70.40010167539808, 22.88907484378396], [70.41926598871643, 22.91854939657466], [70.41200477961242, 22.892392831792662], [70.38296046421934, 22.87150662894773], [70.40698911437697, 22.882653133106526], [70.41726442727904, 22.90153401540023], [70.4202272264946, 22.918213202982027], [70.42656431710625, 22.90437264507828], [70.38833644012198, 22.849655985458433], [70.41237587635123, 22.87204794949719], [70.39711834428839, 22.84568055923797], [70.42715510493267, 22.8420180556754], [70.39137047034968, 22.839497827530483], [70.41399533039936, 22.833979517185494], [70.38289641433954, 22.795043012077862], [70.46483375015559, 22.860720531043384], [70.46209422181403, 22.840249902221036], [70.47723579574674, 22.905926096421542], [70.48046937862998, 22.896775608578068], [70.48967749746608, 22.895285546559947], [70.49068458345975, 22.880276072195663], [70.4901802423098, 22.89528935739857], [70.4797891141097, 22.90772433157207], [70.49986777584337, 22.903684877302904], [70.48301881088103, 22.93538689774807], [70.4982692184054, 22.914133162276205], [70.48821495304698, 22.934295864827128], [70.51934160908276, 22.934945450346348], [70.43238475695362, 22.967433192990523], [70.5413578290864, 22.959949046527658], [70.56140058515814, 23.029366813066773], [70.68880519596738, 23.11728784831618], [70.71169539948738, 23.214302788657687], [70.6667235875942, 23.228936473481895], [70.63586026280248, 23.18542374681331], [70.50519047266654, 23.176630923223733], [70.42464379269067, 23.21651690660558], [70.297857052117, 23.210008302432914], [70.30886708900512, 23.181331189611875], [70.22787358431198, 23.16007051538976], [70.23755510991295, 23.137879888046776], [70.10779521165017, 22.977792807197225], [70.03584095779111, 22.952859689057597], [70.08026932756496, 22.91982928831907], [69.9270953947838, 22.895854180428508], [69.71286487387452, 22.805734289517645], [69.41827198392949, 22.81248551295655], [69.49475209931026, 22.779683625280867], [69.47181214080165, 22.773563612967553], [69.3046989608236, 22.837566828346915], [69.19588325915555, 22.83783322576385], [68.63228744360775, 23.170311028994487], [68.58093220689891, 23.233689378134134], [68.62873483752611, 23.254922343990792], [68.6344578973017, 23.300499714309506], [68.60130009830625, 23.256111532331722], [68.540140789622, 23.248295722634953], [68.54405096561094, 23.300776715927228], [68.6196187960066, 23.329901832213952], [68.55923953041616, 23.33848287953857], [68.57645325090972, 23.373467941402726], [68.45858652957907, 23.367202748315155], [68.44979962718644, 23.436776360195633], [68.39976722441213, 23.420101786122597], [68.48036625820274, 23.51790233445587], [68.43646142208489, 23.53873574994077], [68.41610374631891, 23.486678020673015], [68.326367809433, 23.49609377867267], [68.29930804587735, 23.593159374247833], [68.11931343525514, 23.61589624199684], [68.09381543953333, 23.666801088521414], [68.17223640910291, 23.6959954558199], [68.20844197087182, 23.87500889560212], [68.28012114262457, 23.93064986120628], [68.33193985342619, 23.92397428474711], [68.36775264480343, 23.984161322498128], [68.75294813567781, 23.97116594366066], [68.76463391047547, 24.295891749585902], [68.82624194650876, 24.31743887907255], [68.86472767321726, 24.21274432173997], [68.94554513416581, 24.302580192525248], [69.00335295967908, 24.223041133554783], [69.09489665097139, 24.27400419290616], [69.19383047667901, 24.23621478235229], [69.31296887648203, 24.281301806388107], [69.49141560273316, 24.267499646379292], [69.59415155057573, 24.292823060170402], [69.73152158965, 24.170900891002937], [70.0251595273289, 24.17099801027024], [70.10998551990852, 24.29478921312039], [70.57310409629278, 24.422044460046852], [70.60255230591571, 24.40787476882921], [70.56178985481516, 24.353687285596266], [70.57108390289808, 24.251410612324516], [70.66777330044471, 24.21925219733402], [70.9067892940537, 24.259232083479354], [70.87401519246556, 24.29457302725287], [70.94693704597164, 24.348467820571713], [71.04920009639415, 24.35630595577511], [71.12170665065953, 24.405704325878304], [71.10296839480573, 24.43586399443216], [70.99847674274095, 24.444094550048597], [71.00844093582248, 24.635547370429922], [71.1050693258987, 24.686140737062306], [70.93737446270421, 24.938815389319483], [70.8881684650755, 25.14834688443521], [70.66451003542788, 25.397065768745456], [70.6598314701893, 25.702197519089275], [70.38674341630613, 25.67391934614868], [70.26837380909629, 25.71377813821129], [70.09951715995022, 25.938344584969506], [70.083184406476, 26.08342885286408], [70.17492547829752, 26.251373462272927], [70.17402977980582, 26.551401439766384], [70.05602328510854, 26.60058496530485], [69.88592549481983, 26.578806111903273], [69.79168573388273, 26.598305697932332], [69.51008650560189, 26.74357252253747], [69.48422685443494, 26.80489553583903], [69.5131019981954, 27.010006601795624], [69.58690286039355, 27.18353288172891], [70.02565331596921, 27.562880454230196], [70.13220090449552, 27.805608621740884], [70.37191892521082, 28.011794687524688], [70.50541726763137, 28.036953954192], [70.58917220159267, 28.01044668438217], [70.67705904000958, 27.921813252221344], [70.68398201544281, 27.828182411522413], [70.73946152182565, 27.741882128552312], [70.8716106099608, 27.705557247483192], [71.20512550600849, 27.83534678454248], [71.38259685230386, 27.8724974899032], [71.66597639954401, 27.877770605240695], [71.8982659735955, 27.9615331595678], [71.92773446088935, 28.12161360385348], [72.20611721829479, 28.39412402724347], [72.29929864075804, 28.669502190393537], [72.39216362088266, 28.771941016062584], [72.94523685505989, 29.02773503166105], [73.28242142743372, 29.571966235183602], [73.39699061661265, 29.945880838385424], [73.8062347532446, 30.067678359211545], [73.96637247634112, 30.193252877584886], [73.95647940564837, 30.2760508762376], [73.87984832119756, 30.359767068301867], [73.97375378038988, 30.44389129880939], [73.92645444347704, 30.438909897276307], [73.93458882851193, 30.490149285372894], [73.9641342529166, 30.456436442046712], [74.01188613861173, 30.53362019122216], [74.07227887354153, 30.522869507172743], [74.09592383976663, 30.611405259024334], [74.19340123768387, 30.665152298430545], [74.23256679053476, 30.724503201054798], [74.28619876870367, 30.735018647837734], [74.26088709255495, 30.774458751172045], [74.30179934761063, 30.77936224766323], [74.32038982970188, 30.846562990168763], [74.38218953118249, 30.860374502001594], [74.36588650206274, 30.89293587158646], [74.42276762732551, 30.90777203948958], [74.41639074134676, 30.940318313970305], [74.54637939020675, 30.992428890317928], [74.56816342086232, 31.05480695773357], [74.66650514001668, 31.05208061045743], [74.70237091672432, 31.0916870355041], [74.68908628804462, 31.128020129489595], [74.60323146125828, 31.13373410557503], [74.60956582638137, 31.09761378070805], [74.56048514822639, 31.082657129373434], [74.5102838522972, 31.1320126179825], [74.55164759612308, 31.364420353226325], [74.60113982664569, 31.41996346991315], [74.65458693871567, 31.42591998837608], [74.63659784007959, 31.48478753643996], [74.57528331778558, 31.50090347329605], [74.61582170659639, 31.569041432122187], [74.55542085359137, 31.607915429488408], [74.488203805196, 31.720371207301014], [74.55936893399372, 31.757878018553743], [74.60777452102613, 31.889958203888362], [74.81894454374618, 31.958661410801543], [74.87935144061645, 32.053838106925845], [75.01228087817093, 32.035743744521], [75.12278854230357, 32.08150420442217], [75.17414866135601, 32.067710879543], [75.20255572625963, 32.120152127844165], [75.26115332002794, 32.10162563609747], [75.31627203963647, 32.20816960624782], [75.37249873143497, 32.22603706838868], [75.38146525017207, 32.268971331838074], [75.32100632288052, 32.29736283850644], [75.34140744027533, 32.346092764438154], [75.33165941059725, 32.32692798957067], [75.19114951616154, 32.42615931574437], [75.13186841764968, 32.40883287429426], [75.10785965619255, 32.47358395633478], [75.02686557927257, 32.49648507965941], [75.01463416058476, 32.46385035685], [74.95208050937441, 32.44622806821451], [74.87700028990491, 32.49317354901791], [74.68803288491489, 32.48604878839342], [74.63774828012458, 32.613257548977856], [74.69513493231358, 32.66059097732108], [74.65291813841236, 32.69702885275592], [74.70460284662482, 32.841830556849686], [74.64081663587768, 32.81922329708448], [74.65899452804717, 32.78748723608254], [74.63504482453152, 32.75031929341333], [74.51334718467126, 32.74433671989817], [74.4596100326471, 32.78857090006386], [74.36991527004233, 32.758684604977304], [74.17736143650205, 32.88266539559669], [73.98742880611229, 32.93539311846956], [73.99645034127064, 32.95982038800361], [73.95749773136293, 32.98660019325217], [73.82881753261319, 33.00709546293939], [73.7856447731462, 32.96538802991893], [73.73446586764283, 33.066296960500324], [73.62710565951721, 33.08954648927238], [73.6568957948868, 33.207705155934946], [73.60484505284052, 33.25132817325516], [73.5577569538683, 33.36805806603127], [73.5871361189786, 33.4431453809114], [73.62411811351217, 33.45716751446844], [73.59576680613998, 33.50008498864065], [73.63233140566325, 33.53311609595431], [73.6029663755441, 33.60722502162605], [73.56058956833465, 33.62106245944756], [73.59684169786954, 33.715836286507965], [73.55759834103361, 33.78317668733507], [73.58911646849708, 33.883919431646746], [73.51570815121357, 34.00009079879004], [73.47780577428091, 34.29017050811865], [73.45304755377197, 34.27784192599938], [73.3900754439461, 34.374199166582514], [73.4469765037233, 34.57375042647675], [73.55656873697063, 34.59296311191878], [73.65006238508062, 34.56778986270831], [73.6954326716675, 34.65356773556488], [73.66664767833743, 34.68416942696729], [73.74926615722603, 34.78665564482708], [73.91731438639675, 34.813989356167326], [74.02949837961319, 34.877137862337975], [74.07316230463977, 34.93947844829364], [74.05966406646706, 34.993129910268465], [74.10736941224388, 35.018995199397466], [74.06550075953282, 35.04802250136629], [74.133484414022, 35.10748800859642], [74.11333918532915, 35.15138324230884], [74.03821876535221, 35.146951382629936], [73.81075678614667, 35.241935067063366], [73.71556355157043, 35.2254602321529], [73.69963230101058, 35.35783451711586], [73.79431142346169, 35.45961367964867], [73.78408143775209, 35.52511074228187], [73.63464969779858, 35.571282464407886], [73.40604789214291, 35.56344834509724], [73.27197087927084, 35.62918718908827], [73.13550771552718, 35.718601670397106], [73.15343719207954, 35.841083035364875], [73.09968310860887, 35.87763875306507], [72.92868797950484, 35.8449476984469], [72.9009113127417, 35.8810723907024], [72.82951819242322, 35.886761954404506], [72.77658910733652, 35.8434280829793], [72.6904512133193, 35.83227941917471], [72.52936520607835, 35.92593724440246], [72.5953460819128, 36.026732518582435], [72.5303944499168, 36.07403567774418], [72.59641456056966, 36.26361792095264], [72.69327680565505, 36.249467384457546], [72.69169199064424, 36.27501936636031], [72.86566096464878, 36.37283063626961], [72.87874630387927, 36.44268953588613], [72.99131864867428, 36.457465200246645], [72.99525990996534, 36.51426291726068], [73.0607603551079, 36.537097069565675], [73.11172082447035, 36.609445528791355], [73.08467135021789, 36.69906810191361], [73.31395776374814, 36.705767305443885], [73.44075591831586, 36.74446540809902], [73.6323557850418, 36.68942434611438], [73.89370720331249, 36.7010485529305], [73.90441753167909, 36.735344519923046], [73.86891885241062, 36.78155775976256], [73.72368109858348, 36.8333386385944], [73.68948937283199, 36.911464943058604], [73.87791873996724, 36.893743473631616], [74.05491528351581, 36.80576646727178], [74.14184247057943, 36.83945277860062], [74.168209487524, 36.901889586038465], [74.26047305724387, 36.885916134331296], [74.42898651312049, 36.989378909584445], [74.531272425667, 36.98619268926967], [74.57774904322184, 36.94794446668641], [74.5808969654546, 37.04278410888929], [74.69498057569666, 37.077491176566696], [74.74906824225963, 37.01107895191461], [74.83908708827306, 37.02164806322554], [74.92118512550678, 36.90544706755952], [75.01774262881014, 36.97572748435334], [75.09495242234016, 36.94215044647791], [75.20793837484825, 37.03616258544895], [75.34276276986708, 37.05183086474875], [75.35094989858555, 36.9803697632542], [75.42201530540359, 36.96002559253935], [75.41314024863715, 36.89126272137145], [75.44298571753325, 36.88660913236026], [75.47315473534019, 36.81013151336168], [75.61540456676823, 36.7609851934875], [75.76827272829803, 36.57273425076846], [75.92225046461226, 36.50185935252091], [76.07615817185996, 36.47369102143796], [76.25360852901889, 36.347223921787645], [76.35124351119993, 36.35930296302456], [76.43082934416464, 36.30759691466818], [76.43207227654801, 36.25060267073371], [76.5617831043383, 36.17251294752435], [76.64324790026376, 36.18347969333627], [76.71841869776182, 36.08266725407714], [76.80063375313796, 36.04732174618687], [76.8065432330979, 36.01812770740645], [76.72156176729538, 35.95290000982175], [76.81057292544375, 35.844282838768265], [76.93398979792585, 35.78354358802392], [77.11441028185789, 35.79726917215572], [77.22691523234556, 35.71198153770206], [77.35714991269384, 35.71721862573946], [77.42974778969091, 35.65408769117357], [77.42584026193549, 35.6100536029536], [77.48529310934651, 35.53152461826511], [77.320946188878, 35.53631550037517], [77.37788316240204, 35.477196810267], [77.72162858943659, 35.47505256340679], [77.73225591167426, 35.524069416455234], [77.89992597795822, 35.46758368922383], [77.92068195504305, 35.49397865535019], [77.98117736381647, 35.455394500132], [77.92987119668175, 35.515279440279016], [77.96538866511264, 35.57111806571265], [77.95111683824138, 35.60649644882568], [78.13592942275284, 35.53839629949431], [78.19826723035993, 35.66867811740326], [78.25367090186478, 35.645155329269755], [78.2719359674478, 35.72147056212111], [78.38468117056158, 35.73502495980199], [78.4217956746844, 35.78483412847868], [78.51983154802713, 35.763286139728564], [78.66349658535376, 35.85689939899828], [78.82228122471975, 35.85534867659459], [78.95901018827806, 35.892108654249], [79.02013694471134, 35.84826930501106], [79.1310174339414, 35.83574111923929], [79.19252423972364, 35.88644436463886], [79.21393485329196, 35.97829497041482], [79.37652229841069, 35.994803571121906], [79.42051181152391, 35.89605299389126], [79.73594290404662, 35.80154642533654], [79.8694810157831, 35.7825690325634], [79.99754845930454, 35.837291046772805], [80.10646164614712, 35.68047974269575], [80.28983988884795, 35.606981920862324], [80.32697716795815, 35.4721490633346], [80.2794162066001, 35.44043594285415], [80.269264908818, 35.34381345078498], [80.18189177469128, 35.16632600868081], [80.17311279274458, 35.00193775171289], [80.07152084582293, 34.82805157669344], [80.06741194003524, 34.71440564394709], [79.85906556210347, 34.688380694063085], [79.77432310925207, 34.627223293237535], [79.79142428072191, 34.58927234464295], [79.75687486019723, 34.55435064795745], [79.80869781194542, 34.530945914318124], [79.7924421572788, 34.48469555090901], [79.5916873717444, 34.50046111655843], [79.50695763634235, 34.473916224636184], [79.52658342949348, 34.41762754459626], [79.55964913679924, 34.40965332377982], [79.58417976374102, 34.24410385881265], [79.50567581139887, 34.20545310681547], [79.49319178645317, 34.13554270224341], [79.41881062246301, 34.07779609412074], [79.43220147602676, 34.022650096971915], [79.16972909952028, 34.07252984021028], [79.12959845601694, 34.023930622771616], [79.01328630072646, 34.049962894593705], [78.906720903998, 33.97991958351491], [79.01526866067462, 33.77837760448824], [79.0587782982546, 33.7800029353711], [79.01903846951058, 33.705426280037614], [79.08967503049337, 33.686689887989985], [79.10557909803254, 33.61658114594724], [78.91524188260854, 33.63202756385641], [78.95219596828304, 33.380832556859275], [78.98848995302188, 33.33256884326522], [79.0958322442491, 33.29431805426947], [79.45189538303595, 33.26012046744631], [79.37586627941994, 33.08448070207521], [79.39223680435697, 33.03593243083674], [79.33045349263858, 33.01181546734648], [79.4207803458101, 32.96129252053555], [79.62534275206724, 32.73731239485903], [79.44660030671292, 32.53230471134634], [79.40529662334859, 32.52947096718151], [79.39300776458492, 32.572093051514855], [79.31923253311845, 32.59250961086184], [79.23630388752184, 32.505646104837524], [79.13593242228802, 32.47673371928164], [79.11360967195662, 32.38401741778415], [79.0322655314518, 32.38570103988047], [78.98394658872519, 32.337822425423894], [78.8257763754541, 32.438489310827435], [78.77533241222733, 32.558134650456566], [78.79566051275907, 32.5981390600046], [78.76768600732606, 32.69681265420138], [78.66088379582413, 32.65379469465398], [78.619496875464, 32.596482024749434], [78.5719710633864, 32.617377225841665], [78.45844213318793, 32.579780100465484], [78.32643879760595, 32.47201920562683], [78.39859088115179, 32.52574167419204], [78.45454215577243, 32.50138200737958], [78.45415153954077, 32.4523670210234], [78.53476269070626, 32.4143938804042], [78.47990583629125, 32.34808617643807], [78.454847981821, 32.242241709085924], [78.55508960905517, 32.24568547753057], [78.60853917442422, 32.21431699614675], [78.58982911219557, 32.1542282242153], [78.61278559521386, 32.117587538640294], [78.78110859208059, 31.99349382598887], [78.70528505893422, 31.776027041748353], [78.750420933741, 31.681364762207895], [78.79851596509488, 31.68226073010931], [78.8469346693271, 31.60803793525571], [78.72242948787834, 31.51297255006451], [78.79774491862864, 31.44345263899139], [78.74964795140532, 31.36616827111204], [78.79156028379882, 31.304561371249182], [78.88547106406511, 31.289379894602927], [78.94330463134858, 31.365723583659435], [79.01509555801427, 31.347019313490115], [79.01578247096595, 31.423235426429343], [79.09609469604253, 31.451690928768688], [79.16801410335337, 31.396533241643542], [79.16688692338602, 31.360972683633037], [79.2333076080955, 31.333854981710488], [79.2171826115903, 31.312366756678298], [79.24581643462781, 31.28268736120805], [79.22188340653891, 31.259934817311585], [79.29629322768498, 31.217550701048154], [79.31836049535299, 31.135910728952112], [79.40949285795817, 31.10836240729762], [79.42643459014326, 31.024027844608636], [79.506926048882, 31.0321153765987], [79.60105851683821, 30.933221732774264], [79.75319740446078, 31.00641602346287], [79.86481691521719, 30.972724802094774], [79.93221439832224, 30.879962915819796], [80.0530833728757, 30.844449069204682], [80.1095026365217, 30.779951085759805], [80.17222848219564, 30.80863804380835], [80.20896455753031, 30.752450673075177], [80.23595142100399, 30.759293602442156], [80.24873178489052, 30.719875657172214], [80.19340195041042, 30.66745045812803], [80.21980315364138, 30.642461240038728], [80.2126039471566, 30.584186140897344], [80.31543681064194, 30.564965816629215], [80.34691265440505, 30.520846139822194], [80.41778821576254, 30.524362450937915], [80.54094799759679, 30.4482695632563], [80.6072084237579, 30.471684952662237], [80.80368100501157, 30.32350616640053], [81.03211977991779, 30.246809140811962], [81.04445295976095, 30.206082909700424], [80.9951929644005, 30.186445865580215], [80.92843542313759, 30.174767486211472], [80.90738921296088, 30.22268457993899], [80.8623931276904, 30.169562661519336], [80.87687052323467, 30.128630922883943], [80.76175047634369, 30.049898531220038], [80.74395971943412, 30.00448230475528], [80.67533077992354, 29.957299044925527], [80.60194777716468, 29.956993948377093], [80.49342091979308, 29.794642883271763], [80.43486716830222, 29.80474813882364], [80.36797056513835, 29.748572020653615], [80.41974067887972, 29.640303722865504], [80.4092394693281, 29.597530812066505], [80.28545219719992, 29.475307953140437], [80.30042787745246, 29.4504579929924], [80.24212843632361, 29.44273074324496], [80.31762663291174, 29.313091090011355], [80.29789186872671, 29.205209714465912], [80.24803862685098, 29.22086983715506], [80.27125244126555, 29.140385592764037], [80.18351405214432, 29.136408674491467], [80.14463722052066, 29.102582111564523], [80.13584937489695, 29.00736712913586], [80.05891981980312, 28.91576231694443], [80.03013885721366, 28.74869924671377], [80.06508911589948, 28.836732767314864], [80.11927950571364, 28.827592506889868], [80.25433069659553, 28.755073198950758], [80.37763665768273, 28.628728334847025], [80.45908977011959, 28.624299296483944], [80.51531220749693, 28.55251430920062], [80.5064361347359, 28.670991385983285], [80.59043189355019, 28.6798830498137], [80.5895670656632, 28.647126022216934], [80.66737520364764, 28.642426057342067], [80.69023551931983, 28.587973547791197], [80.76866016030398, 28.56591625362823], [80.78861987161928, 28.524272005881816], [80.86588693634177, 28.489382269160604], [80.89634630402156, 28.50705919682068], [80.9152364919394, 28.457556454409286], [81.01723990319364, 28.450665296395986], [81.03474049707992, 28.39922095068592], [81.21063256737659, 28.36071440168298], [81.23274618002839, 28.28892539257685], [81.32066796380819, 28.197157787894366], [81.31651581761432, 28.134396137088174], [81.38402835334765, 28.147149180453685], [81.3752262325958, 28.17849629964088], [81.42561597530866, 28.17116130297039], [81.4838703524513, 28.118611349533644], [81.47811645620695, 28.082613714723088], [81.69880227973105, 27.98770212398171], [81.88463384842207, 27.856901591378644], [81.92538525114296, 27.859893424235505], [81.967896574778, 27.92879335257683], [82.06994852649864, 27.92332961296103], [82.12154453775479, 27.865461206145273], [82.20736484947128, 27.843487154729182], [82.44923592171686, 27.67966938766095], [82.70843097457228, 27.72300704983232], [82.75380580124461, 27.586483158641464], [82.73505325409297, 27.50266695449016], [82.9292290461844, 27.50105947438643], [83.0348820519266, 27.448821875820823], [83.18834369892357, 27.45391816228921], [83.3175682246332, 27.330567628514327], [83.40970532323931, 27.41262285517043], [83.38815945662682, 27.479408077396794], [83.61485865476516, 27.469260102074095], [83.86122822402284, 27.349147631177843], [83.88366733945067, 27.37378831734622], [83.83101676354312, 27.42724995194891], [83.8480971084715, 27.448824834973646], [84.01632214944635, 27.437165348233446], [84.0976513860022, 27.516720539827823], [84.1468437319335, 27.518400306751577], [84.21061913684606, 27.442698235655225], [84.25852193052575, 27.45104243541873], [84.29413406611627, 27.382421531212586], [84.6201546788713, 27.339288955806197], [84.69137969834902, 27.214936684439376], [84.64327601981222, 27.046464544150513], [84.79344950049264, 26.996272981414908], [84.82571234300487, 27.0209304836362], [84.96216939461145, 26.96057126941388], [84.96872374187626, 26.9157480612685], [85.06085989545467, 26.886925505483557], [85.02307865633807, 26.855233777229667], [85.19052789786052, 26.87020609140584], [85.17669770074922, 26.809738035982676], [85.21191163473388, 26.757883918916715], [85.33434359254181, 26.741718631778806], [85.63519282084265, 26.872382019127638], [85.7292471443523, 26.80865713329653], [85.73234782238755, 26.653619977067244], [85.85073565910947, 26.60853543563104], [85.84992422977794, 26.56845568733841], [86.02727627890528, 26.666270272118503], [86.2179381867954, 26.588631812207083], [86.3328319723208, 26.619473565988915], [86.54202251598979, 26.53831573389969], [86.57034393910745, 26.49655038989518], [86.73017646235395, 26.422457214236445], [86.76649538163022, 26.45881034398962], [86.83352103407286, 26.439327413095487], [86.89347929522225, 26.46152213373662], [86.89310767476562, 26.487949530213275], [87.01649586583727, 26.53183010272585], [87.04246993901526, 26.587516264780387], [87.0707462873669, 26.58652152773352], [87.09113680464132, 26.450771983889695], [87.16221779722954, 26.404517591711294], [87.25882751061724, 26.409907204113548], [87.26552880339788, 26.37357427476795], [87.34024963387172, 26.34773755143224], [87.36800230483695, 26.40808521935681], [87.46371440811801, 26.44019774361862], [87.6052506448338, 26.38090967061552], [87.67708402498148, 26.435554657801095], [87.76669532152006, 26.410945299869393], [87.79212066599327, 26.468957224782844], [87.84829903112443, 26.436949329778898], [87.88840030151461, 26.486835339876603], [87.92612285099878, 26.418656675192995], [88.01923952379465, 26.363799917235443], [88.0991513805289, 26.456118327748936], [88.09810175840819, 26.547515590764174], [88.14596066130146, 26.522234971347526], [88.10540160764585, 26.551079975441777], [88.16021904308785, 26.636768052469307], [88.1870866920385, 26.77140087722113], [88.13307441119576, 26.982324140064303], [88.03984271631428, 27.03544330351146], [87.99169625910534, 27.108340618966288], [88.06838007196835, 27.33507077184256], [88.04227442255073, 27.370999033927824], [88.07531664789498, 27.432738478659928], [88.04425607013486, 27.49647690752412], [88.19807203603608, 27.7907416057556], [88.17314971937593, 27.820287352034747], [88.20287741285007, 27.841467860866853], [88.13470186923306, 27.881749862338793], [88.12905022282759, 27.949470119865648], [88.20523091804608, 27.941726163573673], [88.2374898259373, 27.97124443988693], [88.2512037487115, 27.942151225882775], [88.35253150200626, 27.989850762085855], [88.39870643205104, 27.97785356109021], [88.49537663888827, 28.053943355559213], [88.55086835966404, 28.03762067298055], [88.55250267005032, 28.08145405340488], [88.61951892791171, 28.09813001641593], [88.61004576204932, 28.12891513585834], [88.67200981300613, 28.07232477457726], [88.75608579496854, 28.07607915467315], [88.83617460993229, 28.0150202004509], [88.83704819459665, 27.92917932911586], [88.88802021809013, 27.857114777841755], [88.85559714577568, 27.81594256780898], [88.84816101941449, 27.667756123774087], [88.76376324025608, 27.56484593674358], [88.806190505835, 27.406794594094595], [88.9197577734349, 27.32729165115358], [88.90364667476544, 27.272772976654938], [88.80332404823872, 27.247950821051866], [88.7510789648058, 27.147866853393065], [88.86789060391358, 27.106256271898275], [88.87047913084578, 26.9445738742779], [88.91728326786505, 26.998087149139916], [88.94120315539797, 26.930918391849623], [88.97538789584983, 26.912816011941338], [89.01640732441045, 26.93749519576268], [89.08937193413082, 26.889338830601712], [89.12671056612042, 26.807263290678236], [89.25604137959616, 26.807757187649873], [89.36969045317569, 26.857274054908846], [89.45445338312406, 26.797931064836433], [89.54769203725405, 26.813077499290205], [89.63994830726405, 26.77730318357015], [89.62005640797292, 26.71573125942472], [89.74349367850013, 26.73254773409203], [89.76379764669021, 26.69878661734676], [89.84912691501788, 26.699254812075473], [89.86230498326044, 26.638679417993508], [89.85880539173675, 26.734879529444058], [90.13996849962524, 26.753806149803975], [90.19466618604662, 26.773712364326467], [90.23076915302357, 26.858801564527898], [90.30061592778505, 26.848525779428464], [90.35670218326024, 26.901021441493047], [90.41805778461385, 26.904413944768706], [90.54638448551951, 26.816835697042173], [90.71703859527716, 26.768446867209228], [91.05411452270556, 26.780804668125977], [91.097619491741, 26.822082402424236], [91.33730486947552, 26.780616092091226], [91.40805475203315, 26.840035388098745], [91.49520035098324, 26.79121063093494], [91.69011310925569, 26.80680146578285], [91.89299124801703, 26.918704913747924], [92.0561884381096, 26.84666981827973], [92.11275533669026, 26.892896417566607], [92.10376459626718, 27.007033970856135], [92.02845914579969, 27.07795687576936], [92.02605205070708, 27.171187157110953], [92.07050620302789, 27.223063695478746], [92.04056732551193, 27.266138608449033], [92.12154370023087, 27.28698675813373], [92.05985443583464, 27.326685478237845], [92.02013537434333, 27.479345227171297], [91.94080659968698, 27.46026854061823], [91.72170784953825, 27.47013607981743], [91.69187871111568, 27.502561935123094], [91.6492013285105, 27.48456130408408], [91.56882311319315, 27.5749445344244], [91.55988794745609, 27.63341458498273], [91.64189443288778, 27.76517736182525], [91.5464586972022, 27.85562611008539], [91.66440325845053, 27.858267929974676], [91.71188885924091, 27.813272275543625], [91.82639946389033, 27.810269738272257], [91.8625321130009, 27.736784854830617], [91.92067393752664, 27.71490165552691], [91.98580119016083, 27.76979443473136], [92.05723765149686, 27.75887978995762], [92.21225504222537, 27.858715274389713], [92.26581043452472, 27.85762533509746], [92.31755671955487, 27.777831914504212], [92.40835202079077, 27.82165055285914], [92.45640978553506, 27.802772000784078], [92.502827205011, 27.841013353496805], [92.56208551236575, 27.820490759665006], [92.74100334389794, 27.988882106180753], [92.66468043908178, 28.06236616400066], [92.68886028737985, 28.125444349499457], [92.80153128426119, 28.201874710667813], [92.82975490150567, 28.171084075083076], [92.96636001523402, 28.261390176590677], [93.00210203014666, 28.230305663689244], [93.03554596591631, 28.262661201071243], [93.02553571890513, 28.30279015557515], [93.22070420058948, 28.333183468742448], [93.23337281225803, 28.400245114009188], [93.18463818042184, 28.439614572279304], [93.27794073531128, 28.504464576488044], [93.33917482155641, 28.639926921536443], [93.44790032069183, 28.67576971628581], [93.47635196089814, 28.653330228613306], [93.493323284487, 28.68366967248189], [93.53593004064624, 28.658490962920368], [93.73352558337872, 28.68879192850793], [93.77705286297252, 28.66796688553087], [93.84590338542267, 28.706827087111442], [93.92783403148479, 28.67110195622663], [94.00330696026062, 28.774940821082744], [93.99696402790467, 28.840884935445402], [94.15728476574512, 28.954329391507514], [94.21708979945983, 29.08383421494689], [94.29022198360825, 29.1479509860717], [94.35936902915388, 29.15233249855896], [94.43372524603032, 29.226650424222612], [94.56033287601109, 29.22861259147602], [94.63083573084873, 29.348474078175798], [94.77961153445672, 29.240609950404714], [94.79998870995256, 29.163918788308788], [94.87378032668978, 29.183566322266646], [95.02447140945038, 29.12959232303368], [94.99932071768879, 29.172114787856515], [95.12330552126315, 29.115063957518203], [95.25212813173152, 29.108514531359646], [95.26779122260243, 29.056137779777128], [95.44842133828757, 29.034202292476074], [95.49752919317484, 29.138681779743038], [95.54792145566208, 29.126918740965934], [95.53906538658582, 29.212493203409768], [95.58711328692998, 29.21642463254796], [95.60014214907861, 29.260396973245268], [95.63937350711736, 29.24828821407877], [95.77912820496168, 29.354925408210914], [95.79790580971988, 29.334780883745516], [95.88233422861603, 29.38996516106192], [95.9584846191684, 29.381013741328612], [96.08866297155515, 29.459965441753653], [96.24422995247279, 29.232583763911574], [96.36384009356415, 29.283040545357746], [96.39337937888217, 29.25377363808159], [96.34673887358518, 29.16813799822172], [96.26065203262223, 29.157376713812763], [96.185967867785, 29.091794481239464], [96.11488865386106, 29.074837119900018], [96.1849110034465, 28.98499989924942], [96.14523454186256, 28.93430597593246], [96.16640575440772, 28.902629969614406], [96.34671767334449, 29.028976610909872], [96.52514294962324, 29.07579760437748], [96.47715831043801, 28.99040174547011], [96.48720686430785, 28.96160476599307], [96.51848178728126, 28.967207256677202], [96.53686147160626, 28.880049371284468], [96.61505607830067, 28.774052826101876], [96.58488800462308, 28.716964247692847], [96.47171008663031, 28.683727518085796], [96.49289027334513, 28.633523919691278], [96.3244333412628, 28.52942001479612], [96.37152986643231, 28.482215235494238], [96.26229013300069, 28.408603527070884], [96.36929641119254, 28.389255854171438], [96.39761841192693, 28.339256875294616], [96.45658313277882, 28.41403830402351], [96.66278592203368, 28.460259515349463], [96.74905084052698, 28.415881883048222], [96.77224140744032, 28.368060025774785], [96.89641344147942, 28.379625870284755], [96.99398143539139, 28.309513221374598], [97.09007500556291, 28.362889788712387], [97.17113951848599, 28.29185069151483], [97.27914968736401, 28.268702309513394], [97.39732956769092, 28.192397529802946], [97.32754918471713, 28.15493400222734], [97.30432350445598, 28.06887958651322], [97.37000389113307, 28.061812478188227], [97.41149826167937, 28.015397564574325], [97.37435454703842, 27.977461249233762], [97.38509370503746, 27.88739945602381], [97.3173018498446, 27.880704443213038], [97.30494760989794, 27.92130328095242], [97.2527074149549, 27.900973563843888], [97.0986271233746, 27.784968980791124], [97.08772925372611, 27.734184300683555], [97.03154292143667, 27.749486574645758], [96.98302330585534, 27.666495057870133], [96.93511696472858, 27.661659123822584], [96.88981200542577, 27.605873903125133], [96.93534055809772, 27.50831100720955], [96.90338067870331, 27.45278363124546], [97.16569664504412, 27.13511552885369], [97.13821021137292, 27.09148687254269], [97.0709046061585, 27.089831114179546], [96.9841581771982, 27.154366645617298], [96.87422769141536, 27.18062829355062], [96.85468092395807, 27.21077993681681], [96.88427232324068, 27.260187525094867], [96.79673918658543, 27.34581924592901], [96.70421722006722, 27.372258741506986], [96.60565245371936, 27.36582888617952], [96.52362776303013, 27.286293487053012], [96.44064730799776, 27.30633496687398], [96.22858935182332, 27.278800821749183], [96.02263678649426, 27.17995233521782], [95.94573464528793, 27.051388223016716], [95.8022563344712, 27.015073312798286], [95.72305902735833, 26.881477709698192], [95.66722368841, 26.902908708241988], [95.60800371755833, 26.813191943929745], [95.52464955797785, 26.82266248099937], [95.43058529191462, 26.700023479359317], [95.30339233406782, 26.650843801774958], [95.23391968067268, 26.68245856965871], [95.14910719695831, 26.61601437504668], [95.15427184329204, 26.582821366195653], [95.06174618290139, 26.44989018213666], [95.13219898271312, 26.37774158037744], [95.11774097820255, 26.101248412441766], [95.18568340271513, 26.073299559295272], [95.0115934588796, 25.89795309974385], [95.0486707610716, 25.759796778961043], [94.93548290052524, 25.666830455681534], [94.88185007434672, 25.590757275176262], [94.8982310817247, 25.565570273407264], [94.84691923274575, 25.562171332450504], [94.78433557870316, 25.48102290483619], [94.75173904530061, 25.4937726622648], [94.67545193565354, 25.445610547355752], [94.57563994477198, 25.21386287805357], [94.73647672072569, 25.13505256426853], [94.71024293920917, 24.928982735592868], [94.6318301461053, 24.839622538107502], [94.60501397241707, 24.715869876100736], [94.5452280386819, 24.710458052899565], [94.52564164384248, 24.626324466361005], [94.45453239295037, 24.565996854106288], [94.4259791631669, 24.48167923272475], [94.39834558545216, 24.48234862796317], [94.40832696330507, 24.439886468741715], [94.32172028076192, 24.328896220749947], [94.25451056261925, 24.082483497835508], [94.1439159119227, 23.835809956467955], [94.01673290561257, 23.926910951273406], [93.8933823512564, 23.952934665261978], [93.80776267556365, 23.926760203086634], [93.7543018516092, 24.005539799657768], [93.62375862152032, 24.01137256448659], [93.59185325638893, 23.960692163688403], [93.5595443078448, 23.982026520154278], [93.50552766568134, 23.942384469124764], [93.41662300460649, 24.07185815781907], [93.34879620045749, 24.104946581442675], [93.31921457543156, 24.048247665936653], [93.35101344469965, 23.941852320555288], [93.39387240467154, 23.928838456309776], [93.39158244899367, 23.757124714984975], [93.43617078087186, 23.68673366254927], [93.38765942080798, 23.445543913553802], [93.40143293871643, 23.384218931576257], [93.35537106075182, 23.352605816700546], [93.38530227833338, 23.134666222034294], [93.29362002370507, 23.006661671930505], [93.13364820230078, 23.058723962661112], [93.11974023893363, 23.0023714874753], [93.16418540720329, 22.91148424841959], [93.13100372200445, 22.906968688357193], [93.09420983469134, 22.80620829589713], [93.0954456587058, 22.672286974640393], [93.14015578237355, 22.59271517965418], [93.1064147584681, 22.526887951097223], [93.18522542619107, 22.42769012642709], [93.20204103401194, 22.264134406440423], [93.14173988142704, 22.245657639389304], [93.1506913408067, 22.17631481590959], [93.11089999547775, 22.204308416919922], [93.03775719863256, 22.19540883133186], [93.05917615215999, 22.101228135030674], [93.00453860345533, 22.104735953284443], [93.00339402312088, 21.982521887061104], [92.95123519308471, 22.030018281714067], [92.90620677026064, 21.9414213080131], [92.86253176182002, 22.0629304883395], [92.69954201428611, 22.155041425206605], [92.67963540328559, 22.01152301181652], [92.60316723998965, 21.977135856026244], [92.60188272728676, 22.06089838062656], [92.56213207474187, 22.12817539038877], [92.6053791832733, 22.12393577532095], [92.60857329957287, 22.16466485077137], [92.52201927896658, 22.559698365446696], [92.52895127707849, 22.66590093636364], [92.51243902224422, 22.733385763766808], [92.47347415841769, 22.75988479245668], [92.44994323331795, 22.893136810701286], [92.37109776486086, 22.936123616978193], [92.39182826752085, 23.057356304111387], [92.35771702632724, 23.103037863539857], [92.3463333837057, 23.23667263592186], [92.4034838256873, 23.240887900024763], [92.26701116400265, 23.773769776591596], [92.22612378694382, 23.65228648172962], [92.205366066229, 23.70559909081756], [92.12826349381481, 23.73561457395559], [92.07437692500955, 23.646429624821145], [92.04320890874145, 23.646345302336307], [91.95844872224794, 23.738564551646988], [91.93703750950328, 23.68929852745872], [91.9759635679062, 23.49710287693038], [91.94017148988277, 23.467918269434485], [91.94741522585618, 23.43084911208378], [91.86364090894597, 23.408295588329445], [91.81543176909312, 23.504286527558467], [91.79778123650446, 23.489416378055406], [91.84235222191448, 23.388912115727656], [91.75989844015002, 23.282805138247795], [91.83517261127933, 23.093312051174177], [91.7744443439128, 23.06956374107496], [91.78028847862242, 23.028996203129932], [91.71970164740411, 22.987447040890306], [91.64560780596427, 22.984716690168145], [91.61894604009696, 22.939183734373383], [91.54228511540903, 22.999634694289334], [91.49097266545715, 23.157789950682623], [91.50743554618846, 23.18377672529635], [91.40867103584391, 23.28530256697274], [91.37978880976573, 23.184675176225866], [91.41717820555205, 23.065106448848223], [91.3468549598723, 23.10236658771646], [91.3139006777977, 23.300630755496478], [91.28836283460654, 23.31450806259328], [91.32348727393102, 23.36299756519663], [91.29262104578432, 23.355010725191974], [91.25484696354557, 23.486773589678783], [91.2019744660336, 23.514010043630865], [91.21309434352476, 23.54744781890953], [91.16083594871411, 23.594537932324844], [91.15697016387324, 23.67043245465853], [91.2144618021694, 23.65663693696492], [91.2068287336569, 23.689469705754576], [91.15354138336697, 23.691102398918915], [91.1568211046215, 23.742089644566786], [91.22748133621211, 23.753370937370686], [91.24777553971502, 23.82978685991727], [91.22034365983272, 23.891217933790085], [91.26857694729871, 23.923435984672587], [91.28016383105833, 23.982256198301197], [91.37932879598347, 23.974547943134688], [91.37614158054193, 24.10582989988764], [91.58096965995117, 24.07441057126921], [91.63130321663628, 24.103556066136647], [91.66226854962007, 24.231931142490385], [91.68255209730708, 24.162412649494552], [91.75624916995392, 24.14184639988074], [91.74658315466465, 24.245272175182205], [91.816036003801, 24.210080632121738], [91.84117807532914, 24.227318985916114], [91.83692294716941, 24.19712337309637], [91.91827209129025, 24.115530590320144], [91.94233316254484, 24.26308524677348], [91.92243594882046, 24.33841130627289], [91.96008296166734, 24.358715744207334], [91.99384329575814, 24.328914460296687], [91.97662496061899, 24.387061115705592], [92.0821244209229, 24.37488996623603], [92.16325749865837, 24.418687609245623], [92.16892352349826, 24.52717881378588], [92.2133759852145, 24.509105874845385], [92.29587194914498, 24.736559082797047], [92.23363600240619, 24.900623209253425], [92.30009322339488, 24.915426067905447], [92.40020249285512, 24.848700384321553], [92.4878232691495, 24.871393018832602], [92.48723491935078, 24.94712662622979], [92.44914487716875, 24.938861848274556], [92.46710344476328, 24.964010177795554], [92.41587519300465, 24.990080334270363], [92.4391083984243, 25.0324702407997], [92.06213984513889, 25.187859904562988], [91.74664156941265, 25.17168239197643], [91.64201434180855, 25.124343562186052], [91.60286969005934, 25.173696382960483], [91.47747535614235, 25.13511299627164], [91.26464437720807, 25.20678734229268], [90.86938064768103, 25.15966913669187], [90.78010337979937, 25.183774932981912], [90.73733708374401, 25.15368589731193], [90.65511020743712, 25.193154168985455], [90.44456596282211, 25.143812864371455], [90.3317186437185, 25.191723914508923], [90.11238195949541, 25.224237795802992], [89.9722448066138, 25.30104205445587], [89.83488657858886, 25.296042139937487], [89.81575193931933, 25.388645708680123], [89.88587249542657, 25.508011750110466], [89.85129089994346, 25.466350859046816], [89.88122019423196, 25.629387612824317], [89.81675400822213, 25.81489332778077], [89.887246515366, 25.94514343143216], [89.82532364048689, 25.945862422739204], [89.87285156630024, 25.97730729052498], [89.83625883693207, 26.012683202319415], [89.82053984479931, 25.987348065677814], [89.80870621898399, 26.04377790728417], [89.78798061663386, 26.019003150887155], [89.79455687201181, 26.088722191333392], [89.723439607708, 26.164349150253905], [89.70129710208276, 26.151484790738518], [89.68564882263426, 26.230729432866397], [89.63418185347035, 26.22931611023949], [89.649870290307, 26.190166073086164], [89.62747009711325, 26.18384735885287], [89.65856493751662, 26.176106181990114], [89.60737725277788, 26.179291929278293], [89.59634713225498, 26.134907517416543], [89.60425914293454, 26.11675373724165], [89.63007648524828, 26.117732912818855], [89.59358996998435, 26.10152858419075], [89.62948666131419, 26.106722996307234], [89.64990764405313, 26.06345348781612], [89.60482303250636, 26.06344625742012], [89.58615042643183, 25.9752299716018], [89.43144436752628, 26.01072479504044], [89.42381346485197, 26.046874242354132], [89.39348855520727, 26.008003508196737], [89.34914268042088, 26.010414532519896], [89.25445588905231, 26.06451983157948], [89.265602764511, 26.092865784873656], [89.22956610577845, 26.12397045817661], [89.1551947468996, 26.138667563251182], [89.1408934220493, 26.23600993041961], [89.10002222090047, 26.279770944096438], [89.10469035310531, 26.316025644491113], [89.12080332296547, 26.287028477773813], [89.13639448932486, 26.32028435338308], [89.0834528960962, 26.322433289262], [89.09633780142391, 26.390682468182074], [89.00593740138355, 26.421507139084984], [88.99404482093276, 26.413082452359244], [88.98332218295182, 26.44689323014826], [88.96570940296128, 26.457737060008583], [88.90485537684486, 26.408657192857035], [88.91176661848382, 26.366374221556004], [88.95339199483958, 26.3662055778937], [88.95594785902807, 26.330351760875832], [88.98509444941291, 26.350164814600525], [88.99572442347737, 26.29044835350855], [89.059373804637, 26.29354154152737], [89.05101673981963, 26.241494050968388], [88.95353966080431, 26.26497536892733], [88.9787413445347, 26.244522401841483], [88.95680269764908, 26.240396074398554], [88.89818574159312, 26.288781104671095], [88.86132157278715, 26.272727030799754], [88.8783054090096, 26.23343084244308], [88.84270264194916, 26.230807632484932], [88.79344016095035, 26.31031879407396], [88.66457315035075, 26.25797419255037], [88.66848034662786, 26.293839970246687], [88.70602973416291, 26.28518906186206], [88.67276797942782, 26.314529463589697], [88.74451667988525, 26.320374270135254], [88.74368937013614, 26.346633283032673], [88.70039643584714, 26.329289380620672], [88.68094495808192, 26.37504528983312], [88.7012116174416, 26.386237827367058], [88.6219676518329, 26.432062047924187], [88.62068014953678, 26.469158634494246], [88.55810512830408, 26.45725115207086], [88.48303721126234, 26.53917208396897], [88.4337927145355, 26.542239601283075], [88.40975679161733, 26.632284315916298], [88.33151228530554, 26.48283360260547], [88.3545099578762, 26.448390646983526], [88.37281481792793, 26.489195391191625], [88.48449991019169, 26.461073936493946], [88.5220785360926, 26.36071059041672], [88.4837626619397, 26.349523395350847], [88.45635766953217, 26.377162889828274], [88.34847751292688, 26.282171634169234], [88.35079983131118, 26.221500333723387], [88.17714620819231, 26.147889994288683], [88.15777095247896, 26.07965728480774], [88.18220170293084, 26.026689028569315], [88.1395407397324, 26.01392625791058], [88.08688447299754, 25.916641044275373], [88.11511260966618, 25.798789850786946], [88.15125188385198, 25.775972654145434], [88.26141895264296, 25.81367973502007], [88.4022803488662, 25.67183848881615], [88.45460746928771, 25.664020345023122], [88.44535298839976, 25.5964704302393], [88.49937276658191, 25.583951665975096], [88.53976207637805, 25.508543481489408], [88.6085996280538, 25.516354698192476], [88.69856392297318, 25.47077746136892], [88.70780897783882, 25.49985228867193], [88.76501910209126, 25.494507947689844], [88.75977389214789, 25.525048568081278], [88.81125205521856, 25.523372493839997], [88.8400565851095, 25.363474187263638], [88.92846357951693, 25.30362590020089], [89.00878847173733, 25.294231051379906], [89.00712952774933, 25.26275263557099], [88.95609840319496, 25.253844887399644], [88.9488132755482, 25.17586113330153], [88.92062081547105, 25.16537096404756], [88.84324766690003, 25.213370056225184], [88.80624319831466, 25.169658843977697], [88.71200125806465, 25.207547081030803], [88.56008254122999, 25.175126424674737], [88.49728213718413, 25.21110427686642], [88.44187683254204, 25.1987017109859], [88.4526261352156, 25.03670160275359], [88.39786052717555, 24.945612361807424], [88.34006760291625, 24.940662859711217], [88.32785317765872, 24.871300671120782], [88.27626569860112, 24.898127213065944], [88.25807590375415, 24.878311523586795], [88.22588711925229, 24.959824148366835], [88.13749045187735, 24.936029718729877], [88.1743937854331, 24.861046945922542], [88.06812692402636, 24.770616349236104], [88.02441569371685, 24.688135386490416], [88.12393321954323, 24.516967246242263], [88.1897151113559, 24.476233421924846], [88.33491564169262, 24.443090506153737], [88.52530666081216, 24.315372145200726], [88.65179007265375, 24.299501912114916], [88.68345419611391, 24.32437009958799], [88.73542514350842, 24.27605273264356], [88.7468053392942, 24.14781638622698], [88.69443247126851, 24.112015665811114], [88.72858966937376, 24.099068604678894], [88.72866377229985, 23.995999922634134], [88.7689130158786, 23.982615968628647], [88.7383212005933, 23.98266233924875], [88.73301230279125, 23.911063892203316], [88.66731259694565, 23.86974498927377], [88.57531931053168, 23.86092393413881], [88.60225552159977, 23.81668927105909], [88.55643201159586, 23.78349328615741], [88.58052206609473, 23.76020563495205], [88.55805474000319, 23.64871827599771], [88.5936465098879, 23.639967157868664], [88.57991164199457, 23.602283276785762], [88.64625585042896, 23.608085093053237], [88.65439060377311, 23.556421782515894], [88.7406109388789, 23.48013651241987], [88.7997983817341, 23.4964964612818], [88.79487006688025, 23.442899430618432], [88.76411161770302, 23.447783894889266], [88.74910419278494, 23.39982138334938], [88.76549318618582, 23.367843474118956], [88.7317625674663, 23.35108315172572], [88.74505161675548, 23.30773416326666], [88.69581635021821, 23.302202942657445], [88.71855641560981, 23.254811112893695], [88.78951604939643, 23.218145703390622], [88.81076929968657, 23.255874657679268], [88.99440384611079, 23.21415507656661], [88.86756649714897, 23.09999309302588], [88.87941612734939, 23.006015595375676], [88.84612966984231, 23.009404901828407], [88.85999373793139, 22.943637087131833], [88.89430061422757, 22.95310982178667], [88.89684158973856, 22.897023368073302], [88.96950296504991, 22.843997793805286], [88.9122301931879, 22.75857152412944], [88.96263879872508, 22.69330857051234], [88.92611995668737, 22.64977713552529], [88.99674967520271, 22.468861942705406], [88.98465054511865, 22.326448677788477], [89.02508057285169, 22.298488231007784], [88.99506724206665, 22.28736199901446], [89.06509070107147, 22.207109976728887], [89.07123634811967, 22.15645085541969], [89.0956206368067, 22.16035895742422], [89.04244427426842, 22.10121294291949], [89.0784813614974, 22.019408016204192], [89.06885678189892, 21.948810251669553], [89.03084537823686, 21.928384658217464], [88.99515225952345, 21.962197958953844], [89.0076499038271, 21.902774702275213], [88.93020058889978, 21.95297427805951], [88.93724901226577, 22.054597685733683], [88.98733535977121, 22.11012208246023], [88.92993243100769, 22.06338485099201], [88.9209369128566, 21.983949700551477], [88.90399302651146, 22.06872928196873], [88.9278645478512, 22.104925434920084], [88.89235932345754, 22.068237611271186], [88.90120649292432, 21.930987460040818], [88.75604120349615, 21.962566583082136], [88.75849829073262, 21.983624083890437], [88.81680463990607, 21.968220446380712], [88.74648095584844, 21.989534163609573], [88.78335965939574, 22.108911187688747], [88.74110742605832, 22.053259393142323], [88.70335749592432, 22.07345354499769], [88.76785797152685, 22.146977141578578], [88.68899858547107, 22.086973382848523], [88.73826314786636, 22.013658358232707], [88.68229689922832, 21.945318501850227], [88.63841037167428, 21.952129939104395], [88.66135950377858, 22.056558132231704], [88.63742013538041, 22.112526568485702], [88.70290244263904, 22.208725147937663], [88.64039201027526, 22.215768735654958], [88.65042880968964, 22.248744910758738], [88.63188241421757, 22.212686232660783], [88.67325980614758, 22.204055143805583], [88.60764765370281, 22.101058927629328], [88.63746580393281, 22.04717837785342], [88.60191804161555, 22.030444499900415], [88.59357082952016, 21.895583106843816], [88.54338702648451, 21.904153496251357], [88.53203511954534, 21.85318436981034], [88.4963104897284, 21.879033813563847], [88.52563606494202, 21.91831064023064], [88.5019062968558, 21.89688569862284], [88.52559764220068, 21.925220651618062], [88.50172950211967, 21.96739548999133], [88.5504569833662, 21.99088709370624], [88.55406242835288, 22.0514289141264], [88.54106917632042, 21.988280925758428], [88.49821077150737, 21.97633762127912], [88.50523259575782, 21.925448127113324], [88.47070990999443, 21.901022276463515], [88.44597648208902, 21.987533439490747], [88.44493439503695, 21.91740237389516], [88.39109248777264, 21.896777511782954], [88.40714541603585, 21.99272467977228], [88.38815963120213, 22.004171672502434], [88.38174913745198, 21.795086995204823], [88.35586009340892, 21.82706357390733], [88.372570143794, 21.90612057972316], [88.35105000493127, 21.97135007924978], [88.36357606025246, 21.88208382153682], [88.31181407087449, 21.859575473673864], [88.26065524541261, 21.86487686762105], [88.26149274475199, 21.96220122563801], [88.2539026642191, 21.85986857046949], [88.30361763830462, 21.852280355266632], [88.25593730791344, 21.80102308665764], [88.30281884647249, 21.58171976951552], [88.25998968900848, 21.55652559966143], [88.22009667325396, 21.603989127430438], [88.23600919932983, 21.64504272962048], [88.20279778887824, 21.682562390069222], [88.21209805330291, 21.783101851020422], [88.1457207599166, 21.9552026787298], [88.22230194564834, 22.07272965770927], [88.17654577784965, 22.19146198896467], [88.06684453314419, 22.209540328841015], [88.08422266060609, 22.256056439183094], [88.03445802495673, 22.219018285742383], [87.9948800905932, 22.24467792080867], [88.01475647418272, 22.20262339545869], [88.15633851329993, 22.165373987725538], [88.18755604560478, 22.11049709944348], [88.06012176344171, 22.017895569324796], [87.99290255459807, 22.075682989686356], [88.0485458876376, 21.99740854601676], [87.9866327235467, 21.87067527344867], [87.89967896611375, 21.794102788622595], [87.87034161758001, 21.811046170081568], [87.87908131530111, 21.772651588696124], [87.80639282074961, 21.708851789486644], [87.48621588276677, 21.609766410246106], [87.48110409328861, 21.62912768725934], [87.40762629492677, 21.545671568738697], [87.33603575814648, 21.577122392750642], [87.3941124691872, 21.532968799422626], [87.20223515239577, 21.531247899284423], [86.95499587197982, 21.365299474135814], [86.86325891264568, 21.222601878757445], [86.85185797026844, 21.09665173369899], [86.97769547635271, 20.823283013134805], [86.96812496904616, 20.79173777888973], [86.86571065490622, 20.783784208173607], [86.80543917098022, 20.73295742681144], [86.86086761442738, 20.774791014142153], [87.02212846795871, 20.77034770870425], [87.05564963997816, 20.715043005856153], [86.75217704268849, 20.51796814097646], [86.70969325690847, 20.39625431550689], [86.78560139967652, 20.383791595549074], [86.79673811249441, 20.49269645367139], [86.80982579722614, 20.375040004996052], [86.78313428634314, 20.33000180079714], [86.52376595116439, 20.173483477510413], [86.39134607217505, 19.95686982576753], [85.7808179973906, 19.78146483125906], [85.37282571341277, 19.59949807406904], [84.93016157392698, 19.276244772179115], [84.35468481200965, 18.55499387529996], [84.14840261437864, 18.37383391614223], [84.1284979428408, 18.313395944599954], [83.60554743358892, 18.037023471508153], [83.417861036974, 17.85412757736219], [83.34680636143035, 17.726274120991867], [83.21292661500142, 17.59100498987014], [82.59390682512503, 17.28144688145283], [82.31948871485241, 17.05738700359683], [82.24821237372419, 16.93045892907657], [82.24825987214484, 16.87606633159454], [82.35485034264957, 16.85131241770299], [82.3585581407814, 16.940680491246702], [82.32606597454684, 16.991232405094806], [82.36019740357985, 16.958949676793594], [82.36620429684923, 16.87850502307234], [82.34418885748157, 16.747778756402244], [82.36594347280315, 16.706840473687848], [82.31715960340794, 16.66198659258372], [82.31365478230947, 16.558804624327113], [81.7207766975313, 16.3069322297365], [81.48717976482261, 16.355438549614863], [81.30529853310193, 16.303904893360734], [81.21371834236128, 16.207592186625856], [81.14800588672688, 15.974086334832535], [81.0008980839216, 15.832426031153222], [81.00851532681371, 15.754527186678457], [80.93933965106166, 15.716773395012973], [80.92800923362071, 15.721985158551899], [80.82149444348376, 15.709726636419933], [80.77960863025578, 15.83568081663815], [80.80089133810071, 15.80617605116234], [80.80699850761032, 15.840830391858528], [80.7744155522433, 15.867685953961397], [80.68059160528152, 15.885782459768025], [80.42856219425859, 15.805060488461972], [80.28416631097296, 15.68815487157462], [80.20616829249369, 15.473408504344558], [80.11127478171021, 15.345643639162091], [80.04700170653702, 15.080596743134075], [80.09720816149088, 14.780590680082335], [80.19599454581258, 14.58654774306306], [80.12719956709475, 14.150182032434703], [80.25402770742663, 13.790407620160087], [80.23387262870672, 13.657050371117977], [80.26826078906137, 13.564496252786313], [80.24177825326292, 13.470665481610363], [80.26879994891176, 13.56531121693289], [80.346776834524, 13.313378267171654], [80.26059255330215, 12.943937306730879], [80.25466958962974, 12.780807964844268], [80.1376540696415, 12.410563058556344], [79.84658985436785, 12.018662024614976], [79.75724974423329, 11.557507073112781], [79.84309174667064, 11.351165542234812], [79.8416453470466, 10.834033652753975], [79.88138712665864, 10.3057622861661], [79.76845831957898, 10.271864587511248], [79.38908624916208, 10.317356366192016], [79.29684731753538, 10.262396167384876], [79.22822211501641, 10.147380711379094], [79.26601433963062, 10.039305979968105], [78.98026362002777, 9.689639449117838], [78.89839641119435, 9.489583157285223], [78.93606029979215, 9.409172109432106], [79.06650321501321, 9.298000072856583], [79.20967550664359, 9.282859872923463], [79.32940653312441, 9.320220470158636], [79.31568967824917, 9.274055369821552], [79.43284080252278, 9.160938065639547], [79.20862433492906, 9.281686862971679], [78.96461919525011, 9.274044347056561], [78.66412753416161, 9.19353003197226], [78.65741197703254, 9.157726936823646], [78.57846525137495, 9.130437321947527], [78.40684630967965, 9.109893389467308], [78.19026715962971, 8.928428244749519], [78.1605633200196, 8.77473315897191], [78.1970108717564, 8.762673804406488], [78.20045982123744, 8.792860091743327], [78.20197365496772, 8.756025789339905], [78.13852612794734, 8.680180243669145], [78.14327432519684, 8.501672382616697], [78.06366501655872, 8.412436416973339], [78.0671057401667, 8.374524683323232], [77.84108011859135, 8.251660829583424], [77.79369050907727, 8.162315164094085], [77.60450908765748, 8.147188041581977], [77.55503670091947, 8.076579218513244], [77.31552378893974, 8.122106266017648], [76.97965520264306, 8.382065221352406], [76.63270328950753, 8.835417189369187], [76.54244213642107, 8.913428611232648], [76.34027659883525, 9.40958928569628], [76.2405691152589, 9.982334284270198], [76.10046569411621, 10.381759535684132], [75.91000390482026, 10.793443581823846], [75.74827890076476, 11.318374089823028], [75.68269165500955, 11.448435709682645], [75.61802859242542, 11.47736258753094], [75.53658682930386, 11.693938824344887], [75.35640261037628, 11.860293955895877], [75.25033141730977, 12.009835225664986], [75.20124565648693, 12.006354083315292], [74.95810513179421, 12.540811503073458], [74.97573458002486, 12.57110316185945], [74.95374808078239, 12.551021703335598]], [[79.73666780944656, 11.844252974808008], [79.73323546403947, 11.836831691897958], [79.80699829015762, 11.833580813060266], [79.73666780944656, 11.844252974808008]], [[77.17074787813398, 8.319853806546964], [77.14822419416721, 8.331711641557535], [77.09779810741458, 8.29248867977566], [77.17074787813398, 8.319853806546964]], [[89.84977976475228, 26.490853739816007], [89.86903508100215, 26.453676068761393], [89.86550081932539, 26.550829226465503], [89.84977976475228, 26.490853739816007]], [[89.71769146651074, 26.29556259126111], [89.73834405379456, 26.269814847136004], [89.71984420722389, 26.307031475179787], [89.71769146651074, 26.29556259126111]], [[89.70936015729085, 26.21148321952043], [89.71646316122214, 26.21413932338855], [89.70049167529397, 26.217949893504453], [89.70936015729085, 26.21148321952043]], [[77.636821930963, 30.403573775732383], [77.62988951171069, 30.40453849946906], [77.62617919714117, 30.402500743049366], [77.636821930963, 30.403573775732383]], [[77.60433801069813, 30.368549713873545], [77.59035000775452, 30.382822853394156], [77.5894361108357, 30.3823209284823], [77.60433801069813, 30.368549713873545]], [[77.52615994748069, 30.254074346550155], [77.58354008678108, 30.30742285480559], [77.60433801069813, 30.368549713873545], [77.52615994748069, 30.254074346550155]], [[77.40253467293657, 30.111711741783715], [77.42552982205153, 30.15783852982768], [77.42407327756827, 30.157145609339484], [77.40253467293657, 30.111711741783715]], [[77.27600008497157, 29.99609125053441], [77.27809137549414, 30.04067216161641], [77.27618736753864, 30.039844691118496], [77.27600008497157, 29.99609125053441]], [[77.23287692508474, 28.91873124874986], [77.21571726904602, 28.92770711290137], [77.22808214210289, 28.881227037056593], [77.23287692508474, 28.91873124874986]], [[77.19823114317792, 28.88753850382455], [77.20078872929219, 28.881004147901496], [77.22808214210289, 28.881227037056593], [77.19823114317792, 28.88753850382455]], [[77.22437969433692, 28.82535188189652], [77.20894027410623, 28.849786116858212], [77.20367401408289, 28.802738247187058], [77.22437969433692, 28.82535188189652]], [[77.29150379135491, 28.70618263927065], [77.20277288940835, 28.794687752897357], [77.2026064686176, 28.793200977911177], [77.29150379135491, 28.70618263927065]], [[77.30171324172845, 28.561813262828302], [77.34240405203359, 28.60891377569186], [77.29708211996181, 28.565997212060815], [77.30171324172845, 28.561813262828302]], [[77.34265067432486, 28.512327667548455], [77.34216480767914, 28.5128677830544], [77.34155055856138, 28.511956811083177], [77.34265067432486, 28.512327667548455]], [[77.54240535406386, 27.9892591779279], [77.47425340559613, 28.087462508119792], [77.53058665469382, 27.98086894838647], [77.54240535406386, 27.9892591779279]], [[77.53662522162331, 27.934178380466957], [77.53544092685097, 27.936399761743306], [77.53432954482037, 27.934401939317162], [77.53662522162331, 27.934178380466957]], [[77.46090891677915, 27.87622530911847], [77.4871762730188, 27.928448245554172], [77.47527653729739, 27.92927649369929], [77.46090891677915, 27.87622530911847]], [[77.25008383847243, 27.78984645821693], [77.28403246839333, 27.80034815096579], [77.34832495317413, 27.855569924177534], [77.25008383847243, 27.78984645821693]], [[77.31042763914641, 27.788084212297605], [77.28485007885352, 27.798569484492052], [77.30721587432798, 27.749913929669752], [77.31042763914641, 27.788084212297605]], [[77.34114225143607, 27.703368483145827], [77.32734725048653, 27.706119230865102], [77.35257474803602, 27.65123820097058], [77.34114225143607, 27.703368483145827]], [[77.3978652345813, 26.830360633031493], [77.46141679038696, 26.87860013240348], [77.42727708579142, 26.864080309418007], [77.3978652345813, 26.830360633031493]], [[77.46211341291081, 26.74609469309959], [77.46690180980487, 26.773727222348473], [77.45455710816988, 26.7418659982537], [77.46211341291081, 26.74609469309959]], [[78.1185523678793, 26.94697568009278], [78.11119321815481, 26.89587953624163], [78.1239212533485, 26.946941807739535], [78.1185523678793, 26.94697568009278]], [[78.22495978149206, 26.946304354633824], [78.13641029137688, 26.946863014271095], [78.26157631757363, 26.921365136306402], [78.22495978149206, 26.946304354633824]], [[78.27077095133896, 26.915102747684948], [78.26944499657047, 26.91600584445494], [78.23264079309125, 26.874279583371163], [78.27077095133896, 26.915102747684948]], [[78.18152856303253, 26.8236219148563], [78.26181298546526, 26.81362367143707], [78.19697625068534, 26.88217934082489], [78.22295373746142, 26.830628482261844], [78.18152856303253, 26.8236219148563]], [[78.2835090647627, 26.854455397510268], [78.26250229318991, 26.81353782830321], [78.26814798479536, 26.81283474049077], [78.2835090647627, 26.854455397510268]], [[78.99857559024494, 26.676493243156592], [78.94549151073748, 26.654831692555973], [79.00023216435646, 26.66950047742952], [78.99857559024494, 26.676493243156592]], [[79.11860117520575, 26.300371622488946], [79.13883375158524, 26.337549243244567], [79.10822605808012, 26.294678769590988], [79.11860117520575, 26.300371622488946]], [[78.99515722037987, 26.23427739682044], [79.06344347949366, 26.225911874763142], [78.99172759179861, 26.23897135912705], [78.99515722037987, 26.23427739682044]], [[78.40277850137467, 24.27707400050804], [78.3589639543638, 24.29496704155316], [78.38838624679796, 24.26331611866979], [78.40277850137467, 24.27707400050804]], [[78.88264721770179, 25.553961266039863], [78.88438057992457, 25.51557870826832], [78.89354118289856, 25.54913860808168], [78.88264721770179, 25.553961266039863]], [[78.93936476603952, 25.557220046177875], [78.93453018907135, 25.55078899196775], [78.94456480889296, 25.549625316250353], [78.93936476603952, 25.557220046177875]], [[78.95284601257868, 25.537530511026585], [78.94932275459973, 25.54267627493067], [78.9451420194362, 25.532314523325425], [78.95284601257868, 25.537530511026585]], [[78.94390478231516, 25.482925321962174], [78.93180545769577, 25.499260494639856], [78.90887138005822, 25.44241948307606], [78.94390478231516, 25.482925321962174]], [[78.8006052069335, 25.308471442622018], [78.80647946691418, 25.314182202532567], [78.79337264656262, 25.30995558169689], [78.8006052069335, 25.308471442622018]], [[78.95384692714636, 25.21895601787509], [78.88188711334932, 25.15885937196286], [78.88190711999368, 25.156890656339435], [78.95384692714636, 25.21895601787509]], [[79.09058448309035, 25.191073181778755], [79.03302018949745, 25.143560760955236], [79.03100252801008, 25.138390143987536], [79.09058448309035, 25.191073181778755]], [[79.13025800268768, 25.110820246961374], [79.12442896921807, 25.122611412651548], [79.1239751828996, 25.111045125162725], [79.13025800268768, 25.110820246961374]], [[79.17767382079033, 25.114099601308226], [79.14106700827338, 25.110433364985372], [79.17545378434815, 25.109202574255296], [79.17767382079033, 25.114099601308226]], [[79.26046188160556, 25.153157559173373], [79.22974825724043, 25.123057484077545], [79.244914322165, 25.113678848597132], [79.26046188160556, 25.153157559173373]], [[79.29270184594509, 25.125143762651206], [79.28166668290694, 25.119375257449036], [79.28297520862621, 25.117290587565364], [79.29270184594509, 25.125143762651206]], [[79.27936515528212, 25.244710334645372], [79.31214544737333, 25.14084230278478], [79.32319565850513, 25.14976411614211], [79.27936515528212, 25.244710334645372]], [[79.34715891770098, 25.24423621783953], [79.34198321021634, 25.21671587679238], [79.35209522206831, 25.212195131299783], [79.34715891770098, 25.24423621783953]], [[79.26446992994299, 25.26894696040823], [79.34406507242348, 25.264318076027447], [79.3433501524218, 25.268958554397024], [79.26446992994299, 25.26894696040823]], [[80.2736503349147, 25.025980991504085], [80.28778940174338, 25.054038605755473], [80.2849251430463, 25.05396914898026], [80.2736503349147, 25.025980991504085]], [[80.37360713601673, 25.055915512006504], [80.3841703642278, 25.016238091073603], [80.39646760530081, 25.011954559716695], [80.37360713601673, 25.055915512006504]], [[80.44523691711778, 25.026124868286946], [80.47996719786902, 25.032948217666576], [80.44897652227795, 25.040559948567868], [80.44523691711778, 25.026124868286946]], [[80.47893000729874, 24.973992884415857], [80.442094789088, 25.01399608238034], [80.43705212260149, 24.994531114169714], [80.47893000729874, 24.973992884415857]], [[80.48274991697467, 25.100220249281108], [80.48672549536101, 25.094398867505735], [80.61320797419816, 25.065682873577146], [80.48274991697467, 25.100220249281108]], [[80.60657000186524, 25.15036863115794], [80.60555347120246, 25.146063274998156], [80.6382556597394, 25.116744354675156], [80.60657000186524, 25.15036863115794]], [[81.52290416653803, 25.153714752835022], [81.48000675860142, 25.132206428574207], [81.52726547369716, 25.138104928980365], [81.52290416653803, 25.153714752835022]], [[81.57865082103602, 25.190843424408023], [81.5735833933852, 25.190277625326775], [81.62623301587229, 25.160751475315404], [81.57865082103602, 25.190843424408023]], [[82.24609473468077, 24.7696934845297], [82.2455594025518, 24.74410148140888], [82.25082679908606, 24.76985087929428], [82.24609473468077, 24.7696934845297]], [[82.68302710522424, 24.15468723046067], [82.66733185021934, 24.12522123975088], [82.70542702866364, 24.14520280426981], [82.68302710522424, 24.15468723046067]], [[82.80552584572685, 23.95932391065888], [82.9478909605104, 23.87143842218992], [82.81259098031224, 23.959911763966883], [82.80384090794794, 24.00357036731295], [82.80552584572685, 23.95932391065888]], [[82.66044605421435, 23.855184394863493], [82.66157040898014, 23.907682649530354], [82.63986185195039, 23.8498524886445], [82.66044605421435, 23.855184394863493]], [[81.89795136800264, 23.856963418826506], [81.92714701415656, 23.869965842957228], [81.92044285250208, 23.87064792941551], [81.89795136800264, 23.856963418826506]], [[81.7911042191918, 23.809378517342488], [81.79844340538317, 23.812647059889258], [81.72545994658576, 23.839855001838238], [81.7911042191918, 23.809378517342488]], [[80.94974010736829, 22.112410444174195], [80.97003404766417, 22.057433142327763], [80.95697132172428, 22.11044258104237], [80.94974010736829, 22.112410444174195]], [[80.91856205712102, 22.111929235832797], [80.93680665329249, 22.115930083641356], [80.92194412502933, 22.119974690808966], [80.91856205712102, 22.111929235832797]], [[80.85248403996334, 21.85423388678849], [80.8506824453838, 21.861203176782915], [80.84352514922878, 21.82518722736198], [80.85248403996334, 21.85423388678849]], [[80.6704395240627, 21.31530087855056], [80.66004059410011, 21.334107258188677], [80.59989048155211, 21.326806415078618], [80.6704395240627, 21.31530087855056]], [[80.67958993343406, 21.29875243817245], [80.6756731353432, 21.305835935429126], [80.6148428397433, 21.22716018460243], [80.67958993343406, 21.29875243817245]], [[80.45265962931586, 21.0387339336299], [80.4642767898938, 21.174935917800774], [80.43916211428689, 21.096465400979465], [80.45265962931586, 21.0387339336299]], [[80.2721440712782, 18.720027950988406], [80.27100673427, 18.721950443323905], [80.26353098204876, 18.717819964641375], [80.2721440712782, 18.720027950988406]], [[80.11812773436536, 18.680545488881688], [80.1710110328782, 18.694102250920462], [80.15771341310499, 18.701008842728825], [80.11812773436536, 18.680545488881688]], [[79.7671348180605, 19.597708354892337], [79.9448249779251, 19.469836369147387], [79.77861325643637, 19.599685641478874], [79.7671348180605, 19.597708354892337]], [[77.52237379100059, 18.346462106981654], [77.5705117663166, 18.318108419181335], [77.52549722090005, 18.35308440063739], [77.52237379100059, 18.346462106981654]], [[77.5549232041569, 18.29670103993019], [77.56382407071865, 18.30892437548861], [77.51268195992667, 18.30959209650403], [77.5549232041569, 18.29670103993019]], [[77.60114358178485, 18.103135053533823], [77.59695840737832, 18.113475976722153], [77.59697971177664, 18.10014178420201], [77.60114358178485, 18.103135053533823]], [[77.55048936343286, 18.05384791053478], [77.54982030699202, 18.057455331654616], [77.54768303181655, 18.056127693723656], [77.55048936343286, 18.05384791053478]], [[77.64895083693918, 17.99887494360134], [77.58995215549432, 18.02178947189377], [77.65582436191261, 17.968276783680537], [77.64895083693918, 17.99887494360134]], [[77.6888380010679, 17.510942206150517], [77.5969403960115, 17.534306067705888], [77.68891777581479, 17.500284492280944], [77.6888380010679, 17.510942206150517]], [[77.68909445840342, 17.47668012437583], [77.68895367261531, 17.49548876626973], [77.67220904977403, 17.479464279992104], [77.68909445840342, 17.47668012437583]], [[77.65235518596464, 17.48273789022227], [77.66963497454465, 17.479888707150717], [77.65717147461436, 17.506586797942536], [77.65235518596464, 17.48273789022227]], [[77.58802693375117, 17.44203754456628], [77.61431127676401, 17.44595041541628], [77.65717147461436, 17.506586797942536], [77.58802693375117, 17.44203754456628]], [[77.59541187392801, 16.342217804757087], [77.59352197993196, 16.34298339592324], [77.59774739036045, 16.292824240428025], [77.59541187392801, 16.342217804757087]], [[77.55809366811293, 15.914168613743973], [77.51346826787129, 15.926810324278092], [77.43866794384715, 15.933637576912286], [77.55809366811293, 15.914168613743973]], [[77.13027668227562, 15.935936927577803], [77.20797373920398, 15.954693737255058], [77.18532270558305, 15.956761165852102], [77.13027668227562, 15.935936927577803]], [[77.03372423365562, 15.858905856613578], [77.10016393226303, 15.924545095004273], [77.08460883759723, 15.918660510101732], [77.03372423365562, 15.858905856613578]], [[77.1077686210424, 14.219946170107422], [77.13922182815868, 14.340174491706998], [77.10194826395409, 14.220803391332687], [77.1077686210424, 14.219946170107422]], [[77.37904617167442, 14.322753600792119], [77.38201810005233, 14.314571387320292], [77.38870005043839, 14.32775458232603], [77.37904617167442, 14.322753600792119]], [[77.40776942649003, 14.337633057064433], [77.39793823392823, 14.332540221981253], [77.42442286694947, 14.315349778896522], [77.40776942649003, 14.337633057064433]], [[77.49828785617555, 14.278883664963605], [77.47948294421019, 14.279611804969075], [77.5009097630814, 14.265704249217912], [77.49828785617555, 14.278883664963605]], [[77.51707668717985, 14.184438734584955], [77.50382598143486, 14.251045432003634], [77.50351051481202, 14.157154636558023], [77.51707668717985, 14.184438734584955]], [[77.34747239088405, 14.103673476004849], [77.35158006956894, 14.130231132386465], [77.35137527345121, 14.130017076256001], [77.34747239088405, 14.103673476004849]], [[77.3987447714827, 13.888166176156766], [77.39940553793348, 13.888655492681726], [77.34784197755488, 13.91600377437425], [77.3987447714827, 13.888166176156766]], [[76.99930418794905, 13.746647573668268], [76.99810704688034, 13.74721090706054], [76.99850866833039, 13.745616785471887], [76.99930418794905, 13.746647573668268]], [[77.52534472558312, 13.694556469431813], [77.48503841899712, 13.71482457034979], [77.52523108308603, 13.691045256179557], [77.52534472558312, 13.694556469431813]], [[77.61750018103827, 13.761972069842495], [77.62771372039154, 13.734641554997241], [77.62179489176988, 13.764786404385543], [77.61750018103827, 13.761972069842495]], [[77.6512910434757, 13.784115305403597], [77.63316902157028, 13.772239899718464], [77.65778316449882, 13.779889904969567], [77.6512910434757, 13.784115305403597]], [[77.68260806940798, 13.763732602355507], [77.67442832725338, 13.769056391903964], [77.67171492777302, 13.760521657077161], [77.68260806940798, 13.763732602355507]], [[77.9875211486736, 13.955535634869172], [77.97570197584389, 13.94577613713489], [77.9801710059811, 13.928270490131604], [77.9875211486736, 13.955535634869172]], [[77.95297639040535, 13.827392839074239], [77.97158302851517, 13.896413632597326], [77.94907363180573, 13.886487394608611], [77.95297639040535, 13.827392839074239]], [[78.11476853903677, 13.862926418098818], [78.04885893014695, 13.896130252111975], [78.11672039125924, 13.850078594517125], [78.11476853903677, 13.862926418098818]], [[78.12078997603064, 13.715657850380033], [78.09151427438327, 13.742316517518606], [78.1073935696799, 13.706056970661756], [78.12078997603064, 13.715657850380033]], [[78.07419912163253, 13.682267314340963], [78.09222642628713, 13.69518704662604], [78.06906668966838, 13.697848753004159], [78.07419912163253, 13.682267314340963]], [[78.21594196883193, 12.705820697172966], [78.24098415770226, 12.72999398548896], [78.25217415948113, 12.860601143331289], [78.23092787652435, 12.760710107975598], [78.21594196883193, 12.705820697172966]], [[78.2710614404507, 12.705106153129343], [78.21267312485611, 12.693847787455347], [78.21056483512118, 12.686125680544832], [78.2710614404507, 12.705106153129343]], [[78.92913649521392, 13.045796126471814], [78.90364918046087, 13.047743190551314], [78.93707999813239, 13.030464174969495], [78.92913649521392, 13.045796126471814]], [[74.24706716408569, 23.18435871597558], [74.31937627553441, 23.059131898745616], [74.32671657885903, 23.06488549202582], [74.24706716408569, 23.18435871597558]], [[74.36316566619911, 22.980139689258493], [74.33951956147502, 22.952825875095293], [74.36554834474876, 22.975908959220153], [74.36316566619911, 22.980139689258493]], [[74.05039152863105, 22.540012936720785], [74.0411722490383, 22.541720602226633], [74.03733558762576, 22.519601096223578], [74.05039152863105, 22.540012936720785]], [[74.03389157065638, 22.499745303429314], [74.0325187904828, 22.491830813192795], [74.03734085956367, 22.493241357552577], [74.03389157065638, 22.499745303429314]], [[74.17863314731365, 22.08549382724319], [74.09211643284281, 22.014979057242552], [74.10687794470601, 22.00780175687688], [74.17863314731365, 22.08549382724319]], [[74.17812754908005, 21.944240269466746], [74.14853783084473, 21.964193687265393], [74.14539011060378, 21.94783003613347], [74.17812754908005, 21.944240269466746]], [[74.27278046413794, 21.933861269300635], [74.28099466836265, 21.93296055507582], [74.28321902215409, 21.935083757127135], [74.27278046413794, 21.933861269300635]], [[74.57589738667522, 21.674595592273523], [74.58211038279084, 21.664856539832357], [74.78295954173572, 21.610634039467737], [74.57589738667522, 21.674595592273523]], [[77.53205747345653, 21.41906710716522], [77.5634760100944, 21.36906508492703], [77.58439004268789, 21.365696128503085], [77.53205747345653, 21.41906710716522]], [[77.60561648762058, 21.390791891186414], [77.58885737257972, 21.36497650450567], [77.6051284778425, 21.362355458356166], [77.60561648762058, 21.390791891186414]], [[78.38468073472932, 21.610252769429863], [78.42745389136776, 21.5989460568711], [78.38744463990369, 21.614825960221417], [78.38468073472932, 21.610252769429863]], [[80.18426557335926, 21.629963295233754], [80.1986229733947, 21.63442868068244], [80.19278397058038, 21.635459904995727], [80.18426557335926, 21.629963295233754]], [[80.20886492201954, 21.63261985359788], [80.3764967557743, 21.523277132881415], [80.25328247764334, 21.62477528411357], [80.20886492201954, 21.63261985359788]], [[79.74755996041995, 12.0078337348639], [79.69567189159356, 11.963871032582805], [79.69622861144121, 11.956025392776832], [79.74755996041995, 12.0078337348639]], [[79.69691312156705, 11.946378853474338], [79.69724088188227, 11.941759852756737], [79.74064997372743, 11.905469612213121], [79.69691312156705, 11.946378853474338]], [[79.72678704946395, 11.822889182269627], [79.71229475598875, 11.791554512491723], [79.72090836593982, 11.790929680425721], [79.72678704946395, 11.822889182269627]], [[79.75560656151609, 11.001924979871658], [79.74862565160443, 11.003240394929872], [79.74890093012048, 11.002456980272548], [79.75560656151609, 11.001924979871658]], [[79.72095164618766, 10.95618456506919], [79.71870431728765, 10.955994200863165], [79.72169713524089, 10.9508726964408], [79.72095164618766, 10.95618456506919]], [[76.40344433747556, 11.707838160707611], [76.41560984568116, 11.688314649521818], [76.4142155752117, 11.758925686859083], [76.40344433747556, 11.707838160707611]], [[76.43864987272443, 11.651339439107398], [76.45681284181963, 11.664719561080814], [76.42654302213948, 11.670768815079626], [76.43864987272443, 11.651339439107398]], [[76.57669432687602, 11.61461426407002], [76.5932355833584, 11.613388042969573], [76.57369702043344, 11.618782312152282], [76.57669432687602, 11.61461426407002]], [[76.84688360537223, 11.594584842800884], [76.84587165498529, 11.599755003907344], [76.71846541673929, 11.604104620984032], [76.84688360537223, 11.594584842800884]], [[76.89815814801544, 11.77658963586625], [76.89656386855516, 11.776581136006724], [76.83495472400082, 11.655530754088979], [76.89815814801544, 11.77658963586625]], [[77.00553058136713, 11.808263658518074], [76.98210288092527, 11.81161574660393], [76.96987598345834, 11.776971997642793], [77.00553058136713, 11.808263658518074]], [[77.0307294453969, 11.798801720182665], [77.02983411614863, 11.804786254084485], [77.02291911112722, 11.80577566856003], [77.0307294453969, 11.798801720182665]], [[77.07401899682239, 11.760147920422396], [77.06687369179363, 11.788090644329957], [77.05215436399497, 11.779671133560727], [77.07401899682239, 11.760147920422396]], [[77.77614204217288, 12.117377661699548], [77.72767209624021, 12.1815912450574], [77.77517659553239, 12.115789613089168], [77.77614204217288, 12.117377661699548]], [[77.47503041286649, 12.23515831286495], [77.47201668228533, 12.207954992265371], [77.48854737602241, 12.206250310858023], [77.47503041286649, 12.23515831286495]], [[77.51518248880068, 12.281302030721648], [77.4790381490063, 12.271333985558126], [77.4764721420461, 12.248172024620045], [77.51518248880068, 12.281302030721648]], [[77.99559601582935, 12.80591818251525], [78.00025563582021, 12.814270142264448], [77.95231623557105, 12.857168031086449], [77.99559601582935, 12.80591818251525]], [[76.54572606807936, 11.300396525879169], [76.45306208869451, 11.2394545086324], [76.45558178497936, 11.215118921056064], [76.54572606807936, 11.300396525879169]], [[76.4572945715669, 11.198576582897383], [76.45841393225535, 11.187765637059615], [76.47478507777294, 11.198135794515201], [76.4572945715669, 11.198576582897383]], [[76.51703313286963, 11.197071076797078], [76.53384183477418, 11.185680250525456], [76.62891880669147, 11.194251381096308], [76.51703313286963, 11.197071076797078]], [[77.15067447307214, 8.384458134764637], [77.17226882471005, 8.320424348379458], [77.1802919477525, 8.323434005256969], [77.15067447307214, 8.384458134764637]], [[72.96148405837634, 20.131217141517087], [72.9647570916736, 20.21150221742479], [72.8587285290572, 20.224503405019195], [72.96265793187386, 20.209679862574944], [72.96148405837634, 20.131217141517087]], [[72.91697149849406, 20.281256717404325], [72.91804911049127, 20.280005877035254], [72.91911902501214, 20.28083774114164], [72.91697149849406, 20.281256717404325]], [[73.06357723336147, 20.225308531720124], [73.1671452560413, 20.288474268030157], [73.06368645544916, 20.227557735707624], [73.06357723336147, 20.225308531720124]], [[73.07020037450611, 20.160044169952045], [73.0627109676339, 20.207469572862053], [73.06049397677837, 20.161815211386056], [73.07020037450611, 20.160044169952045]], [[73.19466540571608, 20.143016359955244], [73.21797072478608, 20.18584925792529], [73.18563334635985, 20.15576018015805], [73.19466540571608, 20.143016359955244]], [[73.2106581122849, 20.120451386782353], [73.21367891127336, 20.126727560831515], [73.20563994862398, 20.127531784831206], [73.2106581122849, 20.120451386782353]], [[73.29948854466953, 20.20946511231994], [73.25265011512347, 20.12751211075141], [73.25472501885307, 20.126980740034238], [73.29948854466953, 20.20946511231994]], [[74.32064057914208, 21.49843419262615], [74.1007077172009, 21.447636949462662], [74.25342143048555, 21.467576950244634], [74.32064057914208, 21.49843419262615]], [[74.33170849987384, 21.54394860161596], [74.32910036565266, 21.545725536609634], [74.32064057914208, 21.49843419262615], [74.33170849987384, 21.54394860161596]], [[74.19533874924147, 21.531941740142273], [74.29693206118561, 21.567641964618065], [74.29491586481222, 21.569015609371814], [74.19533874924147, 21.531941740142273]], [[74.1536465036033, 21.567740705215538], [74.15824295811576, 21.568185270957144], [74.15771974317025, 21.568696465257762], [74.1536465036033, 21.567740705215538]], [[73.98232753592183, 21.521822681771436], [73.9873268385145, 21.52871484201374], [73.97651417694543, 21.526177718992134], [73.98232753592183, 21.521822681771436]], [[73.9518013740091, 21.512618068885185], [73.95329476480492, 21.520729429991928], [73.85338851996231, 21.497287058086286], [73.9518013740091, 21.512618068885185]], [[73.17887755458752, 20.047146503428984], [73.18168056745559, 20.05355621699181], [73.06429430048615, 20.098514077299093], [73.17887755458752, 20.047146503428984]], [[74.08816365784479, 15.672502338991011], [74.11308477435576, 15.646045585892717], [74.0872864733266, 15.634846226971725], [74.1644844659931, 15.6535317440627], [74.18199630948168, 15.682241217911757], [74.1183538327733, 15.652040596990107], [74.08816365784479, 15.672502338991011]], [[74.28367799810006, 15.145002546295437], [74.28631203126646, 15.123772604574365], [74.31743859449894, 15.18378771184069], [74.28367799810006, 15.145002546295437]], [[77.31994013594687, 18.45801896627803], [77.24182368268221, 18.412599321358357], [77.3362519323162, 18.442297468316422], [77.31994013594687, 18.45801896627803]], [[76.34075304819396, 17.542475862610416], [76.36727903101115, 17.519454525771295], [76.33134774466141, 17.5974191763816], [76.34075304819396, 17.542475862610416]], [[74.37308848344342, 16.261649322115026], [74.41447403297451, 16.282664537935652], [74.36432322237334, 16.276556883391734], [74.37308848344342, 16.261649322115026]], [[74.50621394015035, 16.193661755383424], [74.50289625111708, 16.173777282130036], [74.50714393495203, 16.191614550015096], [74.50621394015035, 16.193661755383424]], [[74.48649432375, 16.10490078763411], [74.4276968665458, 16.11198086477634], [74.48297626421594, 16.090127425777876], [74.48649432375, 16.10490078763411]], [[74.36476195146422, 15.893888570425379], [74.36437545195436, 15.88880070056767], [74.36868165318839, 15.894386389418216], [74.36476195146422, 15.893888570425379]], [[74.38315140406961, 15.849132113321799], [74.36095445849311, 15.78227249860618], [74.36755834495992, 15.785844763689411], [74.38315140406961, 15.849132113321799]], [[74.33523780591283, 15.768361493241088], [74.2695726704706, 15.75000775617659], [74.28580157321092, 15.741619766408672], [74.33523780591283, 15.768361493241088]], [[74.23356827732925, 15.787022572696888], [74.20903439668953, 15.78129726657468], [74.23938165432975, 15.76561213427439], [74.23356827732925, 15.787022572696888]], [[74.12223302766472, 15.720760050431986], [74.12370750750918, 15.704495115631929], [74.20903439668953, 15.78129726657468], [74.12223302766472, 15.720760050431986]], [[73.98675870645366, 15.621605983997169], [73.99077593155587, 15.61148617167201], [74.00278863677816, 15.61439380697426], [73.98675870645366, 15.621605983997169]], [[73.79645748468194, 15.73754679123008], [73.82312287217688, 15.73986471323988], [73.85647553641874, 15.800762637691411], [73.79645748468194, 15.73754679123008]], [[75.52906326661947, 32.28438759333188], [75.53342603870473, 32.27765453330259], [75.55978194079422, 32.35712889855709], [75.52906326661947, 32.28438759333188]], [[75.83499562273279, 32.510661151995784], [75.83524614075756, 32.510797544720695], [75.83517004323723, 32.510882775734885], [75.83499562273279, 32.510661151995784]], [[75.92602361506265, 32.63365347497604], [75.93673059013662, 32.647888813128645], [75.88932620782765, 32.6532331753001], [75.92602361506265, 32.63365347497604]], [[76.73697224831517, 33.261204626562574], [76.77888268346669, 33.239714417654], [76.74690857026673, 33.17921068170307], [76.79070570100106, 33.253951799812114], [76.73697224831517, 33.261204626562574]], [[76.88517123559427, 33.121646101087535], [76.93296283311318, 33.02848855368523], [76.96226281275986, 33.01356658051017], [76.88517123559427, 33.121646101087535]], [[76.99336070696965, 32.99772896052561], [77.01029519996695, 32.98910451595992], [77.14972556197627, 32.97814603210874], [76.99336070696965, 32.99772896052561]], [[77.15714331509493, 32.911690243830954], [77.17022227179538, 32.910755985218316], [77.18826319783346, 32.92882349160783], [77.15714331509493, 32.911690243830954]], [[77.3388359985223, 32.81681141157428], [77.34362728068396, 32.82159388652199], [77.18826319783346, 32.92882349160783], [77.3388359985223, 32.81681141157428]], [[77.7013975037981, 32.976641085067634], [77.81088053830183, 32.90676633079024], [77.71305201858443, 32.98256852095428], [77.7013975037981, 32.976641085067634]], [[73.90401554367433, 30.05003102013634], [73.89971007120346, 30.014874263220975], [73.97512232240277, 30.120022859835817], [73.90401554367433, 30.05003102013634]], [[74.52636090890341, 29.94117411428537], [74.52739597741879, 29.942717157994714], [74.5271597397686, 29.94278637118108], [74.52636090890341, 29.94117411428537]], [[74.5100195068552, 29.90819274202544], [74.56103623051722, 29.869643852978417], [74.51998172638363, 29.928299197385446], [74.5100195068552, 29.90819274202544]], [[74.47378148356516, 29.76834108315663], [74.47803393389003, 29.752304698154273], [74.4850827084543, 29.81501363362097], [74.47378148356516, 29.76834108315663]], [[74.48037029110259, 29.743494078181932], [74.616092094107, 29.752155861702988], [74.47985421654613, 29.745440243250314], [74.48037029110259, 29.743494078181932]], [[75.94560815679587, 28.107155238143616], [75.95110783010931, 28.09864265074438], [76.03179555247681, 28.16785108904976], [75.94560815679587, 28.107155238143616]], [[75.98442223211377, 28.04707744994903], [75.98343279801544, 28.081340647602193], [75.96006622253502, 28.08477653649826], [75.98442223211377, 28.04707744994903]], [[75.97137211852048, 27.851956598389656], [75.98707702286023, 27.848479785717153], [75.98748351004069, 27.904152993619352], [75.97137211852048, 27.851956598389656]], [[76.04807952473612, 27.834974815104918], [76.08888616037224, 27.860547608775835], [76.00381393132395, 27.844774503966548], [76.04807952473612, 27.834974815104918]], [[77.20206435420826, 27.82461152114662], [77.18382694089452, 27.8113336752128], [77.17701557541733, 27.786320393856055], [77.20206435420826, 27.82461152114662]], [[77.2366922758106, 27.785369688423348], [77.2407954993792, 27.786741386991476], [77.20206435420826, 27.82461152114662], [77.2366922758106, 27.785369688423348]], [[78.16920499717018, 26.821537532688172], [78.18364206913795, 26.783817748186053], [78.17359699173399, 26.822280385467437], [78.16920499717018, 26.821537532688172]], [[78.10681264655388, 26.790838077478025], [78.11214792199154, 26.7768484272627], [78.11504677478582, 26.790085679637766], [78.10681264655388, 26.790838077478025]], [[77.36669048184687, 26.363456987145806], [77.35466664433332, 26.353324780668874], [77.44434900811568, 26.361576778735365], [77.36669048184687, 26.363456987145806]], [[77.31523364755948, 26.320095517144086], [77.2447784802169, 26.2607245964977], [77.27019686492989, 26.267065790556845], [77.31523364755948, 26.320095517144086]], [[77.03142538645305, 26.172478755890626], [76.90114892456255, 26.09316869342429], [77.09836598640457, 26.18427986355311], [77.03142538645305, 26.172478755890626]], [[77.06417607008248, 24.59700965574379], [77.05892155398107, 24.557672151984526], [77.07132775366965, 24.572426225809508], [77.06417607008248, 24.59700965574379]], [[76.84149821871866, 24.322509949861647], [76.94619793615229, 24.19950681996254], [76.94714447002825, 24.20101277831509], [76.84149821871866, 24.322509949861647]], [[76.9161148931286, 24.187703793027747], [76.90075575531888, 24.127207208165853], [76.94514243486137, 24.197827491810042], [76.9161148931286, 24.187703793027747]], [[76.75635225521798, 24.16907959232754], [76.6759803568537, 24.19089209803444], [76.69885480212697, 24.168376189479204], [76.75635225521798, 24.16907959232754]], [[75.98023160049668, 23.934584285238397], [75.96764750451993, 23.92340607373976], [75.981361909096, 23.928920369720046], [75.98023160049668, 23.934584285238397]], [[75.79926988425242, 23.855704699650797], [75.7801948560108, 23.85005655166812], [75.78209193542, 23.84879777972796], [75.79926988425242, 23.855704699650797]], [[75.56433615584126, 23.856430396740823], [75.46474866599407, 23.928973653546763], [75.46224618202791, 23.9144868099932], [75.56433615584126, 23.856430396740823]], [[75.46715377474719, 23.942896793397807], [75.5210945521859, 24.024591741785418], [75.47390181385623, 23.981961094383674], [75.46715377474719, 23.942896793397807]], [[75.59571610534611, 23.99001862720798], [75.67223538435935, 24.016533235220834], [75.67085386909618, 24.018048517782315], [75.59571610534611, 23.99001862720798]], [[75.03403866544376, 24.844593955780486], [74.94902962061322, 24.870328773987783], [74.9585337647287, 24.858078789631133], [75.03403866544376, 24.844593955780486]], [[74.84309762853701, 24.968950053911005], [74.84353581828275, 24.95535871677941], [74.86235906901572, 24.947273731839033], [74.84309762853701, 24.968950053911005]], [[74.77176276665959, 24.661445139050194], [74.8136403818623, 24.649539029357577], [74.81424160451903, 24.665915310598642], [74.77176276665959, 24.661445139050194]], [[79.37980538205933, 25.064794018395393], [79.36030437568091, 25.144263387207697], [79.3505835317183, 25.116986496954663], [79.37980538205933, 25.064794018395393]], [[77.14380517018051, 28.83831291765975], [77.15152248635229, 28.840597973722055], [77.08239546599229, 28.883807228409715], [77.14380517018051, 28.83831291765975]], [[76.8569634511567, 30.79480192592862], [76.77716099341191, 30.904514368486662], [76.7583911677091, 30.922177292762736], [76.8569634511567, 30.79480192592862]], [[76.83785601377225, 30.754532760003606], [76.84466616082078, 30.72851052282507], [76.8569634511567, 30.79480192592862], [76.83785601377225, 30.754532760003606]], [[77.1611965154535, 30.69098490948868], [77.09580040963124, 30.738773838408214], [77.1615296490467, 30.68829558622754], [77.1611965154535, 30.69098490948868]], [[76.56265385302135, 30.225761476170252], [76.59609418924165, 30.25570521847093], [76.5480396503475, 30.222488471258632], [76.56265385302135, 30.225761476170252]], [[76.85299762633254, 30.657247213634275], [76.87642171749052, 30.680557589007496], [76.84273434459637, 30.66720654113564], [76.85299762633254, 30.657247213634275]], [[76.8347341650038, 30.67496978983916], [76.8405335934847, 30.70623295763424], [76.81527255324498, 30.679391872488758], [76.8347341650038, 30.67496978983916]], [[76.77659479571058, 30.670401333121585], [76.7930638167688, 30.674229512199208], [76.70515164372233, 30.742971970106787], [76.77659479571058, 30.670401333121585]], [[76.62471386650836, 30.998826576934192], [76.72465534217481, 30.955082367832162], [76.70959404726258, 30.969772775785156], [76.62471386650836, 30.998826576934192]], [[76.37488234240466, 31.435825167105726], [76.46379847179762, 31.30145889711924], [76.37514520694997, 31.43700602526201], [76.37488234240466, 31.435825167105726]], [[75.88603054858328, 32.45391781243492], [75.93160786752587, 32.39727504422673], [75.93647378066142, 32.39742020501809], [75.88603054858328, 32.45391781243492]], [[76.68506138630266, 33.34439678320292], [76.62838297959087, 33.435229389453184], [76.6591707542704, 33.3566052254464], [76.68506138630266, 33.34439678320292]], [[83.83675890533196, 27.32227755225004], [83.86020304509047, 27.30789072236602], [83.89090688945443, 27.314638838981352], [83.83675890533196, 27.32227755225004]], [[83.92147336485422, 27.310326794036424], [83.9052570204928, 27.257409400256567], [83.93414043953366, 27.30853983644239], [83.92147336485422, 27.310326794036424]], [[83.98815814855948, 27.186202675520512], [83.9702277659432, 27.22402591664774], [83.9052570204928, 27.257409400256567], [83.98815814855948, 27.186202675520512]], [[83.99181159800825, 27.178495907494163], [83.94681595475515, 27.090272775192815], [83.99397866599816, 27.173924586464636], [83.99181159800825, 27.178495907494163]], [[83.35056591420066, 25.008795399699203], [83.35761230378085, 24.87057488954272], [83.38086983688675, 24.84799403277627], [83.35056591420066, 25.008795399699203]], [[83.5032947551147, 24.52543975680424], [83.43001569245328, 24.50521910149629], [83.5996331401915, 24.515557729045977], [83.5032947551147, 24.52543975680424]], [[83.39959321273606, 24.496824309674007], [83.39653558279626, 24.49598058598505], [83.39718709534273, 24.489033556752094], [83.39959321273606, 24.496824309674007]], [[83.40267001625058, 24.43056958390074], [83.40508647261095, 24.404803091656404], [83.45728193504608, 24.364568165370873], [83.40267001625058, 24.43056958390074]], [[83.72283233497467, 23.685916081925004], [83.77245393637294, 23.610950244735537], [83.77428260033832, 23.61048641582324], [83.72283233497467, 23.685916081925004]], [[83.96394275964616, 23.384219114862567], [83.96336686140118, 23.37744335429331], [84.00568119437588, 23.35392514127998], [83.96394275964616, 23.384219114862567]], [[84.07472554451823, 23.33332629388237], [84.03239743228539, 23.154367346286467], [84.03928510862119, 23.149511924136878], [84.07472554451823, 23.33332629388237]], [[84.37410902949924, 22.979134681318406], [84.39389773821445, 22.93309752217651], [84.39583231427862, 22.939216151167006], [84.37410902949924, 22.979134681318406]], [[84.38818538445013, 22.915030631970712], [84.35363933972602, 22.86304850310381], [84.37246861236564, 22.865322016686058], [84.38818538445013, 22.915030631970712]], [[84.23183011691047, 22.741890303632342], [84.221356673493, 22.67426148799002], [84.2334303110789, 22.680813830778334], [84.23183011691047, 22.741890303632342]], [[84.20080288666811, 22.663106982488546], [84.08398421964023, 22.63817298754026], [84.15243506185752, 22.63685784540541], [84.20080288666811, 22.663106982488546]], [[84.00912746777568, 22.526052383891994], [83.99292734963556, 22.5195682956735], [84.11885481020505, 22.482578829650002], [84.00912746777568, 22.526052383891994]], [[84.13453041777944, 22.47636821376272], [84.1562836700118, 22.40768782229489], [84.1408355639547, 22.473870138914783], [84.13453041777944, 22.47636821376272]], [[86.42968079661475, 22.309382270955027], [86.43273436605931, 22.306492745669704], [86.43371688367583, 22.307116491524436], [86.42968079661475, 22.309382270955027]], [[86.65604756236348, 22.23579119885483], [86.72695651499838, 22.216793096636046], [86.73042249387964, 22.21684548341029], [86.65604756236348, 22.23579119885483]], [[86.8378106072338, 22.097698544082153], [86.9626081983197, 22.086094630898835], [86.960088961213, 22.087946626792416], [86.8378106072338, 22.097698544082153]], [[87.1701418049097, 21.979415026240474], [87.24195033816014, 21.934309645567808], [87.23585723396775, 21.9570629294005], [87.1701418049097, 21.979415026240474]], [[87.24749417746433, 21.913607464014962], [87.23893380930562, 21.89987822157104], [87.276530395224, 21.805178446021213], [87.24749417746433, 21.913607464014962]], [[87.36925979891099, 21.764599708580242], [87.43490069450132, 21.77030813834432], [87.276530395224, 21.805178446021213], [87.36925979891099, 21.764599708580242]], [[87.44129086688802, 21.768901136663768], [87.4457483456687, 21.763040170667264], [87.44438053689146, 21.768220846583294], [87.44129086688802, 21.768901136663768]], [[83.20792950177321, 23.92141101202277], [83.12125855860708, 23.883525087346715], [83.14149377567263, 23.884935825545384], [83.20792950177321, 23.92141101202277]], [[83.30598470223228, 24.073955066891376], [83.22362219213274, 23.986664108392652], [83.27912303619851, 24.018291441548662], [83.30598470223228, 24.073955066891376]], [[84.04739541950312, 22.4691756769261], [83.9881582707259, 22.517618097494424], [83.97461979196234, 22.512081867725044], [84.04739541950312, 22.4691756769261]], [[81.39607140430347, 17.819951703982543], [81.39925205575523, 17.8919470035956], [81.3933495682814, 17.794674753414647], [81.39607140430347, 17.819951703982543]], [[81.6172208213963, 17.823140620344567], [81.4871124943337, 17.82126449252809], [81.49234777804205, 17.812725617756946], [81.6172208213963, 17.823140620344567]], [[83.70781217480601, 19.024399614345832], [83.62410001306341, 19.163592843438774], [83.70024572069822, 19.02528487851423], [83.70781217480601, 19.024399614345832]], [[83.716876181446, 19.009328347202857], [83.75337432430442, 18.926302204660757], [83.76966812715531, 18.9215480146871], [83.716876181446, 19.009328347202857]], [[83.78591294601556, 18.916808117214668], [83.74864548161008, 18.990620215305196], [83.7714231260695, 18.92103594280812], [83.78591294601556, 18.916808117214668]], [[84.22428743059369, 18.79971534502565], [84.08924055881165, 18.758482556064166], [84.28248729999707, 18.792490506430262], [84.22428743059369, 18.79971534502565]], [[84.36290633362708, 18.839975999038625], [84.32984336036886, 18.80082432122465], [84.34245589962153, 18.80304390126136], [84.36290633362708, 18.839975999038625]], [[84.42982366811107, 18.995727673267666], [84.4499928952967, 18.978590426342784], [84.41904914074435, 19.022907913238306], [84.42982366811107, 18.995727673267666]], [[84.66879067748589, 19.166945533448175], [84.66720125397997, 19.150894690614237], [84.70437802895975, 19.159734612714484], [84.66879067748589, 19.166945533448175]], [[84.71044072068105, 19.158506154073294], [84.70761840691549, 19.15907802806802], [84.70069331982369, 19.11875010678612], [84.71044072068105, 19.158506154073294]], [[79.9630835172475, 16.64357419213043], [79.97711290957936, 16.664209179410346], [79.95588685696727, 16.642267596845077], [79.9630835172475, 16.64357419213043]], [[80.38316233782747, 16.865359966225554], [80.37858234292838, 16.851890588924277], [80.40780373962022, 16.84827444900645], [80.38316233782747, 16.865359966225554]], [[81.09554939568883, 17.803579208937336], [81.08656932177324, 17.79669970764161], [81.10426012248291, 17.77205375684865], [81.09554939568883, 17.803579208937336]], [[80.74400460377201, 18.176568051331717], [80.73718580325264, 18.22211449638174], [80.73682889540373, 18.177221974572415], [80.74400460377201, 18.176568051331717]], [[79.80803830210137, 28.80097135352599], [79.84934672228218, 28.799701267612356], [79.88822781461522, 28.836622515539506], [79.80803830210137, 28.80097135352599]], [[79.82387260505254, 28.88259550917898], [79.84960639199316, 28.859361759046593], [79.82930060022305, 28.884518659034377], [79.82387260505254, 28.88259550917898]], [[79.4265106729325, 28.887554845292605], [79.42557262069555, 28.866478832953828], [79.4380432473622, 28.866261963771468], [79.4265106729325, 28.887554845292605]], [[78.50238548455252, 29.72872884186544], [78.53266884803467, 29.638809270562025], [78.51397551153833, 29.723115275174425], [78.50238548455252, 29.72872884186544]], [[78.335651480782, 29.79666482084687], [78.46514869016167, 29.746764281207245], [78.42849920876161, 29.764515258688323], [78.335651480782, 29.79666482084687]], [[77.83293197532214, 29.66947185298566], [77.83380608962993, 29.66903931019823], [77.94553303799604, 29.71311661278386], [77.83293197532214, 29.66947185298566]], [[77.77729477160018, 29.709537710884476], [77.7990420858385, 29.686241773272197], [77.8211095942655, 29.675321986784787], [77.77729477160018, 29.709537710884476]], [[77.7746619464697, 29.791073286750613], [77.76971917951956, 29.71765275987638], [77.77177190237404, 29.7154538628986], [77.7746619464697, 29.791073286750613]], [[77.74067539207523, 29.97117711080403], [77.73328462730326, 29.95598729839907], [77.74776378174886, 29.91121893291557], [77.74067539207523, 29.97117711080403]], [[77.65093110414092, 30.40161032635429], [77.72183494772857, 30.330265884532118], [77.65723132487018, 30.400733580118583], [77.65093110414092, 30.40161032635429]], [[88.55183989469691, 27.181387252139015], [88.54125583366005, 27.181755954339906], [88.43064887155253, 27.079449114794897], [88.55183989469691, 27.181387252139015]], [[88.71281633466387, 27.1549333513539], [88.68218011734307, 27.176846771241646], [88.5737011949531, 27.180625700453817], [88.71281633466387, 27.1549333513539]], [[86.7590350543804, 22.21727794990788], [86.80222736325945, 22.217930783006942], [86.77767915898251, 22.236762650382886], [86.7590350543804, 22.21727794990788]], [[86.88673630084946, 22.25739174605194], [86.8873790222982, 22.27591528390349], [86.85102098552123, 22.262331751312864], [86.88673630084946, 22.25739174605194]], [[86.88812216327932, 22.297332960440947], [86.83315147435147, 22.32447882756817], [86.88749588406654, 22.27928329565007], [86.88812216327932, 22.297332960440947]], [[86.54755215770497, 22.988658994337033], [86.35255315497128, 22.997594381765992], [86.39393407808441, 22.98103709888449], [86.54755215770497, 22.988658994337033]], [[86.25059462607199, 23.00226640031291], [86.2055863113891, 23.004328804343587], [86.22301970662602, 22.99484563309043], [86.25059462607199, 23.00226640031291]], [[86.14609070848763, 23.075296557159266], [86.15747398729148, 23.030500264498322], [86.17743982131252, 23.019639533088267], [86.14609070848763, 23.075296557159266]], [[86.05006752504565, 23.584347808625076], [86.15862270526608, 23.559499548932862], [86.05183045069067, 23.5862971798811], [86.05006752504565, 23.584347808625076]], [[87.96228739209855, 24.93783846183846], [87.9594054065615, 24.94472231046002], [87.96007537454462, 24.935282700928113], [87.96228739209855, 24.93783846183846]], [[87.93987633378143, 24.9913690333563], [87.79572792827175, 25.087319541451294], [87.94442269246753, 24.980509698855084], [87.93987633378143, 24.9913690333563]], [[87.14576730785927, 25.019334026697774], [87.15671513282068, 24.881013618677645], [87.1504202707251, 25.024086975087958], [87.14576730785927, 25.019334026697774]], [[88.0732085983672, 25.483682677968787], [88.07701257103169, 25.506816203480497], [88.02085958690053, 25.57052095441204], [88.0732085983672, 25.483682677968787]], [[87.97859890487662, 25.519525895715642], [88.00014540213768, 25.49823411831613], [88.0732085983672, 25.483682677968787], [87.97859890487662, 25.519525895715642]], [[87.91642684645475, 25.528407760454684], [87.94007556066165, 25.534120601227205], [87.92709001855617, 25.5390402198844], [87.91642684645475, 25.528407760454684]], [[87.8492935802735, 25.461467855305642], [87.86426560254273, 25.464398529094982], [87.87074638647623, 25.482858871921962], [87.8492935802735, 25.461467855305642]], [[87.80683184492042, 25.339411643487644], [87.77200368258454, 25.404953117026253], [87.76485907704442, 25.383899550895528], [87.80683184492042, 25.339411643487644]], [[87.81849243951719, 25.241959472988167], [87.84660861466043, 25.264557619430235], [87.84166778320966, 25.27385553674974], [87.81849243951719, 25.241959472988167]], [[92.19229319202137, 24.24326784552022], [92.25983908220122, 24.358549943473466], [92.25094997311595, 24.38549612258691], [92.19229319202137, 24.24326784552022]], [[92.31493241631814, 23.860602139604424], [92.32508718519054, 23.91419297824843], [92.33195844371456, 24.17966365892565], [92.31493241631814, 23.860602139604424]], [[92.2842006471003, 23.85193413570514], [92.26834338160793, 23.81371115569101], [92.28223491766752, 23.81473638584822], [92.2842006471003, 23.85193413570514]], [[91.52651272022928, 25.89116957893134], [91.47473592931038, 25.874116928229295], [91.53036021177769, 25.871349940913692], [91.52651272022928, 25.89116957893134]], [[92.2672585471331, 26.0582608300374], [92.27481511100014, 26.06574799513613], [92.26852684559582, 26.066462541998828], [92.2672585471331, 26.0582608300374]], [[92.41438732678368, 26.93598497828831], [92.58327296734956, 26.959637409533226], [92.44739993117038, 26.95890848050924], [92.41438732678368, 26.93598497828831]], [[93.57147916999361, 26.95111375053881], [93.58659118596601, 26.950567581931974], [93.6224859547138, 26.960293514671665], [93.57147916999361, 26.95111375053881]], [[93.66585807809986, 26.972045487718052], [93.67559225513546, 26.974683029466537], [93.77079254058842, 27.06213318073897], [93.66585807809986, 26.972045487718052]], [[93.82914772936724, 27.06691117467499], [93.80630096839026, 27.147505162532607], [93.79469300205335, 27.13614450757257], [93.82914772936724, 27.06691117467499]], [[93.8413351663881, 27.181792945913706], [94.00757305065774, 27.33638054481759], [93.9911782513492, 27.32844357678067], [93.8413351663881, 27.181792945913706]], [[95.23220313581035, 26.902831895248898], [95.19823249323208, 27.030804712222704], [95.1946454837747, 27.031319394633655], [95.19439846798892, 27.031166500684495], [95.23220313581035, 26.902831895248898]], [[95.01667161721443, 26.92115992762176], [94.92213100420047, 26.945826915826064], [94.90639679446343, 26.928573072952567], [95.01667161721443, 26.92115992762176]], [[94.83956799664374, 26.855289851470406], [94.77406113547923, 26.783456241231413], [94.80262514763213, 26.80141281377266], [94.83956799664374, 26.855289851470406]], [[94.72715724165138, 26.753970426441878], [94.62021015403761, 26.712220089915533], [94.6922532000743, 26.732028237396214], [94.72715724165138, 26.753970426441878]], [[93.4691041961697, 25.30420925610034], [93.38102004710319, 25.23972947565501], [93.4691041961697, 25.304209256100336], [93.4691041961697, 25.30420925610034]], [[93.31278288472839, 25.076970800337033], [93.24378308625174, 25.018387458750528], [93.29985726477625, 25.046140726109755], [93.31278288472839, 25.076970800337033]], [[93.05818146022231, 24.574161098999205], [93.04029539618135, 24.416229356885587], [93.04298420780997, 24.416608045855384], [93.05818146022231, 24.574161098999205]], [[93.01170267911941, 24.40509307847876], [92.98553357873813, 24.39873574607314], [93.01722521445546, 24.392805403460613], [93.01170267911941, 24.40509307847876]], [[93.02468133581763, 24.376215487666663], [93.02305750831728, 24.28278898510912], [93.04034237035721, 24.341369589694015], [93.02468133581763, 24.376215487666663]], [[92.53411109137434, 24.180249504055464], [92.47494838759751, 24.14307100713736], [92.47857825560634, 24.14212518903565], [92.53411109137434, 24.180249504055464]], [[92.45451358822852, 24.14839560932705], [92.43338524244692, 24.174663016621665], [92.43632155943861, 24.15313582304682], [92.45451358822852, 24.14839560932705]], [[93.52269721404282, 25.243788031603927], [93.50344539387306, 25.25423848960773], [93.50125199933929, 25.24238018010091], [93.52269721404282, 25.243788031603927]], [[93.83440865982807, 25.560604251171007], [93.7649255473481, 25.538483513718084], [93.96044452291027, 25.550730419054695], [93.83440865982807, 25.560604251171007]], [[94.57176078401653, 25.691797741941613], [94.53468264806483, 25.648238112462014], [94.57895035821569, 25.673142333133846], [94.57176078401653, 25.691797741941613]], [[94.59342434879584, 25.635585420321984], [94.58507856221745, 25.657240953199057], [94.55088403472998, 25.579508454427092], [94.59342434879584, 25.635585420321984]]], [[[72.64971359165321, 10.563564987337987], [72.61722303160637, 10.542192849615512], [72.64064137085157, 10.579268958622968], [72.64971359165321, 10.563564987337987]]], [[[73.69950170213801, 10.816388802570449], [73.70181398634055, 10.814317624785094], [73.66132137837157, 10.80766198065488], [73.69950170213801, 10.816388802570449]]], [[[72.16855605923628, 10.813643770681443], [72.16476551548698, 10.813169491079005], [72.16872532070042, 10.815293265375205], [72.16855605923628, 10.813643770681443]]], [[[72.17972385466132, 10.828857244244919], [72.17011145801473, 10.818217640168967], [72.19466247671348, 10.871357932687896], [72.17972385466132, 10.828857244244919]]], [[[72.29276202623693, 10.936988533608547], [72.28529377701953, 10.936460349995773], [72.28742717880125, 10.946933115286013], [72.29276202623693, 10.936988533608547]]], [[[72.32138718143027, 10.94671309743381], [72.31541565213864, 10.943625823905835], [72.32703464887304, 10.951552932074588], [72.32138718143027, 10.94671309743381]]], [[[72.33170692859956, 10.950668411587682], [72.33036472519082, 10.951682336058912], [72.33348616958052, 10.952828254362258], [72.33170692859956, 10.950668411587682]]], [[[72.33444073377446, 10.953454089147233], [72.33301012087045, 10.954960534706252], [72.3347891911715, 10.955312297446445], [72.33444073377446, 10.953454089147233]]], [[[72.33433213374482, 10.95715524271584], [72.33430898685491, 10.959316064727707], [72.33548590204798, 10.956638218971221], [72.33433213374482, 10.95715524271584]]], [[[72.73042567842229, 11.124425606754517], [72.71945087435796, 11.128659745196147], [72.73372523627496, 11.136406714614768], [72.73042567842229, 11.124425606754517]]], [[[72.7795187712945, 11.242649569274318], [72.79026931004985, 11.260457284932254], [72.76186347314325, 11.183125945889374], [72.7795187712945, 11.242649569274318]]], [[[72.99976835495035, 11.498407744408743], [73.0098646399045, 11.487487391766182], [73.01176358049877, 11.473095381574934], [72.99976835495035, 11.498407744408743]]], [[[72.18649456565389, 11.598869303917722], [72.18533556556251, 11.601812639982809], [72.18923527528008, 11.600694148338691], [72.18649456565389, 11.598869303917722]]], [[[72.7055549879415, 11.683469369278543], [72.71656333240362, 11.703947521643276], [72.7169133968867, 11.693447824616676], [72.7055549879415, 11.683469369278543]]], [[[72.73685380071157, 19.465849870993967], [72.73284903481819, 19.459169408366815], [72.72885810118352, 19.46610297358297], [72.73685380071157, 19.465849870993967]]], [[[71.15112745627646, 20.760106635198007], [71.15141125922753, 20.763371968193404], [71.15374984699994, 20.760089406160116], [71.15112745627646, 20.760106635198007]]], [[[71.52998979924494, 20.904005956323182], [71.53250346956455, 20.902807370721792], [71.52572478153228, 20.90353423388111], [71.52998979924494, 20.904005956323182]]], [[[71.52456580839036, 20.904786369528946], [71.50997533381646, 20.903766178372532], [71.51284868598253, 20.91094634083405], [71.52456580839036, 20.904786369528946]]], [[[72.44461619372852, 21.968764162329116], [72.3893417646402, 21.819128535176038], [72.35480669919387, 21.797240289907975], [72.3108140473671, 21.840984006401428], [72.29258486319155, 21.964843505285256], [72.3431337182025, 22.02296768559546], [72.40221875221698, 22.021989953749504], [72.44461619372852, 21.968764162329116]]], [[[69.3327580938446, 22.37262998709495], [69.32341964742707, 22.38110651522971], [69.33637442641253, 22.386655722378034], [69.3327580938446, 22.37262998709495]]], [[[69.65686319747827, 22.426763326856577], [69.6365567930572, 22.405539641621488], [69.5904064490034, 22.430544414201645], [69.6002764079133, 22.447152560461177], [69.65686319747827, 22.426763326856577]]], [[[69.08450928491575, 22.421963085202982], [69.09403367451225, 22.460718047391236], [69.12873414226027, 22.475252752000483], [69.08450928491575, 22.421963085202982]]], [[[69.80137716071475, 22.477205854167657], [69.78520092879732, 22.489420882714132], [69.81856621975881, 22.504606456730777], [69.80137716071475, 22.477205854167657]]], [[[70.00720097859897, 22.55048531161802], [69.9960771566054, 22.549049179013974], [70.01256208468872, 22.552823527939815], [70.00720097859897, 22.55048531161802]]], [[[69.97303280847083, 22.581616417607513], [70.00060032318127, 22.554023019835682], [69.94484791759825, 22.567817200466763], [69.97303280847083, 22.581616417607513]]], [[[70.03867505178268, 22.57363134730511], [70.00170006410828, 22.55445562375377], [69.98551709302961, 22.58867757943857], [70.03867505178268, 22.57363134730511]]], [[[68.52755931273938, 23.29073307485397], [68.49759345252723, 23.332718155445598], [68.55429662961703, 23.345808158279958], [68.52755931273938, 23.29073307485397]]], [[[78.49020962399118, 9.094324157998473], [78.49657934590553, 9.09042644336062], [78.49409267535012, 9.08581254174221], [78.49020962399118, 9.094324157998473]]], [[[78.53507206420191, 9.102911781275603], [78.53934650614022, 9.105851073715105], [78.5378690550773, 9.10235305581176], [78.53507206420191, 9.102911781275603]]], [[[78.58113433293364, 9.10055502509109], [78.57062758796323, 9.101457082235523], [78.57928814949769, 9.112890854529342], [78.58113433293364, 9.10055502509109]]], [[[79.49204218184133, 9.124308774719513], [79.49645008468478, 9.124931258620824], [79.48883368171745, 9.119047721633395], [79.49204218184133, 9.124308774719513]]], [[[79.48811454260327, 9.12722321102197], [79.48700919259562, 9.127304885890002], [79.48875168978654, 9.128163271780897], [79.48811454260327, 9.12722321102197]]], [[[79.48196382456533, 9.129971650610848], [79.47967113800895, 9.129804991149824], [79.48056296655842, 9.130663745307487], [79.48196382456533, 9.129971650610848]]], [[[79.48149621642561, 9.133217641275536], [79.48327513041981, 9.134342759735048], [79.48301078318116, 9.132552632112807], [79.48149621642561, 9.133217641275536]]], [[[79.47352285799866, 9.136262153900928], [79.4697436285304, 9.139508948452683], [79.4722183371195, 9.139865497032014], [79.47352285799866, 9.136262153900928]]], [[[79.46505462486823, 9.14342506352407], [79.46735188295104, 9.143483271717455], [79.46801073792315, 9.140725506750382], [79.46505462486823, 9.14342506352407]]], [[[79.45347821546483, 9.147016969531421], [79.45003024784242, 9.14805738725685], [79.45262809210075, 9.149819971876534], [79.45347821546483, 9.147016969531421]]], [[[79.44494089649915, 9.153487691772437], [79.4457231000412, 9.152163012445898], [79.44464015491508, 9.151137007027392], [79.44494089649915, 9.153487691772437]]], [[[78.69488864414869, 9.15517914898536], [78.6965765273636, 9.155755337516874], [78.69614285847365, 9.151288814545392], [78.69488864414869, 9.15517914898536]]], [[[78.73127217744677, 9.155946690361763], [78.73113005229071, 9.152365906402899], [78.72788333783464, 9.153180456544677], [78.73127217744677, 9.155946690361763]]], [[[78.75179305104868, 9.157260663528763], [78.75209995058403, 9.155650527176649], [78.7508544067982, 9.156620285044449], [78.75179305104868, 9.157260663528763]]], [[[79.44355851953259, 9.156589084137174], [79.44441403009344, 9.158144088758446], [79.44575608617848, 9.158035366276208], [79.44355851953259, 9.156589084137174]]], [[[78.81666174788282, 9.160117319937969], [78.81944732656083, 9.16569106929856], [78.82361198448997, 9.166234831067714], [78.81666174788282, 9.160117319937969]]], [[[78.82390365847958, 9.166695618989374], [78.82849940713379, 9.173744678550333], [78.82794686418231, 9.168487124096503], [78.82390365847958, 9.166695618989374]]], [[[78.89718503033879, 9.179555725875373], [78.94334523789438, 9.187300532315772], [78.9404009062444, 9.183350508146463], [78.89718503033879, 9.179555725875373]]], [[[78.9669359332999, 9.183088852894551], [78.96687402410542, 9.187397576546488], [78.9709365920958, 9.185235961509747], [78.9669359332999, 9.183088852894551]]], [[[79.0695069621344, 9.209604309507217], [79.0873505947799, 9.190828572676839], [79.0566541904427, 9.196907056773954], [79.0695069621344, 9.209604309507217]]], [[[79.13944803484786, 9.2117812136421], [79.1389053967207, 9.21293563584568], [79.14144614585622, 9.213402717287575], [79.13944803484786, 9.2117812136421]]], [[[79.13399780510217, 9.215142685722972], [79.12242876996892, 9.214561649385839], [79.12214284070558, 9.216556215558768], [79.13399780510217, 9.215142685722972]]], [[[79.16455324131337, 9.208993918386819], [79.12371779401116, 9.221158854348001], [79.14721418966803, 9.224973776696027], [79.16455324131337, 9.208993918386819]]], [[[79.14686579964464, 9.234568984437278], [79.14861411791858, 9.231814945859567], [79.14565519583176, 9.23018244947084], [79.14686579964464, 9.234568984437278]]], [[[79.1387750332067, 9.238056422345661], [79.14178616088624, 9.237246958361185], [79.14111255647549, 9.234247077737932], [79.1387750332067, 9.238056422345661]]], [[[79.15861942778895, 9.238761542074627], [79.1609564300349, 9.238275300606674], [79.16022170515053, 9.235886051041557], [79.15861942778895, 9.238761542074627]]], [[[79.228735398895, 9.243422011839455], [79.24068882493494, 9.240200577743941], [79.23655944654193, 9.23529909664713], [79.228735398895, 9.243422011839455]]], [[[79.14495479647272, 9.242265366390901], [79.14994495943562, 9.241559202990535], [79.14933379602193, 9.236587364216717], [79.14495479647272, 9.242265366390901]]], [[[79.20465124093764, 9.226023975404148], [79.17492798244604, 9.239788646555024], [79.19140631420022, 9.25700486640225], [79.22012287926195, 9.25096888270043], [79.20465124093764, 9.226023975404148]]], [[[79.13597821570616, 9.25535419761006], [79.13907260104286, 9.25516381266829], [79.13869762088709, 9.251792358455798], [79.13597821570616, 9.25535419761006]]], [[[80.92809268890723, 15.715255098144302], [80.9312328335262, 15.717934221891843], [80.93007900144268, 15.71568484206064], [80.92809268890723, 15.715255098144302]]], [[[80.8118201062017, 15.730490124925055], [80.81174459651386, 15.733212899333914], [80.81326267029227, 15.730741405146414], [80.8118201062017, 15.730490124925055]]], [[[80.79250994061721, 15.770394449803257], [80.79396110068673, 15.770116797698698], [80.79280647269584, 15.768960958775457], [80.79250994061721, 15.770394449803257]]], [[[81.00598346650791, 15.791062127708708], [81.00798975038875, 15.795735192246836], [81.0075594358081, 15.791570197211499], [81.00598346650791, 15.791062127708708]]], [[[81.00837159636826, 15.798954323029507], [81.00520216307778, 15.816314869140674], [81.0121518571025, 15.813775250671855], [81.00837159636826, 15.798954323029507]]], [[[80.79034340178127, 15.82852924078106], [80.78963342458468, 15.83231962718339], [80.7924342395882, 15.830335255777673], [80.79034340178127, 15.82852924078106]]], [[[80.78820183970348, 15.837083918707863], [80.78742126480704, 15.842839284449038], [80.78917218370373, 15.839281071263777], [80.78820183970348, 15.837083918707863]]], [[[80.78777108674498, 15.852805597203139], [80.78738578494657, 15.844842144063408], [80.78353631800285, 15.85469358011521], [80.78777108674498, 15.852805597203139]]], [[[80.7783207542605, 15.86356969598149], [80.78389136993238, 15.857831420239137], [80.77529285054302, 15.8634426952346], [80.7783207542605, 15.86356969598149]]], [[[82.3188873044478, 16.571445723303654], [82.31726265095078, 16.56772799006841], [82.31906661985659, 16.575654493688347], [82.3188873044478, 16.571445723303654]]], [[[82.33589018944583, 16.5895391555481], [82.3312770242549, 16.59178685478351], [82.32947935253927, 16.595126155944605], [82.33589018944583, 16.5895391555481]]], [[[82.33091558260877, 16.617993821424378], [82.33763947071377, 16.61064495961033], [82.33819692295828, 16.605606939149315], [82.33091558260877, 16.617993821424378]]], [[[88.05210066494732, 21.510738127558337], [88.04488484322304, 21.5083570409129], [88.04574802449808, 21.513010654409268], [88.05210066494732, 21.510738127558337]]], [[[88.074896071052, 21.517123818444002], [88.05903969866455, 21.50816539175834], [88.06976242198544, 21.523419384667445], [88.074896071052, 21.517123818444002]]], [[[88.24300396812056, 21.49712637753741], [88.20420313756321, 21.512548153718928], [88.2223826871244, 21.540859404608256], [88.24300396812056, 21.49712637753741]]], [[[88.02552155306928, 21.562096175710252], [87.99179717314941, 21.512976352557853], [88.01668604463323, 21.595434512875997], [88.0546052470112, 21.550456214261022], [88.02552155306928, 21.562096175710252]]], [[[88.3364245023495, 21.56945731813568], [88.33962377857202, 21.572906072669525], [88.33162376353735, 21.542530367835997], [88.3364245023495, 21.56945731813568]]], [[[88.59234073945217, 21.556697622189265], [88.58606562091701, 21.55508375585142], [88.58589303299136, 21.563447182262372], [88.59234073945217, 21.556697622189265]]], [[[88.54337654224682, 21.53132595282788], [88.48571925910385, 21.55792125912179], [88.49662945184139, 21.597819829409406], [88.54337654224682, 21.53132595282788]]], [[[88.16137653490784, 21.58856970737], [88.16356862632205, 21.597525762729266], [88.20012754579787, 21.544329423099445], [88.16137653490784, 21.58856970737]]], [[[88.08267181179453, 21.582770519697664], [88.08193318822183, 21.57147050018125], [88.0753042646188, 21.579761157058567], [88.08267181179453, 21.582770519697664]]], [[[88.35926142589167, 21.567600714241028], [88.34229983465058, 21.586344249056935], [88.34791925669019, 21.594011396154244], [88.35926142589167, 21.567600714241028]]], [[[88.09086207473503, 21.587376668327398], [88.08869314727876, 21.583282451906854], [88.08228975650756, 21.587078427287093], [88.09086207473503, 21.587376668327398]]], [[[88.51355295451441, 21.59881136624616], [88.52365200897458, 21.652720578259796], [88.58368916915536, 21.606825281168256], [88.56595283308405, 21.56311150496171], [88.51355295451441, 21.59881136624616]]], [[[88.35152195283209, 21.60641564596895], [88.34572140348179, 21.603997899634503], [88.34470361675642, 21.616808916751634], [88.35152195283209, 21.60641564596895]]], [[[88.08206567175996, 21.613782111442333], [88.07920172225995, 21.607652395516027], [88.07433858287487, 21.61326497468117], [88.08206567175996, 21.613782111442333]]], [[[87.98588255931756, 21.68695194518745], [87.99010561851995, 21.622976482932728], [87.94469312638603, 21.591800323143655], [87.98588255931756, 21.68695194518745]]], [[[88.55899389629337, 21.64702129290395], [88.57366018059243, 21.68869810297069], [88.6050977588194, 21.614888695602506], [88.55899389629337, 21.64702129290395]]], [[[88.20395411199004, 21.70792218266676], [88.19545216957857, 21.679364026541403], [88.22749654001701, 21.650056256512034], [88.20781343704567, 21.597099005323468], [88.17992341457185, 21.671268781269063], [88.20395411199004, 21.70792218266676]]], [[[88.31189061721815, 21.706654553503153], [88.34933700212609, 21.680188605161955], [88.31668342660132, 21.604859646032022], [88.31189061721815, 21.706654553503153]]], [[[88.43020875635214, 21.625498909775924], [88.39416408644387, 21.589521064832308], [88.403756215301, 21.719904982006945], [88.37115330296159, 21.728509891052333], [88.39562355862473, 21.742241823358068], [88.42055079805263, 21.70280964847346], [88.43020875635214, 21.625498909775924]]], [[[88.56292844088101, 21.700820861691227], [88.54379051467583, 21.641519158222764], [88.52018393076789, 21.71399987132934], [88.56292844088101, 21.700820861691227]]], [[[88.47054597733656, 21.67460724800567], [88.43205010415689, 21.601080882360524], [88.42411696510186, 21.75282281967671], [88.46156960587741, 21.782445979783756], [88.47054597733656, 21.67460724800567]]], [[[87.90490838008115, 21.703218185521067], [87.91002576155621, 21.70303598785123], [87.90364099196255, 21.6842002360932], [87.90490838008115, 21.703218185521067]]], [[[87.9845503990737, 21.70165135865114], [87.98629586789158, 21.69646955248976], [87.97531100539098, 21.690724588980128], [87.9845503990737, 21.70165135865114]]], [[[88.04076951088786, 21.648292403173844], [88.07970786273542, 21.780935335632677], [88.13025140870299, 21.756695879065767], [88.12334655588234, 21.680838113919307], [88.14410982818559, 21.653757166609868], [88.12068407155108, 21.623814780352443], [88.04076951088786, 21.648292403173844]]], [[[87.93235048009643, 21.720498983621198], [87.94174948823547, 21.72277245040746], [87.92685577835427, 21.68825376357079], [87.93235048009643, 21.720498983621198]]], [[[87.95630502283643, 21.70501814047948], [87.94727370771957, 21.704315525653744], [87.95228417170954, 21.711790962985702], [87.95630502283643, 21.70501814047948]]], [[[88.20020409124324, 21.72352565369554], [88.18034062812242, 21.69442015671053], [88.18293311662502, 21.705958041891297], [88.20020409124324, 21.72352565369554]]], [[[87.98507311795774, 21.722025356913896], [87.97902794567747, 21.722633784511014], [87.97874935744662, 21.726265064112702], [87.98507311795774, 21.722025356913896]]], [[[88.34518532754777, 21.758220856711134], [88.35908965902621, 21.738610073706248], [88.36380884698023, 21.722831845823094], [88.39348958820939, 21.714168272166262], [88.3557832515195, 21.690188875889167], [88.34518532754777, 21.758220856711134]]], [[[87.96221833770437, 21.736969993901628], [87.94750635341185, 21.729739702535976], [87.94986598960969, 21.73504464370519], [87.96221833770437, 21.736969993901628]]], [[[88.51208249414101, 21.77978405119439], [88.55261310982968, 21.809419101647702], [88.59668640970767, 21.657600904153547], [88.5642665327007, 21.707681810338148], [88.5198761886128, 21.725096810477247], [88.51208249414101, 21.77978405119439]]], [[[88.20526581669655, 21.75997385999246], [88.19968446615704, 21.73028130335763], [88.19740964709166, 21.742268144783882], [88.20526581669655, 21.75997385999246]]], [[[88.28503749402563, 21.73927506279115], [88.29184597558265, 21.772350619944632], [88.3018755453556, 21.719022544915145], [88.28503749402563, 21.73927506279115]]], [[[88.30303392291447, 21.779410229015344], [88.37138039706542, 21.785510743336722], [88.33889618271775, 21.757260150248563], [88.32737446095223, 21.70719356298157], [88.30303392291447, 21.779410229015344]]], [[[88.58086061687081, 21.77313006842207], [88.6139797559697, 21.733028714390098], [88.58353220472917, 21.725424827824767], [88.58086061687081, 21.77313006842207]]], [[[88.37188173784234, 21.764713878777417], [88.38446358572915, 21.74534992778103], [88.36297332303616, 21.737967079721454], [88.37188173784234, 21.764713878777417]]], [[[87.89683593029184, 21.76150282829751], [87.87644685122018, 21.745257467234545], [87.88043618046375, 21.75751917851426], [87.89683593029184, 21.76150282829751]]], [[[87.93189092355664, 21.744412184572525], [87.94969609752823, 21.76899695962862], [87.95704637189768, 21.77146106523545], [87.93189092355664, 21.744412184572525]]], [[[88.4179750298924, 21.727002141639566], [88.38231683049074, 21.781989350729607], [88.4196725223859, 21.808448793297956], [88.41877361601033, 21.766197737687417], [88.4179750298924, 21.727002141639566]]], [[[88.12399209782193, 21.87111325735485], [88.17077858833571, 21.73790709644185], [88.13668720170651, 21.678001510202176], [88.13627906832686, 21.75991447742638], [88.08420882565241, 21.79251797841229], [88.12399209782193, 21.87111325735485]]], [[[88.27352013986904, 21.778964562466612], [88.26769380707344, 21.787719625021406], [88.2741689364049, 21.78842686519703], [88.27352013986904, 21.778964562466612]]], [[[88.17785618449058, 21.79958083233598], [88.18260677215704, 21.780610664191506], [88.17677527315024, 21.780564109939675], [88.17785618449058, 21.79958083233598]]], [[[88.29128802297652, 21.778417585317893], [88.26219766892511, 21.805286778972576], [88.33772920199341, 21.85951151856265], [88.35480094734956, 21.797404959849338], [88.29128802297652, 21.778417585317893]]], [[[88.45742128471005, 21.810457780754682], [88.48636350207954, 21.83552071561671], [88.49761024953659, 21.812296955787584], [88.45742128471005, 21.810457780754682]]], [[[88.58041311931541, 21.813856523221634], [88.58860509534314, 21.848742676936972], [88.61389455615488, 21.830755321173555], [88.60787368060811, 21.798152692873366], [88.58041311931541, 21.813856523221634]]], [[[88.49766212454928, 21.846680644571865], [88.51869926623323, 21.851761908050975], [88.52200100878862, 21.829395160509787], [88.49766212454928, 21.846680644571865]]], [[[88.17667571017233, 21.856343519519417], [88.19064903226459, 21.834525556421728], [88.18409106119596, 21.8362870948145], [88.17667571017233, 21.856343519519417]]], [[[88.39886856538341, 21.806504596376925], [88.42044019028836, 21.90052541107275], [88.47465706153875, 21.889759222225102], [88.44697800032455, 21.817206755369916], [88.45690417400832, 21.796917571305688], [88.41938064537702, 21.81358391422926], [88.39886856538341, 21.806504596376925]]], [[[88.53352435919979, 21.846412062864058], [88.55565599564945, 21.882501758391232], [88.55522477377036, 21.81826149187644], [88.53352435919979, 21.846412062864058]]], [[[88.5648313035198, 21.83437345561698], [88.5582952585306, 21.83273211701284], [88.56073081853961, 21.877766159110795], [88.5648313035198, 21.83437345561698]]], [[[88.16907294632597, 21.862154801708353], [88.16837631090796, 21.860349904350883], [88.16362215064163, 21.86251581545909], [88.16907294632597, 21.862154801708353]]], [[[88.09422179994878, 21.86702145116844], [88.0892862770131, 21.89256532020322], [88.1037350980465, 21.889733540566947], [88.09422179994878, 21.86702145116844]]], [[[88.5621424778895, 21.894170662302052], [88.57249775522489, 21.896898838871103], [88.57304961096514, 21.88484088109918], [88.5621424778895, 21.894170662302052]]], [[[88.48478850924809, 21.896603186742873], [88.47655827576901, 21.897684626016048], [88.47655065446213, 21.89993318690517], [88.48478850924809, 21.896603186742873]]], [[[88.10364831001026, 21.908264366510497], [88.11067923329624, 21.9008673484645], [88.09541361190422, 21.90143873089159], [88.10364831001026, 21.908264366510497]]], [[[88.11478602534801, 21.930984425132486], [88.14079524241654, 21.921258744834912], [88.1300631056498, 21.9001179506543], [88.11478602534801, 21.930984425132486]]], [[[88.52169706920215, 21.92688439903634], [88.51664615587157, 21.91803572629035], [88.51204718046887, 21.92605720527883], [88.52169706920215, 21.92688439903634]]], [[[88.09807272845148, 22.00190271475559], [88.13544199658551, 22.015084564923562], [88.08827603433953, 21.974722473797005], [88.09807272845148, 22.00190271475559]]], [[[88.89551477177571, 21.539150033787713], [88.83312598028458, 21.55349423642603], [88.82966535629811, 21.605449755140167], [88.90119871081899, 21.571505662036174], [88.89551477177571, 21.539150033787713]]], [[[88.60117691443814, 21.578946042747024], [88.59546787826244, 21.577842011451903], [88.59485243437646, 21.582466161212505], [88.60117691443814, 21.578946042747024]]], [[[89.12979104284159, 21.58406122859912], [89.12671530922512, 21.592214323110507], [89.13685835059151, 21.590849147714938], [89.12979104284159, 21.58406122859912]]], [[[88.77497243813426, 21.64866354866933], [88.79792065036371, 21.591518317391955], [88.76462795675192, 21.566492907267858], [88.70627404268252, 21.59207259484982], [88.77497243813426, 21.64866354866933]]], [[[88.94019639998433, 21.64084471310577], [88.94965361805548, 21.673239206183347], [88.96076204741667, 21.642281954489373], [88.98595623740097, 21.617462120586715], [88.94019639998433, 21.64084471310577]]], [[[88.63318342268401, 21.675032783070588], [88.64108164242734, 21.67840700722832], [88.63348820938181, 21.6494062125236], [88.63318342268401, 21.675032783070588]]], [[[88.9272334580079, 21.763607448784086], [89.02009208075523, 21.59920564375609], [88.96507429675034, 21.648154792767865], [88.9272334580079, 21.763607448784086]]], [[[88.81686914972323, 21.708985933441316], [88.76822186557375, 21.70519928317983], [88.79393781054976, 21.74932960902107], [88.85882488332136, 21.75229688281359], [88.83846012523772, 21.619036968947736], [88.80442697459172, 21.635440579950558], [88.81686914972323, 21.708985933441316]]], [[[88.69066472855776, 21.717766713948084], [88.71028606876007, 21.674648967185238], [88.74472375952455, 21.654195092444514], [88.68607906528926, 21.678378930265108], [88.69066472855776, 21.717766713948084]]], [[[88.86708564694366, 21.701020159931392], [88.88199207786764, 21.741132313091633], [88.93886875018153, 21.692672115935295], [88.92039511285759, 21.631067638945993], [88.86708564694366, 21.701020159931392]]], [[[88.97545099261707, 21.723980339023385], [89.00846442965143, 21.70872741610911], [89.00668180920835, 21.659346029032267], [88.97545099261707, 21.723980339023385]]], [[[88.9986081053709, 21.80999801082733], [89.09330928595372, 21.644389585335368], [89.03773657307195, 21.610968552642078], [89.01236990116323, 21.714102217459903], [88.956116054192, 21.75966932301353], [89.00280568026702, 21.77765121167696], [88.9986081053709, 21.80999801082733]]], [[[88.59592561840873, 21.784974802078786], [88.62919781336404, 21.738938621788677], [88.60053507625247, 21.711929437364986], [88.61915935745631, 21.740522379225485], [88.59592561840873, 21.784974802078786]]], [[[88.77114253739573, 21.808866973058223], [88.74507191508764, 21.77596998565631], [88.76056446349682, 21.689538469393007], [88.80383211919376, 21.702848939037867], [88.7891836197407, 21.66680132240458], [88.73958337399168, 21.666403001654793], [88.69284703552188, 21.74108231241329], [88.71590692540914, 21.90450646582454], [88.82483720000516, 21.865789520327642], [88.77986867504762, 21.770861313660784], [88.7807203740567, 21.737835794034037], [88.75684476089084, 21.743607458841485], [88.77114253739573, 21.808866973058223]]], [[[88.78591052805292, 21.772671878054812], [88.82296427282492, 21.82249979852291], [88.82078550791795, 21.76397492070611], [88.78591052805292, 21.772671878054812]]], [[[88.83595743682245, 21.78846179648935], [88.85002425287453, 21.862260999727845], [88.87161629648585, 21.851925452194845], [88.90084797259946, 21.751622428184994], [88.92251836187998, 21.740566080238253], [88.90632228168639, 21.736222768912114], [88.83595743682245, 21.78846179648935]]], [[[89.01641680343334, 21.874074956164698], [89.02328188064985, 21.823162074483477], [88.99485757707596, 21.816106715185786], [88.97085059877453, 21.78119663684889], [88.95339455952971, 21.785430895270764], [88.97865306260015, 21.812203959598257], [88.95117951077013, 21.838142270485843], [88.97396856848069, 21.894281230828216], [89.01641680343334, 21.874074956164698]]], [[[88.59714203881305, 21.864853763437132], [88.61929172511172, 21.89676962095937], [88.6410255632991, 21.789002250737695], [88.59714203881305, 21.864853763437132]]], [[[88.97081524198327, 21.906499450598147], [88.94284258797803, 21.83858164494456], [88.97074855554814, 21.815555370478183], [88.90843315731404, 21.75725524610593], [88.89176750975513, 21.835257307935695], [88.82124271895655, 21.927758004311585], [88.97081524198327, 21.906499450598147]]], [[[88.81744312917235, 21.900606652637496], [88.8328151066024, 21.89713744689839], [88.83498736860501, 21.87170669245397], [88.81744312917235, 21.900606652637496]]], [[[88.66553088919089, 21.90067721053882], [88.63848336607933, 21.87678782580949], [88.62648915562717, 21.906156574916597], [88.66553088919089, 21.90067721053882]]], [[[88.79558350438734, 21.878896297520928], [88.71536624201605, 21.92174391750898], [88.80964448767828, 21.913030701706194], [88.79558350438734, 21.878896297520928]]], [[[88.7498757755454, 21.958704809217178], [88.80204907294922, 21.937415783088902], [88.73664476820335, 21.93399129840477], [88.7277268752726, 21.979893385459604], [88.7498757755454, 21.958704809217178]]], [[[89.48743720989005, 25.930714309539535], [89.49480044694904, 25.93672927220124], [89.4964204849021, 25.935274869766218], [89.48743720989005, 25.930714309539535]]], [[[89.57655414376481, 25.932548637595836], [89.56565735299301, 25.95167135757067], [89.59320141269134, 25.96071425106044], [89.57655414376481, 25.932548637595836]]], [[[89.49464062588021, 25.954669722671948], [89.50216916373131, 25.95973369248361], [89.50820326158076, 25.946441555179074], [89.49464062588021, 25.954669722671948]]], [[[89.61585609411352, 26.122884800426643], [89.61516995730626, 26.12751434307377], [89.61868614838124, 26.126670363928206], [89.61585609411352, 26.122884800426643]]], [[[89.6099844808377, 26.127626731863256], [89.60558809619283, 26.13060858350478], [89.60634994301222, 26.131497498692685], [89.6099844808377, 26.127626731863256]]], [[[89.62218681836475, 26.154599634779576], [89.62517793607135, 26.148371015057226], [89.62251048315825, 26.14822221968115], [89.62218681836475, 26.154599634779576]]], [[[89.66102022812252, 26.170237424144137], [89.66415165818489, 26.165871094469505], [89.66039667963604, 26.16808622102906], [89.66102022812252, 26.170237424144137]]], [[[88.97598124746803, 26.194604964876742], [88.97427975208166, 26.193587593208203], [88.97241260017034, 26.195718200961732], [88.97598124746803, 26.194604964876742]]], [[[88.95060687699734, 26.203349331170646], [88.95028159254136, 26.20185178825142], [88.9486449564168, 26.202549411954223], [88.95060687699734, 26.203349331170646]]], [[[88.96215710320513, 26.204935078975662], [88.96142980738816, 26.201363756585124], [88.9582525219238, 26.20238042196427], [88.96215710320513, 26.204935078975662]]], [[[88.95989021446711, 26.212697042342253], [88.95416526014456, 26.213380625448654], [88.9653238550245, 26.21418216911847], [88.95989021446711, 26.212697042342253]]], [[[89.07427131798514, 26.250383686559655], [89.08569548540578, 26.24940550338116], [89.08555775570639, 26.2474825001973], [89.07427131798514, 26.250383686559655]]], [[[89.07353391073134, 26.28137301359718], [89.07105297322407, 26.27813458658571], [89.06967808012216, 26.28285523878617], [89.07353391073134, 26.28137301359718]]], [[[89.07558024779576, 26.29603801180557], [89.07998311288708, 26.293122884077295], [89.08001343731614, 26.291333034958107], [89.07558024779576, 26.29603801180557]]], [[[89.06279555492789, 26.294849867122032], [89.05393419118131, 26.300631484430237], [89.05515044270237, 26.305634756108905], [89.06279555492789, 26.294849867122032]]], [[[89.06853790512591, 26.30808812474451], [89.07016255413131, 26.308284070431373], [89.07005937094283, 26.3053406958493], [89.06853790512591, 26.30808812474451]]], [[[89.05018926118723, 26.310125255520116], [89.05371297565272, 26.309920943894884], [89.05296987487664, 26.30624510103774], [89.05018926118723, 26.310125255520116]]], [[[89.068569454857, 26.3107453251902], [89.06833516075616, 26.30897088632076], [89.064757294947, 26.309132589889035], [89.068569454857, 26.3107453251902]]], [[[89.01720898546158, 26.310978330491402], [89.01639267288816, 26.316467819214072], [89.02009448285033, 26.317470572429528], [89.01720898546158, 26.310978330491402]]], [[[89.02732110142598, 26.318854726263417], [89.03591183421845, 26.32021952135813], [89.03397191876915, 26.316820278941858], [89.02732110142598, 26.318854726263417]]], [[[89.05700737088742, 26.32525989569203], [89.0697549642324, 26.313164975891407], [89.05486747787947, 26.322291845492337], [89.05700737088742, 26.32525989569203]]], [[[88.9992330228899, 26.32216740842397], [89.0007606942688, 26.3167476706653], [88.99736736757185, 26.31843170346312], [88.9992330228899, 26.32216740842397]]], [[[89.00895885160404, 26.32785063460932], [89.00809012233378, 26.324476875565146], [89.00567248910455, 26.324708499780755], [89.00895885160404, 26.32785063460932]]], [[[89.01028880738218, 26.331165512615257], [89.00535626146333, 26.338901424142332], [89.01280350806938, 26.33949017776401], [89.01028880738218, 26.331165512615257]]], [[[88.99755007861242, 26.34154024222346], [88.99038722425226, 26.34308636262143], [88.99234880257467, 26.345360408115713], [88.99755007861242, 26.34154024222346]]], [[[88.98045594005288, 26.35544052450378], [88.986022197099, 26.356829942565874], [88.98611151209612, 26.35484335584359], [88.98045594005288, 26.35544052450378]]], [[[89.07598190162727, 26.36771985604197], [89.07716409981253, 26.366227234448385], [89.07480447080123, 26.36549340361065], [89.07598190162727, 26.36771985604197]]], [[[89.05180656466855, 26.368228748765244], [89.05265740668486, 26.372262218135912], [89.05297648737545, 26.368064175541267], [89.05180656466855, 26.368228748765244]]], [[[88.93197120246074, 26.366372138563186], [88.92115903388702, 26.374164417249247], [88.93024783848708, 26.377847429091275], [88.93197120246074, 26.366372138563186]]], [[[89.04960656628323, 26.375673871765027], [89.04976863224195, 26.372355879588362], [89.04769387877019, 26.372959917875914], [89.04960656628323, 26.375673871765027]]], [[[89.05492349053235, 26.373190733576447], [89.053392108213, 26.373523726697293], [89.05323812799016, 26.37809926082205], [89.05492349053235, 26.373190733576447]]], [[[88.98566978891137, 26.393990223168263], [88.98407398750467, 26.390750506056516], [88.98187981020237, 26.391987163541966], [88.98566978891137, 26.393990223168263]]], [[[89.01422749050833, 26.408846026368632], [89.01739727683669, 26.408663130592394], [89.01636869415829, 26.404492452784005], [89.01422749050833, 26.408846026368632]]], [[[88.98633392328237, 26.41366892376923], [88.99161384143338, 26.41300578768454], [88.99068514063477, 26.405977012753954], [88.98633392328237, 26.41366892376923]]], [[[88.96462738489649, 26.410782555928275], [88.96842187674147, 26.412845659802596], [88.96709541091819, 26.40842000180406], [88.96462738489649, 26.410782555928275]]], [[[88.98197683723623, 26.403026589761087], [88.97131304968617, 26.412629013335557], [88.97998686047275, 26.418913422699152], [88.98197683723623, 26.403026589761087]]], [[[88.9494584653482, 26.40111876051119], [88.9499384235264, 26.426816123838627], [88.95667945867358, 26.42220007881765], [88.9494584653482, 26.40111876051119]]], [[[88.96648952690346, 26.417716348329716], [88.96536851387053, 26.42147145066778], [88.96905244646021, 26.421679363981184], [88.96648952690346, 26.417716348329716]]], [[[88.96843686962357, 26.4335841136154], [88.96930461793349, 26.430516288092647], [88.96559666169817, 26.429466540219142], [88.96843686962357, 26.4335841136154]]], [[[88.9760766898737, 26.442231854082276], [88.97693226331663, 26.444915053054608], [88.9785021348526, 26.44381120146327], [88.9760766898737, 26.442231854082276]]], [[[92.53105135944804, 10.52042185785803], [92.38242533913389, 10.538485783915926], [92.4205397049989, 10.615657885869975], [92.38329715860873, 10.671162268647269], [92.37590700982044, 10.773871030735066], [92.520252826402, 10.897935948222939], [92.58636082013749, 10.788208062883347], [92.59698614811528, 10.681258673933542], [92.54303692092063, 10.624469391800712], [92.56922227246356, 10.58187139858622], [92.53105135944804, 10.52042185785803]]], [[[92.61263776031352, 10.927581415211627], [92.60753505102197, 10.938502059757024], [92.61913302628038, 10.930013976516781], [92.61263776031352, 10.927581415211627]]], [[[92.21638319890957, 10.974911607430395], [92.2107657127394, 10.979731226761269], [92.2173041562304, 10.985411601365488], [92.21638319890957, 10.974911607430395]]], [[[92.66056798584705, 10.99216048490829], [92.66789395449987, 10.989520113508743], [92.66261034427306, 10.982242712300641], [92.66056798584705, 10.99216048490829]]], [[[92.72457665898435, 11.142594172041441], [92.72293311122203, 11.141034673672268], [92.72145033404773, 11.142431386142277], [92.72457665898435, 11.142594172041441]]], [[[92.72888835046427, 11.142011092720072], [92.72543316667516, 11.145360550641206], [92.73102752482004, 11.149225333235563], [92.72888835046427, 11.142011092720072]]], [[[92.67459351532867, 11.178249268747992], [92.6737891126193, 11.189973626641228], [92.67546378880289, 11.183742597837748], [92.67459351532867, 11.178249268747992]]], [[[92.69234810696322, 11.281782910255192], [92.70478269043227, 11.264095892396593], [92.68735201152622, 11.243281373836796], [92.69234810696322, 11.281782910255192]]], [[[92.72107990745211, 11.333695976534825], [92.70755365621552, 11.299649464517525], [92.69533275500312, 11.309954038149613], [92.72107990745211, 11.333695976534825]]], [[[92.54832034160293, 11.397636673887497], [92.5501081040027, 11.396611469707368], [92.54656053207985, 11.393621577576463], [92.54832034160293, 11.397636673887497]]], [[[92.55660791993647, 11.39660113935244], [92.56174635882012, 11.397299635523026], [92.56212677647832, 11.39508930358402], [92.55660791993647, 11.39660113935244]]], [[[92.58837197827702, 11.353488751190358], [92.63533680144272, 11.51725381468894], [92.68400899946835, 11.433108335656696], [92.6455039859307, 11.40752731970191], [92.68855855764893, 11.370019601472714], [92.58837197827702, 11.353488751190358]]], [[[92.60805400865995, 11.506582118541084], [92.61441286814586, 11.51068555795301], [92.60968572022009, 11.50465170447765], [92.60805400865995, 11.506582118541084]]], [[[92.6434917803555, 11.514973510430725], [92.64447727983287, 11.514476011130984], [92.64323923428474, 11.513341748977425], [92.6434917803555, 11.514973510430725]]], [[[92.56736451782841, 11.52755037885358], [92.56522838786316, 11.517474636361687], [92.55101999193242, 11.537291254508222], [92.56736451782841, 11.52755037885358]]], [[[92.60132764030641, 11.537795704545523], [92.60482979790005, 11.533107704229986], [92.60471389636378, 11.52187025508902], [92.60132764030641, 11.537795704545523]]], [[[92.61732891364416, 11.542458243961159], [92.60915287462787, 11.531547586675416], [92.6036075986335, 11.55022622567516], [92.61732891364416, 11.542458243961159]]], [[[92.62689813096995, 11.546782306581138], [92.62770992591582, 11.548215067343396], [92.62668186605688, 11.542732168887666], [92.62689813096995, 11.546782306581138]]], [[[92.2679511674575, 11.523200956060643], [92.21148618225851, 11.530166692093573], [92.20385981517805, 11.58719872999411], [92.26826183542548, 11.585411403009573], [92.2679511674575, 11.523200956060643]]], [[[92.59436316091045, 11.533267138693926], [92.58311771241729, 11.54886305021876], [92.59141366215098, 11.577796799589938], [92.59436316091045, 11.533267138693926]]], [[[92.5740810460363, 11.564933080639358], [92.57157757788339, 11.562908053008183], [92.57564005155064, 11.570850086585201], [92.5740810460363, 11.564933080639358]]], [[[92.56378274794108, 11.568721192394143], [92.5664604542248, 11.570637799503757], [92.56482360609783, 11.567916587470684], [92.56378274794108, 11.568721192394143]]], [[[92.60077313633268, 11.585941372086308], [92.61365495415075, 11.563107569778778], [92.59957457533451, 11.567643402656657], [92.60077313633268, 11.585941372086308]]], [[[92.56432365321803, 11.573729671244353], [92.52885493186596, 11.555162513470348], [92.53324983518895, 11.602820340387767], [92.56432365321803, 11.573729671244353]]], [[[92.57771741642496, 11.585147664634482], [92.57832724673874, 11.583434452994682], [92.5764884815904, 11.582580192016692], [92.57771741642496, 11.585147664634482]]], [[[92.6994615216434, 11.659260408135761], [92.69195732544158, 11.660927139537755], [92.69665540568137, 11.664220451548648], [92.6994615216434, 11.659260408135761]]], [[[92.72602108707916, 11.687329457763402], [92.7253078085739, 11.686282540707888], [92.72227902360915, 11.68660575695813], [92.72602108707916, 11.687329457763402]]], [[[92.71966288426168, 11.877804545229402], [92.69787539778726, 11.86582724366844], [92.72308473426556, 11.85949119470811], [92.71428982249382, 11.820559626321925], [92.74400662569178, 11.930751511926434], [92.78360741319618, 11.935109984708323], [92.75601906116442, 11.707748441491304], [92.66099041321952, 11.652232300390754], [92.67294654498508, 11.606789806823409], [92.70193783731854, 11.616786172434463], [92.6937967778011, 11.652925366494376], [92.72901888016663, 11.656990066422328], [92.71822196857967, 11.68206101079762], [92.75536778617669, 11.664672795244671], [92.70992854221362, 11.478231183764589], [92.69934933643744, 11.509944695432775], [92.64605619920043, 11.521843672657793], [92.63297773118352, 11.59009435498496], [92.61645178692264, 11.562646025425416], [92.60800881172305, 11.620931869137742], [92.63870430876176, 11.612368938685515], [92.64743359051718, 11.645636513438033], [92.60734548673409, 11.634311962355149], [92.59230124885566, 11.735480986288248], [92.56043073925558, 11.69475529860501], [92.5521509565021, 11.849485041426062], [92.52340540100954, 11.826905532369324], [92.51433498941489, 11.848437386635597], [92.56152769989683, 11.946956443592018], [92.61384329403491, 11.831064766536093], [92.6218163721875, 12.101579996814941], [92.66016166257266, 12.215123384896103], [92.65507498371741, 12.180294795903247], [92.67372212974013, 12.217968831456746], [92.68093962053419, 12.19196542530605], [92.69291234867462, 12.239189543462983], [92.70398277390942, 12.137148876067595], [92.71913018958642, 12.17990109564673], [92.75636656994048, 12.176949213753238], [92.73362524870413, 12.103394451584984], [92.73396131294349, 12.083534443426768], [92.74698799847417, 12.055393483707485], [92.78222765212372, 12.048401125697799], [92.75559507431663, 12.02227117145906], [92.72687682311712, 12.044956198631956], [92.76828300964523, 11.996864016637362], [92.73381832540477, 11.977234963474345], [92.72011484644408, 12.005090154378212], [92.69231708633981, 11.901142063360005], [92.71966288426168, 11.877804545229402]]], [[[92.59446244091903, 11.915274131873353], [92.59918951787787, 11.918438916734319], [92.59514285725457, 11.906350922333408], [92.59446244091903, 11.915274131873353]]], [[[92.71577952118736, 11.9331807538783], [92.7235471088204, 11.910015664861692], [92.71753232295292, 11.902708173085193], [92.71577952118736, 11.9331807538783]]], [[[92.60231811734879, 11.93467649532498], [92.60457176132627, 11.935526516007494], [92.60308060826026, 11.929193313343806], [92.60231811734879, 11.93467649532498]]], [[[92.60786324422283, 11.943486849381186], [92.5976802619623, 11.928281556946795], [92.58746286614154, 11.976766059859061], [92.60786324422283, 11.943486849381186]]], [[[92.72289200161966, 11.954809822906581], [92.72429609266325, 11.953512428273775], [92.72168869302523, 11.951508622494348], [92.72289200161966, 11.954809822906581]]], [[[92.72291295572198, 11.947044919038168], [92.73191699529185, 11.960160724789219], [92.72763616273859, 11.949489833320998], [92.72291295572198, 11.947044919038168]]], [[[92.74283014079172, 11.96790831708198], [92.74313692534272, 11.96604239905093], [92.74015777050079, 11.965453069372405], [92.74283014079172, 11.96790831708198]]], [[[92.58289831507882, 11.979032602425358], [92.57994280209851, 11.97806948013818], [92.58161483993013, 11.982623687099561], [92.58289831507882, 11.979032602425358]]], [[[92.72275915965378, 11.991712934267829], [92.72400566463696, 11.983349865830764], [92.72168272461849, 11.982967468146741], [92.72275915965378, 11.991712934267829]]], [[[92.73948565639508, 12.112852004479304], [92.74054627389485, 12.111902420037753], [92.73855683432394, 12.110624135962551], [92.73948565639508, 12.112852004479304]]], [[[92.72844228662005, 12.189307923733521], [92.73004096263564, 12.188737840687494], [92.72880331504118, 12.184543981505389], [92.72844228662005, 12.189307923733521]]], [[[92.67862996120886, 12.219337427353272], [92.68142484283996, 12.22395605546569], [92.68164329425244, 12.214826142813193], [92.67862996120886, 12.219337427353272]]], [[[92.69512467284396, 12.245977633379422], [92.69632996941013, 12.25036598350087], [92.69806975728213, 12.243726057832816], [92.69512467284396, 12.245977633379422]]], [[[92.72172777423165, 12.256825500756825], [92.72375888844526, 12.256282402321764], [92.72319283213697, 12.254176336360985], [92.72172777423165, 12.256825500756825]]], [[[92.72292154271777, 12.291036046774318], [92.7096917094738, 12.229838179683131], [92.69872203209475, 12.275169684014205], [92.72292154271777, 12.291036046774318]]], [[[92.7339479190626, 12.257019865635506], [92.7485410149205, 12.288643683447006], [92.7335804389411, 12.246467030690711], [92.7339479190626, 12.257019865635506]]], [[[92.73365748564639, 12.288396971049531], [92.73608168196708, 12.293046958621147], [92.73471118881344, 12.280102588540863], [92.73365748564639, 12.288396971049531]]], [[[92.68400597394246, 12.539365915449096], [92.67712917730475, 12.521903824075181], [92.66802859040139, 12.534831942806687], [92.68400597394246, 12.539365915449096]]], [[[92.72325675894751, 12.6204149522525], [92.71985800193467, 12.618849314841537], [92.72236428091611, 12.623135897330561], [92.72325675894751, 12.6204149522525]]], [[[92.70213904826407, 12.640250194361304], [92.70158667509422, 12.63870446296676], [92.7002704815062, 12.638980231070162], [92.70213904826407, 12.640250194361304]]], [[[92.72483758004853, 12.65412300050812], [92.7249574727996, 12.655655218626528], [92.72605744639027, 12.654855027415618], [92.72483758004853, 12.65412300050812]]], [[[92.71331365920722, 12.68431543173016], [92.70966048762777, 12.680566847556372], [92.70942352732717, 12.695162974454924], [92.71331365920722, 12.68431543173016]]], [[[92.71969156118054, 12.696835277232683], [92.72143601490212, 12.691544960472259], [92.71643229366668, 12.685878942883015], [92.71969156118054, 12.696835277232683]]], [[[92.72876672665963, 12.73039346730381], [92.72688322002026, 12.727331761193376], [92.72172620846813, 12.737772614117645], [92.72876672665963, 12.73039346730381]]], [[[92.65443109108465, 12.77326953726784], [92.65524592233618, 12.774331763623897], [92.65410893007095, 12.770480970012649], [92.65443109108465, 12.77326953726784]]], [[[92.6934365677452, 12.797777696324186], [92.70891701494918, 12.828911954547253], [92.71632314207143, 12.719313256644227], [92.6934365677452, 12.797777696324186]]], [[[92.72372513245182, 12.76221498448257], [92.71629153754311, 12.788331366876038], [92.71898406962231, 12.784595819297065], [92.72372513245182, 12.76221498448257]]], [[[92.72379868021909, 12.835728474499339], [92.72623550415769, 12.838975419718192], [92.72575767408841, 12.83420739408721], [92.72379868021909, 12.835728474499339]]], [[[92.71734036465479, 12.83541722260165], [92.70836073500614, 12.833630293236652], [92.71911108960687, 12.865164016741906], [92.71734036465479, 12.83541722260165]]], [[[92.73012248295103, 12.856912609560549], [92.72851459022064, 12.854910639348832], [92.72806359732044, 12.855909486002503], [92.73012248295103, 12.856912609560549]]], [[[92.64685581209274, 12.861888627683024], [92.69012225775897, 12.99166600224975], [92.71899553841355, 12.98108541600553], [92.66711213723337, 12.783153209899554], [92.64685581209274, 12.861888627683024]]], [[[92.67098804968074, 12.949865522173477], [92.67172998444359, 12.948514276540093], [92.66918189607217, 12.948866542889377], [92.67098804968074, 12.949865522173477]]], [[[92.66779012632104, 12.951293247065863], [92.66816818500328, 12.949589588512625], [92.66604392357955, 12.950348463125438], [92.66779012632104, 12.951293247065863]]], [[[92.67063774175423, 12.950195390420648], [92.66867947911355, 12.950597469257005], [92.67013991339006, 12.952500245841186], [92.67063774175423, 12.950195390420648]]], [[[92.66860771899371, 12.953177982184535], [92.6664604948347, 12.953381119495125], [92.668446034819, 12.956196893751416], [92.66860771899371, 12.953177982184535]]], [[[92.70790845122687, 13.088632018384583], [92.69981352109758, 13.071163118067222], [92.69529985959575, 13.096421692040591], [92.70790845122687, 13.088632018384583]]], [[[92.72741927798796, 13.090946033512791], [92.72888429277413, 13.094664826871924], [92.7307612273389, 13.095127098305595], [92.72741927798796, 13.090946033512791]]], [[[92.77282135325785, 9.25874199073134], [92.82633324284295, 9.140114583801202], [92.72806216899916, 9.126696342660818], [92.72028486608633, 9.218559913363388], [92.76347195907192, 9.216299136393019], [92.77282135325785, 9.25874199073134]]], [[[92.75949733884286, 11.67648364323385], [92.76518879678508, 11.680601524193905], [92.76591457444918, 11.6785797775191], [92.75949733884286, 11.67648364323385]]], [[[92.75885491315897, 11.949257412748807], [92.73521193760057, 11.9522273760076], [92.7516351765767, 11.966790191453626], [92.75885491315897, 11.949257412748807]]], [[[92.77075543471688, 12.013372962003421], [92.77005170260814, 12.01706540663412], [92.7738899001866, 12.01790295692709], [92.77075543471688, 12.013372962003421]]], [[[92.94877661015327, 12.108500738489818], [92.94673513746613, 12.116866202251163], [92.95594757540216, 12.098975452205899], [92.94877661015327, 12.108500738489818]]], [[[92.7532287501615, 12.146515999465231], [92.75611675205325, 12.150033626825406], [92.7533690211948, 12.141155554088598], [92.7532287501615, 12.146515999465231]]], [[[92.75844323682382, 12.176999783754278], [92.75478403036237, 12.18146836180005], [92.76220500124637, 12.179550460117456], [92.75826942090117, 12.164814304066788], [92.75844323682382, 12.176999783754278]]], [[[92.82264806069671, 12.166762959163936], [92.78549856360029, 12.07209971380436], [92.763186307388, 12.063902032965046], [92.75936560988958, 12.095087429263307], [92.74208244243803, 12.07589728873285], [92.77476066234435, 12.24284586064034], [92.74090074730935, 12.245555617452004], [92.7874370273721, 12.280420947133365], [92.77064551416379, 12.313296875780898], [92.85363600158125, 12.281389969038647], [92.87197078361677, 12.301891023955182], [92.89101907322795, 12.266732528384969], [92.86114450430657, 12.263205043369359], [92.85755454268212, 12.244299594530123], [92.86979337247097, 12.21296865604067], [92.88395032907191, 12.19826992649197], [92.83271085106719, 12.215126503472156], [92.85499233998095, 12.158829884340298], [92.82264806069671, 12.166762959163936]]], [[[92.73067530527858, 12.23365924611055], [92.74212748935629, 12.20494082308938], [92.73867699477296, 12.23636793482544], [92.76064903383431, 12.229028091722949], [92.76284213854814, 12.18308519881832], [92.7282711674399, 12.197863855942698], [92.72223471420774, 12.188510151327742], [92.73067530527858, 12.23365924611055]]], [[[92.92399257565634, 12.215282159177256], [92.9379126231607, 12.221633953088142], [92.93206217329463, 12.1962566208188], [92.92399257565634, 12.215282159177256]]], [[[92.88317488355572, 12.238360615459474], [92.91434354032262, 12.220043209869417], [92.87827122386314, 12.207928970940412], [92.86952146501086, 12.2457191227627], [92.88317488355572, 12.238360615459474]]], [[[92.8604542648934, 12.246103116804647], [92.8638318369369, 12.25090324143267], [92.86634164899233, 12.235825257834625], [92.8604542648934, 12.246103116804647]]], [[[92.88060159474564, 12.249524613517893], [92.88039471812561, 12.245289573356951], [92.87903441635885, 12.24548848974504], [92.88060159474564, 12.249524613517893]]], [[[92.89827077815626, 12.26187131276919], [92.89948171344746, 12.262542782639244], [92.89965177261556, 12.258676337756022], [92.89827077815626, 12.26187131276919]]], [[[92.9350978456427, 12.301097859907763], [92.94108780207571, 12.276600360547148], [92.92169743849594, 12.229357251683862], [92.90065077017842, 12.28842860544823], [92.9350978456427, 12.301097859907763]]], [[[92.75196730619511, 12.278045147331058], [92.76194038810638, 12.294264526474546], [92.76709225680351, 12.285167310731513], [92.75196730619511, 12.278045147331058]]], [[[92.76583427943584, 12.290179492957714], [92.76983696932263, 12.295172368324762], [92.76918038259664, 12.290657001002321], [92.76583427943584, 12.290179492957714]]], [[[92.75176634677787, 12.292874529070833], [92.75219568578812, 12.294639651569064], [92.75374022573143, 12.294255802873707], [92.75176634677787, 12.292874529070833]]], [[[92.87764756039233, 12.298236579450341], [92.87880117598188, 12.297992883059848], [92.87734466644481, 12.294553093266725], [92.87764756039233, 12.298236579450341]]], [[[92.76248671471608, 12.297629613495232], [92.76467199330716, 12.299639176793418], [92.76462182778845, 12.29730691090896], [92.76248671471608, 12.297629613495232]]], [[[92.86447509446069, 12.303306502868027], [92.86283662397632, 12.30351006753321], [92.86359101028732, 12.305462394692313], [92.86447509446069, 12.303306502868027]]], [[[92.89982510254964, 12.32367610893087], [92.85477859484226, 12.33224131776132], [92.85677585514607, 12.340197713580558], [92.89982510254964, 12.32367610893087]]], [[[92.91031203607479, 12.33286193788134], [92.91059704546328, 12.33568213710432], [92.91166803401298, 12.332825970054811], [92.91031203607479, 12.33286193788134]]], [[[92.90366755724426, 12.340383307906556], [92.9048489909632, 12.340623075583176], [92.90483744851014, 12.338501115990692], [92.90366755724426, 12.340383307906556]]], [[[92.91638023487076, 12.349056371947514], [92.90953990534199, 12.338181239412314], [92.90954241164161, 12.351897896031376], [92.91638023487076, 12.349056371947514]]], [[[92.95783506247653, 12.41798733997834], [92.92986152542738, 12.358662134803124], [92.92459675646532, 12.404257092720044], [92.95783506247653, 12.41798733997834]]], [[[92.88368733020448, 12.37657343188213], [92.84245145527112, 12.401280937974509], [92.88795031323305, 12.405450341886947], [92.88368733020448, 12.37657343188213]]], [[[92.89637386775455, 12.410762719888746], [92.89733700457124, 12.412082667121146], [92.8983881358616, 12.409422925194969], [92.89637386775455, 12.410762719888746]]], [[[92.84533653045166, 12.415755157940632], [92.84317778450081, 12.418182446823701], [92.84441947271746, 12.41817777520982], [92.84533653045166, 12.415755157940632]]], [[[92.85802901395056, 12.41776953373351], [92.8675855147252, 12.420290066045649], [92.86813374576332, 12.41430811132074], [92.85802901395056, 12.41776953373351]]], [[[92.84153642862776, 12.42117237918809], [92.8416967617363, 12.41610794811057], [92.8288007253839, 12.426201280439702], [92.84153642862776, 12.42117237918809]]], [[[92.89797712877134, 12.42193122280487], [92.89900432445097, 12.426240948891705], [92.90312518232346, 12.423452926605945], [92.89797712877134, 12.42193122280487]]], [[[92.85986775214944, 12.319337725810678], [92.70985116672493, 12.310263350446485], [92.71251159660912, 12.544537642730049], [92.68375560538792, 12.609188423285557], [92.71764714291756, 12.643816942400338], [92.71969684507103, 12.618555548235317], [92.72234260816157, 12.61554508951041], [92.73258664531872, 12.657251598502743], [92.77302914436282, 12.670643984725084], [92.77869914155292, 12.580203930589914], [92.7968027439467, 12.67533236520414], [92.77613648250764, 12.735577885194562], [92.77468411779732, 12.681200337374182], [92.73181872319302, 12.67499135422568], [92.74559486238546, 12.722961986813832], [92.72199589529284, 12.826052509697542], [92.73745611243662, 12.804524401044759], [92.7388429468436, 12.837154538314385], [92.76565836774365, 12.81914997457676], [92.77248825615386, 12.84264664661348], [92.78279118775934, 12.76340606250514], [92.78985989867773, 12.889509097233136], [92.81038274408172, 12.897325634436992], [92.84070040971196, 12.875386864016622], [92.87356948298857, 12.881170798708839], [92.89568191794906, 12.898012066042158], [92.89660388767122, 12.926942903834284], [92.95207327812567, 12.808143772375315], [92.92606694644581, 12.77469957179629], [92.97919734758091, 12.709689351209102], [92.94106661261482, 12.62648768047842], [92.97373701807645, 12.54120601151579], [92.96266482675385, 12.487908996568615], [92.90640045601906, 12.47757702491411], [92.95724717710684, 12.473206709539607], [92.91216620373694, 12.450796235907472], [92.9142033797821, 12.406677958781906], [92.89830391071887, 12.452493639663144], [92.85323464239715, 12.457536931448672], [92.83544826387627, 12.501387620171089], [92.82535432621997, 12.472157873889337], [92.89853425941897, 12.417102020925881], [92.81555917631198, 12.454754744106653], [92.79563818238542, 12.438064519246472], [92.79936006071101, 12.464480403240612], [92.79023329240873, 12.483319993135025], [92.77161737811346, 12.471263167534401], [92.79795722910548, 12.464231647406931], [92.78844552911067, 12.435817454389449], [92.82989771207626, 12.428101710764395], [92.81472607602255, 12.425064555383155], [92.83363497854268, 12.410449775817472], [92.81551007170361, 12.417164093545454], [92.80391702729777, 12.411907149758223], [92.79890969573323, 12.400932873338549], [92.83953860867355, 12.403475528665863], [92.82283129365848, 12.374383996208055], [92.84208018875069, 12.391968069488467], [92.89871476419724, 12.33391701503961], [92.84764762528481, 12.343655643292307], [92.85986775214944, 12.319337725810678]]], [[[92.7832977342733, 12.8246088175265], [92.7689344921438, 12.863334211051727], [92.77938619194684, 12.861850031352205], [92.7832977342733, 12.8246088175265]]], [[[92.76504026035285, 12.836363127139618], [92.75971102020117, 12.859856475635024], [92.76540985151523, 12.849794036736387], [92.76504026035285, 12.836363127139618]]], [[[92.76452985108314, 12.873347377573777], [92.76473388094203, 12.855637018417983], [92.75985290460872, 12.868628039617736], [92.76452985108314, 12.873347377573777]]], [[[92.78112965482667, 12.891572560244688], [92.787955523276, 12.893295744431075], [92.79098756732863, 12.891316946096014], [92.78112965482667, 12.891572560244688]]], [[[92.75033222954592, 12.89672031720329], [92.75148263365831, 12.891541768099668], [92.74849769007267, 12.891418767610839], [92.75033222954592, 12.89672031720329]]], [[[92.89282557268791, 12.898111280651609], [92.89053128353711, 12.897546014992884], [92.89133289787586, 12.899313583040612], [92.89282557268791, 12.898111280651609]]], [[[92.79191758685407, 12.89228871998514], [92.77361753907729, 12.906077112354794], [92.79025165127818, 12.916677992783898], [92.79191758685407, 12.89228871998514]]], [[[92.75446195918018, 12.900300773951319], [92.75393215258853, 12.91464872298213], [92.75665585351312, 12.905746979150841], [92.75446195918018, 12.900300773951319]]], [[[92.90947195048568, 12.915728336446188], [92.91063307688933, 12.916749978950335], [92.90823709126184, 12.914286287346881], [92.90947195048568, 12.915728336446188]]], [[[92.93432470071195, 12.920374739079614], [92.93369194449382, 12.911153107555306], [92.92870316313987, 12.917070647453102], [92.93432470071195, 12.920374739079614]]], [[[92.77541129683325, 12.927620066115654], [92.7716254090521, 12.91761837660974], [92.76882705633076, 12.928797871590959], [92.77541129683325, 12.927620066115654]]], [[[92.76118809217506, 12.921908630581374], [92.76534085012165, 12.926492182454231], [92.76609042954752, 12.921083042152913], [92.76118809217506, 12.921908630581374]]], [[[92.88450917460342, 12.924120996899488], [92.86391899687563, 12.917893103184216], [92.85815818629852, 12.929839395757764], [92.88450917460342, 12.924120996899488]]], [[[92.76028609469661, 12.92776057984314], [92.76018355919345, 12.937069864637095], [92.76542034383776, 12.932208850349575], [92.76028609469661, 12.92776057984314]]], [[[92.88848069384815, 12.93485293431899], [92.88892760660033, 12.937850021618287], [92.89136510158046, 12.937588074080768], [92.88848069384815, 12.93485293431899]]], [[[92.96911839292522, 12.94524579927241], [92.94999001850645, 12.940597519473028], [92.9574061780138, 12.949081257439007], [92.96911839292522, 12.94524579927241]]], [[[92.91499008657865, 13.011756415014272], [92.9413967003626, 13.01877321190242], [92.9409698281261, 12.996782741171582], [92.91499008657865, 13.011756415014272]]], [[[92.91311538971729, 13.04320391038506], [92.91602412831907, 13.048286941399091], [92.91789121285673, 13.041032607740554], [92.91311538971729, 13.04320391038506]]], [[[92.93067680583653, 13.052851079227672], [92.93233168854114, 13.051847717090698], [92.93168160202453, 13.049614854173228], [92.93067680583653, 13.052851079227672]]], [[[92.91339611324359, 13.061080449111888], [92.91586256182364, 13.062705691921705], [92.91628670048674, 13.058258032404403], [92.91339611324359, 13.061080449111888]]], [[[92.91246020166821, 13.06532463605474], [92.91286808980779, 13.06743999401139], [92.91360358724329, 13.062549442026802], [92.91246020166821, 13.06532463605474]]], [[[92.79429664911991, 13.168320481808712], [92.79267520260846, 13.169287581051146], [92.79313634557306, 13.17109337846703], [92.79429664911991, 13.168320481808712]]], [[[92.99144770634813, 13.438366194384363], [93.0673974761481, 13.397217825215579], [93.02469648581724, 13.373322881211122], [92.99894146502467, 13.396043969118303], [93.03935518564033, 13.351924253749267], [93.00261884170939, 13.35439411470732], [92.98452147811527, 13.328139711108829], [92.9496327719927, 13.36183584451126], [92.9479903084969, 13.319244269652717], [92.99678750439934, 13.315061105883805], [92.97376884538697, 13.28197598445616], [93.00087068782716, 13.265046206866081], [93.00188333529073, 13.304005644199362], [93.04328025928997, 13.25442097455942], [93.06442027334525, 13.271321454157352], [93.00217382619913, 13.028953496959657], [92.95377738581288, 13.019188899792493], [92.94466134339507, 13.122440521380264], [92.92178421934562, 13.056997517388805], [92.87498927478671, 13.13581408498288], [92.91193681174263, 13.066929096378423], [92.89485913570896, 13.05879501759719], [92.88557163454784, 13.045488505930933], [92.8577793649466, 13.080027055748106], [92.84347889349586, 13.05075504044893], [92.85986414990515, 13.065736717479027], [92.86330658570206, 13.043805150204326], [92.86941088868761, 13.05483960587577], [92.87236943707524, 13.043647709548935], [92.88630480444843, 13.04403095814119], [92.89689215794424, 13.058282346656545], [92.91232444377088, 13.054847282232735], [92.89405744950503, 13.011226461052093], [92.9367764384809, 12.974841073267958], [92.90965390155155, 12.947303514916465], [92.89546688642287, 12.995856561348111], [92.87000387289484, 12.934895567796975], [92.84242260497744, 12.956650605357066], [92.84724125889132, 12.91248283451165], [92.87514334843435, 12.905897853284777], [92.84121580642812, 12.877036335226174], [92.79333950855774, 12.914156890451325], [92.79372150904746, 12.987502274127328], [92.82194780866136, 12.977071807680884], [92.80673241477187, 12.999089307563242], [92.83693971248799, 13.023113352079209], [92.78927608626952, 13.01556585377656], [92.79256705173648, 13.09076649229792], [92.81836139717896, 13.075071597031819], [92.8195910614455, 13.1337744796037], [92.84702061828446, 13.118351340423843], [92.84821472274052, 13.150385570886275], [92.80855433381366, 13.153493085647685], [92.849039574699, 13.161305838550687], [92.81781852638812, 13.184500560608246], [92.83097876984199, 13.242991136577928], [92.8527690626534, 13.235399471708336], [92.84799691631842, 13.208779631871204], [92.84912698616604, 13.207617835751131], [92.8539849898826, 13.209232990844926], [92.86107506902668, 13.206533288143495], [92.85516745217255, 13.190913228302076], [92.85775478344715, 13.18777589144051], [92.860223465239, 13.191911298263353], [92.86291141950352, 13.184997383241528], [92.86191015010132, 13.206779524906153], [92.85439567268105, 13.20987029569029], [92.84870729416362, 13.208598740887945], [92.8558068559238, 13.219818525871242], [92.85148662056726, 13.261119654251178], [92.82249801150154, 13.272072269788783], [92.86933725108881, 13.390968737008224], [92.84596544996522, 13.411385732693427], [92.92373476545802, 13.384785236391899], [92.86737933699445, 13.418608444233667], [92.89860869562006, 13.428803018630726], [92.87068901796204, 13.472529438778372], [92.91757920909396, 13.501064851178182], [92.93168890442946, 13.47202856418995], [92.91306922709148, 13.526423885401758], [92.98438138674501, 13.527438390862862], [92.98630794694101, 13.572522051118746], [93.01307988848296, 13.53931321601455], [93.02675476059345, 13.578678346582508], [93.03947214988361, 13.492041252702682], [93.0048402810839, 13.463373627636049], [93.03341090135298, 13.435618256347839], [92.99144770634813, 13.438366194384363]]], [[[92.81117617027661, 13.419805554338263], [92.81760043250515, 13.41644479322398], [92.81305507305017, 13.403843245958335], [92.81117617027661, 13.419805554338263]]], [[[92.83405281372741, 13.420642097737757], [92.82150882174497, 13.421662971936543], [92.82460771033618, 13.43914001185011], [92.83405281372741, 13.420642097737757]]], [[[92.872827568887, 13.50619616524906], [92.87018640606901, 13.50240762123047], [92.86544723239655, 13.505269662882283], [92.872827568887, 13.50619616524906]]], [[[92.91630665476413, 13.507824549228012], [92.91322601904118, 13.507288578462823], [92.91489119284566, 13.514441603491411], [92.91630665476413, 13.507824549228012]]], [[[92.9063115569419, 13.537133148968858], [92.91140411167748, 13.534362976271355], [92.90606454269667, 13.53086393282571], [92.9063115569419, 13.537133148968858]]], [[[92.87671648085484, 13.537737569167351], [92.87455046932998, 13.535639797031806], [92.87350106190665, 13.54107247224484], [92.87671648085484, 13.537737569167351]]], [[[92.88364122507086, 13.574967927441785], [92.88960132330048, 13.597937398642484], [92.89496067138722, 13.601387114290988], [92.88364122507086, 13.574967927441785]]], [[[93.74046642270966, 6.911474590183501], [93.69310925046219, 7.014085962100442], [93.65607141934548, 7.00698187682406], [93.6451367996187, 7.127092593721258], [93.67475845146512, 7.191146492146462], [93.74934454452786, 7.215591247863303], [93.77781910075707, 7.195932303043447], [93.76529856109175, 7.213502476137358], [93.79246723010421, 7.202983905906562], [93.79557303212985, 7.235232951147634], [93.8370837322514, 7.245243809988986], [93.86918640784337, 7.205484488260921], [93.88032056944587, 7.090166319391733], [93.94286971740173, 6.99890530688786], [93.91047407694109, 7.004427499683647], [93.94014935192178, 6.953037081269914], [93.89017692426908, 6.903044841440477], [93.89192062520247, 6.806535124675756], [93.84550366656228, 6.817046066401414], [93.83025588840675, 6.755995765046301], [93.80200081036439, 6.762342292040755], [93.81441174658191, 6.813067381992059], [93.7803261729509, 6.829155256937166], [93.79782752321863, 6.850533930166042], [93.74046642270966, 6.911474590183501]]], [[[93.70517951318459, 7.219466789595812], [93.70728254202825, 7.20829069392906], [93.69831841999637, 7.232116827096557], [93.70517951318459, 7.219466789595812]]], [[[93.83374984617846, 7.290482846375118], [93.83735839304782, 7.291699361803392], [93.83429353533451, 7.288149917712071], [93.83374984617846, 7.290482846375118]]], [[[93.62173353410398, 7.327080004749695], [93.61752014885889, 7.326831259132617], [93.61693057375814, 7.331656335509281], [93.62173353410398, 7.327080004749695]]], [[[93.62064077129011, 7.373264129044243], [93.70703251393522, 7.384660424973442], [93.69862516232652, 7.447362433054017], [93.74309442610705, 7.362371703777681], [93.63646242558845, 7.244321637734998], [93.62064077129011, 7.373264129044243]]], [[[93.75463990202365, 7.40601758476079], [93.7565990971156, 7.396609043270033], [93.75038886748668, 7.400116222689587], [93.75463990202365, 7.40601758476079]]], [[[93.67458431933554, 7.400534332347262], [93.6709809755083, 7.409695298929241], [93.6787329387436, 7.411575870488202], [93.67458431933554, 7.400534332347262]]], [[[93.64014773978703, 7.472703585350627], [93.63247187194116, 7.473611709867564], [93.63485856000547, 7.478782176361387], [93.64014773978703, 7.472703585350627]]], [[[93.61975563788447, 7.480548292700274], [93.6198914802234, 7.483337516997211], [93.62184786538513, 7.479512029188838], [93.61975563788447, 7.480548292700274]]], [[[93.52934921733508, 7.514693643328198], [93.52056536472283, 7.527288427854008], [93.52227660593174, 7.529811718916518], [93.52934921733508, 7.514693643328198]]], [[[93.368814050738, 8.023544473671729], [93.46403283609595, 7.893958417843584], [93.36426562533295, 7.884501776444672], [93.33388108372307, 7.906537192349452], [93.35262926685907, 7.960109421246351], [93.30870713907032, 7.936519911467398], [93.31833559220432, 8.004334454802626], [93.368814050738, 8.023544473671729]]], [[[93.49839052020627, 7.986391724754016], [93.52178963550442, 8.02668769956607], [93.54358674652879, 7.990271193028616], [93.54091180346286, 8.028527771120494], [93.57247807433743, 7.994124773960523], [93.56742380579928, 7.931481067788211], [93.49839052020627, 7.986391724754016]]], [[[93.49478857415764, 8.049124639008452], [93.49374013421988, 8.04733907771092], [93.49296482973917, 8.04888548925908], [93.49478857415764, 8.049124639008452]]], [[[93.58351442377854, 8.0401042740972], [93.55301796915225, 8.120669068254987], [93.56737565071018, 8.127552892637791], [93.58351442377854, 8.0401042740972]]], [[[93.53580228673809, 8.203325749761115], [93.48796093243396, 8.14501415840738], [93.53914370159141, 8.083372354397445], [93.53961682628527, 8.037651485407244], [93.51975505648875, 8.052226107677251], [93.48220404210475, 8.002371737671197], [93.47586155351654, 8.046176813570291], [93.50078098299139, 8.039113060805336], [93.5251088790382, 8.081731721644237], [93.47545499488358, 8.053397120942098], [93.44492628624701, 8.167687780393239], [93.51123658597437, 8.235291202616157], [93.53580228673809, 8.203325749761115]]], [[[93.2406373478235, 8.230639443482898], [93.22871912136968, 8.22473414873504], [93.21052288919539, 8.249485154401535], [93.2406373478235, 8.230639443482898]]], [[[93.11193530743596, 8.225410613868188], [93.07672363540918, 8.274085146597352], [93.08528959356444, 8.33998979066789], [93.11796548054592, 8.354633631833664], [93.11646731163759, 8.276116361700648], [93.19046006565848, 8.197300859808058], [93.11193530743596, 8.225410613868188]]], [[[93.64326576069719, 8.389699443219346], [93.63350038185604, 8.395161204000841], [93.64250337039702, 8.395463859546096], [93.64326576069719, 8.389699443219346]]], [[[93.02638267301288, 8.450939326333708], [93.03293196096598, 8.472114724667216], [93.04734239698729, 8.459949749352928], [93.02638267301288, 8.450939326333708]]], [[[93.60308512055838, 8.578038504227726], [93.63182364403889, 8.46838486314934], [93.6122433173192, 8.424082632181978], [93.60308512055838, 8.578038504227726]]], [[[93.59824764783761, 8.580796096802974], [93.59661688669503, 8.583485940905287], [93.5987880249052, 8.584042070778427], [93.59824764783761, 8.580796096802974]]], [[[93.07844493864758, 11.786898136402582], [93.08494672997666, 11.788598449084837], [93.08180884282403, 11.779693652982633], [93.07844493864758, 11.786898136402582]]], [[[93.06197099516355, 11.844534659909884], [93.04753573150444, 11.813213544503885], [93.01931411929964, 11.843523028600096], [93.06197099516355, 11.844534659909884]]], [[[93.00761842081306, 12.019856091823192], [93.04357400030302, 11.88462913243183], [92.92512446728739, 11.995619195326155], [92.97036933199264, 12.042455010910679], [93.00761842081306, 12.019856091823192]]], [[[92.99522962537237, 12.041938976035713], [92.95634598721382, 12.069533288407378], [92.95700760540373, 12.109330003385097], [93.00511964456086, 12.10207772968959], [92.99522962537237, 12.041938976035713]]], [[[93.02599244844673, 12.1667245652285], [93.04387842408144, 12.045972301603122], [93.00588975498258, 12.079617524273853], [93.02599244844673, 12.1667245652285]]], [[[93.04874067143942, 12.116759987393563], [93.0535338006228, 12.109343425098926], [93.05029048539176, 12.110997093476282], [93.04874067143942, 12.116759987393563]]], [[[93.09677712545023, 12.136841367051352], [93.0983164129441, 12.136683017474766], [93.09685243211881, 12.13430968237611], [93.09677712545023, 12.136841367051352]]], [[[93.00267989570769, 12.112242741007723], [92.96241521817406, 12.113613077711875], [92.9527679758776, 12.149168742456064], [92.9910437555244, 12.160526784728638], [93.00267989570769, 12.112242741007723]]], [[[93.1227966354153, 12.140857100665395], [93.11529177446016, 12.130431984213583], [93.1097733769574, 12.144499377949026], [93.1227966354153, 12.140857100665395]]], [[[93.09401712629997, 12.143133000900432], [93.07417239484946, 12.083844240608894], [93.06656786850849, 12.131820314224939], [93.03563005810837, 12.132464313473236], [93.06702435730159, 12.211736110230275], [93.09401712629997, 12.143133000900432]]], [[[93.09268905788223, 12.22189095787041], [93.09303337224917, 12.223613400845716], [93.09213827652702, 12.21851390419465], [93.09268905788223, 12.22189095787041]]], [[[93.08454097533591, 12.22758542183424], [93.0816419556072, 12.225460070373986], [93.08533556215414, 12.229326053552535], [93.08454097533591, 12.22758542183424]]], [[[93.08013012152672, 12.225753577156166], [93.07549353815465, 12.262833022215304], [93.08599109874957, 12.237002313147013], [93.10363394265774, 12.260580274657936], [93.098931728371, 12.204776713075304], [93.10223400183075, 12.245820464734546], [93.08013012152672, 12.225753577156166]]], [[[93.02603821401718, 12.279871021821211], [93.028157062193, 12.279917022698182], [93.0253601117418, 12.274523563254272], [93.02603821401718, 12.279871021821211]]], [[[93.07335449405461, 12.325354159421128], [93.06380606823603, 12.325736302219353], [93.07166669617969, 12.328309986583255], [93.07335449405461, 12.325354159421128]]], [[[93.0027126348082, 12.993143957943635], [92.97810418052514, 12.933115518679932], [92.95093489167512, 12.980688932704204], [93.0027126348082, 12.993143957943635]]], [[[92.9862576592514, 13.000788437888035], [92.98820246692576, 13.00040818678436], [92.98581905771223, 12.998786021253995], [92.9862576592514, 13.000788437888035]]], [[[93.05696001374396, 13.225531746917904], [93.05760563204038, 13.22652169391925], [93.05886123336413, 13.222458931266122], [93.05696001374396, 13.225531746917904]]], [[[93.05944585874765, 13.228433923559574], [93.06068691455035, 13.227796968910505], [93.06026770045163, 13.224922432610436], [93.05944585874765, 13.228433923559574]]], [[[93.07232119522094, 13.303434957697153], [93.07205013307554, 13.298273540070847], [93.06930863922011, 13.300193751713552], [93.07232119522094, 13.303434957697153]]], [[[93.00215537120991, 13.304444177508044], [92.99624424014641, 13.300324176673167], [93.00756014081236, 13.320988330343718], [93.01148295430072, 13.301538206841062], [93.00215537120991, 13.304444177508044]]], [[[93.02081253883796, 13.304037243283727], [93.01358377059384, 13.308815623269874], [93.0158545948511, 13.328006527548771], [93.02081253883796, 13.304037243283727]]], [[[92.9645908919781, 13.336262841271013], [92.967367284484, 13.337701165123017], [92.96547131282178, 13.332406859982822], [92.9645908919781, 13.336262841271013]]], [[[93.00709986472202, 13.337145369489317], [93.00795857148866, 13.336598925332812], [93.00629757035863, 13.335617380527102], [93.00709986472202, 13.337145369489317]]], [[[93.01297499400388, 13.337347028336634], [93.01267436830248, 13.338689182781737], [93.01440487478096, 13.339178091150986], [93.01297499400388, 13.337347028336634]]], [[[93.08854088583519, 13.336141493880659], [93.06388083771208, 13.30425556236926], [93.03861806135586, 13.322926909367341], [93.05736310128668, 13.374870942082003], [93.08854088583519, 13.336141493880659]]], [[[93.01955340174527, 13.344020793379674], [93.01715668578743, 13.336765923526599], [93.01760031519724, 13.345741858984502], [93.01955340174527, 13.344020793379674]]], [[[93.07275487938226, 13.365280046427355], [93.07432868643754, 13.366111978616205], [93.07631852126718, 13.364074129673616], [93.07275487938226, 13.365280046427355]]], [[[93.08073018086516, 13.369480300806417], [93.08044895518063, 13.367667942847923], [93.07961792910119, 13.368580710231337], [93.08073018086516, 13.369480300806417]]], [[[93.06001462437484, 13.384669890985942], [93.06234995755098, 13.386374357621984], [93.06099349338712, 13.383766264562686], [93.06001462437484, 13.384669890985942]]], [[[93.08633089099737, 13.416442904069113], [93.09211526707934, 13.41968422804997], [93.0899697461261, 13.410577247782891], [93.08633089099737, 13.416442904069113]]], [[[93.0935880163601, 13.419842613407631], [93.09115150593351, 13.411327651748106], [93.09028811175776, 13.411860817486843], [93.0935880163601, 13.419842613407631]]], [[[93.06876943714893, 13.413266733158762], [93.06604330358654, 13.42268009329155], [93.07118006262058, 13.431055830701498], [93.06876943714893, 13.413266733158762]]], [[[93.1008580657848, 13.435024250372003], [93.10186962359197, 13.430577242584908], [93.09535413385306, 13.437753344661774], [93.1008580657848, 13.435024250372003]]], [[[93.05211211068446, 13.565681109187633], [93.05553967756677, 13.566174791351655], [93.0525295344408, 13.560086317588924], [93.05211211068446, 13.565681109187633]]], [[[92.99982901489841, 13.572704548845294], [93.00220430334174, 13.571187292089071], [93.00014991467745, 13.568551435125965], [92.99982901489841, 13.572704548845294]]], [[[93.0456406374962, 13.62140666790149], [93.04234063857074, 13.637959747573284], [93.05612981680954, 13.65404384801899], [93.0456406374962, 13.62140666790149]]], [[[93.02769590395705, 13.628581121836342], [92.97600114269832, 13.653831388647], [93.01151473220389, 13.657068256306767], [93.02769590395705, 13.628581121836342]]]]}}, {"type": "Feature", "properties": {"id": "巴基斯坦", "name": "巴基斯坦", "color": "#9c5b52", "owner": "巴基斯坦", "units": ["Azad Kashmir", "Balochistan", "Gilgit-Baltistan", "Islamabad Capital Territory", "Khyber Pakhtunkhwa", "Sindh"], "label_lon": 68.526, "label_lat": 29.688}, "geometry": {"type": "MultiPolygon", "coordinates": [[[[69.78956151774992, 28.382828856566505], [69.85911068081333, 28.068440502127544], [70.11141199147028, 27.833501127874797], [69.96041054900769, 27.56966835920747], [69.5219484326741, 27.148023858314446], [69.46600671453831, 26.99858821827172], [69.45693508398699, 26.75988793318163], [69.76990631912139, 26.580194739595584], [69.91958821422475, 26.573433839699987], [70.01181645276716, 26.60453067205293], [70.12823570431436, 26.546386251624256], [70.14486702609241, 26.32842113942411], [70.11765213623715, 26.184691581751167], [70.03751940419721, 26.047576560210132], [70.06171041720205, 25.929338835418946], [70.22953557250872, 25.755164106738164], [70.24767883271204, 25.70068198198794], [70.57879332715038, 25.710218155543487], [70.63624698371137, 25.684332478960812], [70.64985442953832, 25.380096975794856], [70.8857168094832, 25.118907475599542], [70.91897945214004, 24.939443352828505], [71.05771491351248, 24.708358545710382], [71.06255311683293, 24.649448252734715], [71.00546232502631, 24.60986602459741], [70.99288299855158, 24.552669579537508], [71.0202793203344, 24.42839752252769], [71.10797174450045, 24.409123820807736], [71.07470910094429, 24.347152716724565], [70.94014658919377, 24.320978024116584], [70.85094222750183, 24.2134674288788], [70.62112760035853, 24.210709551704497], [70.57123363592359, 24.256206888037525], [70.58030526557559, 24.378830631628375], [70.50773222566175, 24.389847177405386], [70.12823570431436, 24.2782603456385], [70.0783417389801, 24.176231052621006], [70.03147165049631, 24.154159922442545], [69.72757204591323, 24.15829855033786], [69.60056922628883, 24.271369051240754], [69.53404393917651, 24.239664283479954], [69.30271737450727, 24.257585340990772], [69.2089771975397, 24.22863468584211], [69.0834863163405, 24.256206888037525], [69.00788939957619, 24.21760413222495], [68.92775666753624, 24.271369051240754], [68.85971944289804, 24.209330590634295], [68.82040904564099, 24.275503872305933], [68.75993151312889, 24.276882116616434], [68.75388375942799, 23.94567618091105], [68.43032895621639, 23.937385073762186], [68.37892305245697, 23.967783195837853], [68.3320529648725, 23.908362004303115], [68.14759648778772, 23.828169202946412], [68.05839212609578, 23.84891348057272], [68.0175697913129, 23.731318744064822], [67.90266247819085, 23.803271690636052], [67.8860311564128, 23.86412384114243], [67.79985067157128, 23.76868389424635], [67.6305135778394, 23.80188835526343], [67.46268842253272, 23.906979790385094], [67.34626917098552, 24.07273969488108], [67.26764837827011, 24.389847177405386], [67.16483657165054, 24.53159931205863], [67.17239626287727, 24.71714873882331], [67.05144119605438, 24.80089909092038], [66.95770101998613, 24.781682692202537], [66.82767432261193, 24.83520668284217], [66.70218344141273, 24.83520668284217], [66.67194467470705, 24.87773489395022], [66.7626609748242, 25.101109797878905], [66.75812515954851, 25.1845995165545], [66.61146714129558, 25.27076658980633], [66.60239551164358, 25.41697367899212], [66.34536599464496, 25.531629038949063], [66.18358859303919, 25.500246179917326], [66.16695727126114, 25.422435935370174], [66.35594956272217, 25.462029890666997], [66.50260758187449, 25.396488013111366], [66.5071433962508, 25.359605051531958], [66.27128101630592, 25.414242457723276], [65.99762017842852, 25.354139951497586], [65.87364123475521, 25.356872532541388], [65.6816250664437, 25.29810843965282], [65.56974163017213, 25.309043453792412], [65.5591580611956, 25.34184257327621], [65.36411801693299, 25.34730822909154], [65.26281814783931, 25.3227108331385], [65.24013907325968, 25.28307118508718], [64.80470083377651, 25.309043453792412], [64.70642484153325, 25.257093354075096], [64.69130545818041, 25.207856962229073], [64.73363973138856, 25.177758246046267], [64.6973532118813, 25.13807130624582], [64.62780404881784, 25.151757916694578], [64.64443536969662, 25.20512102311676], [64.60966078861458, 25.25299108307206], [64.46451470878685, 25.214696542011836], [64.16212704172966, 25.336376670147274], [63.912657216857156, 25.317244066660407], [63.81891703988953, 25.369168381915358], [63.6737709600618, 25.370534510559253], [63.522577126533236, 25.285805369622153], [63.50140999037882, 25.202385021951272], [63.25345210393152, 25.225639070886473], [63.17331937189158, 25.262562832908486], [63.00549421658491, 25.20648900076685], [62.946528621598645, 25.248888673573504], [62.76056020698803, 25.225639070886473], [62.50655456683984, 25.278969791822476], [62.37199205508932, 25.227006817410768], [62.341753288383586, 25.158600645903164], [62.37199205508932, 25.117538514990542], [62.30244289202591, 25.08741751360742], [62.27220412532017, 25.101109797878905], [62.26918024846975, 25.191440403052184], [62.149737120072075, 25.258460747165827], [62.05448500557861, 25.202385021951272], [62.051461128728135, 25.139440036628457], [61.857933021991414, 25.128489766389634], [61.81408681035805, 25.054549783046127], [61.68859592915885, 25.050440696980615], [61.75058540009621, 25.175021629744492], [61.69464368196043, 25.22837454864657], [61.58880799849038, 25.24205101654121], [61.58880799849038, 25.300842286042723], [61.639835917193864, 25.75099370219766], [61.78630494381815, 25.776524497307776], [61.78630494381815, 25.840327445755065], [61.75323129278996, 25.844579753353003], [61.739056870278375, 25.89347030191294], [61.817016190944514, 26.25208695664776], [62.050894152043554, 26.355858656451858], [62.119403858001704, 26.330453770924862], [62.143027894321904, 26.279627276077974], [62.19972558167029, 26.27750902192389], [62.28004730533894, 26.503942494050932], [62.4477779643816, 26.605375577021334], [62.68401832848315, 26.618048398814608], [62.86119860223374, 26.68139142947092], [63.180123094805026, 26.66239221073198], [63.22264635964183, 26.902814673258604], [63.25099520376568, 26.91124129115269], [63.26280722237544, 27.11539389591161], [63.34076654214226, 27.1700521043212], [63.31241769891773, 27.24568853279959], [63.21792155273755, 27.298183606388363], [62.98876839944211, 27.243588214724355], [62.80450091488535, 27.287686575575037], [62.802138510983525, 27.39051465542707], [62.858836198331915, 27.48696020624857], [62.86119860223374, 27.602164748004782], [62.83993696981537, 27.823853753148228], [62.78087687856515, 27.980436409812512], [62.811588125691515, 28.26587405694221], [62.634407851940864, 28.25547000073999], [62.4477779643816, 28.43220065213842], [61.984746849987175, 28.538097683761123], [61.78866734682066, 28.670837604272094], [61.63038630338525, 28.830317690409117], [61.493366891468895, 29.10933627804684], [61.368159498162356, 29.20217502675615], [61.30673700390963, 29.416413996808558], [60.93583963089429, 29.76359008981086], [60.87688104972074, 29.860737626240507], [62.50683805563182, 29.42464496899015], [63.640791805297624, 29.52130890578144], [64.11563493830181, 29.43699017675533], [64.43455942997377, 29.580906597361604], [64.77710795886526, 29.61377303199987], [65.13383090936901, 29.572688316412723], [66.22998620110235, 29.851733851336235], [66.37645522682732, 29.947988088479576], [66.37881763072915, 29.980734262176497], [66.26069744822871, 30.080952246848767], [66.35991840131322, 30.274963271537786], [66.36464320821756, 30.466555356444587], [66.31030792477094, 30.57848277226219], [66.40480407095117, 30.885110070073722], [66.4544145474934, 30.958069043251783], [66.6056083801227, 30.99452765162988], [66.73081577342924, 31.111910575312834], [66.75207740674699, 31.1988422917384], [66.88909681776397, 31.287713067004518], [67.07336430232073, 31.338170548432117], [67.07100189841896, 31.267522507357853], [67.14423641128138, 31.241268320076983], [67.47733532546494, 31.23520862517796], [67.79389741413439, 31.338170548432117], [67.79625981803622, 31.41481411957602], [67.6214419481874, 31.422878226149294], [67.57655627854945, 31.5336893314975], [67.76791097391236, 31.54375655921791], [67.87894394560664, 31.64436909086089], [68.0254129713316, 31.656435289357148], [68.12699632831794, 31.744872857596363], [68.1813316117645, 31.84125397199324], [68.33488784919496, 31.766969071665358], [68.44828322389174, 31.766969071665358], [68.51206812204623, 31.82519743301515], [68.58766503881054, 31.831218962485195], [68.80264377049366, 31.61822028793597], [68.89477751277207, 31.61419674268558], [69.02470971298294, 31.664478551444063], [69.27276209569419, 31.915479108773923], [69.32062942026431, 31.913892377029036], [69.25150046327582, 32.08977257404513], [69.26803728878991, 32.42340524665485], [69.50664005679323, 32.562885984300806], [69.50664005679323, 32.72202740464104], [69.54680091862753, 32.77368735878463], [69.6342098540016, 32.799506097928145], [69.62476023929366, 32.94038379747434], [69.50427765379072, 32.95029632291704], [69.4782912135687, 32.98993530547], [69.51608967150122, 33.07311923756282], [69.62476023929366, 33.11863905334968], [69.82320214546269, 33.086975589651786], [69.94132232796312, 33.1028087469262], [70.25315960882892, 33.270859776857264], [70.29804527846687, 33.34193707063935], [70.27205883824485, 33.409012403799466], [70.14921384884013, 33.505588740328164], [70.16811307735668, 33.6197644522677], [70.12086500471622, 33.71021019044798], [69.97675838289314, 33.743611714509086], [69.92951030935336, 33.79467124618111], [69.86808781510064, 33.89669897617688], [69.87281262200497, 33.99272891880463], [69.98148318979742, 34.05734106283984], [70.36891738742753, 33.94962683590978], [70.84376052043172, 33.943747586382074], [71.04456483050257, 34.03385143019938], [71.12016174726688, 34.119948263701474], [71.1414233796853, 34.33675774617308], [71.00440396866827, 34.430340171261946], [70.97369272064259, 34.554953910394715], [71.08472569233686, 34.55689952169564], [71.10362492175278, 34.70269063216699], [71.23591952586548, 34.784221669694375], [71.33986528585433, 34.89667977994793], [71.48160950467496, 34.95285119122957], [71.60917930188333, 35.202250622568215], [71.52885757731542, 35.290999200652664], [71.64934016371762, 35.43356466597663], [71.59264247636924, 35.50090653570811], [71.5831928616613, 35.56819199456493], [71.50759594489699, 35.61429796777702], [71.54303199982701, 35.69300088568235], [71.47215988996703, 35.83485361490244], [71.1886714523257, 36.031875764954634], [71.28553000240777, 36.140696218255925], [71.61154170488584, 36.33695428810995], [71.6469777598158, 36.45675258756194], [71.80762120805235, 36.420642390034345], [72.16935245425242, 36.624918129967796], [72.23738967889062, 36.71829469574368], [72.62293395393885, 36.81397880317928], [73.70215755482735, 36.857514180335215], [73.78410259345998, 36.88777974683791], [73.91564122836007, 36.88898900493865], [74.05322761696101, 36.81761002278438], [74.159063300431, 36.84665358239698], [74.22105277226768, 36.907125574185955], [74.6776581488046, 36.998951263590016], [74.78198189384938, 37.00015875812022], [74.9271279736771, 36.92888376817143], [75.03598753309825, 36.9856675566125], [75.19322912032771, 36.9856675566125], [75.27940960516918, 36.921631726922726], [75.4306034386978, 36.901080530142394], [75.507712292988, 36.709810600378944], [75.72391947520367, 36.75101028799446], [75.90232819858755, 36.64069095442409], [76.06410560019333, 36.39037290968207], [76.03991458628917, 36.300255317029325], [76.06410560019333, 36.21735264790641], [75.9915325602795, 36.05250594289498], [76.03537877191286, 36.00848836274781], [76.17145322118927, 35.98524694838801], [76.25460983007963, 35.87138758017272], [76.47384088824646, 35.8603602326387], [76.63561828985223, 35.93017417859551], [76.67341674778476, 35.895887302557014], [76.68400031676128, 35.80520048401519], [77.03477000982815, 35.6284318119786], [77.11641467939398, 35.624744963009675], [77.1889877202072, 35.537439929908885], [77.34471736811213, 35.50913761490904], [77.40368296309833, 35.46235540547764], [77.58965137770895, 35.46851251494064], [77.74991684178889, 35.51775241953857], [77.8088824367751, 35.49190523214082], [77.73328552001078, 35.35637937740637], [77.53673353642364, 35.28359434030659], [77.4475291747317, 35.18479817929261], [77.33110992318444, 35.15884425585779], [77.27516820504866, 35.101963861343165], [77.00604318154762, 35.04751936242866], [76.8185628285118, 34.93356355181652], [76.76715692475233, 34.861640355717896], [76.52827066795703, 34.8504742167118], [76.298456041713, 34.68653017562718], [76.03689071033807, 34.708905352200304], [75.89476850646145, 34.579543094638154], [75.71484784465235, 34.57331867181932], [75.63925092878736, 34.606925015577076], [75.49472734708945, 34.61190257694244], [75.02993978029667, 34.601947155636765], [74.31328100991072, 34.75239531719018], [74.14394391707816, 34.6653925102562], [73.98065457704718, 34.63678590694411], [73.83853237406987, 34.44873240337779], [73.8022458536633, 34.336445630161734], [73.83248462036897, 34.30273023641132], [73.95646356404228, 34.278996471110304], [74.00182171320154, 34.17648967675723], [73.88389052322913, 34.058828520819645], [73.94134418068944, 34.008710317627106], [74.24977960054821, 33.99742964186453], [74.2906019353311, 33.96734051785069], [74.22407664821878, 33.84813327533044], [74.07439475401475, 33.823015778955096], [73.9867023298487, 33.746361848520564], [73.97611876177149, 33.64069339758231], [74.15301554673016, 33.5298538610669], [74.16057523885627, 33.43527604475372], [74.12277678002442, 33.3443842563284], [73.98821426827391, 33.259719086866426], [73.97914263862191, 33.19521740386017], [74.15755136200579, 33.02931882030737], [74.30874519553441, 32.996355146472865], [74.33796001664149, 32.79765509710512], [73.96336654962664, 32.94303468410345], [73.87176668718291, 33.03109753002707], [73.77664375220746, 33.00628333900494], [73.59062556821544, 33.093692754616995], [73.61458245531611, 33.15742321500943], [73.54693947907373, 33.38658702886835], [73.58921633866316, 33.54822891163502], [73.5497579363797, 33.61984252061586], [73.55398562233864, 33.87645670011665], [73.49902570397313, 33.94604329566164], [73.47577343119895, 34.15212941853787], [73.47305358725333, 34.062150424902256], [73.35528438046981, 34.01148463710638], [73.26027979897361, 33.88665474232255], [73.20007105403596, 33.873801306984774], [73.16050530867312, 33.81808071954964], [72.86290208616242, 33.73800815215458], [72.80427597265805, 33.89173845606496], [72.73931933881647, 33.941074709530255], [72.69087710319582, 33.89265234982611], [72.62371854947156, 33.88351297064713], [72.6160118298821, 33.94198807359078], [72.54004559752639, 34.004073890697555], [72.45086784587443, 34.00133576623267], [72.24058450517083, 33.868887927535866], [72.22627202683265, 33.75637426076355], [72.08645012057667, 33.736234269096315], [72.02259444577709, 33.695024105278264], [71.94993109324543, 33.574944214603875], [71.94332533359733, 33.45837118797999], [71.85855142171079, 33.37750410912736], [71.71872951455549, 33.31680440180173], [71.69010455787912, 33.24040988350936], [71.74735447213124, 33.12984186491019], [71.70661895609999, 33.071737824940726], [71.63175368278627, 33.06066603470981], [71.57120088871011, 33.16763496378263], [71.41816746315794, 33.17039967310649], [71.42697514268872, 33.01821126943457], [71.45890297918919, 32.97573605267672], [71.20788412335367, 32.92584776026598], [71.12421117140849, 32.85003765471407], [71.11870637170176, 32.62592773487711], [71.15393708802623, 32.54707783537384], [71.22329756163322, 32.53501232575826], [71.23430716104673, 32.470945182574155], [71.30476859369571, 32.46258523502064], [71.30807147351976, 32.339883557979874], [71.1737543660712, 32.23005465349951], [71.15944188773301, 32.10797030708403], [71.07686989572915, 32.063196175862856], [71.01631710165299, 31.79877015591802], [70.85337503662868, 31.596435989329507], [70.86548559508418, 31.366403523903557], [70.75649056538737, 31.20928228664826], [70.71025025054865, 31.250704900011158], [70.53299570808554, 31.25541086611861], [70.43390931696149, 31.20269065175222], [70.4162939587992, 31.12544016323301], [70.24959919015055, 31.070376013442342], [70.25221464798767, 31.411346340960904], [70.2189520035322, 30.83927962845212], [70.16905803909731, 30.75616122905751], [70.04507909542394, 30.680773142966245], [70.06624623247768, 30.563675056158957], [69.93579377446315, 30.310586498767975], [70.02992584540152, 30.227683146160302], [69.95889861058248, 30.137030024316232], [69.94982698093048, 30.025824441244993], [69.90598076929712, 30.00880551076574], [69.87423006416617, 29.889591289506484], [69.74117949174018, 29.695399717822795], [69.63534380737087, 29.65599067123253], [69.59452147258793, 29.599477449224935], [69.56881852025856, 29.42184651260652], [69.64139156107171, 29.374425670308483], [69.66558257407661, 29.276880107431055], [69.76234662699528, 29.250500435047115], [69.72606010748802, 29.115858360275183], [69.50229323404557, 28.864584418036486], [69.49170966596836, 28.82220459146879], [69.55521107623025, 28.73341596117774], [69.49019772754315, 28.688330157310986], [69.43274407098215, 28.562252229257012], [69.34051583243979, 28.52373513926534], [69.40109368389484, 28.417229102784265], [69.50985292527236, 28.470585021081888], [69.78956151774992, 28.382828856566505]], [[69.8369044875363, 31.99842949531567], [69.81224059232954, 32.009438411853296], [69.69884521763277, 31.986358347559758], [69.8369044875363, 31.99842949531567]], [[69.38909067248854, 28.411340576091646], [68.52860494845964, 28.368195759127047], [69.36621878386984, 28.400119914702373], [69.38909067248854, 28.411340576091646]], [[74.21222305215218, 35.04227097382642], [74.10346458151247, 35.09102390606382], [74.09928335499342, 35.06787436462134], [74.11510745964159, 35.085265932177094], [74.21222305215218, 35.04227097382642]], [[74.32350171323355, 35.0406864888904], [74.52960914734433, 35.0834568073858], [74.21222305215218, 35.04227097382642], [74.32350171323355, 35.0406864888904]], [[73.89967516028048, 35.18237616382896], [73.95289538871128, 35.138866453324226], [74.06054624287835, 35.11026281998807], [73.89967516028048, 35.18237616382896]], [[72.56947487556846, 36.19102806421572], [72.56723414623889, 36.18992665479135], [72.56705789702116, 36.187870141663474], [72.56947487556846, 36.19102806421572]], [[73.13088757281999, 36.64874987983408], [73.11491868764739, 36.64467004888371], [73.09846879869616, 36.55766544600357], [73.13088757281999, 36.64874987983408]], [[73.89967516028048, 36.702877186233195], [73.84291265373398, 36.67110489513753], [73.87548414637632, 36.673391073839014], [73.89967516028048, 36.702877186233195]], [[73.87354886558774, 36.75173714255516], [73.86426837287915, 36.75566932313463], [73.89967516028048, 36.702877186233195], [73.87354886558774, 36.75173714255516]]], [[[73.24246153307337, 33.65339826491805], [73.19962098202274, 33.54033604047595], [73.11033225403037, 33.49108329265988], [73.06568788958447, 33.50574925582356], [73.07786362460666, 33.570775997214525], [73.01113847935738, 33.645209698468875], [72.84655283224748, 33.57758593893999], [72.78806984224946, 33.68670641237111], [73.14854294679964, 33.810981539666386], [73.26996967745873, 33.72544021829151], [73.29432114840233, 33.67516730382806], [73.24246153307337, 33.65339826491805]]]]}}]}