{"type": "FeatureCollection", "_meta": {"topic": "mingqing", "year": 1644, "method": "数据源：《明史·地理志》《清史稿·地理志》省级建置 + 本项目重建的省治坐标 + geoBoundaries 现代县界。**省级示意，几何是重建的，非史料记载的实际界线**；边疆按通行分期简化。", "max_km": 260.0, "units_total": 28, "units_matched": 19, "units_missing": [], "counties_placed": 1616, "counties_outside": 1483, "control_sha1": "a789833f17e87fe2", "gazetteer_sha1": "dfed8c30c3cd5fc9", "built_from": {"control": "mingqing_control.json", "units": "mingqing_province_gazetteer.json"}}, "features": [{"type": "Feature", "properties": {"id": "清", "name": "清", "color": "#4a6d94", "owner": "清", "units": ["山东", "山西", "盛京", "直隶"], "label_lon": 117.4, "label_lat": 39.403}, "geometry": {"type": "MultiPolygon", "coordinates": [[[[115.95012850800003, 35.38215050300005], [115.82276313600005, 35.36796422700007], [115.6811111500001, 35.428726023000024], [115.676997142, 35.57749690000003], [115.70504712000002, 35.626810301000035], [115.66745637600002, 35.64267205200008], [115.66610147200004, 35.70463335300008], [115.62344123800005, 35.72399870600003], [115.67661848400007, 35.79699169500003], [115.5538437130001, 35.89541448400007], [115.32256321800003, 35.78627585300006], [115.3215614070001, 35.92949088100005], [115.41376119600011, 36.01961204300005], [115.44291217500006, 36.116336045000025], [115.4189823910001, 36.13282946000004], [115.312161876, 36.08448332800003], [115.19108254000002, 36.18676267600006], [115.10336699000004, 36.20781787100003], [115.02224769700001, 36.41144667000003], [114.84111693600005, 36.379644548000044], [114.83225076600002, 36.44970081400004], [114.64124943900003, 36.47533987800006], [114.61109753700009, 36.49814702700007], [114.63401059300008, 36.665139907000025], [114.49555699700011, 36.72789235500005], [114.38282226400008, 36.712864008000054], [114.30375204500001, 36.66387725200008], [114.28161393800008, 36.56275860900007], [114.14210048900009, 36.55200214400003], [113.96325428700004, 36.46792947200004], [113.931891, 36.48037148800006], [113.89896814200006, 36.404283959000054], [113.90879712900005, 36.30865726500008], [113.83653126400009, 36.34350096400004], [113.76416890000007, 36.310533115000055], [113.70729618700011, 36.332291404000046], [113.69621324700006, 36.37026508300005], [113.56762251100008, 36.44911705700008], [113.3364865100001, 36.40105293600004], [113.33527273700008, 36.372314248000066], [113.42279672600012, 36.32127705500005], [113.34320597400006, 36.241009994000024], [113.17660628400006, 36.25908558000003], [113.20515897100006, 36.22363529800003], [113.14747325200005, 36.144528973000035], [113.02647643800003, 36.15148661400008], [112.97522894000008, 36.20314936400007], [112.95080479300009, 35.96809533000004], [112.9028107260001, 35.921454554000036], [112.81543891400008, 35.97253147400005], [112.75509446100011, 35.94611983300007], [112.7139052010001, 35.99719840100005], [112.67943956700003, 35.989179267000054], [112.5887494110001, 35.85898700200005], [112.496438312, 35.87944366600004], [112.4605101730001, 35.85954976100004], [112.4409240760001, 35.90867788200006], [112.28242691800006, 35.87630717500008], [112.11654238300002, 35.90436515600004], [112.12069630100007, 35.85828409800007], [112.01816494400009, 35.80400206000007], [111.99499037800007, 35.68611571500003], [111.93030546700004, 35.598575561000075], [111.73151309700006, 35.58969547500004], [111.69020222500006, 35.62946195000006], [111.59484597000005, 35.645265847000076], [111.55278060500007, 35.572988975000044], [111.45822116100004, 35.55963278400003], [111.35086964600004, 35.71241187600003], [111.29478550800007, 35.67163051600005], [111.20054651800007, 35.67981466100008], [111.11196464200009, 35.80688820300003], [111.20496477700004, 35.88378841100007], [111.29047339600004, 36.04021993600003], [111.05134479900005, 36.14969808300003], [111.02470391400004, 36.10840094900004], [110.85913144400007, 36.090653761000056], [110.75698258400007, 35.99868211000006], [110.46723640300007, 35.869921205000026], [110.48218989500003, 35.95518391100006], [110.41793072100006, 36.17154250500005], [110.45115585300005, 36.26810842800006], [110.43006441200004, 36.42457266100007], [110.45948569300003, 36.46711688500005], [110.41627786300006, 36.59521895900008], [110.37984160400003, 36.62661749100005], [110.27035016200006, 36.59813824200006], [110.17659432900007, 36.71304348900003], [109.99715924100008, 36.754115186000035], [109.95751976000008, 36.734084421000034], [109.73584117500008, 36.86337286100007], [109.64744486000006, 36.85129809000006], [109.59168764100008, 36.99002843300008], [109.61921916600005, 37.02145233700003], [109.92720052900006, 37.01203535800005], [110.01835190900005, 37.094398058000024], [110.00652784300007, 37.124950666000075], [109.96805858800008, 37.10992335000003], [109.94378979900006, 37.198053206000054], [110.02437140600006, 37.20464816900005], [109.94301988700005, 37.28648986400003], [109.79010493000004, 37.26790884400003], [109.79722508000003, 37.32911749500005], [109.68518852800008, 37.40054293400004], [109.57086506000007, 37.41833291100005], [109.58525764800004, 37.50778124200008], [109.55585769900006, 37.567085948000056], [109.57335082000009, 37.60241312000005], [109.61193770500006, 37.60152515600004], [109.60478114000006, 37.66948294100007], [109.71243944300005, 37.69214649800006], [109.70328477300006, 37.75145725700003], [109.82392675700004, 37.76318291200005], [109.80132360600004, 37.78939184400008], [109.87207972000004, 37.85488993900003], [109.94373607900008, 37.821085854000046], [110.01521796700007, 37.894368444000065], [110.02623711500007, 37.817108648000044], [110.12336157200008, 37.77878454900008], [110.15935322000007, 37.79475323500003], [110.08829310300007, 37.92312851200006], [110.10241966800004, 38.08487638500003], [110.03590278800004, 38.188415966000036], [110.02930403100004, 38.27426907900008], [110.06032053200005, 38.34264074300006], [110.30143507600008, 38.34384642400005], [110.35145134800007, 38.37414908100004], [110.34763880600008, 38.43097024300005], [110.31636122100008, 38.48272600100006], [110.21602614600005, 38.482781663000026], [110.08958696000008, 38.58792789700004], [109.92234716400009, 38.583559353000055], [109.84481604400008, 38.62810437100006], [109.73894561300006, 38.611426951000055], [109.78891664600008, 38.80038263800003], [109.68381767200009, 38.866119490000074], [109.58344634500008, 38.874025019000044], [109.67218824800005, 39.069232224000075], [109.84363417700007, 39.12527619900004], [109.95880630300007, 39.21645803800004], [110.16238057100009, 39.29646963500005], [110.07661766700005, 39.40697750700008], [110.09711176100006, 39.46217055200003], [110.21580965200008, 39.44054073400008], [110.38429487600007, 39.29289484700007], [110.48543134900007, 39.34138819000003], [110.28002897500005, 39.61339442800005], [110.17858957300007, 39.573047743000075], [110.09718937300005, 39.60501034500004], [110.15460020300009, 39.741997326000046], [110.23502976100008, 39.724240475000045], [110.32151687000004, 39.75763297000003], [110.37283816500008, 39.83417586000007], [110.37144845900008, 39.88925710700005], [110.65245738800007, 40.038417424000045], [110.64800866800005, 40.249090574000036], [110.61124926400004, 40.313725317000035], [110.67773342500004, 40.33795153700004], [110.70207611600006, 40.27950406800005], [110.76394203300003, 40.25460183000007], [110.83885689400006, 40.294044642000074], [110.88771554800007, 40.22005887500006], [111.02921358100008, 40.28348162100008], [111.17477034800004, 40.16938328300006], [111.33742650000005, 40.103729231000045], [111.37041733000007, 40.14531646000006], [111.49527110700006, 40.18272822500006], [111.57133282000007, 40.10649202400003], [111.77947225600008, 40.06605455700003], [111.91812708900005, 40.09002822800005], [112.02763437200008, 39.96861503700006], [112.14769600000011, 40.153397305000055], [112.41128249100007, 40.29815221400003], [112.793009815, 40.16287281600006], [112.98285788300007, 40.36140632400003], [113.09725400200011, 40.42022422400004], [113.18470263100005, 40.42737294800003], [113.4241106930001, 40.30780032400003], [113.59174304800001, 40.34638928000004], [113.76150637500007, 40.531135723000034], [113.73503672800007, 40.57948884700005], [113.63004047400011, 40.631024523000065], [113.50984108300008, 40.64792847100006], [113.4616904510001, 40.71119206800006], [113.49839520900002, 40.85128939100008], [113.5550412990001, 40.91178541900007], [113.57148532500003, 41.03374722800004], [113.61821792400008, 41.08559138900006], [113.52023667000003, 41.18740199900003], [113.3936821100001, 41.215107070000045], [113.34118532600007, 41.29126542100005], [113.47360067800003, 41.39377635900007], [113.59815984200009, 41.43048627200005], [113.63553879300002, 41.41331397500005], [113.60302515, 41.32204589000003], [113.72620394500007, 41.33256027400006], [113.91462477800007, 41.278426497000055], [113.94815616700009, 41.36342078800004], [113.86093549300006, 41.39636629100005], [114.02707046, 41.53782528000005], [114.22734624700001, 41.511787437000066], [114.16766460200006, 41.716855354000074], [114.19532025500007, 41.82082705400006], [114.28387544800012, 41.91523139600008], [114.48604418800005, 41.97560076900004], [114.46546909100005, 42.08075199600006], [114.577703412, 42.120305253000026], [114.76181872200004, 42.10188347300004], [114.76850322000007, 42.13538913300005], [114.808056297, 42.14134892700008], [114.92149188500002, 42.08335408000005], [115.08631914800003, 42.10601938000008], [115.24962666600004, 42.069250115000045], [115.33611380100001, 42.09263276000007], [115.46514053600004, 42.185123916000066], [115.50683850700011, 42.13244597900007], [115.58312140500004, 42.14929277200008], [115.59502793600006, 42.115574984000034], [115.78727866300005, 42.12497044200006], [115.80777230300009, 42.09952044000005], [115.78557587600005, 41.949365801000056], [115.92157902500003, 41.90041570100004], [115.97203335800009, 42.07010165600008], [116.21379740200007, 42.243285462000074], [116.21967644900008, 42.35295829300003], [116.25507007800002, 42.37586171000004], [116.3842578550001, 42.32212095800003], [116.46806781500004, 42.32932677400004], [116.53980570800002, 42.46519435400006], [116.64879664300008, 42.56896147700007], [116.91501451300007, 42.406467718000044], [117.24828682900011, 42.46308041800006], [117.36796566700002, 42.43614777300007], [117.48114767100003, 42.55513348900007], [117.56647830200006, 42.52967430500007], [117.73747197700004, 42.56211595100007], [117.95675346300004, 42.40433399900007], [118.00939133800011, 42.275422992000074], [117.93724509300012, 42.216972363000025], [118.05934734700008, 42.14566564100005], [118.04861727700006, 42.08764176400007], [118.10853020200011, 42.09026767000006], [118.09810947500011, 42.03532635200003], [118.25216509600011, 42.060860597000044], [118.24563067400004, 41.99636058400006], [118.28782419800007, 41.95321880600005], [118.24120076000008, 41.90422793400006], [118.31391087100008, 41.84876442700005], [118.29711235200011, 41.76798016400005], [118.26088928500008, 41.736215955000034], [118.16106588700006, 41.78865362300007], [118.10962154900005, 41.76299309900003], [118.09795987100006, 41.70679518900005], [118.19103878300007, 41.61215191200006], [118.19690315000003, 41.56123331800006], [118.26605862300005, 41.54595036200004], [118.27819159500007, 41.49735133900003], [118.24008076400003, 41.44528832900005], [118.30730667900002, 41.316477777000046], [118.41372793200003, 41.29993700500006], [118.47420727400004, 41.34447568400003], [118.7830602680001, 41.323220313000036], [118.85298588500007, 41.262294421000036], [118.95185518400001, 41.29992364300006], [119.07058041100004, 41.27502243600003], [119.19552021400011, 41.305566586000054], [119.12542310700007, 41.15803071000005], [118.87804306600003, 41.02470804100005], [118.95324867400006, 40.98205366900004], [118.770294981, 40.85537615100003], [118.80079879100003, 40.76840641600006], [118.97060787100008, 40.65625214700003], [119.13876135300006, 40.66284655000004], [119.10214646300005, 40.615413524000076], [119.11412558300003, 40.58594331200004], [119.19724852700006, 40.57795264500004], [119.19554796800003, 40.525355802000036], [119.27572774600003, 40.500828858000034], [119.39904203900005, 40.527639470000054], [119.49960369300004, 40.49279481100007], [119.54514379900002, 40.419748379000055], [119.53716645500003, 40.32088485500003], [119.6029149100001, 40.21722581600005], [119.72543277600005, 40.149698285000056], [119.72771009000007, 40.09617737200006], [119.53453285600006, 39.92875493400004], [119.38780713000006, 39.872140184000045], [119.40948241800004, 39.79068615500006], [119.28399784600003, 39.68867515100004], [119.25681566600008, 39.60204674400006], [119.16379774200004, 39.57031478300007], [119.24636207000003, 39.57477238400003], [119.19699217300001, 39.462556826000025], [119.2340241500001, 39.43934207900003], [119.22944319600003, 39.39572000100003], [119.1277606320001, 39.385031], [118.99389638900004, 39.203457412000034], [118.71002035200002, 39.132312349000074], [118.56269136100002, 39.166735033000066], [118.27045595400011, 39.02039098600005], [118.08727791600006, 39.207820652000066], [117.98372740000002, 39.21559210000004], [117.82226670900002, 39.17157109400006], [117.69975866900006, 39.09459143500004], [117.73968769300006, 38.97526025600007], [117.6976317430001, 38.97308644900005], [117.54156008500001, 38.76273802600008], [117.55436242700011, 38.721513050000056], [117.50860482500002, 38.60150777500007], [117.76394966600003, 38.29021405200007], [117.6937358350001, 38.27433334600005], [117.68302860500012, 38.19927544900003], [117.77264248900008, 38.23298450100003], [117.76234611100006, 38.18762945700007], [117.8373537110001, 38.19239207500004], [117.83339505300012, 38.13947398800008], [117.88651152900002, 38.12653514900006], [117.8393213280001, 38.10311291900007], [117.95157556200002, 38.10297365100007], [117.86491337100006, 38.07463340100003], [117.997911154, 38.069661014000076], [118.01786752100008, 38.00904452800006], [117.92567921400007, 37.98377329900006], [117.997970043, 37.97507285100005], [118.00542397900006, 37.943111585000054], [117.9622847390001, 37.91229762000006], [117.96482760800006, 37.86621284700004], [117.89577055200004, 37.82246973400004], [117.95126189200005, 37.81205781800003], [118.02834033300007, 37.93637201200005], [118.10219495600006, 37.94373588900004], [118.12962963100006, 38.063727088000064], [118.18356576600002, 38.08304258000004], [118.22553227100002, 38.05440708100008], [118.25293063900006, 38.07487706200004], [118.2269319720001, 38.02851605800004], [118.25799181900004, 38.01371516800003], [118.32431632700002, 38.072770422000076], [118.44291278800006, 38.08803853300003], [118.49833337900009, 37.96385647000005], [118.57640763500001, 38.03197794100004], [118.62304917800009, 38.02634348700008], [118.65130190800005, 38.10206350000004], [118.7017071460001, 38.08714981300005], [118.74954131800007, 38.12465638900005], [118.71386177400007, 38.04671827400006], [118.86329322400002, 38.05152160500006], [118.75571390400012, 38.00799078400007], [118.75962350800012, 37.968083712000066], [118.80571407000002, 37.93626784400004], [118.83284097300009, 38.01113481900006], [118.8920710650001, 38.01269395200006], [118.87994056700006, 37.94587908800003], [118.96343434300002, 37.94311808100008], [118.97100778000004, 37.89484261700005], [118.93185046500002, 37.83972477800006], [118.89393745000007, 37.84851600400003], [118.90463882400002, 37.78562044800003], [119.02117754300002, 37.75359804900006], [119.02350317700007, 37.721892593000064], [118.96840895900004, 37.69218675700006], [118.90388008200011, 37.58736290600007], [118.91118074200006, 37.54722546600004], [118.8599402000001, 37.51903624000005], [118.887882321, 37.50638638000004], [118.87464766200003, 37.41802546800005], [118.75700341800007, 37.403150260000075], [118.79644023700007, 37.33479783800004], [118.87034616200003, 37.32546687000007], [118.88875274000009, 37.26927672900007], [118.96819170300012, 37.257714312000076], [118.9792172650001, 37.18847469900004], [119.08528794600011, 37.165144216000044], [119.11716216100001, 37.102716661000045], [119.36742638300007, 37.08899864400007], [119.51881570300009, 37.11533953500003], [119.54660519300012, 37.103441331000056], [119.5267501290001, 37.04320081900005], [119.62486055200009, 36.97732048300003], [120.26810158600006, 37.00342162000004], [120.29523116700011, 36.93820434100007], [120.25037989100008, 36.84600452300003], [120.2583105870001, 36.66130070200006], [120.22690907900005, 36.59574869200003], [120.11736311000004, 36.55157571700005], [120.12843731600003, 36.48766302100006], [119.91186322200008, 36.41403543800004], [119.85833769700002, 36.29501973600003], [119.792633926, 36.25895711100003], [119.76556601400011, 36.144485142000065], [119.60933561200011, 36.10984097200003], [119.67190166800003, 36.014687424000044], [119.65803323800003, 35.95609352300005], [119.70031371700009, 35.82402991600003], [119.69006243700005, 35.79732556400006], [119.57615919900002, 35.76955785900003], [119.56299517200011, 35.706752710000046], [119.50160042800007, 35.70379501900004], [119.49463519200003, 35.61377140700006], [119.57574771800012, 35.57704593500006], [119.60097607700004, 35.59668218300004], [119.60727120500007, 35.513204306000034], [119.52861079800005, 35.35740537800007], [119.49947850400008, 35.38207239600007], [119.49115199900007, 35.33936397100007], [119.39340767500005, 35.30307871100007], [119.35482843900002, 35.25440552600003], [119.34854406700003, 35.10777141600005], [118.83806968400006, 35.04401937700004], [118.80302422700004, 35.01789864500006], [118.81995727600008, 34.92996730200008], [118.7162462230001, 34.840834044000076], [118.69790624900008, 34.76754733700005], [118.72380579100002, 34.71362147900004], [118.65124827000011, 34.68893770200003], [118.45538761600005, 34.70381043000003], [118.39497281500007, 34.460986622000064], [118.33974055300007, 34.41651646400004], [118.166183326, 34.38611038700003], [118.11626534100003, 34.49626533600008], [118.14067515500005, 34.532934477000026], [118.04337224200003, 34.59973482300006], [118.0643079460001, 34.63484977000007], [117.90826782700003, 34.66859624400007], [117.76902261400005, 34.61441068200003], [117.7678094790001, 34.50995452300003], [117.63154861400005, 34.51303900500005], [117.51750691900008, 34.44923650700008], [117.45927442700008, 34.45589390500004], [117.37157438000008, 34.57264472900005], [117.3349574340001, 34.57978089300008], [117.2372456280001, 34.547077338000065], [117.26116323800011, 34.53698996300005], [117.22796134700002, 34.444656079000026], [117.17506505900008, 34.42541071200003], [117.1248456720001, 34.43576057700005], [117.11634551200007, 34.54912765600005], [117.07161157000007, 34.54931141600008], [116.96270005800011, 34.45975937600008], [116.88163987400003, 34.46518135000008], [116.85201243200004, 34.52318395800006], [116.75685718900002, 34.56985682200008], [116.743110193, 34.66947468500007], [116.67230841600008, 34.69244321600007], [116.70235080400005, 34.74788695700005], [116.66955442900007, 34.80417519700006], [116.71584211800007, 34.90216157500004], [116.59182395800008, 34.91761678700004], [116.46479712100006, 34.87684477000005], [116.4064494370001, 34.927092138000035], [116.43265854200001, 35.21909270400005], [116.20716481200009, 35.20078665300008], [116.18618943100012, 35.32733934700008], [116.215840834, 35.38609646500004], [116.0980396430001, 35.507815564000055], [115.95012850800003, 35.38215050300005]]], [[[118.8470385070001, 39.11876616200004], [118.94631382900002, 39.14844775600005], [118.8420736060001, 39.106463406000046], [118.8470385070001, 39.11876616200004]]], [[[122.90560498700006, 39.52174842200003], [122.93080748200009, 39.549255241000026], [122.99275092300002, 39.52887502400006], [122.9517296680001, 39.48656984000007], [122.90560498700006, 39.52174842200003]]], [[[122.23051733500006, 39.940870682000025], [122.21153272300012, 39.992594462000056], [121.97434069000008, 40.034767688000045], [121.93220746100008, 40.115422919000025], [121.97102762100008, 40.13056153900004], [121.95032473900005, 40.17762004200006], [122.02223461400001, 40.18496290200005], [122.05812928300008, 40.24250004900006], [122.04496683600007, 40.290734404000034], [122.13032122000004, 40.335803560000045], [122.157172564, 40.41224744300007], [122.23453737500006, 40.44438270300003], [122.24241800800007, 40.49351083400006], [122.1147311530001, 40.59984418400006], [122.09874900500006, 40.68458198800005], [121.93755342500003, 40.808121045000064], [121.91687143700005, 40.77818952300004], [121.90118445700011, 40.795835759000056], [121.9524010560001, 40.871173707000025], [121.91790938800011, 40.86325455900004], [121.91819823300011, 40.95926872100006], [121.84372955300012, 40.99550681000005], [121.8246600120001, 41.055106745000046], [121.79305505600007, 40.97895146800005], [121.7656127350001, 41.05646393200004], [121.72900803000005, 41.04323076800006], [121.70608257100002, 40.98264320800007], [121.67350096500002, 40.987182906000044], [121.71916309500011, 40.92357288000005], [121.679689671, 40.92325791300004], [121.71488306200001, 40.89584872000006], [121.63424109300001, 40.908030316000065], [121.57999190800001, 40.85911071700008], [121.45475460600005, 40.93463534400007], [121.37761680800008, 40.904715434000025], [121.26216063600009, 40.96476647700007], [121.23289361800005, 40.941764145000036], [121.269745682, 40.91616561700005], [121.13637335700002, 40.93861804100004], [121.0255981790001, 40.81976273600003], [120.94492668500004, 40.83153140100006], [120.88129087100003, 40.77315529900005], [120.88002542700008, 40.74701448500008], [120.98033851100001, 40.71021895900003], [120.79053451700008, 40.67605345000004], [120.73393071400005, 40.72353273500005], [120.40237976200001, 40.737828586000035], [120.3603333960001, 40.796848143000034], [120.26611026100011, 40.814268619000075], [120.20146564200002, 40.86458289900003], [120.19218068900011, 40.905583095000054], [120.2945448590001, 40.95385095100005], [120.368519289, 40.93357591800003], [120.515092546, 40.976980404000074], [120.63004284300007, 41.122289214000034], [120.7448932750001, 41.15335073500006], [120.71420031200012, 41.27032068600005], [120.7673509330001, 41.37360048200003], [120.63845207200006, 41.42804344900003], [120.61890069700007, 41.463940354000044], [120.64488027700008, 41.533668102000036], [120.44669190500008, 41.68684571800003], [120.36072307400002, 41.70176557800005], [120.33111512700009, 41.83953960600007], [120.1778474680001, 41.88974306500006], [120.2488522650001, 41.96304873100007], [120.39299122900002, 41.990497979000054], [120.438347668, 42.03163314500006], [120.43120003500007, 42.10086483200007], [120.47029512600011, 42.140702229000055], [120.5701476160001, 42.14908539700008], [120.82913058600002, 42.246504653000045], [120.73599973900002, 42.37121658500007], [120.61127757000008, 42.43258904800007], [120.29813962000003, 43.008417707000035], [120.32822684100006, 43.082489664000036], [120.54258239100011, 43.221285108000075], [120.75397123300002, 43.42029229000008], [120.93029560100001, 43.48986724100007], [121.29570010700002, 43.518482059000064], [121.43303077400003, 43.44233190700004], [121.5395912890001, 43.33846543400006], [121.64962775400011, 43.36366136500004], [121.74249060500006, 43.341443439000045], [121.78201829500006, 43.371332806000055], [121.70006713900011, 43.51433238100003], [121.76971066400006, 43.54580159000005], [121.66675075700005, 43.60239568600008], [121.68101731800004, 43.63029035500006], [121.81056414000011, 43.63940439800007], [121.8266875700001, 43.67037914400004], [121.75509633700005, 43.781161317000056], [121.84505712700002, 43.78982481600008], [121.99850621700011, 43.739387263000026], [122.04807557700008, 43.680736366000076], [122.18154937000008, 43.791347967000036], [122.34439781200001, 43.862756982000064], [122.32053882000002, 43.891594680000026], [122.36647815000003, 43.91775225500004], [122.56727506700008, 43.94150679400008], [122.60516637700005, 43.91352261000003], [122.56392140800006, 43.80746059000006], [122.60692400100004, 43.78833722200005], [122.79541316900008, 43.81757053600006], [122.91838603600002, 43.792243591000044], [122.97489173200006, 43.76141867100006], [122.96952199800012, 43.69686321300003], [123.11929279200001, 43.60610051200007], [123.23537524400001, 43.54627592000003], [123.37612711700001, 43.539660455000046], [123.428631805, 43.55088525100007], [123.49646433900011, 43.64215345000008], [123.39525112600006, 43.73678621400006], [123.41931965000003, 43.838881988000026], [123.31959556000004, 43.99207255400006], [123.32041498700005, 44.06688593500007], [123.62879115900012, 44.08538760700003], [123.68096309900011, 44.07603586600004], [123.79351494700006, 43.97295610100008], [124.02787701300008, 44.00640403400007], [124.22240227300006, 43.967014360000064], [124.312859752, 43.98901691900005], [124.47527892500011, 44.12979698200007], [124.71125315800009, 44.202858323000044], [124.7092838860001, 44.122189149000064], [124.89891303900004, 43.940769862000025], [125.04733052800009, 43.91023881600006], [125.14315432500007, 43.727091511000026], [125.25972882700012, 43.701008192000074], [125.27572083100006, 43.61414206100005], [125.20663335900008, 43.44375918700007], [125.23733089500001, 43.42001473600004], [125.3291242460001, 43.44624862200004], [125.3426964360001, 43.52906355500005], [125.40828956100006, 43.57011762600007], [125.48157870800003, 43.44684917600006], [125.4741562050001, 43.411361406000026], [125.55570121000005, 43.400441484000055], [125.52129732800006, 43.343535872000075], [125.54447766800001, 43.31502995400007], [125.67257288700011, 43.25724297700003], [125.6185105190001, 43.16408931800004], [125.74288335900007, 43.07774025100008], [125.72407927300003, 43.04789026200007], [125.63378168700001, 43.057237144000055], [125.63876652300007, 43.02397399700004], [125.69265689500003, 42.97996155800007], [125.806428, 42.97137343000003], [125.90943147700011, 42.80588963000008], [126.19286262100002, 42.747403], [126.29763480100007, 42.79550431100006], [126.34058164200007, 42.78621545900006], [126.35692845400001, 42.70988740000007], [126.41585002800002, 42.657426444000066], [126.62102532500012, 42.71363883500004], [126.722328919, 42.66102439200006], [126.62096184600011, 42.59132564500004], [126.61692430500011, 42.49664142200004], [126.501484548, 42.411040693000075], [126.48923259000003, 42.27596355600008], [126.53787236300002, 42.187467139000034], [126.09978527200008, 41.91881405400005], [126.27750191300004, 41.80210119700007], [126.25555861200007, 41.708071016000076], [126.29735582100011, 41.64110928700006], [126.37504631900003, 41.66445906700005], [126.40051262800012, 41.633612095000046], [126.35191881700007, 41.56314098400003], [126.38275500600002, 41.49480300400006], [126.5287735490001, 41.512922686000024], [126.47572574500009, 41.42992135900005], [126.49447417300007, 41.334606043000065], [126.409578441, 41.35111666900008], [126.22225067500005, 41.14435414900004], [126.09844596100004, 41.07774158600006], [126.00142449000009, 40.94961960000006], [125.93762390600011, 40.91784822900007], [125.99955265100004, 40.88878114000005], [125.73212680400002, 40.87138341700006], [125.61820951700008, 40.81457549700008], [125.60457693500007, 40.75103824300004], [125.52881422000007, 40.76110064200003], [125.48227113400003, 40.71038443400005], [125.40585714200006, 40.69896200800008], [125.3606377970001, 40.61665568400008], [125.2620882540001, 40.64130998500008], [125.01913507600011, 40.55441194700006], [124.95136751500002, 40.46724287600006], [124.86395609100009, 40.460379903000046], [124.40216710900006, 40.17168828000007], [124.29843234900011, 40.07498494300006], [124.3052463570001, 39.99437043700004], [124.18591528800005, 39.93689856700007], [124.10511374900011, 39.83634406600004], [123.96942453400004, 39.80673539900005], [123.93515846600008, 39.845617796000056], [123.8336934780001, 39.843227349000074], [123.83223067500012, 39.86877821600007], [123.697938668, 39.82605067600008], [123.60293406300002, 39.866374466000025], [123.51589949900006, 39.77342745300007], [123.49662386500006, 39.808883982000054], [123.43086981800002, 39.79450419900007], [123.41733500400005, 39.74505384100007], [123.3775072310001, 39.732640220000064], [123.36216856300007, 39.804852863000065], [123.3307415700001, 39.77800378500007], [123.23119753000003, 39.806705011000076], [123.22364759800007, 39.76301410000008], [123.16537055100002, 39.72784722800003], [123.21151744000008, 39.727930284000024], [123.24685330200009, 39.686445158000026], [122.92781173700007, 39.66532232600008], [122.95673063200002, 39.642651863000026], [122.93133982400002, 39.621498501000076], [122.80575441000008, 39.62425940300005], [122.77402158900009, 39.57921494200008], [122.67375946800007, 39.558657184000026], [122.64020995200008, 39.50923675900003], [122.61361686200007, 39.53886091800007], [122.55774367000004, 39.463417797000034], [122.46030802000007, 39.521461576000036], [122.47854691200007, 39.55665705900003], [122.53929699700006, 39.56935535100007], [122.53291389600008, 39.60458170000004], [122.57784057700007, 39.65108204300003], [122.54225803000008, 39.714480612000045], [122.45291633500005, 39.771399262000045], [122.47857573700003, 39.90516011900007], [122.32110099600004, 39.94817630500006], [122.23051733500006, 39.940870682000025]]]]}}, {"type": "Feature", "properties": {"id": "大顺", "name": "大顺", "color": "#6f8a5a", "owner": "大顺", "units": ["河南", "湖北", "甘肃", "陕西"], "label_lon": 109.447, "label_lat": 34.283}, "geometry": {"type": "MultiPolygon", "coordinates": [[[[113.56201746400006, 29.270958734000033], [113.49573757700011, 29.28519173400008], [113.38088826600006, 29.20826616200003], [113.30781642400007, 29.22676493800003], [113.34020869000005, 29.331094912000026], [113.30086350300007, 29.387539703000073], [113.41145387800009, 29.53974861200004], [113.36602022600005, 29.64772175400003], [113.25584169400008, 29.636015041000064], [113.1175388370001, 29.442328321000048], [113.07971404200009, 29.479242314000032], [113.0432248520001, 29.435406946000057], [112.98419644700004, 29.492606721000072], [112.93574634600009, 29.470327868000027], [112.8835622150001, 29.512212763000036], [112.86880541800008, 29.597050258000024], [112.95667019400003, 29.651584830000047], [112.99859030700009, 29.788782919000028], [112.96755338900005, 29.802695984000025], [112.86347462000003, 29.720154665000052], [112.83977103100005, 29.793367937000028], [112.73379319600008, 29.713665977000062], [112.73980736200008, 29.825900356000034], [112.60420586700002, 29.84365623700006], [112.56765969600008, 29.870146689000023], [112.57176811800002, 29.944895639000038], [112.39843880600006, 29.925680663000037], [112.40055882500008, 29.999975259000053], [112.34782794500006, 30.064370444000076], [112.19027072100005, 30.07293377900004], [112.163300821, 30.102903556000058], [112.1698080750001, 30.180348348000052], [112.24949055900004, 30.21924427500005], [112.25980264500004, 30.253756373000044], [112.21830493000004, 30.303355785000065], [112.13022071800003, 30.284770993000052], [112.11082919100011, 30.153959801000042], [112.05917614900011, 30.135594903000026], [112.04426828800001, 30.166373071000066], [111.97334069100003, 30.15365569200003], [111.95423144000006, 30.176271290000045], [112.01730562300008, 30.26101056400006], [111.95681817200006, 30.272979253000074], [111.89119481500006, 30.348723047000078], [111.84619567100009, 30.302222423000046], [111.75500525100006, 30.316815536000036], [111.73028712600006, 30.404209065000032], [111.61526333700004, 30.351112165000075], [111.56731388200006, 30.26764457200005], [111.51379558100007, 30.28492098600003], [111.50619171200009, 30.386115009000036], [111.43619921800007, 30.453695716000027], [111.47274669600006, 30.55355442900003], [111.64420860200005, 30.63811849900003], [111.64867026500008, 30.669846605000032], [111.55963569600004, 30.724036857000044], [111.55860173100007, 30.897743784000056], [111.62158423700004, 30.892993043000047], [111.69994216000003, 31.017596489000027], [111.75608267900009, 31.02393571500005], [111.86706376800004, 31.21952623800007], [111.84712767000008, 31.248243203000072], [111.92611630500005, 31.27363061400007], [111.90274051700004, 31.332208930000036], [111.94234719100007, 31.50972321900008], [112.12232651600004, 31.57882356600004], [112.03861731000006, 31.77048932200006], [112.24265624800012, 31.906033260000072], [112.39480381600004, 31.844328547000032], [112.52339417100006, 31.935444017000066], [112.54295667200006, 31.980825350000032], [112.4479710390001, 32.11993090800007], [112.47867619600004, 32.17326890700008], [112.45909301300003, 32.209760619000065], [112.4910690160001, 32.36224121600003], [112.55829604700011, 32.379402034000066], [112.67717630700008, 32.33958093800004], [112.85169901600011, 32.38024011400006], [112.98079582800005, 32.36652529500003], [113.05095319700001, 32.40057693800003], [113.00100235500008, 32.46438690800005], [112.97807330900002, 32.608832634000066], [113.15610776400001, 32.637929401000065], [113.21787194, 32.71255925400004], [113.13910002600005, 32.863053851000075], [112.99642624600006, 32.81594269300007], [112.77461841600007, 32.913838560000045], [112.79186146300003, 33.00941981500006], [112.73737079300008, 33.14109661900005], [112.6139260330001, 33.181653898000036], [112.62801150400003, 33.21093758600006], [112.58257246200003, 33.23745255500006], [112.51296591500011, 33.22464269000005], [112.49075925500006, 33.26381844100007], [112.44116375100009, 33.27261776200004], [112.33799764600008, 33.21521261100003], [112.25729244700005, 33.20841364200004], [112.19966899000008, 33.35353133900003], [112.07690663700009, 33.36358795700005], [111.98186583700004, 33.42011823200005], [111.91459881500003, 33.58365461100004], [111.86890645000005, 33.58930632800008], [111.80879830600009, 33.59356167000004], [111.80307762500007, 33.508305], [111.58697931000006, 33.45897391400007], [111.62645111100005, 33.36267123400006], [111.70486357000004, 33.33281563500003], [111.75012638400005, 33.15318857700004], [111.70697188800006, 33.11005606200007], [111.57077297700005, 33.09952014100003], [111.53920089200005, 33.19964340300004], [111.41010959600004, 33.21556773200007], [111.34196477700004, 33.28744780300008], [111.00807630600008, 33.333897973000035], [110.96762766300009, 33.26502730200008], [111.00685560800008, 33.26411457800003], [111.02642313400008, 33.20480740700003], [111.18397363000008, 33.04697419900003], [111.22214539400005, 32.93270632500003], [111.11797833800006, 32.87611168400008], [111.08090109300008, 32.78898641300003], [110.93576913400005, 32.707168317000026], [110.89747312800006, 32.50822768100005], [110.81061639700005, 32.416548560000024], [110.70737996400004, 32.39296647400005], [110.66556880900004, 32.44266386500004], [110.52338941400006, 32.50064222200007], [110.41387227500007, 32.44257422700008], [110.33467554600008, 32.48274032100005], [110.34688432700005, 32.41845872400006], [110.39756439300004, 32.36998059900003], [110.31048383500007, 32.28117622700006], [110.40392977600004, 32.19180490700006], [110.39591124000009, 32.15802369100004], [110.33523784800008, 32.137378813000055], [110.30663893100007, 32.05132071500003], [110.20304255000008, 32.07930267900008], [110.12191143900009, 31.992001311000024], [110.16225856500006, 31.89328191000004], [110.05362458900004, 31.783262884000067], [110.05324387000007, 31.55453125500003], [110.04078769900008, 31.524509817000023], [109.92773503500007, 31.487587507000057], [109.89248359200008, 31.501772535000043], [109.90956594200009, 31.65784566800005], [109.96761527900009, 31.722246883000025], [109.89805740300005, 31.75036241400005], [109.98646375300007, 31.79161916700008], [109.95290043300008, 31.849615370000038], [109.96716664900003, 31.910406228000056], [109.90237075500005, 31.926921896000067], [109.99357247300009, 32.05778835500007], [110.07026248700004, 32.10528015400007], [110.09114170400005, 32.192517259000056], [109.95137772100009, 32.23740498500007], [109.89990513100008, 32.31100840800008], [109.72116403300004, 32.43159754800007], [109.51897192700005, 32.483662511000034], [109.54521636300007, 32.43198829700003], [109.44219402600004, 32.342235568000035], [109.48153712200008, 32.25321095700008], [109.54418793000008, 32.20541298200004], [109.31484649000004, 32.14119139200005], [109.34618316600006, 31.933535652000046], [109.28078383700006, 31.95202503300004], [109.15335295800008, 31.84899315900003], [108.96918937600009, 31.976823112000034], [108.89818893800003, 31.982773938000037], [108.44836924600008, 32.228968767000026], [108.45484866300006, 32.26366135500007], [108.29502057500008, 32.24263956100003], [108.26563506800005, 32.28454805000007], [108.19371293400008, 32.27677648100007], [108.18715415100007, 32.24738419900007], [108.01334902500008, 32.228332031000036], [107.95364351100005, 32.153332015000046], [107.90553443100004, 32.145068706000075], [107.76942611700008, 32.24181938900006], [107.64581987800005, 32.394574584000054], [107.40566122600006, 32.407437480000056], [107.39726326000005, 32.53734917200006], [107.29027522100006, 32.524608288000024], [107.22402184300006, 32.41362331600004], [107.12403032500004, 32.45045313300005], [107.12613620300004, 32.49749286700006], [107.03867991600004, 32.49564488100003], [107.04666561700009, 32.599586532000046], [107.08341360800006, 32.645930830000054], [107.05747292300003, 32.71246189100003], [106.80561109300004, 32.69628803100005], [106.72741569000004, 32.72885305600005], [106.55357564200006, 32.67566072900007], [106.51028909300004, 32.88862196700006], [106.58183254700003, 32.99747389000004], [106.38117114800008, 33.04409074300003], [106.36747412900007, 33.07574246300004], [106.38304235300006, 33.140495507000026], [106.48851940900005, 33.208580192000056], [106.46765585400004, 33.28429086800003], [106.50623834300006, 33.358674224000026], [106.47753000900008, 33.52976483700007], [106.44227267200006, 33.54017952800007], [106.42725161400006, 33.606282828000076], [106.33593585400007, 33.70013625000007], [106.25630327200008, 33.72745639900006], [106.21432970500007, 33.78054861800007], [106.25134205100005, 33.842139307000025], [106.23696461500003, 33.96595057900004], [106.28017833000007, 34.01699501100006], [106.19593651400004, 34.11856153100007], [106.31501131000005, 34.24089813200004], [106.33378742200006, 34.10335359000004], [106.44833642400005, 34.12420465800005], [106.51920146000003, 34.25346508500007], [106.63702947700006, 34.26990662000003], [106.65382766000005, 34.33901394700007], [106.59418735400004, 34.42189648800007], [106.34134155800007, 34.56117064100005], [106.15547831400005, 34.598503804000075], [105.95257121600008, 34.59391908900005], [105.78515699900004, 34.64196978500007], [105.75329754000006, 34.740447130000064], [105.68022143200005, 34.73840879200003], [105.52537590300005, 34.80637208100006], [105.47213045500007, 34.76142766400005], [105.46285504600007, 34.67607617600004], [105.42612833700008, 34.64638921900007], [105.33337197300006, 34.65188750600004], [105.23436829400003, 34.54125064400006], [105.58456575300005, 34.335560179000026], [105.55307391800005, 34.25503969400006], [105.55731609500003, 34.10694149300008], [105.45554723200007, 34.095016067000074], [105.36589332800008, 34.186795336000046], [105.21111655600004, 34.11312223400006], [105.14259840100004, 33.88984083500003], [105.15016380400004, 33.750449298000035], [105.07145787700006, 33.678817407000054], [105.10152755300004, 33.62688077100006], [105.02560609700004, 33.58874644000008], [104.90935521200004, 33.69732339900003], [104.78324532600004, 33.67347620800007], [104.71044279500006, 33.57874800400003], [104.62199976200009, 33.63287832700007], [104.56641337900004, 33.56085318300006], [104.50392291800006, 33.684601789000055], [104.52373172900008, 33.743679514000064], [104.39975304000006, 33.84062839100005], [104.05860960000007, 34.015926566000076], [103.89313879800005, 33.874980927000024], [103.91258736200007, 33.820335073000024], [104.05261991300006, 33.75403606000003], [104.05560455600005, 33.679982867000035], [103.53637451200007, 33.676914332000024], [103.50856456000008, 33.72165043200005], [103.51938326800007, 33.83148298100008], [103.39131898300008, 33.74473973200003], [103.19302479000004, 33.776601216000074], [103.19206082900007, 33.91603257000003], [103.12318417800009, 33.96108254200004], [103.18355359700007, 34.07901338800008], [103.14141248300007, 34.14508510400003], [103.00138310800008, 34.19232958400005], [102.94006220300008, 34.29722152800008], [102.90207898200003, 34.301275503000056], [102.87852807800004, 34.25551125700008], [102.78242114500006, 34.27838615200005], [102.61992120400004, 34.13466725600006], [102.65862197400008, 34.07476591500006], [102.57675495400008, 34.088541905000056], [102.51363098200005, 34.05541703600005], [102.45608298700006, 34.09191200400005], [102.26266583200004, 34.00033019700004], [102.23871430000008, 34.054553379000026], [102.01325582100009, 34.17306031800007], [102.08129708700005, 34.28360989600003], [102.19144637400007, 34.27814836500005], [102.17324323400004, 34.32765789700005], [102.24469113800006, 34.34458218300006], [102.18478723800007, 34.49009358100005], [101.96744531800005, 34.553593711000076], [101.92911903500004, 34.62398774800005], [101.93711386300004, 34.67604433200006], [101.80786866500006, 34.59952162500008], [101.75532214200007, 34.61781825300005], [101.72237904000008, 34.67159987300005], [101.83565399100007, 34.74436731700007], [101.66453934300006, 34.79033833900007], [101.65475713800004, 34.865673170000036], [101.61530723500005, 34.89025925300007], [101.35146042200006, 34.89409093900008], [101.15799165400006, 34.83895531400003], [100.93274534200003, 34.95697474600007], [100.86573906300004, 35.04893797300008], [100.72002573800006, 35.14406392200004], [100.81325041000008, 35.206716423000046], [100.95094739000007, 35.229548987000044], [100.91409414300006, 35.29718149000007], [100.81460951300005, 35.36146398200003], [100.69205293900006, 35.38006950700003], [100.68531467200006, 35.40958930800008], [100.71572808900004, 35.42295209500003], [101.21327209800006, 35.39439764100007], [101.47658331500008, 35.31413959500003], [101.50505741800004, 35.33274047400005], [101.46893560700005, 35.412934036000024], [101.56927651000007, 35.50049549100004], [101.50103721400006, 35.64132929500005], [101.31584982600003, 35.72451685800007], [101.26102456900009, 35.93919413800006], [101.17615217600007, 36.061342694000075], [101.15795982200007, 36.142597625000064], [101.22199431600006, 36.33614921100008], [101.01030524000004, 36.54488827200004], [100.90464912200008, 36.78607374500007], [101.11092439600009, 36.86391447600005], [101.29574777700009, 36.82861399800004], [101.32350461300007, 36.848568241000066], [101.28979870200004, 36.93843131700004], [101.32890809600008, 36.960229791000074], [101.31841109000004, 37.00428205500003], [101.14772340100006, 37.18011026000005], [100.91424074200006, 37.285098455000025], [100.88361294900005, 37.36309476400004], [100.89991704500005, 37.40647400100005], [100.84267264700009, 37.46998217000004], [100.90485998200006, 37.48604873800008], [101.02730780900004, 37.59185562000005], [101.10368542100008, 37.581370066000034], [101.16930557900008, 37.61579745500006], [101.08726123100007, 37.75863140400003], [101.20463577700008, 37.88487564600007], [101.74965913000005, 37.58034452900006], [101.79069864500008, 37.51103872600004], [101.86731675300007, 37.51765585700008], [101.83801140400004, 37.575287683000056], [101.91492613200006, 37.741676641000026], [101.96957354800008, 37.750213271000064], [101.97511496700008, 37.69817538500007], [102.05553220700006, 37.65999432600006], [102.14745599100007, 37.74495671100004], [102.14730182200009, 37.84488187000005], [102.07423211300005, 37.952832440000066], [102.14805630200004, 37.978312612000025], [102.07838717500005, 38.01072363900005], [102.28152988300008, 38.12676321200007], [102.71244563000005, 38.20592961800003], [102.85182352300006, 38.174740531000054], [103.16379772800008, 38.17604333200006], [103.23246858900006, 38.09673426100005], [103.37580703200007, 38.05399532100006], [103.42048928000008, 37.83101063500004], [103.71279701200007, 37.74872845900006], [103.85659752100008, 37.59140892700003], [104.10460565100004, 37.442041983000024], [104.20189917100004, 37.41838463400006], [104.28941996900005, 37.483226639000065], [104.39040356900006, 37.45595523900005], [104.44721585800005, 37.50803522600006], [104.62141759400004, 37.55648531800006], [104.89351947000006, 37.52487195700007], [105.41659556000008, 37.72333150000003], [105.53886588100005, 37.68849040200007], [105.61936835700004, 37.70366168400005], [105.64497356100009, 37.677238370000055], [105.90546753700005, 37.704118496000035], [105.93710229900006, 37.777557767000076], [105.97406585500005, 37.77866288400003], [106.01519972600005, 37.55812946800006], [106.15516600500007, 37.49594310900005], [106.50263147500004, 37.49032404600007], [106.64880894100008, 37.276975769000046], [106.61157498600005, 37.16616142100003], [106.60289651500005, 36.92139607400003], [106.54708214500005, 36.94201007400005], [106.50527256300006, 36.88161527500006], [106.55501735000007, 36.867930770000044], [106.60160045300006, 36.89925093100004], [106.61734743800008, 36.776737866000076], [106.57630169700008, 36.725232574000074], [106.51094724700005, 36.73318834300005], [106.42637420300008, 36.56721747600005], [106.33042594700004, 36.52733247300006], [106.46613790000004, 36.42150387100003], [106.48535634300003, 36.34950504900007], [106.43572502600006, 36.270280324000055], [106.57623723300009, 36.27150487600005], [106.73095068300006, 36.205721432000075], [106.83552333500006, 36.20018906000007], [106.97217510000007, 36.24378489800006], [107.04795640600008, 36.11347103300005], [107.29383837500006, 36.04231469500007], [107.33223968300007, 36.235396528000024], [107.41585115100008, 36.215662715000065], [107.55297739400004, 36.277929062000055], [107.67541140700007, 36.28292390800004], [107.66439633800007, 36.39386231800006], [107.70823724100006, 36.44662273800003], [107.72095095800006, 36.544984457000055], [107.65367180600003, 36.57256778300007], [107.61625217300008, 36.62783018400006], [107.64385346600005, 36.69401458200008], [107.58336430100007, 36.732040675000064], [107.54050879800008, 36.722280682000076], [107.50663912600004, 36.80175256000007], [107.71462637800005, 36.82149423000004], [107.85966936500006, 36.778045286000065], [107.91333586700006, 36.65251523400008], [107.96702210700005, 36.646312812000076], [108.02576390800004, 36.57740052200006], [108.11880365000007, 36.541680048000046], [108.14733509000007, 36.58365555000006], [108.32500162500008, 36.524245515000075], [108.38882747400004, 36.46407666700003], [108.67991601300008, 36.36945921700004], [108.74935204000008, 36.363806640000064], [108.89670233700008, 36.51560125100008], [108.87911979300009, 36.63454324500003], [108.92553036000004, 36.62592019500005], [109.16322529200005, 36.498177300000066], [109.25801395900004, 36.512281597000026], [109.25938433200008, 36.46873363800006], [109.32948460100005, 36.426491777000024], [109.51701250000008, 36.38616443500007], [109.55114005100006, 36.252524512000036], [109.60708335000004, 36.17516710900003], [110.06818384200005, 36.249136634000024], [110.10103088900007, 36.27435900900008], [110.07730955000005, 36.36573032500007], [110.13711358200004, 36.37096261900007], [110.35368889500006, 36.260756823000065], [110.44297548200007, 36.28575254000003], [110.41793072100006, 36.17154250500005], [110.48218989500003, 35.95518391100006], [110.46723640300007, 35.869921205000026], [110.75698258400007, 35.99868211000006], [110.85913144400007, 36.090653761000056], [111.02470391400004, 36.10840094900004], [111.05134479900005, 36.14969808300003], [111.29047339600004, 36.04021993600003], [111.20496477700004, 35.88378841100007], [111.11196464200009, 35.80688820300003], [111.20054651800007, 35.67981466100008], [111.29478550800007, 35.67163051600005], [111.22316607300007, 35.606098092000025], [111.22273827300006, 35.56260633100004], [111.30131872000004, 35.531702247000055], [111.42604697200005, 35.576012784000056], [111.55278060500007, 35.572988975000044], [111.59484597000005, 35.645265847000076], [111.69020222500006, 35.62946195000006], [111.73151309700006, 35.58969547500004], [111.93030546700004, 35.598575561000075], [111.99499037800007, 35.68611571500003], [112.01816494400009, 35.80400206000007], [112.12069630100007, 35.85828409800007], [112.11654238300002, 35.90436515600004], [112.28242691800006, 35.87630717500008], [112.4409240760001, 35.90867788200006], [112.4605101730001, 35.85954976100004], [112.496438312, 35.87944366600004], [112.5887494110001, 35.85898700200005], [112.67943956700003, 35.989179267000054], [112.7139052010001, 35.99719840100005], [112.75509446100011, 35.94611983300007], [112.81543891400008, 35.97253147400005], [112.9028107260001, 35.921454554000036], [112.95080479300009, 35.96809533000004], [112.97522894000008, 36.20314936400007], [113.02647643800003, 36.15148661400008], [113.14747325200005, 36.144528973000035], [113.20515897100006, 36.22363529800003], [113.17660628400006, 36.25908558000003], [113.34320597400006, 36.241009994000024], [113.42279672600012, 36.32127705500005], [113.33527273700008, 36.372314248000066], [113.3364865100001, 36.40105293600004], [113.56762251100008, 36.44911705700008], [113.69621324700006, 36.37026508300005], [113.70729618700011, 36.332291404000046], [113.76416890000007, 36.310533115000055], [113.83653126400009, 36.34350096400004], [113.90879712900005, 36.30865726500008], [113.89896814200006, 36.404283959000054], [113.931891, 36.48037148800006], [113.96325428700004, 36.46792947200004], [114.14210048900009, 36.55200214400003], [114.28161393800008, 36.56275860900007], [114.284425585, 36.63680784700006], [114.38282226400008, 36.712864008000054], [114.49555699700011, 36.72789235500005], [114.60335247300009, 36.69313327500004], [114.63612540800011, 36.62794546200007], [114.61109753700009, 36.49814702700007], [114.64124943900003, 36.47533987800006], [114.83225076600002, 36.44970081400004], [114.84111693600005, 36.379644548000044], [115.02224769700001, 36.41144667000003], [115.10336699000004, 36.20781787100003], [115.19108254000002, 36.18676267600006], [115.312161876, 36.08448332800003], [115.4189823910001, 36.13282946000004], [115.44291217500006, 36.116336045000025], [115.41376119600011, 36.01961204300005], [115.33220020700003, 35.95827798600004], [115.30501834000006, 35.83550487700006], [115.33967408, 35.77908074000004], [115.45109376800008, 35.86474814700006], [115.5538437130001, 35.89541448400007], [115.67661848400007, 35.79699169500003], [115.62344123800005, 35.72399870600003], [115.66610147200004, 35.70463335300008], [115.66745637600002, 35.64267205200008], [115.70504712000002, 35.626810301000035], [115.676997142, 35.57749690000003], [115.6811111500001, 35.428726023000024], [115.7430105310001, 35.38809376100005], [115.9059817640001, 35.37050388500006], [116.0980396430001, 35.507815564000055], [116.215840834, 35.38609646500004], [116.18618943100012, 35.32733934700008], [116.20716481200009, 35.20078665300008], [116.43265854200001, 35.21909270400005], [116.4064494370001, 34.927092138000035], [116.46479712100006, 34.87684477000005], [116.59182395800008, 34.91761678700004], [116.71584211800007, 34.90216157500004], [116.66955442900007, 34.80417519700006], [116.70235080400005, 34.74788695700005], [116.67230841600008, 34.69244321600007], [116.743110193, 34.66947468500007], [116.75685718900002, 34.56985682200008], [116.85201243200004, 34.52318395800006], [116.8447451620001, 34.45615405800004], [116.78584543900001, 34.38104792200005], [116.91569955600005, 34.35622174500003], [116.93126441800007, 34.26149794400004], [117.00103595200005, 34.21908428300003], [117.09907024000006, 34.08643509500007], [116.95263467500001, 33.87249010700003], [116.85639883600004, 33.91774352900006], [116.89371103100007, 33.99535967500003], [116.53933392600004, 34.037726537000026], [116.6192402690001, 33.91689528200004], [116.6004646560001, 33.88500353300003], [116.52052818000004, 33.906417332000046], [116.4491671290001, 33.845029013000044], [116.40646526400008, 33.847844784000074], [116.37874707200001, 33.81189638300003], [116.40146846200003, 33.79050608400007], [116.16231241000003, 33.712493220000056], [116.06381789400007, 33.75088960000005], [115.91822186600007, 33.662085690000026], [116.00229383700002, 33.58806795700008], [115.89508307400001, 33.59171081100004], [115.92016293200004, 33.485956557000065], [115.85374490000004, 33.392459415000076], [115.86854464900011, 33.287177161000045], [115.83281344000011, 33.25706692500006], [115.82607291200009, 33.18509332000008], [115.67052892700008, 33.05493570200008], [115.58463975900008, 33.12327945200008], [115.47735925400002, 32.979314919000046], [115.38378302500007, 32.97770742800003], [115.26564733100008, 33.04655382900006], [115.25679713400007, 33.12053246800008], [115.22589638700003, 33.090522357000054], [115.02012515100012, 33.069378124000025], [114.84649541800002, 33.125664294000046], [114.87194667200004, 33.06637312400005], [114.85788564000006, 32.95522797800004], [114.91254415000003, 32.91709843700005], [114.98040652000009, 32.92722104300003], [114.99863442100002, 32.87876197200006], [115.11598476400002, 32.880023822000055], [115.15895917300008, 32.76597746700003], [115.12307393100002, 32.67950968700006], [115.16725076700004, 32.63696800500003], [115.08496044000003, 32.64446735000007], [115.0107302020001, 32.584558541000035], [115.04774542400003, 32.563303064000024], [115.09915456800002, 32.34415388900004], [115.19666981400007, 32.31266933200004], [115.22072059400011, 32.34347964900007], [115.32052855800009, 32.34820257700005], [115.38398249600004, 32.10830834300003], [115.49443775400005, 32.10867904200006], [115.5769964860001, 31.993984297000054], [115.59783984900002, 31.824359487000038], [115.68898179400003, 31.762473572000033], [115.48383153400005, 31.685245071000054], [115.42928862800011, 31.626979998000024], [115.32978811400005, 31.343960413000048], [115.40933581400009, 31.336503506000042], [115.523882866, 31.171285168000054], [115.66276917000005, 31.219052814000065], [115.72320991900006, 31.122410959000035], [115.83203955500005, 31.128561818000037], [116.02150145000007, 30.991588199000034], [115.95184747100006, 30.91015679900005], [115.8259270310001, 30.879063364000046], [115.81158256200001, 30.76513420300006], [115.90678746800006, 30.700589214000047], [116.25239717200009, 30.67874037200005], [116.31032198000003, 30.59607377100008], [116.39419462600006, 30.59333854700003], [116.43582351300006, 30.469192251000038], [116.47867359600002, 30.463566590000028], [116.48067723400004, 30.391874160000043], [116.42813563300001, 30.323814522000077], [116.48110231900012, 30.237150046000068], [116.45587259600006, 30.141389341000036], [116.17894399800002, 30.38628186300008], [116.04401668100002, 30.36719426600007], [115.99901171300007, 30.419874719000063], [115.8926066350001, 30.435199822000072], [115.86159385200006, 30.313630643000067], [115.89208858100005, 30.300582612000028], [115.75803601500002, 30.197647672000073], [115.78993377000006, 30.074295169000038], [115.76814348300002, 30.02114666400007], [115.8007952590001, 29.95865328800005], [115.72595658700004, 29.804539678000026], [115.43583019700009, 29.816543565000075], [115.41565339500005, 29.728212357000075], [115.27877780400001, 29.627482817000043], [115.09417198900007, 29.67533446300007], [115.13558677900005, 29.561566861000074], [115.12389595800005, 29.514774137000074], [114.95960049700011, 29.568805927000028], [114.92950517600002, 29.550264034000065], [114.94137626600002, 29.514211430000046], [114.86251864100007, 29.50002867300003], [114.86380007000002, 29.459888817000035], [114.9039199770001, 29.470970274000024], [114.8816786210001, 29.41827852600005], [114.7364927970001, 29.38579823400005], [114.6011855160001, 29.410742766000055], [114.42032894800002, 29.31663697600004], [114.22953840700006, 29.332149361000063], [114.22362308800007, 29.25924784600005], [114.13223819200005, 29.20572298700006], [114.05130991800002, 29.23810837600007], [114.018118619, 29.299243962000048], [114.0265421680001, 29.370444573000043], [113.9961743450001, 29.387090347000026], [113.78289134900001, 29.30906525900008], [113.6845641000001, 29.409042554000052], [113.56201746400006, 29.270958734000033]], [[113.23078536800006, 35.291606182000066], [113.19638382900007, 35.28940782600006], [113.1622381630001, 35.35874073900004], [113.13154374700002, 35.40629289700007], [113.19579747500006, 35.289336552000066], [113.23078536800006, 35.291606182000066]], [[113.28408392339887, 35.22542340123454], [113.332773287, 35.23757547800005], [113.37385411700006, 35.266135029000054], [113.3976948620001, 35.289657410000075], [113.4097945960001, 35.35641265300006], [113.3728940082253, 35.361507573640594], [113.40920754900003, 35.35634237900007], [113.39710832500009, 35.28958707700008], [113.28408392339887, 35.22542340123454]]], [[[112.57135532200004, 33.085366742000076], [112.57516268300003, 32.994440730000065], [112.47786524300011, 32.95820807700005], [112.42881797400003, 33.050387682000064], [112.57135532200004, 33.085366742000076]]]]}}, {"type": "Feature", "properties": {"id": "南明", "name": "南明", "color": "#cdb45e", "owner": "南明", "units": ["云南", "四川", "安徽", "广东", "广西", "江苏", "江西", "浙江", "湖南", "福建", "贵州"], "label_lon": 111.229, "label_lat": 27.758}, "geometry": {"type": "MultiPolygon", "coordinates": [[[[113.55379029100004, 22.09600739800004], [113.56738910600006, 22.12584856600006], [113.60035473200003, 22.118916451000075], [113.58217670700003, 22.099633208000057], [113.55379029100004, 22.09600739800004]]], [[[113.54505227300001, 22.141193178000037], [113.5527614560001, 22.15044579000005], [113.57854800300004, 22.143417788000022], [113.54505227300001, 22.141193178000037]]], [[[113.59278625700006, 22.14804391900003], [113.59438601700003, 22.14626774900006], [113.59275623400003, 22.14660780400004], [113.59278625700006, 22.14804391900003]]], [[[114.12499429600007, 22.160605634000035], [114.11302582300004, 22.230480356000044], [114.14529052500006, 22.20015459800004], [114.12499429600007, 22.160605634000035]]], [[[114.11077179100005, 22.27315106700007], [114.23382569500006, 22.272441034000053], [114.24261340600003, 22.208738134000043], [114.1637076720001, 22.20275177900004], [114.11077179100005, 22.27315106700007]]], [[[113.99505059500007, 22.20865679800005], [113.95255332400006, 22.221214107000037], [113.83150199600004, 22.193754839000064], [113.87131088400008, 22.27021609700006], [114.03935169700003, 22.32285375600003], [113.99505059500007, 22.20865679800005]]], [[[112.18267931800005, 21.73316425200005], [112.21278117800011, 21.842014160000076], [112.18970339100008, 21.800706562000073], [112.03004122100003, 21.779188584000053], [112.00449954100009, 21.822206163000033], [111.92023841300005, 21.840125429000068], [111.95908122300006, 21.77469547100003], [112.01229336800009, 21.762775043000033], [111.92126675900005, 21.71406355000005], [111.93299279800004, 21.654562052000074], [112.00651392400005, 21.642345368000065], [111.99640613500009, 21.61653270200003], [111.80461773600007, 21.55803723300005], [111.85682761800007, 21.61854487900007], [111.83778746800004, 21.642912500000023], [111.89686443500005, 21.63745944300007], [111.90506479100009, 21.66794021100003], [111.83261385100008, 21.68934195500003], [111.83470889000006, 21.769956464000074], [111.67630540800008, 21.760852809000028], [111.76007321700007, 21.706982641000025], [111.76701434300008, 21.645701546000055], [111.72905438200007, 21.634129229000052], [111.76755603900006, 21.612314596000033], [111.67032887500005, 21.589407006000044], [111.64039916200005, 21.51741254600006], [111.57814789100007, 21.57933826900006], [111.59691206500008, 21.52625960000006], [111.44569607100004, 21.51300759800006], [111.47896612500006, 21.54792487000003], [111.41590420500006, 21.58370030800006], [111.39221891200003, 21.64904060400005], [111.40155114200007, 21.68738604300006], [111.36014071100004, 21.751964287000078], [111.38060974900009, 21.847319687000038], [111.28858678700004, 21.889280477000057], [111.24480969400008, 21.994749429000024], [111.34846422000004, 22.264333484000076], [111.32860616900007, 22.293822098000078], [111.26707198900004, 22.306257428000038], [111.07748038400007, 22.243210859000044], [111.03201295500008, 22.281560338000077], [110.91191393000008, 22.200045144000057], [110.75498016100005, 22.207223979000048], [110.76798317900005, 22.297951870000077], [110.70823336300003, 22.355138883000052], [110.72441630800006, 22.425133794000033], [110.68093641400009, 22.482300474000056], [110.74542439900006, 22.49238045800007], [110.73180894400008, 22.550497138000026], [110.77025342800005, 22.600477667000064], [110.87842772600004, 22.61494692800005], [110.84200129300007, 22.694209831000023], [110.75836153300008, 22.750198441000066], [110.78042521800006, 22.83989516300005], [110.72130133900004, 22.894700064000062], [110.71519228000005, 23.077171356000065], [110.67984501000007, 23.068112675000066], [110.62777003600007, 23.122898242000076], [110.55985305500008, 23.097162651000076], [110.54635626100008, 23.13011358500006], [110.31963837200004, 23.049438637000037], [110.25109938100007, 22.95419105600007], [110.26826342100009, 22.885883980000074], [110.10450917300005, 22.90834872000005], [109.88199605500006, 23.049795881000023], [109.83794707400006, 23.00632215400003], [109.82518477800005, 22.906659140000045], [109.73947393200007, 22.830994357000066], [109.73342939500009, 22.73820044200005], [109.65099667300007, 22.67520093400003], [109.59223407800005, 22.707093522000037], [109.43204962600004, 22.944361033000064], [109.33703775500004, 22.987584928000047], [109.31353462300007, 23.101419648000046], [109.22467453200005, 23.140669092000053], [109.22027159400005, 23.31171543800008], [109.13235267000005, 23.311141631000055], [109.09374245600009, 23.367300476000025], [108.91188219300005, 23.401946458000054], [108.85950888500008, 23.442669162000072], [108.79562551400005, 23.409668741000075], [108.68961877300006, 23.257403443000044], [108.62547105500005, 23.218751734000023], [108.39494170800003, 23.578913060000048], [108.37329967600004, 23.672924301000023], [108.50953314500003, 23.675327066000023], [108.41647249000005, 23.827773884000067], [108.43550312900004, 24.029331828000068], [108.31163377200005, 23.957316696000078], [108.20768779100007, 23.846861165000064], [108.10562069600007, 23.83810242900006], [107.99110504700008, 23.709643958000072], [107.91777964900007, 23.70788807300005], [107.91471274400004, 23.87434791000004], [107.83403461400007, 23.981277157000022], [107.84027517000004, 24.04649183500004], [107.79246148300007, 24.08168293800003], [107.82270197200006, 24.125673997000035], [107.78303390700006, 24.146557951000034], [107.90322049900004, 24.365734598000074], [107.87254440500004, 24.45037142700005], [107.86639273400004, 24.42257190600003], [107.75463150500008, 24.41527337800005], [107.73345648100008, 24.36248392500005], [107.56017875800006, 24.327767822000055], [107.52721776100009, 24.267669183000066], [107.44947028300004, 24.301638670000045], [107.40089439000008, 24.241312014000073], [107.34465202300004, 24.276545], [107.29508583000006, 24.24688560800007], [107.25174493700007, 24.39386593100005], [107.06026124900006, 24.389230616000077], [106.96009326800004, 24.29612407700006], [106.88885863500008, 24.287467098000036], [106.90115092600007, 24.25531574200005], [106.77190935700008, 24.21011422600003], [106.75509985400004, 24.23828940900006], [106.67281270400008, 24.218105130000026], [106.67081802400008, 24.15011576300003], [106.57982054200005, 24.129431620000048], [106.47551568400007, 24.176373761000036], [106.45846039600008, 24.273292422000054], [106.41051545100004, 24.32701304400007], [106.37645318500006, 24.272807624000052], [106.28443070200007, 24.24368654700004], [106.29862371000007, 24.17244155800006], [106.19605397200007, 24.094232586000032], [106.16863294200004, 23.999941473000035], [106.10125952400006, 23.97897200400007], [106.11307517200004, 24.004415150000057], [105.96189110300008, 24.123049329000025], [105.87333102900004, 24.08708211100003], [105.86545546500008, 24.045089284000028], [105.73321474200009, 24.086180865000074], [105.65116764500004, 24.039401810000072], [105.60649855100007, 24.111924350000038], [105.47175797300008, 24.022058671000025], [105.35555337900007, 24.09146871300004], [105.26030719300007, 24.07555100700006], [105.18466604700006, 24.13385476700006], [105.23899427200007, 24.201518167000074], [105.19250305800006, 24.374325381000062], [105.07696439200004, 24.43707730500006], [104.94632231200006, 24.414773170000046], [104.83200700700007, 24.451962731000037], [104.79677005300005, 24.43125759000003], [104.77825232100008, 24.46207304400008], [104.67312412100006, 24.324693600000046], [104.51402244200005, 24.440267593000044], [104.55177851700006, 24.137772754000025], [104.60913575500007, 24.016044919000024], [104.54385961400004, 23.955849011000055], [104.53700254200004, 23.90094982900007], [104.59840549500007, 23.898753729000077], [104.60222415500004, 23.865366596000058], [104.65378923100008, 23.861187589000053], [104.72058366200008, 23.783507624000038], [104.65638671000005, 23.729304226000068], [104.70276342700004, 23.705168937000053], [104.76745399000004, 23.595960210000044], [104.65771822100004, 23.464652139000066], [104.59732708300004, 23.470113886000036], [104.46486530700008, 23.389702838000062], [104.40477527100006, 23.301888587000064], [104.39139362300006, 23.197273750000022], [104.28955123200006, 23.15279268200004], [104.25631991100005, 23.178631558000063], [104.14882048700008, 23.138608146000024], [104.05299530300005, 23.168481206000024], [103.99780486400005, 23.131661326000028], [103.94227999900005, 23.14438633000003], [103.95193232600008, 22.99808614400007], [103.91282159700006, 22.94507862300003], [103.90240344300008, 22.840907143000038], [103.86029825500003, 22.907433798000056], [103.76654015200006, 22.865249049000056], [103.57993008700004, 23.022118677000037], [103.45002347600007, 23.03559931800004], [103.39744842600004, 23.01047490600007], [103.61900237000003, 22.85115126100004], [103.63427183800007, 22.788182585000072], [103.58330850500005, 22.72108111800003], [103.58061024300008, 22.651470697000036], [103.51980798500006, 22.58454028600005], [103.44844455000003, 22.67153206200004], [103.43440128900005, 22.753003119000027], [103.34412360600004, 22.801612413000043], [103.28096074900009, 22.677010852000024], [103.05637226600004, 22.44939173800003], [102.93265199700005, 22.49998681900007], [102.86341031800004, 22.614590170000042], [102.78812015900007, 22.634185398000056], [102.78056177400003, 22.666064025000026], [102.57385722200007, 22.72686734800004], [102.51331509100004, 22.778858037000077], [102.47519052100006, 22.787114555000073], [102.45357048500006, 22.695624188000068], [102.38579772500003, 22.671953743000074], [102.40536026300003, 22.639152031000037], [102.37458458100008, 22.55298446200004], [102.31612918800005, 22.554584890000058], [102.24953882800008, 22.599679154000057], [102.10906976400008, 22.623772286000076], [101.97684639300007, 22.79226931000005], [101.85943756000006, 22.80131443600004], [101.75574975900008, 22.893241427000078], [101.71548554900005, 22.897148707000042], [101.60493134200004, 22.825325020000037], [101.54306372300005, 22.857656403000078], [101.49000452000007, 22.967039], [101.50872820800004, 23.060127747000024], [101.45893478000005, 23.10452986000007], [101.37010766700007, 23.07206049000007], [101.35541564800008, 23.23071264600003], [101.25360439700006, 23.263474529000064], [101.29225534100004, 23.381295007000062], [101.24339387000003, 23.562820444000067], [101.18205297800006, 23.59265047200006], [101.03351619000006, 23.589294203000065], [100.89433575900006, 23.806756191000034], [100.76151843600007, 23.792622856000037], [100.59968686400003, 23.886403823000023], [100.41547702600008, 23.857785042000046], [100.44361078300005, 23.86828222300005], [100.38143722900008, 24.062305672000036], [100.50933025700004, 24.07952798200006], [100.52875016600007, 24.11343209900008], [100.52147878700004, 24.38059655400008], [100.56514426600006, 24.442457296000043], [100.39634040000004, 24.76228670000006], [100.37197883300007, 24.736131830000033], [100.21918238700005, 24.731656188000045], [100.15303178400006, 24.656373572000064], [100.11796682100004, 24.655300571000055], [100.11631985700006, 24.70966078400005], [100.17189258500008, 24.74792658800004], [100.21685889500009, 24.887661859000048], [100.21954172700003, 24.99278782400006], [100.15994038200006, 25.03361755700007], [100.04670325500007, 25.00095915000003], [100.02771163600005, 25.069270543000073], [100.05727889300005, 25.181406090000053], [99.96478136300004, 25.265297367000073], [100.02486775700004, 25.350756957000044], [100.02552045300007, 25.443796417000044], [99.99276014200007, 25.490583555000057], [100.04513913300008, 25.578746315000046], [100.11670825700008, 25.58325377600005], [100.14428400800006, 25.647827793000033], [99.98442908700008, 25.938651598000035], [100.03580991500007, 25.976384392000057], [100.21564275200006, 25.883684242000072], [100.36056107100006, 26.017921176000073], [100.45956648100008, 25.968455724000023], [100.51415523200006, 26.005748591000042], [100.48121197500006, 26.15209383900003], [100.42137012000006, 26.170350863000067], [100.45053261800007, 26.22943315200007], [100.40944226700003, 26.324219139000036], [100.46800628900007, 26.367312279000032], [100.44698687500005, 26.400863945000026], [100.47167510000008, 26.428703533000032], [100.39508303400004, 26.745189022000034], [100.39431012300008, 26.78573786800007], [100.45188614300008, 26.822754975000066], [100.48092139600004, 27.02434651200008], [100.65407756400003, 26.980334948000063], [100.67220875200007, 26.863539157000048], [100.76245656800006, 26.83329599500007], [100.79409314900005, 26.780034140000055], [100.92127134400005, 26.81827502400006], [100.89687678000007, 26.685022745000026], [100.93076359000008, 26.661266640000065], [100.91426186400008, 26.598710534000077], [100.95600919000003, 26.600992830000052], [101.03706792500009, 26.715401443000076], [101.14418448200007, 26.776253215000054], [101.10247378400004, 26.908897968000076], [101.05706070100007, 26.95547403100005], [101.26032229400005, 26.93772338900004], [101.18827836000008, 26.991788365000048], [101.18933136300006, 27.152268866000043], [101.15529336400004, 27.19064323200007], [101.50911976300006, 27.244086243000027], [101.61469026900005, 27.346931820000066], [101.65966464700006, 27.228479072000027], [101.71374533700003, 27.17475008300005], [101.77875965300007, 27.144002885000077], [101.88202550500006, 27.156186296000044], [101.91352970900004, 27.28650516400006], [101.97699148600009, 27.362452392000023], [102.01185899900008, 27.534080156000073], [102.19948754500007, 27.56347664200007], [102.30639041200004, 27.538730919000045], [102.35531781600008, 27.599432982000053], [102.36714011800007, 27.484081597000056], [102.45632564600004, 27.378230874000053], [102.46044575400003, 27.224976867000066], [102.68030661800009, 27.293994352000027], [102.92096410600004, 27.283787243000063], [102.95768946300007, 27.40830013300007], [103.01800525900006, 27.368676805000064], [103.16209819700003, 27.43636439000005], [103.18664934800006, 27.39597384600006], [103.25119132800006, 27.408715133000044], [103.31803860400004, 27.321275515000025], [103.39241794600008, 27.321520858000042], [103.37192532000006, 27.478124765000075], [103.43184381900005, 27.50239780800007], [103.49703490100006, 27.38820408400005], [103.46417018300008, 27.28553988300007], [103.48083155100005, 27.24990901600006], [103.57292907600004, 27.265680325000062], [103.64650138600007, 27.202185202000067], [103.74166960300005, 27.188279849000025], [103.87934937400007, 27.33864475200005], [103.93389244300005, 27.444676798000046], [103.87121489900005, 27.48431002800004], [103.93571204400007, 27.603254569000057], [103.97264047800007, 27.60717323800003], [104.03337599500009, 27.68828402200006], [104.05536325100007, 27.822520091000058], [104.09217931700005, 27.868090706000032], [104.15343654200007, 27.865586722000046], [104.21058648800005, 27.922057299000073], [104.24261328200004, 27.913447420000068], [104.26878550500004, 27.80213724600003], [104.45435653300007, 27.85059689900004], [104.44494053400007, 27.934662031000073], [104.39520767500005, 27.94977347500003], [104.32844758000005, 28.06127468300008], [104.45347088000005, 28.110455347000027], [104.47133587700006, 28.151667022000026], [104.40473864900008, 28.196837954000046], [104.43649993500009, 28.22975853300005], [104.39761155600007, 28.305840732000036], [104.28595595400009, 28.32990483100008], [104.27156128400009, 28.402894247000063], [104.08243320900004, 28.367850022000027], [104.05305655500007, 28.33403444000004], [103.98200214500008, 28.407015854000065], [103.91858929700004, 28.409025717000077], [103.84181267400004, 28.465393697000025], [103.81964690300003, 28.518593457000065], [103.66999104800004, 28.427992967000023], [103.67146353000004, 28.56073748600005], [103.63293786300005, 28.565934698000035], [103.61963805000005, 28.61476646400007], [103.47289814900006, 28.54394701900003], [103.43585127600005, 28.426750221000077], [103.26210752400004, 28.437391348000062], [103.23775035300008, 28.470593506000057], [103.24947382800008, 28.617216633000055], [103.29766937400007, 28.703792943000053], [103.26910236500004, 28.773313347000055], [103.22166934200004, 28.806598957000062], [103.11263723100006, 28.795046439000032], [103.06791004000007, 28.69045870900004], [102.96875420900005, 28.67856172000006], [102.96340514100007, 28.64691080600005], [102.87011836200008, 28.632333931000062], [102.72992053200005, 28.673521395000023], [102.66070136400003, 28.84058907800005], [102.34855036700009, 28.843803337000054], [102.25796981700006, 28.904752792000068], [102.16770388900005, 29.035978785000054], [102.15186943200007, 29.139469704000078], [102.06942739700008, 29.185296879000077], [102.13121234900007, 29.225172582000027], [102.05733213800005, 29.29398112000007], [101.90007153000005, 29.287225438000064], [101.75488887200004, 29.206286439000053], [101.71683237500008, 29.217176907000066], [101.70262533400006, 29.282727967000028], [101.51428620200005, 29.291243381000072], [101.47224129300008, 29.323614875000032], [101.36658799400004, 29.256419097000048], [101.33494513400007, 29.196677788000045], [101.26654456900008, 29.234256204000076], [101.18435397400003, 29.169804165000073], [101.08485007500008, 29.165549886000065], [101.02667818200007, 29.353419073000055], [101.26411416300004, 29.49412931300003], [101.26166777800006, 29.75385835000003], [101.32305800300009, 29.776074318000042], [101.41061589100008, 29.908480225000062], [101.42222128000009, 30.017104172000074], [101.36586621000004, 30.045076791000042], [101.39921017600005, 30.09968728000007], [101.37009924400007, 30.203222656000037], [101.28554270700005, 30.225735891000056], [101.27810327200007, 30.333905107000078], [101.34776914800005, 30.41506813700005], [101.37924745600009, 30.39246795200006], [101.64359490600003, 30.397475154000063], [101.71408004500006, 30.33766089100004], [101.78533385000009, 30.398761570000033], [101.60435592600004, 30.619620031000068], [101.64734087400007, 30.819328102000043], [101.63520607800007, 30.89767898200006], [101.52332344400008, 30.974541011000042], [101.43315090200008, 30.92267868600004], [101.29676458900008, 31.07941547300004], [101.29185403500009, 31.11423399800003], [101.35000363500006, 31.152786796000044], [101.36019902500004, 31.243122867000068], [101.42856045200006, 31.265479606000042], [101.45929804500008, 31.31889433400005], [101.41194740400005, 31.367983700000025], [101.29484834800007, 31.380327971000042], [101.24830422900004, 31.518901460000052], [101.48744511800004, 31.77464220400003], [101.42603410900006, 31.838765945000034], [101.39779067900008, 31.970145641000045], [101.28878637500009, 32.05144642100004], [101.49337664600006, 32.31346110700002], [101.43492151000004, 32.39240651000006], [101.65471615600006, 32.36621325700003], [101.71192071200005, 32.33082537100006], [101.80640476700006, 32.36637046900006], [101.91748759000006, 32.33118639300005], [102.09120472500007, 32.35070332200007], [102.14819112900005, 32.29578976600004], [102.23947893300004, 32.323052207000046], [102.28235329200004, 32.23720124400006], [102.36311531600006, 32.238699293000025], [102.38130608600005, 32.168498672000055], [102.47255842200008, 32.12106492300006], [102.50280596600004, 32.033767305000026], [102.60848601700008, 31.983047964000036], [102.69967369100004, 31.88482510500006], [102.70714639400006, 32.03138575100007], [102.61037257900006, 32.18507137700004], [102.61456324600005, 32.242243245000054], [102.68182638700006, 32.27757471900003], [102.68016276300006, 32.37869045900004], [102.79351583000005, 32.481186396000055], [102.85077172800004, 32.655826716000036], [102.97836552300004, 32.732334097000034], [102.97299588700008, 32.85119020600007], [103.10171136800005, 32.92389867500003], [103.16879543100004, 32.85414068500006], [103.23910564000005, 32.83451871500006], [103.29056687000008, 32.88923111300005], [103.31496106200007, 32.99601787000006], [103.38664588700004, 32.99793921500003], [103.39330036000007, 33.06241802900007], [103.51177184500006, 33.136676125000065], [103.66140609600006, 33.12523474400007], [103.72653246700008, 33.04045764400007], [103.83450537900006, 33.01632801000005], [103.89226384000006, 32.91704387400006], [103.97311192000006, 32.938105103000055], [103.98018889200006, 33.03608189200003], [104.01913343800004, 33.04242996200003], [104.21127292500006, 32.91179084200007], [104.29269337300008, 32.89238068700007], [104.31325582400007, 32.833929855000065], [104.48775389300005, 32.743283089000045], [104.58539638100007, 32.72633146100003], [104.74321442200005, 32.63369804200005], [104.85171370300009, 32.64722269500004], [104.92372230300003, 32.58714600500008], [105.04591510000006, 32.64106087600004], [105.10881995700004, 32.603610512000046], [105.20076230800004, 32.651923629000066], [105.29833295900005, 32.63985338500004], [105.46897301000007, 32.762774629000035], [105.41659936600007, 32.77404630600006], [105.40311292200005, 32.85052058800005], [105.43374652300008, 32.903193060000035], [105.50447797200007, 32.90407064500005], [105.50453687100008, 32.80277403500003], [105.57480496600004, 32.70851115200003], [105.78779526100004, 32.75780073100003], [105.82328155100004, 32.82563942000007], [106.06962676300009, 32.84535170100003], [106.09964195200007, 32.80812623800006], [106.07600181800007, 32.75940875200007], [106.22825650200008, 32.67894271200004], [106.30395981100008, 32.67264139200006], [106.22517166700004, 32.50592101600006], [106.07286404300004, 32.42815935600004], [106.06447115000009, 32.39366400100005], [106.13205585600008, 32.367298679000044], [106.13549674000006, 32.33376904800008], [106.03617342900009, 32.280949674000055], [106.01349202100005, 32.22017391500003], [106.08095581600008, 32.19245205000004], [106.07474253600009, 32.15703662400006], [106.14761938000004, 32.110915732000024], [106.26053385200004, 32.10394147300008], [106.36467484300005, 32.140972358000056], [106.43687062500004, 32.08594063700008], [106.45051983800005, 31.991719489000047], [106.38201262100006, 31.71278669700007], [106.46790594400005, 31.58504091100008], [106.62388096100005, 31.50138768000005], [106.65215173800004, 31.58234942400003], [106.83592233600007, 31.531436668000026], [106.87225513500005, 31.399399678000066], [106.98008088000006, 31.268838575000075], [106.95132758700004, 31.151573814000074], [106.80757519300005, 30.979709780000064], [106.69090919600006, 30.908930946000055], [106.67818232300004, 30.842617164000046], [106.90064891200007, 30.724983906000034], [106.90185573400004, 30.692907297000033], [106.86375447900008, 30.69190876600004], [106.90366579700009, 30.64479112500004], [106.99704537300005, 30.631908390000035], [107.04404023000006, 30.65867251800006], [106.97377405700007, 30.47944612200007], [106.89108652100003, 30.422639359000073], [106.72373227900005, 30.165997917000027], [106.67962474700005, 30.15311924300005], [106.53009674200007, 29.90270819400007], [106.48561877200007, 29.88430866500005], [106.36778398300004, 29.911345588000074], [106.33469786100005, 29.879640979000044], [106.34941900100006, 29.770557799000073], [106.25105503700007, 29.571326699000053], [106.26137718400008, 29.39378110000007], [106.12934614900007, 29.262345534000076], [106.04078554900008, 29.295668527000032], [105.89465369800007, 29.009703615000035], [105.86351252200006, 29.016903598000056], [105.84485738700005, 29.07410292900005], [105.75969304500006, 29.04009675100008], [105.79715684500007, 28.922007870000073], [105.91178597400005, 28.89177071200004], [105.98423302300006, 28.952758190000054], [106.06278396000005, 28.89766805900007], [106.17659018800003, 28.895836488000043], [106.25341115300006, 28.841064962000075], [106.32429520700003, 28.54211738200007], [106.50470011700008, 28.53431869900004], [106.48005317300004, 28.581890602000044], [106.52747368500007, 28.657586578000064], [106.51941777300004, 28.70296863200008], [106.43994251900006, 28.776578397000037], [106.37167903200009, 29.018619330000035], [106.41463526000007, 29.033490947000075], [106.43853161400006, 29.008106138000073], [106.48713770400008, 29.046076412000048], [106.58149766500009, 28.983727464000026], [106.55805745000004, 29.12516574500006], [106.67477726300007, 29.174147280000057], [106.78324078800006, 29.171728298000062], [106.99848723100007, 29.018008354000074], [107.02823403000008, 28.882686592000027], [107.14987115100007, 28.88383934600006], [107.21471921500006, 28.84487929000005], [107.24554948200006, 28.778049692000025], [107.38085620700008, 28.852887315000032], [107.42881530900007, 28.831935447000035], [107.49950079200005, 28.622529411000073], [107.58038705000007, 28.57469794000008], [107.68170314300005, 28.59885608500008], [107.77132316300003, 28.705020070000046], [107.78570363500006, 28.84458410600007], [107.88408981600008, 29.01486907900005], [108.05401340900005, 29.077465751000034], [108.06298979600007, 29.008395321000023], [108.12892051300008, 28.92615511100007], [108.11062478400004, 28.854698710000036], [108.17948927300006, 28.77235777100003], [108.16083567100009, 28.65792770400003], [108.09123265700003, 28.61238267600004], [108.17693960500009, 28.541601143000037], [108.15679722400006, 28.38915799600005], [108.32352083800004, 28.353137753000055], [108.34502391600006, 28.327832638000075], [108.29170827600007, 28.263171129000057], [108.30703829600009, 28.23901953400008], [108.43657371200004, 28.20385521700007], [108.56255437500005, 28.35897732500007], [108.56588078800007, 28.295241470000065], [108.62404760600003, 28.252256836000072], [108.61465257000003, 28.123321361000023], [108.69425024700007, 28.11840690400004], [108.75857047100004, 28.153259627000068], [108.77900720000008, 28.126981389000036], [108.73233943300005, 28.05725078100005], [108.73216145900005, 27.948796413000025], [108.76645338000009, 27.891583885000045], [108.96445101000006, 27.855181688000073], [108.98745623400004, 27.884842759000037], [109.04557532000007, 27.873763284000063], [109.03424650500006, 27.797750837000024], [108.93473954400008, 27.76900840500008], [108.92507024500009, 27.738794609000024], [108.94959412500003, 27.70762936600005], [108.93208214200007, 27.608223976000033], [108.97671949900007, 27.61382178300005], [108.97874747800006, 27.583401743000024], [108.83876126200005, 27.56771049500003], [108.83587654600007, 27.503939056000036], [108.94026188700008, 27.502216746000045], [108.93733075200004, 27.46853746800008], [109.00205413100008, 27.44816178900004], [109.08975105000007, 27.503163872000073], [109.15033223200004, 27.419276582000066], [109.23712280100006, 27.430135483000072], [109.42984061600004, 27.57605361000003], [109.49791032600007, 27.525048250000054], [109.57998975100008, 27.595261893000043], [109.70785043200004, 27.611943108000048], [109.76295272500005, 27.669351320000033], [109.84307874600006, 27.686983310000073], [109.82752743600008, 27.73995949400006], [109.88994163600006, 27.817424997000046], [109.94219598200004, 27.74416559100007], [110.25744752700007, 27.690456211000026], [110.36451706200006, 27.57087126700003], [110.45490079700005, 27.586316657000054], [110.49808324400004, 27.715347503000032], [110.46137837700007, 27.808971443000075], [110.37033377800009, 27.762193898000078], [110.30823203600005, 27.81108477500004], [110.23372548800006, 27.816199383000026], [110.30244416800008, 27.92996810900007], [110.36557903500005, 27.886976321000077], [110.44337804400004, 27.908498570000063], [110.46421481100003, 28.06945415100006], [110.33435687200006, 28.084572671000046], [110.30740329300005, 28.182484074000058], [110.23007694100005, 28.20222804900004], [110.17690767600004, 28.27597312100005], [110.16680420900008, 28.37058425200007], [110.07890302200008, 28.441679883000063], [110.13413499200004, 28.482622824000032], [110.13224806000005, 28.55981416900005], [110.20486559000005, 28.56637633400004], [110.18930964600008, 28.626540099000067], [110.23405741500005, 28.65105638500006], [110.25627288000004, 28.728592871000046], [110.32064351300005, 28.765221604000033], [110.36075668200004, 28.88718846300003], [110.52213608200009, 28.904075703000046], [110.50383052200004, 28.93430973100004], [110.55101154900007, 28.994324549000055], [110.64926483900007, 28.903080842000065], [110.73654715200007, 28.902446482000073], [110.84519583900004, 28.997091200000057], [110.91006579400005, 29.011938255000075], [110.83433274700008, 29.098579968000024], [110.60518745900004, 29.08187487200007], [110.63271698000005, 29.193306861000053], [110.57288964500009, 29.289116989000036], [110.48961759300005, 29.286330977000034], [110.45489611900007, 29.346648859000027], [110.47925565400004, 29.390696853000065], [110.57887598900004, 29.441486164000025], [110.60037194900008, 29.549048602000028], [110.74884424800007, 29.627276961000064], [110.75620809100008, 29.662200506000033], [110.72763111800003, 29.704160929000068], [110.68326575000009, 29.692236843000046], [110.62358832500007, 29.725365917000033], [110.58652684500004, 29.75985031600004], [110.58040529800007, 29.830285853000078], [110.47338333000005, 29.890471313000035], [110.48339567600004, 29.970557468000038], [110.51679715600005, 29.992896071000075], [110.46729479100009, 30.035427766000055], [110.63598173300005, 30.062552260000075], [110.67276080400006, 30.042167285000062], [110.71465463700008, 30.058234423000044], [110.71872133500005, 30.10181029000006], [110.83408625100009, 30.13478903300006], [110.94746662600005, 30.016497300000026], [111.14562783200006, 30.04286330000008], [111.26445197800007, 29.997770880000076], [111.36059465300008, 30.12792003100003], [111.46037666700005, 30.094465768000077], [111.54042193300006, 30.11410614600004], [111.56731388200006, 30.26764457200005], [111.61526333700004, 30.351112165000075], [111.73028712600006, 30.404209065000032], [111.75500525100006, 30.316815536000036], [111.84619567100009, 30.302222423000046], [111.89119481500006, 30.348723047000078], [111.95681817200006, 30.272979253000074], [112.01730562300008, 30.26101056400006], [111.95423144000006, 30.176271290000045], [111.97334069100003, 30.15365569200003], [112.04426828800001, 30.166373071000066], [112.05917614900011, 30.135594903000026], [112.11082919100011, 30.153959801000042], [112.13022071800003, 30.284770993000052], [112.21830493000004, 30.303355785000065], [112.25980264500004, 30.253756373000044], [112.24949055900004, 30.21924427500005], [112.1698080750001, 30.180348348000052], [112.163300821, 30.102903556000058], [112.19027072100005, 30.07293377900004], [112.34782794500006, 30.064370444000076], [112.40055882500008, 29.999975259000053], [112.39843880600006, 29.925680663000037], [112.57176811800002, 29.944895639000038], [112.56765969600008, 29.870146689000023], [112.60420586700002, 29.84365623700006], [112.73980736200008, 29.825900356000034], [112.73379319600008, 29.713665977000062], [112.83977103100005, 29.793367937000028], [112.86347462000003, 29.720154665000052], [112.96755338900005, 29.802695984000025], [112.99859030700009, 29.788782919000028], [112.95667019400003, 29.651584830000047], [112.86880541800008, 29.597050258000024], [112.8835622150001, 29.512212763000036], [112.93574634600009, 29.470327868000027], [112.98419644700004, 29.492606721000072], [113.0432248520001, 29.435406946000057], [113.07971404200009, 29.479242314000032], [113.1175388370001, 29.442328321000048], [113.25584169400008, 29.636015041000064], [113.36602022600005, 29.64772175400003], [113.41145387800009, 29.53974861200004], [113.30086350300007, 29.387539703000073], [113.34020869000005, 29.331094912000026], [113.30781642400007, 29.22676493800003], [113.33282191300009, 29.206807561000062], [113.41410476400006, 29.219840654000052], [113.49573757700011, 29.28519173400008], [113.56201746400006, 29.270958734000033], [113.6845641000001, 29.409042554000052], [113.78289134900001, 29.30906525900008], [113.9961743450001, 29.387090347000026], [114.0265421680001, 29.370444573000043], [114.018118619, 29.299243962000048], [114.05130991800002, 29.23810837600007], [114.13223819200005, 29.20572298700006], [114.22362308800007, 29.25924784600005], [114.22953840700006, 29.332149361000063], [114.42032894800002, 29.31663697600004], [114.6011855160001, 29.410742766000055], [114.7364927970001, 29.38579823400005], [114.8816786210001, 29.41827852600005], [114.9039199770001, 29.470970274000024], [114.86380007000002, 29.459888817000035], [114.86251864100007, 29.50002867300003], [114.94137626600002, 29.514211430000046], [114.92950517600002, 29.550264034000065], [114.95960049700011, 29.568805927000028], [115.12389595800005, 29.514774137000074], [115.13558677900005, 29.561566861000074], [115.09417198900007, 29.67533446300007], [115.27877780400001, 29.627482817000043], [115.41565339500005, 29.728212357000075], [115.43583019700009, 29.816543565000075], [115.72595658700004, 29.804539678000026], [115.8007952590001, 29.95865328800005], [115.76814348300002, 30.02114666400007], [115.78993377000006, 30.074295169000038], [115.75803601500002, 30.197647672000073], [115.89208858100005, 30.300582612000028], [115.86159385200006, 30.313630643000067], [115.8926066350001, 30.435199822000072], [115.99901171300007, 30.419874719000063], [116.04401668100002, 30.36719426600007], [116.17894399800002, 30.38628186300008], [116.45587259600006, 30.141389341000036], [116.48110231900012, 30.237150046000068], [116.42813563300001, 30.323814522000077], [116.48067723400004, 30.391874160000043], [116.47867359600002, 30.463566590000028], [116.43582351300006, 30.469192251000038], [116.39419462600006, 30.59333854700003], [116.31032198000003, 30.59607377100008], [116.25239717200009, 30.67874037200005], [115.90678746800006, 30.700589214000047], [115.81158256200001, 30.76513420300006], [115.8259270310001, 30.879063364000046], [115.95184747100006, 30.91015679900005], [116.02150145000007, 30.991588199000034], [115.83203955500005, 31.128561818000037], [115.72320991900006, 31.122410959000035], [115.66276917000005, 31.219052814000065], [115.523882866, 31.171285168000054], [115.40933581400009, 31.336503506000042], [115.32978811400005, 31.343960413000048], [115.42928862800011, 31.626979998000024], [115.48383153400005, 31.685245071000054], [115.68898179400003, 31.762473572000033], [115.59783984900002, 31.824359487000038], [115.5769964860001, 31.993984297000054], [115.49443775400005, 32.10867904200006], [115.38398249600004, 32.10830834300003], [115.32052855800009, 32.34820257700005], [115.22072059400011, 32.34347964900007], [115.19666981400007, 32.31266933200004], [115.09915456800002, 32.34415388900004], [115.04774542400003, 32.563303064000024], [115.0107302020001, 32.584558541000035], [115.08496044000003, 32.64446735000007], [115.16725076700004, 32.63696800500003], [115.12307393100002, 32.67950968700006], [115.15895917300008, 32.76597746700003], [115.11598476400002, 32.880023822000055], [114.99863442100002, 32.87876197200006], [114.98040652000009, 32.92722104300003], [114.91254415000003, 32.91709843700005], [114.85788564000006, 32.95522797800004], [114.87194667200004, 33.06637312400005], [114.84649541800002, 33.125664294000046], [115.02012515100012, 33.069378124000025], [115.22589638700003, 33.090522357000054], [115.25679713400007, 33.12053246800008], [115.26564733100008, 33.04655382900006], [115.38378302500007, 32.97770742800003], [115.47735925400002, 32.979314919000046], [115.5528796320001, 33.11406314200008], [115.58463975900008, 33.12327945200008], [115.67052892700008, 33.05493570200008], [115.82607291200009, 33.18509332000008], [115.83281344000011, 33.25706692500006], [115.86854464900011, 33.287177161000045], [115.85374490000004, 33.392459415000076], [115.92016293200004, 33.485956557000065], [115.89508307400001, 33.59171081100004], [116.00229383700002, 33.58806795700008], [115.91822186600007, 33.662085690000026], [116.06381789400007, 33.75088960000005], [116.16231241000003, 33.712493220000056], [116.40146846200003, 33.79050608400007], [116.37874707200001, 33.81189638300003], [116.40646526400008, 33.847844784000074], [116.4491671290001, 33.845029013000044], [116.52052818000004, 33.906417332000046], [116.6004646560001, 33.88500353300003], [116.6192402690001, 33.91689528200004], [116.53933392600004, 34.037726537000026], [116.89371103100007, 33.99535967500003], [116.85639883600004, 33.91774352900006], [116.95263467500001, 33.87249010700003], [117.09907024000006, 34.08643509500007], [117.33305340700008, 34.07192658400004], [117.40509348800003, 34.021165695000036], [117.50839854900005, 34.032642305000024], [117.56507601300007, 34.082255737000025], [117.63530468300007, 34.09369693600007], [117.66382938000004, 34.15137388200003], [117.73469401300008, 34.11443995800005], [117.8589353210001, 34.16084251700005], [117.98362626500011, 34.121103736000066], [118.03813811300006, 34.15006775200004], [117.99096277300009, 34.33666419900004], [118.15614747500001, 34.39871598000008], [118.37144825400003, 34.433380181000075], [118.41696287600007, 34.40716896300006], [118.59446789000003, 34.42520346900005], [118.63126752900007, 34.40705178800005], [118.63096456000005, 34.34129190200008], [118.73708448900004, 34.304129499000055], [118.8011042280001, 34.344433191000064], [119.01441298100008, 34.38330304300007], [119.07721602900006, 34.19849643800006], [119.11133176300007, 34.18271273500005], [119.43891410300012, 34.25685962500006], [119.69345162700006, 34.39965506400006], [119.7691135010001, 34.49250809700004], [120.22487675700006, 34.32295579000004], [120.41531254300003, 33.89727724900007], [120.47024959900011, 33.84305949800006], [120.4469022830001, 33.78166201300007], [120.47453380000002, 33.78754296500006], [120.52464460600004, 33.69569433100003], [120.52486233900004, 33.626028305000034], [120.58861525800012, 33.52847064600007], [120.65122665800004, 33.29068735200008], [120.74353346900011, 33.21954322300007], [120.71659357500005, 33.17384978500007], [120.77803517000007, 33.03645398900005], [120.85447287300008, 33.026293329000055], [120.87581564300001, 32.99366901700006], [120.90410680700006, 32.84269555100008], [120.8382651280001, 32.813049962000036], [120.83035765900001, 32.76844499500004], [120.88206544800005, 32.73137561300007], [120.89480785900003, 32.63243181100006], [120.84918681500005, 32.647246016000054], [120.86911724700008, 32.595696857000064], [121.33679123200011, 32.391108419000034], [121.36761191200003, 32.250472097000056], [121.3359619900001, 32.19439588200004], [121.40066356500006, 32.17670048600007], [121.434746, 32.11098555600006], [121.53326566600003, 32.10007897700007], [121.7492053310001, 31.984557410000036], [121.81289474400012, 31.921321240000054], [121.88056764800001, 31.729607817000044], [121.8589179810001, 31.66811107500007], [121.78230677300007, 31.67544138100004], [121.3352375710001, 31.866051259000074], [121.17961868300006, 31.832364836000067], [121.0826989200001, 31.85255721300007], [120.97306364700012, 31.816930651000064], [120.92271317400002, 31.851301054000032], [120.96340186700002, 31.861321933000056], [120.78292905100011, 32.002236527000036], [120.60230871800002, 32.066677457000026], [120.44897233400002, 32.06871813400005], [120.30116815300005, 31.970428706000064], [120.42720737000002, 31.952712400000053], [120.42993908100004, 32.00233910700007], [120.45684755800005, 32.00733728400007], [120.74427895400004, 31.97384352100005], [120.7996182920001, 31.86477122100007], [120.760731673, 31.81645010300008], [120.85998173000007, 31.753392267000038], [121.00981383700002, 31.736563672000045], [121.15583785000001, 31.66543561800006], [121.25516894600003, 31.572937328000023], [121.28065055200011, 31.49253948100005], [121.48890294500006, 31.410667481000075], [121.70842595400006, 31.27006510600006], [121.867763996, 30.981143345000078], [121.8748607340001, 30.866784651000046], [121.84553337600005, 30.84234383000006], [121.47906775800004, 30.804576995000048], [121.343825089, 30.69628457500005], [121.14602169400007, 30.62721890100005], [121.11160822400007, 30.58580555800006], [121.01733314400008, 30.573442666000062], [120.92547639600002, 30.485330084000054], [120.93745503000002, 30.42606728100003], [120.89411361200007, 30.406307432000062], [120.88242831900004, 30.355524651000053], [120.78196862400011, 30.32535893100004], [120.671252879, 30.386925131000055], [120.47576354600005, 30.388411491000056], [120.38264311000012, 30.355466963000026], [120.32239192300005, 30.290593154000078], [120.2155044110001, 30.26686561300005], [120.1849307760001, 30.225191798000026], [120.288196674, 30.26439407400005], [120.32795876400007, 30.23739975600006], [120.4195549420001, 30.340506005000066], [120.5475269960001, 30.35041605500004], [120.5992890770001, 30.32502075600007], [120.5817412770001, 30.23289635100008], [120.62033691800002, 30.12586623800007], [120.7666866300001, 30.112985757000047], [120.91957477500011, 30.15864476300004], [121.1273958160001, 30.277885617000038], [121.28174600900002, 30.30004589200007], [121.4404783550001, 30.231500940000046], [121.56599530200003, 30.05936500100006], [121.67957359000002, 29.978322286000036], [121.97611279900002, 29.874532145000046], [122.11944226600008, 29.889358387000073], [122.09045789400011, 29.842140949000054], [121.88204534700003, 29.764469473000077], [121.68155742500005, 29.558075076000023], [121.52845712200008, 29.511800237000045], [121.49690315200007, 29.54763701400003], [121.42421021900009, 29.479836361000025], [121.42205751400002, 29.40529410700003], [121.4944359220001, 29.48771828300005], [121.498640582, 29.454500031000066], [121.52878177500008, 29.457075496000073], [121.48030784900004, 29.395173905000036], [121.56828836000011, 29.48244343400006], [121.70862658400006, 29.529000844000052], [121.77023948500005, 29.527529393000066], [121.77587292700002, 29.465886925000063], [121.84118770700002, 29.524191287000065], [121.73161791000007, 29.55774826700008], [121.81580933100008, 29.613307682000027], [121.94404264900004, 29.630703668000024], [121.97984491400007, 29.587927192000052], [121.94642527100007, 29.53016430200006], [121.90396646800002, 29.52344686200007], [121.97324469000012, 29.452709167000023], [121.9543409150001, 29.415373509000062], [121.88304773100003, 29.39967008600007], [121.90716282500011, 29.341628164000042], [121.93759841700012, 29.338597073000074], [121.90736666900011, 29.311506761000032], [121.92498778700008, 29.268692804000068], [121.98077086900003, 29.280448422000063], [121.9520936880001, 29.217619341000045], [121.8613294700001, 29.158239224000056], [121.79682010800002, 29.18379553300008], [121.82858324300003, 29.29469636600004], [121.79241028900003, 29.286413564000043], [121.81297116000007, 29.329079], [121.78095044100007, 29.34409346600006], [121.79027261800002, 29.374186894000047], [121.7563999030001, 29.367485720000047], [121.76706774400009, 29.239645557000074], [121.73943964500006, 29.19127521400003], [121.64954134800007, 29.193693304000078], [121.64753941600009, 29.30790107400003], [121.61297986200009, 29.279344067000068], [121.61331587400002, 29.184447695000074], [121.5882655150001, 29.285386205000066], [121.56470054500005, 29.259394584000063], [121.50002706200007, 29.26836525300007], [121.53660718900005, 29.247513624000078], [121.52027378700006, 29.170649816000036], [121.49756714000011, 29.159154147000038], [121.47812037900007, 29.19750816800007], [121.46986393200007, 29.15816410800005], [121.41398712800003, 29.160781237000037], [121.453107756, 29.135145540000053], [121.44415695200007, 29.106815356000027], [121.6340129130001, 29.099408469000025], [121.61764995800002, 29.047168218000024], [121.52359949400011, 29.04899701900007], [121.52043569300008, 28.991816399000072], [121.54846030600004, 29.028342810000026], [121.61622149700008, 29.028144608000048], [121.65417083200009, 29.05911833400006], [121.69670054300002, 29.00384400200005], [121.66671663300008, 28.993095762000053], [121.68859343200006, 28.909712298000045], [121.5593186970001, 28.932379355000023], [121.5328581340001, 28.965062475000025], [121.49127498900009, 28.94626482500007], [121.504160135, 28.898475637000047], [121.63236758000005, 28.875973738000027], [121.62556797700006, 28.831901628000026], [121.66544279800007, 28.829826180000055], [121.62759432300004, 28.72578946400006], [121.43234476700002, 28.684486244000027], [121.48594762300002, 28.650089152000078], [121.52676316600002, 28.524655978000055], [121.61537838800007, 28.526043436000066], [121.55733580100002, 28.484219239000026], [121.58133859600002, 28.35211356800005], [121.63919686200006, 28.336372288000064], [121.6133775620001, 28.25847629900005], [121.56796818600003, 28.240082834000077], [121.5743625, 28.297961128000054], [121.45046666000007, 28.322832979000054], [121.43054334500005, 28.281811455000025], [121.4008079350001, 28.287426769000035], [121.41606836800008, 28.242083255000068], [121.37280602900012, 28.21518577300003], [121.35418608900011, 28.125570966000055], [121.30472744300005, 28.174198025000067], [121.26229359700005, 28.16180700800004], [121.2632567390001, 28.06024703500003], [121.14102311600004, 28.019763004000026], [121.12723168000002, 28.128926104000072], [121.19859703600002, 28.19169051600005], [121.21541320800009, 28.170151099000066], [121.23242360200004, 28.210294004000048], [121.27509420600006, 28.197145656000032], [121.2273239210001, 28.310438893000025], [121.26393352000002, 28.326138988000025], [121.13893127200004, 28.389117277000025], [121.07567661400003, 28.31026532900006], [121.02740267400009, 28.304120054000066], [121.05190007200008, 28.230024253000067], [121.11382805400001, 28.226201552000077], [121.07285421600011, 28.146838178000053], [120.99840491600003, 28.129123726000046], [120.96434861300008, 27.977833777000058], [120.71922863800012, 28.026877244000048], [120.68253673200002, 28.008275517000072], [120.82056609400001, 27.93811131600006], [120.8369012280001, 27.856162162000032], [120.71219552600007, 27.71031649400004], [120.60979303300007, 27.761660323000058], [120.66707656200003, 27.62754082600003], [120.5371516670001, 27.566103749000035], [120.58408603700002, 27.55822194900003], [120.60717037200004, 27.479290607000053], [120.637649183, 27.491166460000045], [120.66583304400001, 27.456580631000065], [120.61846342600006, 27.352900485000077], [120.52886748100002, 27.394857263000063], [120.51520496, 27.32104424700003], [120.53845732900004, 27.28874760800005], [120.48445974900005, 27.170026224000026], [120.4371228650001, 27.19990027800003], [120.38745545600011, 27.16546152500007], [120.36901465500011, 27.229762004000065], [120.29835585300009, 27.218617136000034], [120.30208244000005, 27.279606496000042], [120.20267063100005, 27.261780032000047], [120.17404687900012, 27.218512884000063], [120.1801674190001, 27.189613834000056], [120.24222616300005, 27.235446049000075], [120.29230746000007, 27.201759087000028], [120.35302858500006, 27.21653449300004], [120.37927648100003, 27.183085770000048], [120.34649396900011, 27.14937683200003], [120.42079576000003, 27.147343145000036], [120.42928436600005, 27.121866160000025], [120.3635249670001, 27.098426105000044], [120.36947796700008, 27.068594545000053], [120.24173785900007, 27.11008843600007], [120.27479961900008, 27.049045431000025], [120.23809034400006, 27.030759198000055], [120.25589387900004, 26.985975947000043], [120.17618378500003, 26.97289361000003], [120.23800879200007, 26.95091231500004], [120.22745368000005, 26.916300402000047], [120.12203101600005, 26.933753374000048], [120.09593306800002, 26.883814852000057], [120.03088864500012, 26.873861445000045], [120.04382195100004, 26.831532689000028], [120.13154802300005, 26.794614126000056], [120.10456513600002, 26.74565421500006], [120.15226476100008, 26.72042366000005], [120.11214553900004, 26.673522258000048], [120.14790731000005, 26.64290993000003], [120.08984148600007, 26.61039529900006], [120.06794909500002, 26.636122412000077], [119.9441119820001, 26.584476422000023], [119.87163767000004, 26.511842186000024], [119.81925126800002, 26.51170352300005], [119.8384159960001, 26.58614907200007], [119.98281363500007, 26.648056473000054], [119.97860947800007, 26.695145943000057], [120.06783393, 26.77724254700007], [119.92085309200002, 26.780704436000065], [119.93358779200003, 26.72648743800005], [119.86411340400002, 26.64444385300004], [119.83681975500008, 26.70722759000006], [119.79333130700002, 26.685243306000075], [119.79139066700009, 26.744948711000063], [119.84449922800002, 26.799090042000046], [119.79068510000002, 26.816447238000023], [119.84310014500011, 26.844084529000042], [119.7797728170001, 26.830182492000063], [119.75551256500012, 26.726894095000034], [119.6507438110001, 26.89769349000005], [119.68757398100001, 26.815901969000038], [119.67761742100004, 26.75995], [119.73153238000009, 26.714244974000053], [119.5732026390001, 26.785969693000027], [119.5591769350001, 26.769725333000054], [119.62819808300003, 26.73015831600003], [119.56220896500008, 26.719109110000034], [119.6086277920001, 26.67040860900005], [119.54947061100006, 26.66519838200003], [119.55092428600005, 26.629355046000057], [119.59973346900006, 26.58411353200006], [119.6637041460001, 26.606302345000074], [119.77401874200007, 26.589749161000043], [119.80583088000003, 26.54033260500006], [119.76101205700002, 26.550523689000045], [119.82621181900004, 26.44144697100006], [119.75673232400004, 26.405145108000056], [119.76005876600004, 26.436951918000034], [119.64268735600001, 26.492592271000035], [119.55787890600004, 26.46661169400005], [119.5805177420001, 26.42716802900003], [119.64546190500005, 26.440120207000064], [119.67467731300007, 26.33592782000005], [119.71508524900003, 26.31053783400006], [119.83528422100005, 26.42051071700007], [119.87421660700011, 26.352096337000035], [119.96445276600002, 26.361787029000027], [119.89692109300006, 26.305215822000036], [119.78672569800005, 26.299917294000068], [119.79354942300006, 26.267243251000025], [119.76508404200001, 26.288907566000034], [119.63786484500008, 26.247296899000048], [119.67168381300007, 26.217878335000023], [119.50606827400009, 26.05824272900003], [119.71617572200012, 25.98568466000006], [119.6872588980001, 25.893567629000074], [119.641856931, 25.89830015800004], [119.61375659900011, 25.842812968000032], [119.57739039900002, 25.87613794200007], [119.63238650000005, 25.765957009000033], [119.61418874700007, 25.677469968000025], [119.44112772100004, 25.68631447200005], [119.44070988600004, 25.63123715100005], [119.48975438900004, 25.61341720000007], [119.488292827, 25.558414011000025], [119.52117314100008, 25.531799096000043], [119.53729720500007, 25.570889015000034], [119.59390681500008, 25.568002573000058], [119.57601187600005, 25.521716087000073], [119.60079895400008, 25.495746840000038], [119.5507175460001, 25.46225510900007], [119.59721904900005, 25.48042328200006], [119.6439137320001, 25.44065269300006], [119.64154084800009, 25.32776454800006], [119.59385552600008, 25.327181675000077], [119.57896021400006, 25.430478660000063], [119.53020303100004, 25.39961973100003], [119.56044936100011, 25.36767700200005], [119.47691091900003, 25.343373257000053], [119.51118157000008, 25.442564520000076], [119.46801215100004, 25.447062825000046], [119.42769466800007, 25.409027175000062], [119.45774260900009, 25.496618469000055], [119.3626232040001, 25.50993792500003], [119.3860771520001, 25.56222675300006], [119.32701511700009, 25.601948105000076], [119.333973452, 25.414864902000033], [119.28248442600011, 25.41721068700008], [119.31770984200011, 25.53839954600005], [119.28499299300006, 25.546561980000035], [119.28145369200001, 25.49999384800003], [119.12421005300007, 25.405013997000026], [119.14822943100012, 25.34988384500008], [119.21305826500009, 25.339176674000043], [119.22965167900009, 25.290957165000066], [119.1915751250001, 25.263684795000074], [119.21359378700004, 25.229735108000057], [119.25080661600009, 25.300278947000038], [119.29948287700006, 25.300932055000033], [119.36551303800002, 25.241294340000024], [119.35250735800003, 25.212013736000074], [119.290189026, 25.21617720100005], [119.30781812900011, 25.16876218500005], [119.283634935, 25.138540398000032], [119.23580950500002, 25.156213137000066], [119.24439789100006, 25.182189442000038], [119.16282829400006, 25.16484954200007], [119.17202567900006, 25.21836505400006], [119.12025034100009, 25.227100101000076], [119.09746848600003, 25.15811392100005], [119.16825746300003, 25.10555313800006], [119.10080066300009, 25.08703121700006], [119.07179642000006, 25.132566836000024], [119.07123845400008, 25.09490437200003], [119.0300635750001, 25.129433667000058], [119.07638184300004, 25.202086327000075], [118.9701735760001, 25.191154831000063], [118.9900408520001, 25.241078085000026], [119.07046777800008, 25.256798883000044], [118.89057922400002, 25.237808409000024], [118.88861649900002, 25.205786990000036], [118.92842697100002, 25.199014457000033], [118.91841668200004, 25.167615734000037], [118.98006267700009, 25.167394201000036], [118.99036653400003, 25.13715762700008], [118.943436646, 25.121530843000073], [118.97719232000009, 25.083017056000074], [118.85280979800007, 25.059609339000076], [118.96347221100007, 24.96911369600008], [118.96563252500005, 25.00298377200005], [119.01295617000005, 25.023173522000036], [119.01406040300003, 24.970643351000035], [118.9855615670001, 24.957256362000066], [119.02223160400001, 24.939640344000054], [118.89129348600011, 24.919557112000064], [118.99584909200007, 24.862586707000048], [118.87407646400004, 24.885936109000056], [118.82616073000008, 24.847324164000042], [118.71147809800004, 24.837735234000036], [118.66637046700009, 24.940531469000064], [118.68329438, 24.860126473000037], [118.64004160500008, 24.849608077000028], [118.63609011500012, 24.816781606000063], [118.67837538200001, 24.772160189000033], [118.72491976600008, 24.797139094000045], [118.7969570680001, 24.75938526400006], [118.74284124100006, 24.717526478000025], [118.7367699890001, 24.672882250000043], [118.65034262900008, 24.661988746000077], [118.68301362900002, 24.60057500100004], [118.65150045300004, 24.540353467000045], [118.58228379000002, 24.506919997000068], [118.582827629, 24.569503128000065], [118.46654398400005, 24.62885088300004], [118.46173407300012, 24.700087936000045], [118.436845102, 24.70285143600006], [118.42802319600003, 24.590277128000025], [118.30065266400004, 24.58029639700004], [118.23404432600012, 24.528966123000032], [118.20785145000002, 24.57504446300004], [118.22700315800012, 24.61140828200007], [118.18639269900007, 24.618011134000028], [118.21636577700008, 24.651751293000075], [118.15915669100002, 24.676100016000078], [118.12818837600003, 24.59455561900006], [118.14176590600005, 24.52915145700007], [118.19550968600004, 24.488468535000038], [118.18160571100009, 24.442504319000022], [118.1323866250001, 24.417480586000067], [118.08265151800003, 24.45785725500008], [118.11000420300002, 24.545220940000036], [118.00891708900008, 24.572610522000048], [117.96645090700008, 24.544282637000038], [118.062751552, 24.520034289000023], [118.07389590600008, 24.485179538000068], [118.02362646600011, 24.471232868000072], [118.05261938100011, 24.446169386000065], [117.88262327000007, 24.475536482000052], [117.91984299, 24.427843806000055], [117.85636214500005, 24.41105486300006], [117.91799335200005, 24.36811718000007], [118.09103243000004, 24.390033378000055], [118.02447785600009, 24.32381748100005], [118.11746749000008, 24.34670041100003], [118.15006430100004, 24.281722166000065], [118.12053769300007, 24.251584999000045], [117.95237031400006, 24.322032696000065], [117.85403727300002, 24.301079707000042], [117.77157114400006, 24.360323090000065], [117.63614122100012, 24.34457601300005], [117.59729889700009, 24.280287845000032], [117.57056808200002, 24.334957479000025], [117.49423638700011, 24.35158845500007], [117.51930695800002, 24.516083043000037], [117.45542594100004, 24.520340153000063], [117.35314563000009, 24.457946803000027], [117.3061862510001, 24.507517653000036], [117.21193942600007, 24.524263851000057], [117.14696890700009, 24.500341251000066], [117.08955228500008, 24.568339602000037], [117.00192679800011, 24.59999825400007], [117.00944574400012, 24.78413654800005], [117.05459164000001, 24.885765363000075], [116.98131174700006, 24.977751196000042], [116.90102658700005, 24.97826002100004], [116.91675783800008, 25.012861189000034], [116.82979805200011, 25.094407069000056], [116.74395808000008, 25.095011533000047], [116.67590423800004, 25.162140261000047], [116.90217837600005, 25.222920816000055], [116.89203215000009, 25.284241716000054], [116.93584897100004, 25.349731332000033], [116.8576743970001, 25.405595090000077], [116.8094723370001, 25.360104998000054], [116.71925956300004, 25.358139831000074], [116.68186866100007, 25.288722585000073], [116.61681062200012, 25.27129403500004], [116.57294364400002, 25.30899690600006], [116.60467158300003, 25.326330718000065], [116.58699354200007, 25.38065885700007], [116.52625011700002, 25.400908187000027], [116.57765408600005, 25.701986103000024], [116.62958707100006, 25.779831346000037], [116.5997705200001, 25.872814507000044], [116.64988013900006, 25.91285909000004], [116.63967756700004, 26.04651414600005], [116.8108603820001, 26.115264281000066], [116.81606952100003, 26.147020631000032], [116.75144536700009, 26.198077819000048], [116.7606392240001, 26.25802484700006], [116.82047147500009, 26.32413296200008], [117.02526381700011, 26.368744953000032], [117.01507827300009, 26.484290567000073], [116.88074835000009, 26.452248547000067], [116.77146831100004, 26.549045481000064], [116.77901325800008, 26.586521333000064], [116.71528499100009, 26.60329202400004], [116.66681122900002, 26.661260368000057], [116.53706490400009, 26.649975141000027], [116.53939683700003, 26.56969213600007], [116.45757275100004, 26.597285862000035], [116.32998287400005, 26.50456991300007], [116.24713987500002, 26.554534636000028], [116.22012904300004, 26.53789297000003], [116.20183936300009, 26.51331834900003], [116.26092588200004, 26.419214428000032], [116.20930059900002, 26.338178334000077], [116.25806765100003, 26.273151897000048], [116.2521768360001, 26.233312891000026], [116.10370163700009, 26.15041030200007], [116.10639308900011, 26.12107878300003], [115.92926226000009, 26.09868662100007], [115.88978439700008, 26.149369571000022], [115.88029945400001, 26.280101251000076], [115.76998108100008, 26.299071973000025], [115.72128846800001, 26.340692414000046], [115.568757129, 26.287219121000078], [115.49430375200006, 26.20173178600004], [115.4896888620001, 26.142347573000052], [115.36313854100001, 26.080687563000026], [115.34331023800007, 26.15071035300008], [115.25519241500001, 26.189422233000073], [115.2365536100001, 26.23035016700004], [115.05400685500001, 26.284108219000075], [115.02693915300006, 26.381452052000043], [115.06181077300005, 26.47320180300005], [114.91684465800006, 26.556711579000023], [114.83637262400009, 26.699117516000058], [114.77579714500007, 26.664324262000036], [114.75268108300008, 26.699333697000043], [114.71580171300002, 26.69593803400005], [114.6630586770001, 26.64923310200004], [114.60743496100008, 26.72510828000003], [114.51934329700009, 26.69058521100004], [114.54980635200002, 26.59907495300007], [114.52403753800002, 26.51340330100004], [114.6214842820001, 26.471261180000056], [114.67720040100005, 26.392867944000045], [114.75563511300004, 26.391374883000026], [114.68510648100005, 26.235105033000025], [114.64972750200002, 26.205879501000027], [114.52316604700002, 26.230924061000053], [114.47852219300012, 26.171349717000055], [114.41441202700003, 26.161264593000055], [114.37924352200002, 26.108949663000033], [114.25187365200009, 26.038188544000036], [114.01159098100004, 25.98886133900004], [113.99117795100005, 26.04164262200004], [114.21240171000011, 26.147451138000065], [114.21499922900011, 26.218323431000044], [113.93988845800004, 26.17718498000005], [113.837880175, 26.102697308000074], [113.76378504600007, 26.109628263000047], [113.71900645900007, 26.058604752000065], [113.66298727900005, 26.050580797000066], [113.65439819200003, 25.96874125000005], [113.58857650400012, 25.923501936000036], [113.57349817400006, 25.891814987000032], [113.62128693500006, 25.831219275000024], [113.60574860800011, 25.748249314000077], [113.508965912, 25.68903676800005], [113.51175307300002, 25.621936781000045], [113.40591099400001, 25.574009514000068], [113.36655872000006, 25.633085683000047], [113.28245283100011, 25.636041934000048], [113.2473142340001, 25.582497578000073], [113.2544760180001, 25.499199066000074], [113.28704342800006, 25.502007631000026], [113.34638469600009, 25.412500540000053], [113.42175742400002, 25.36846597600004], [113.58935934200008, 25.321209536000026], [113.70736789800003, 25.34611005800008], [113.81712366400006, 25.328795798000044], [113.92525364700009, 25.44374110800004], [114.01843201500003, 25.404195032000075], [114.01609993900001, 25.277319694000028], [114.12364735100005, 25.31378216400003], [114.26524532400003, 25.30046702900006], [114.52378667200003, 25.406467376000023], [114.63762558000008, 25.31975955200005], [114.67570709900008, 25.327445484000066], [114.71216158100003, 25.272132428000077], [114.669281049, 25.21959072100003], [114.70342827800005, 25.132884684000032], [114.82092913000008, 25.06676439200004], [114.85521003100007, 25.000093054000047], [114.93868529300005, 25.021209243000044], [114.97366662400009, 24.91417188400004], [114.98058945500009, 24.794039026000064], [114.84431382100001, 24.716058478000036], [114.80859187800002, 24.656141519000073], [114.7983652040001, 24.586027070000057], [114.8372080260001, 24.552575524000076], [114.89856732700002, 24.649593134000042], [115.0216431230001, 24.688258028000064], [115.15532283100003, 24.675824670000054], [115.17467494300001, 24.710253477000037], [115.31634773300004, 24.74062243700007], [115.36066123400008, 24.778497129000073], [115.46044671800007, 24.738219188000073], [115.54550493300007, 24.635683108000023], [115.48214625700007, 24.572821528000077], [115.4895886270001, 24.50753919700003], [115.57827762600004, 24.468498305000026], [115.54024884000012, 24.348367472000064], [115.5824294460001, 24.229141842000047], [115.52104028600002, 24.216813056000035], [115.58975844300005, 24.189120625000044], [115.65760895900007, 24.102571940000075], [115.69736373400008, 24.102781867000033], [115.76148981800009, 24.013077976000034], [115.84626330900005, 24.000115117000064], [115.92298266600005, 23.900378319000026], [115.99590124300005, 23.89944231000004], [116.00592606000009, 23.84747421800006], [115.89975297800004, 23.764731591000043], [115.76547649200006, 23.53626387500003], [115.64563261600006, 23.552021380000042], [115.59877318500003, 23.499392022000052], [115.65065333900009, 23.466614450000066], [115.6561754490001, 23.369826105000072], [115.76616729500006, 23.38110608100004], [115.79257405200008, 23.347639730000026], [115.7933245700001, 23.26703216100003], [115.73597274200006, 23.25720483500004], [115.757828173, 23.18255298500003], [115.88441204000003, 23.129636842000025], [115.95257742600006, 23.05208962100005], [115.94801551300009, 22.988628265000045], [116.07610004500009, 22.878780925000058], [116.03364909400011, 22.876419387000055], [116.05647179400012, 22.84654378700003], [115.95046604400011, 22.833649484000034], [115.8013414940001, 22.753507197000033], [115.79470467700003, 22.826890285000047], [115.65392481600009, 22.877394448000075], [115.73184317300002, 22.933587016000047], [115.52601390400002, 22.85869030400005], [115.55396522700005, 22.90262361400005], [115.5110607900001, 22.89175737100004], [115.53231560600011, 22.82972889100006], [115.60277195300011, 22.85957872800003], [115.50688532700008, 22.758847693000064], [115.54718452100008, 22.722687175000033], [115.5515145810001, 22.748368377000077], [115.59277082500012, 22.74820535200007], [115.55274458200006, 22.698374838000063], [115.55352133100007, 22.64006722700003], [115.465279957, 22.697042594000038], [115.3867093, 22.67764670100007], [115.3323839200001, 22.70885456800005], [115.3453470500001, 22.750783624000064], [115.42118978400003, 22.754618314000027], [115.39078979300007, 22.77454152400003], [115.2172878770001, 22.782558575000053], [115.30423649500005, 22.868231923000053], [115.23297346200002, 22.820665292000058], [115.17006822300004, 22.820738283000026], [115.16383542500012, 22.77480076300003], [115.00471054200011, 22.81601954300004], [115.01233218100003, 22.709387169000024], [114.97040546200003, 22.69456100900004], [114.9371252090001, 22.758850230000064], [114.85462032100008, 22.75864890200006], [114.87567978600009, 22.705072311000038], [114.89787878000004, 22.717999422000048], [114.95224670000005, 22.663904828000057], [114.89796932600007, 22.615364741000064], [114.88098079600002, 22.54579055800008], [114.86008790900007, 22.602167791000056], [114.7481581940001, 22.57722816000006], [114.72457832000009, 22.59761215700007], [114.72260665400006, 22.728054808000024], [114.80163272900006, 22.781189333000043], [114.76005320900003, 22.817095839000046], [114.74523932800003, 22.772422883000047], [114.50027805900004, 22.740568384000028], [114.54533847300002, 22.69260202600003], [114.47758735500008, 22.64530725700007], [114.55305199500003, 22.64422769600003], [114.56467849100011, 22.61788378800003], [114.47956921200011, 22.553688348000037], [114.52685056300004, 22.55925792000005], [114.58770132200004, 22.493972605000067], [114.52059552800006, 22.481804424000075], [114.48656835500003, 22.441494584000054], [114.45621112200001, 22.557362279000074], [114.39188713600004, 22.589393107000035], [114.27377057600006, 22.577132474000052], [114.20036475400002, 22.529850182000075], [114.3157816050001, 22.501601717000028], [114.16690591100007, 22.45057907100005], [114.19617108600005, 22.39864895100004], [114.31657324500009, 22.472897096000054], [114.33799689600005, 22.422147262000067], [114.36281502000008, 22.454525971000066], [114.38647841700003, 22.435137826000073], [114.36517452400005, 22.369315542000038], [114.25960956000006, 22.370446154000035], [114.29272322200006, 22.318329660000074], [114.27286697800002, 22.237604219000048], [114.248588186, 22.31439549600003], [114.23467300400011, 22.284357143000022], [114.1496181770001, 22.30777280500007], [114.09455013800005, 22.375413045000073], [113.90730162600005, 22.36235550300006], [113.89517141300007, 22.40531641700005], [114.03076633900002, 22.499727551000035], [113.92875695500004, 22.521669649000046], [113.86968676300012, 22.485701446000064], [113.89563643200006, 22.526463801000034], [113.7758092680001, 22.656994798000028], [113.759003828, 22.73792349000007], [113.61733209600004, 22.786641432000067], [113.51881970900001, 23.050862837000068], [113.465975565, 23.060237979000078], [113.49479908100011, 23.008182418000047], [113.49252613700003, 22.906701260000034], [113.46765046700011, 22.897261412000034], [113.59801634200005, 22.737336079000045], [113.4740374800001, 22.78902508400006], [113.60131687600006, 22.629117458000053], [113.31872025100006, 22.81647915600007], [113.27832076000004, 22.778783298000064], [113.33743627800004, 22.785485777000076], [113.38598751500001, 22.736099112000034], [113.46976848000008, 22.71616307900007], [113.56096147000005, 22.594275711000023], [113.54803133700011, 22.377349406000064], [113.6119152220001, 22.357853202000058], [113.56958791900001, 22.288806398000077], [113.59192447500004, 22.22519863800005], [113.56024099500007, 22.176904786000023], [113.43951891100005, 22.15841263300007], [113.31935054000007, 22.34781263900004], [113.2580160980001, 22.38926235400004], [113.24816072700003, 22.285911102000057], [113.30137775900005, 22.170626066000068], [113.25150668100002, 22.09976832700005], [113.25885411800004, 22.050489605000053], [113.138054968, 22.05091154300004], [113.113975288, 22.095981233000032], [113.13544303900005, 22.20188947400004], [113.18487895300007, 22.258908211000062], [113.18290079600001, 22.36073637800007], [113.15224830500006, 22.244030096000074], [113.08314472900008, 22.216185078000024], [113.07306166700005, 22.419053993000034], [113.03152839200004, 22.43858586300007], [113.06879038800002, 22.226730475000068], [112.99697190600011, 22.09428981600007], [113.02683814400007, 21.935174510000024], [112.95996257400009, 21.870107137000048], [112.8902933600001, 21.844900046000078], [112.84995609000009, 21.943134134000047], [112.76224715800004, 21.937719854000022], [112.73077918100012, 21.881904363000046], [112.64815558400005, 21.840142640000067], [112.647661018, 21.775274765000063], [112.56448254700001, 21.746425722000026], [112.43002931500007, 21.81954004200003], [112.4178929200001, 21.892044892000058], [112.50781977000008, 21.959770784000057], [112.49263827000004, 21.978596174000074], [112.470487552, 21.942906607000054], [112.40212286100007, 21.930326527000034], [112.40254569100011, 22.04793730700004], [112.36056068500011, 21.99316305900004], [112.40158852900004, 21.806182086000035], [112.39029522600003, 21.726676688000055], [112.22945966800012, 21.68972013700005], [112.18267931800005, 21.73316425200005]], [[112.83024752200004, 25.87103961200006], [112.75310393400002, 25.73633288600007], [112.80055375300003, 25.69632278100005], [112.79034156900002, 25.66986854700008], [112.72109010200006, 25.66731335700007], [112.76501538900004, 25.577974582000024], [112.73492276600007, 25.49210996000005], [112.77662078900005, 25.435019917000034], [113.01980620800009, 25.53571869600006], [113.1070625970001, 25.62699611000005], [113.14225174800004, 25.61487530100004], [113.23917911300009, 25.774299518000078], [113.21762040800002, 25.903213837000067], [113.15579661600009, 25.947151175000045], [113.18215189000011, 26.00886986200004], [113.161913346, 26.063511909000056], [113.08416263800007, 26.01049217600007], [113.042810884, 26.060858015000065], [112.91542276000007, 26.03388220900007], [112.88008127800003, 26.00321173800006], [112.88454603100001, 25.905602025000064], [112.83024752200004, 25.87103961200006]]], [[[120.72185152700001, 24.227885730000025], [120.75292995100006, 24.219459955000048], [120.75908671800005, 24.167143469000052], [120.65182957200011, 24.125298635000036], [120.560677542, 24.144119876000047], [120.56881759700002, 24.206822514000066], [120.69359384800009, 24.193199594000077], [120.72185152700001, 24.227885730000025]]], [[[118.41121323900006, 24.508790573000056], [118.485669948, 24.46547233800004], [118.47455417900005, 24.40734510900006], [118.36808977900012, 24.416191369000046], [118.33810233600002, 24.36658738400007], [118.29812064400005, 24.406603347000043], [118.30999263900003, 24.474814310000056], [118.373410121, 24.45448664500003], [118.41121323900006, 24.508790573000056]]], [[[121.06624403700005, 24.315895745000034], [120.79836440200006, 24.30564979600007], [120.66445788900012, 24.362191530000075], [120.6206362370001, 24.428742973000055], [120.67732079900009, 24.495281942000076], [120.70201689100008, 24.589805443000046], [120.83235994800009, 24.67413999000007], [120.89971564100006, 24.760767547000057], [120.902904239, 24.832384440000055], [121.08422147200008, 25.053402111000025], [121.41060252500006, 25.158120927000027], [121.42878464000012, 25.232759776000023], [121.55092742300008, 25.302315803000056], [121.69152636400008, 25.17808426600004], [121.61199277700007, 25.134253270000045], [121.65770363800004, 25.057773350000048], [121.70069305600009, 25.04703218800006], [121.76680087900002, 25.155135908000034], [121.91421330900005, 25.116962536000074], [121.92173314500008, 25.04052892800007], [121.98992030600004, 25.019425563000027], [121.90579382100009, 24.94887711900003], [121.80761241800008, 24.947410965000074], [121.7273019800001, 24.851902203000066], [121.57840511500001, 24.782896424000057], [121.5358294880001, 24.722427353000057], [121.42451033900011, 24.683997588000068], [121.27795814400008, 24.431252691000054], [121.1844585340001, 24.411346363000064], [121.06624403700005, 24.315895745000034]]], [[[119.70039441600011, 25.581818686000076], [119.77249051700005, 25.639999601000056], [119.7871337150001, 25.604747874000054], [119.83825978700008, 25.597596320000036], [119.84108598400007, 25.546801970000047], [119.88428556800011, 25.542146737000053], [119.81396823300008, 25.491225453000027], [119.85513138500005, 25.43802456800006], [119.76840599700006, 25.40412038000005], [119.76778142100011, 25.378429372000028], [119.7007627810001, 25.40714203500005], [119.73060945500004, 25.460679835000064], [119.68189159200006, 25.44092464700003], [119.6929486460001, 25.47951281400003], [119.735869567, 25.482293037000034], [119.74093705300004, 25.560909671000047], [119.71159770000008, 25.552378657000077], [119.70039441600011, 25.581818686000076]]], [[[121.93397649500002, 30.171115652000026], [122.31305116600004, 30.00921547100006], [122.293577346, 29.93919763300005], [122.10498214600011, 30.001144710000062], [122.0049979150001, 30.001459502000046], [121.93397649500002, 30.171115652000026]]], [[[122.0973869070001, 30.306375494000065], [122.21810994600003, 30.30788426600003], [122.21778525000002, 30.224517092000042], [122.06612984000003, 30.274894861000064], [122.0973869070001, 30.306375494000065]]], [[[122.51665588500009, 30.692631575000064], [122.41966901400008, 30.702603099000044], [122.41244574200005, 30.735204946000067], [122.51775382400001, 30.715278443000045], [122.51665588500009, 30.692631575000064]]], [[[121.43887118400005, 31.723285399000076], [121.51171392800006, 31.71198337800007], [121.58317326500003, 31.649922282000034], [121.87221198300006, 31.52706590300005], [121.80908007700009, 31.456826845000023], [121.57500637500004, 31.51628900600008], [121.34051829300006, 31.624319356000058], [121.22396786800005, 31.74781411200007], [121.20512984100003, 31.708366196000043], [121.13707889200009, 31.765325209000025], [121.1772310560001, 31.813429504000055], [121.30431244400006, 31.83094348000003], [121.43887118400005, 31.723285399000076]]]]}}]}