{"type": "FeatureCollection", "_meta": {"topic": "song", "year": 1100, "method": "数据源：《宋史·地理志》路制沿革 + 本项目重建的路治坐标 + geoBoundaries 现代县界。**几何是重建的，非史料记载的实际界线。**", "max_km": 260.0, "units_total": 37, "units_matched": 32, "units_missing": [], "counties_placed": 1647, "counties_outside": 1452, "control_sha1": "fc5c73f44a42d755", "gazetteer_sha1": "f334ea95066fb7f1", "built_from": {"control": "song_control.json", "units": "song_lu_gazetteer.json"}}, "features": [{"type": "Feature", "properties": {"id": "上京道", "name": "上京道", "color": "#8a7ca8", "owner": "辽", "units": ["辽·上京道"], "label_lon": 119.199, "label_lat": 44.47}, "geometry": {"type": "Polygon", "coordinates": [[[120.29813962000003, 43.008417707000035], [120.10860878500011, 42.92304437100006], [119.94726545300011, 42.99026666000003], [119.81901001100005, 42.94861545200007], [119.80584591800005, 42.82939741900003], [119.66829310600008, 42.73980489100006], [119.70422157200005, 42.64950307500004], [119.62231832500004, 42.565209408000044], [119.57888808900009, 42.636273017000065], [119.44460128900005, 42.62473588300003], [119.31640676500001, 42.675404720000074], [119.27285958000004, 42.65615474700007], [119.27660987400009, 42.629074649000074], [119.35330044300008, 42.578307679000034], [119.25030638200008, 42.50411481700007], [119.20608928700005, 42.49275583000008], [119.17121299000007, 42.52314293500007], [118.93956201600008, 42.43727734200007], [118.98073028600004, 42.50993911900008], [118.88642491100006, 42.52671376600006], [118.74356946900002, 42.49346318600004], [118.6619494790001, 42.561293395000064], [118.52332042300009, 42.59072543000008], [118.378404208, 42.58031675900003], [118.12120273300002, 42.643979847000026], [117.88802597800009, 42.60913337100004], [117.81974774300011, 42.65014521000006], [117.74482943600003, 42.55663202900007], [117.44019458500009, 42.539330462000066], [117.36796566700002, 42.43614777300007], [117.24828682900011, 42.46308041800006], [116.91501451300007, 42.406467718000044], [116.61659108000003, 42.58695863600008], [116.60817237200001, 42.68327505800005], [116.69553532100008, 42.82657633500003], [116.6680723070001, 42.893165149000026], [116.41200237800001, 43.011992476000046], [116.28987131100007, 43.15987516200005], [116.46094964400004, 43.26006587200004], [116.74628683600008, 43.57591939000008], [116.87806376000003, 43.643900071000076], [116.99911145500005, 43.66115558300004], [117.0404069550001, 43.719169228000055], [116.89251266500003, 43.88552722400004], [116.89533285200002, 43.91862914100005], [116.77945989600005, 43.94945394900003], [116.70691868600011, 44.14683154100004], [116.62121380000008, 44.15543927400006], [116.58878665600002, 44.21644692400008], [116.450960828, 44.29400109900007], [116.31124209900008, 44.315577863000044], [116.2930550320001, 44.35031987800005], [116.34613756100009, 44.44034971800005], [116.4570012480001, 44.49667295200004], [116.54008477100001, 44.738323094000066], [116.27713716100004, 44.95502379000004], [116.13337052600002, 44.88870260200008], [115.9325462060001, 44.68857921400007], [115.88853588200004, 44.69278318000005], [115.75580991400011, 44.85050233100003], [115.334743505, 45.09066215900003], [115.28554814200004, 45.14185218800003], [115.27771924900003, 45.213042752000035], [115.09281599700012, 45.39943990100005], [115.30178851500011, 45.39491735100006], [115.66597795900009, 45.464710007000065], [115.85698208300005, 45.60223541700003], [116.16631720600003, 45.701175352000064], [116.232692541, 45.78957414900003], [116.19162655100001, 45.91242307700003], [116.24270735300001, 46.00424243900005], [116.54113572500012, 46.29647204500003], [116.6996626240001, 46.32248266400006], [116.78420679500005, 46.37810200200005], [117.04954741400002, 46.33960581700006], [117.33111973100006, 46.36012037300003], [117.33179269900006, 46.45966116100004], [117.38829085000009, 46.493490171000076], [117.39526351300003, 46.562612784000066], [117.57476241200004, 46.588537074000044], [117.67377481300002, 46.493070629000044], [117.74151056800008, 46.517978877000075], [117.77941554100005, 46.49958457300005], [117.83252145600011, 46.57365991200004], [118.24409784800002, 46.707394804000046], [118.34899033300007, 46.715386410000065], [118.45213250200004, 46.673975788000064], [118.71962901900008, 46.64873915600003], [118.74540644600006, 46.729641367000056], [118.79112331400006, 46.75445772200004], [118.84566600200003, 46.75311532200004], [118.86919176800006, 46.68397984100005], [118.96550244100001, 46.68653178900007], [119.0813738490001, 46.60086735800007], [119.36665025800005, 46.592559691000076], [119.43304028300008, 46.62138510900007], [119.46418261200006, 46.584632697000075], [119.6555935990001, 46.58162509500005], [119.72125558900007, 46.61402656700005], [119.75023248900004, 46.671882941000035], [119.87617836600009, 46.567551552000054], [119.80782898600012, 46.09475128200006], [119.80116351900006, 45.98485600400005], [119.83432576900009, 45.95599251500005], [119.95399638600009, 45.95699274400005], [120.02205643400009, 45.914908154000045], [120.1686264650001, 45.956964103000075], [120.37326334900001, 45.89241161700005], [120.69125991900012, 45.84712251900004], [121.02462726500005, 45.95238849300006], [121.04846442300004, 45.97649712700007], [121.0365412860001, 46.03747009700004], [121.08712918300012, 46.044715229000076], [121.39993509500005, 45.84836593400007], [121.49134049700001, 45.827154034000046], [121.62579114900007, 45.859221674000025], [121.71510730700004, 45.78552856700003], [121.6087906030001, 45.74751296200003], [121.66702709800006, 45.70040470500004], [121.91382156100008, 45.70071852700005], [121.93430666900008, 45.58726880100005], [121.90145756600009, 45.55488406200004], [122.10118644600004, 45.43803930300004], [122.13813777700011, 45.390749938000056], [122.0779679850001, 45.34275136100007], [122.17952150100007, 45.25213105800003], [122.07540102200005, 45.110792213000025], [122.05605995000008, 44.945805405000044], [121.99954715800004, 44.88856112800005], [122.0175030040001, 44.74987827100006], [122.06665817700002, 44.76525459100003], [122.02249399900006, 44.671094244000074], [122.03440722700009, 44.57868267400005], [122.11612726300007, 44.568388721000076], [122.2659938600001, 44.41827340900005], [122.22239254500005, 44.252002823000055], [122.396461756, 44.21428236100007], [122.98179367300008, 44.50122865800006], [123.12073625900007, 44.49910179300008], [123.09034921300008, 44.37872833100005], [123.31469533800009, 44.150781221000045], [123.31959556000004, 43.99207255400006], [123.41931965000003, 43.838881988000026], [123.39525112600006, 43.73678621400006], [123.49646433900011, 43.64215345000008], [123.428631805, 43.55088525100007], [123.32233060500005, 43.533548075000056], [123.23537524400001, 43.54627592000003], [123.01280847500004, 43.68351619200007], [122.91364873600003, 43.69510902500008], [122.85361453700011, 43.670486803000074], [122.82995369800005, 43.612290073000054], [122.56993055300006, 43.60142163000006], [122.4390325390001, 43.49977249500006], [122.29468360300007, 43.48157829400003], [122.12252847900004, 43.36336300900007], [121.95103655700007, 43.34192757200003], [121.78201829500006, 43.371332806000055], [121.74249060500006, 43.341443439000045], [121.64962775400011, 43.36366136500004], [121.5395912890001, 43.33846543400006], [121.57958092800004, 43.258468296000046], [121.75380465, 43.12006519700003], [121.79264380400002, 42.98283572300005], [122.16648305000001, 42.68336739700004], [121.9552864420001, 42.71322076000007], [121.88122389800003, 42.64817976900008], [121.82992167500004, 42.529173402000026], [121.62564143200007, 42.43627287000004], [121.58674647200007, 42.44606881900006], [121.56447716700006, 42.50314743300004], [121.33918679800001, 42.47330172800008], [120.99046233500007, 42.20875030800005], [120.93714335800007, 42.263080745000025], [120.82913058600002, 42.246504653000045], [120.73599973900002, 42.37121658500007], [120.61127757000008, 42.43258904800007], [120.48424933700005, 42.625840389000075], [120.35627972200007, 42.93194212000003], [120.29813962000003, 43.008417707000035]]]}}, {"type": "Feature", "properties": {"id": "东京道", "name": "东京道", "color": "#8a7ca8", "owner": "辽", "units": ["辽·东京道"], "label_lon": 123.567, "label_lat": 41.672}, "geometry": {"type": "MultiPolygon", "coordinates": [[[[123.13698408300002, 39.10460487300003], [123.17382286600002, 39.05935706200006], [123.12442266500011, 39.03062897900003], [123.09972941, 39.08374778000007], [123.13698408300002, 39.10460487300003]]], [[[122.36247317000004, 39.16182697700003], [122.29615691200001, 39.137154433000035], [122.26329191200011, 39.150076299000034], [122.33312132000003, 39.210739802000035], [122.36247317000004, 39.16182697700003]]], [[[122.58051010500003, 39.220686484000055], [122.71061874700001, 39.22036129600008], [122.66339087400002, 39.19142418100006], [122.58051010500003, 39.220686484000055]]], [[[122.46385002500006, 39.28936429700008], [122.57125225000004, 39.27496256400008], [122.63650965800002, 39.26441563700007], [122.53365634800002, 39.25126836100003], [122.46385002500006, 39.28936429700008]]], [[[122.90680293700007, 39.52888550100005], [122.93080748200009, 39.549255241000026], [122.99275092300002, 39.52887502400006], [122.9517296680001, 39.48656984000007], [122.90680293700007, 39.52888550100005]]], [[[122.44311277300005, 39.41233295700005], [122.34711102400001, 39.42376337300004], [122.20581426900003, 39.31068871000008], [121.92740298700005, 39.28245735000007], [121.81795968600011, 39.368305873000054], [121.92144838000002, 39.404518746000065], [121.79567972300003, 39.37922344200007], [121.66457228900003, 39.405833431000076], [121.65589244500006, 39.37220299400008], [121.60676973800003, 39.358288067000046], [121.45961750000004, 39.374296177000076], [121.40680304000011, 39.49082146000006], [121.47468101700008, 39.50868082300008], [121.52669609400004, 39.59837994700007], [121.49949972700006, 39.67573174700004], [121.42849195100007, 39.72777637100006], [121.4304127050001, 39.79815937300003], [121.4964557720001, 39.86684120800004], [121.57332988500002, 39.86946207500006], [121.65886133400011, 39.921062118000066], [121.73443980200011, 39.914654417000065], [121.8082670550001, 39.96807509000007], [121.83374830800005, 39.99937856400004], [121.78938114300001, 40.01946318200004], [121.86309351500006, 40.047549262000075], [121.9098165580001, 40.11322393900008], [121.96694657600005, 40.12005079000005], [121.95032473900005, 40.17762004200006], [122.02223461400001, 40.18496290200005], [122.05812928300008, 40.24250004900006], [122.04496683600007, 40.290734404000034], [122.13032122000004, 40.335803560000045], [122.157172564, 40.41224744300007], [122.23453737500006, 40.44438270300003], [122.24241800800007, 40.49351083400006], [122.1147311530001, 40.59984418400006], [122.09874900500006, 40.68458198800005], [121.93755342500003, 40.808121045000064], [121.91687143700005, 40.77818952300004], [121.90118445700011, 40.795835759000056], [121.9524010560001, 40.871173707000025], [121.91790938800011, 40.86325455900004], [121.91819823300011, 40.95926872100006], [121.84372955300012, 40.99550681000005], [121.8246600120001, 41.055106745000046], [121.79305505600007, 40.97895146800005], [121.7656127350001, 41.05646393200004], [121.72900803000005, 41.04323076800006], [121.70608257100002, 40.98264320800007], [121.67350096500002, 40.987182906000044], [121.71916309500011, 40.92357288000005], [121.679689671, 40.92325791300004], [121.71488306200001, 40.89584872000006], [121.63424109300001, 40.908030316000065], [121.5637724180001, 40.857736283000065], [121.53801560000011, 40.90695434500003], [121.45475460600005, 40.93463534400007], [121.35126603300012, 40.90957289900007], [121.26216063600009, 40.96476647700007], [121.23289361800005, 40.941764145000036], [121.269745682, 40.91616561700005], [121.13637335700002, 40.93861804100004], [121.0255981790001, 40.81976273600003], [120.99752373500007, 40.827937331000044], [120.99644154200007, 40.95896921100007], [121.058584816, 40.99894309300004], [120.93946542100002, 41.013585155000044], [120.9122760780001, 41.12316517900007], [120.80289279400006, 41.096165093000025], [120.7182438100001, 41.229342666000036], [120.7673509330001, 41.37360048200003], [120.86189457600005, 41.389085968000074], [120.9786596890001, 41.564159403000076], [121.0975803880001, 41.59993043700007], [121.19261134600004, 41.67665339400003], [121.29623463200005, 41.838526529000035], [121.160114098, 41.93528999400007], [120.98344253500011, 41.99189987900007], [121.02535956800011, 42.09563641900007], [120.99046233500007, 42.20875030800005], [121.33918679800001, 42.47330172800008], [121.56447716700006, 42.50314743300004], [121.58674647200007, 42.44606881900006], [121.62564143200007, 42.43627287000004], [121.82992167500004, 42.529173402000026], [121.88122389800003, 42.64817976900008], [121.9552864420001, 42.71322076000007], [122.16648305000001, 42.68336739700004], [121.79264380400002, 42.98283572300005], [121.75380465, 43.12006519700003], [121.57958092800004, 43.258468296000046], [121.5395912890001, 43.33846543400006], [121.64962775400011, 43.36366136500004], [121.74249060500006, 43.341443439000045], [121.78201829500006, 43.371332806000055], [121.95103655700007, 43.34192757200003], [122.12252847900004, 43.36336300900007], [122.29468360300007, 43.48157829400003], [122.4390325390001, 43.49977249500006], [122.56993055300006, 43.60142163000006], [122.82995369800005, 43.612290073000054], [122.87301065500003, 43.68726968200008], [122.96952199800012, 43.69686321300003], [123.23537524400001, 43.54627592000003], [123.32233060500005, 43.533548075000056], [123.30672611900002, 43.438758034000045], [123.48037291100002, 43.366508116000034], [123.47791638800004, 43.42543606400005], [123.66141480700003, 43.38132748100003], [123.65353110400008, 43.41145609000006], [123.70535303100007, 43.41937104200008], [123.75858689000006, 43.52826512100006], [123.82786104000002, 43.53114323300008], [123.939839032, 43.63414040600003], [124.13385837800001, 43.70916896800003], [124.19114928700003, 43.765370990000065], [124.40675103500007, 43.762747373000025], [124.51601264700003, 43.735004272000026], [124.64270061200011, 43.636714633000054], [124.65683933200012, 43.55026250600008], [124.63207076600008, 43.49734902500006], [124.75768374800009, 43.19983431500003], [124.82938979100004, 43.12192267200004], [124.98739743800002, 43.18788523200004], [125.06591957700005, 43.175736011000026], [125.11290989000008, 43.22325150700004], [125.32051, 43.09845848700007], [125.3902324500001, 43.18032567000006], [125.45278091400007, 43.14155138700005], [125.48503132300004, 43.069511039000076], [125.63378168700001, 43.057237144000055], [125.69265689500003, 42.97996155800007], [125.806428, 42.97137343000003], [125.90943147700011, 42.80588963000008], [126.00751259900005, 42.77481133800006], [125.97729860800007, 42.71754341400003], [125.98340247400006, 42.582000737000044], [126.03318818000002, 42.49779341800007], [126.13475172000005, 42.43407133300008], [126.07096968300004, 42.346366353000064], [126.21278371400001, 42.321332906000066], [126.26862313900006, 42.264675097000065], [126.48923259000003, 42.27596355600008], [126.54274313300004, 42.21573805000003], [126.3587776280001, 42.06131413300005], [126.09978527200008, 41.91881405400005], [126.27750191300004, 41.80210119700007], [126.25555861200007, 41.708071016000076], [126.29735582100011, 41.64110928700006], [126.37504631900003, 41.66445906700005], [126.40051262800012, 41.633612095000046], [126.35191881700007, 41.56314098400003], [126.38275500600002, 41.49480300400006], [126.5287735490001, 41.512922686000024], [126.47572574500009, 41.42992135900005], [126.49447417300007, 41.334606043000065], [126.409578441, 41.35111666900008], [126.22225067500005, 41.14435414900004], [126.09844596100004, 41.07774158600006], [126.00142449000009, 40.94961960000006], [125.93762390600011, 40.91784822900007], [125.99955265100004, 40.88878114000005], [125.73212680400002, 40.87138341700006], [125.61820951700008, 40.81457549700008], [125.60457693500007, 40.75103824300004], [125.52881422000007, 40.76110064200003], [125.48227113400003, 40.71038443400005], [125.40585714200006, 40.69896200800008], [125.3606377970001, 40.61665568400008], [125.2620882540001, 40.64130998500008], [125.01913507600011, 40.55441194700006], [124.95136751500002, 40.46724287600006], [124.86395609100009, 40.460379903000046], [124.40216710900006, 40.17168828000007], [124.29843234900011, 40.07498494300006], [124.3052463570001, 39.99437043700004], [124.18591528800005, 39.93689856700007], [124.10511374900011, 39.83634406600004], [123.96942453400004, 39.80673539900005], [123.93515846600008, 39.845617796000056], [123.8336934780001, 39.843227349000074], [123.83223067500012, 39.86877821600007], [123.697938668, 39.82605067600008], [123.60293406300002, 39.866374466000025], [123.51589949900006, 39.77342745300007], [123.49662386500006, 39.808883982000054], [123.43086981800002, 39.79450419900007], [123.41733500400005, 39.74505384100007], [123.3775072310001, 39.732640220000064], [123.36216856300007, 39.804852863000065], [123.3307415700001, 39.77800378500007], [123.23119753000003, 39.806705011000076], [123.22364759800007, 39.76301410000008], [123.16537055100002, 39.72784722800003], [123.21151744000008, 39.727930284000024], [123.24685330200009, 39.686445158000026], [123.1764569820001, 39.70049919500008], [123.095085304, 39.65756330500005], [123.05384387400011, 39.69321995900003], [123.05259043700005, 39.671596186000045], [122.92781173700007, 39.66532232600008], [122.95673063200002, 39.642651863000026], [122.93133982400002, 39.621498501000076], [122.80575441000008, 39.62425940300005], [122.77402158900009, 39.57921494200008], [122.67375946800007, 39.558657184000026], [122.64020995200008, 39.50923675900003], [122.61361686200007, 39.53886091800007], [122.55774367000004, 39.463417797000034], [122.5206303010001, 39.47315883400006], [122.44311277300005, 39.41233295700005]]]]}}, {"type": "Feature", "properties": {"id": "肃州", "name": "肃州", "color": "#8a9ab0", "owner": "西夏", "units": ["夏·肃州"], "label_lon": 98.469, "label_lat": 40.432}, "geometry": {"type": "Polygon", "coordinates": [[[98.89357190800007, 38.28987654900004], [98.92639851300004, 38.19167351400006], [98.97158364300009, 38.159884531000046], [99.10490717000005, 38.15432744300006], [99.26377565700005, 38.01828657500005], [99.33421588300007, 37.89689230600004], [99.63519870200008, 37.81013961900004], [99.68450655900006, 37.66450916800005], [99.49398991500004, 37.52009807400003], [99.41496884200006, 37.294866840000054], [99.42518702800004, 37.19305344800006], [99.48928923500006, 37.07954637700004], [99.47304722200005, 37.04467065000006], [99.32115076200006, 37.09122566600007], [99.26012659100007, 37.05146476700003], [99.26467182900006, 36.992491044000076], [99.22445043900007, 36.99339306000007], [99.06738687600006, 37.07976179600007], [98.81425761600008, 37.062322911000024], [98.78237240300007, 37.076458064000064], [98.72616458200008, 37.23104272900008], [98.56185465700008, 37.315498766000076], [98.27897246900005, 37.28920704800004], [98.14085965800007, 37.33502585700006], [98.01521008600008, 37.691692415000034], [97.90698794800005, 37.75120156300005], [97.75838401100003, 37.92506098800004], [97.78615188300006, 38.279225059000055], [97.63059112600007, 38.399185670000065], [97.43553270000007, 38.42962098700008], [97.33059324800007, 38.540988577000064], [97.31233320500007, 38.63356711500006], [97.14488765100003, 38.74812189000005], [97.18228340200005, 39.22146674700008], [96.98733844900005, 39.18956359900005], [96.92993372900008, 39.08476502000008], [97.00886451300005, 39.01312844000006], [96.97060131100005, 38.779897031000075], [97.00012519000006, 38.71230900300003], [96.95152091900007, 38.67354986400005], [97.00134377300009, 38.57050669000006], [96.99120734700006, 38.36370916800007], [96.81996295300007, 38.34028710100006], [96.58509411700004, 38.421669620000046], [96.52489281900006, 38.48366304500007], [96.52884872300007, 38.534214245000044], [96.30508824000003, 38.61813091100004], [96.16271348000004, 38.628704629000026], [95.99289760800008, 38.75485034500008], [95.72977278100007, 38.84533167400008], [95.61458062200006, 38.99998798200005], [95.41251104000008, 39.08055921700003], [95.27098382400004, 39.21869729400004], [95.11081117500004, 39.18095600500004], [94.89750344400005, 39.25243002600007], [94.69226465500003, 39.24839011000006], [94.60763105500007, 39.297375017000036], [94.62556982100006, 39.46054853000004], [94.59060050000005, 39.720222543000034], [94.70901302900006, 39.74392915800007], [95.04040667700008, 39.953957297000045], [95.41395808300007, 40.038017979000074], [95.37111720900003, 40.11108660800005], [95.36829738900008, 40.26639650800007], [95.31983519800008, 40.32153765100003], [95.18180519300006, 40.37102736800006], [94.94489036900006, 40.393114328000024], [94.86836578800006, 40.45559844200005], [94.85444118900006, 40.548498506000044], [94.91060040100007, 40.71162025000007], [94.87322874200004, 41.01851125300004], [94.82432933900009, 41.12990663900007], [94.83095079300006, 41.66219450700004], [95.20305967300004, 41.78492512400004], [95.39120466900005, 41.79273068600003], [95.53598710200004, 41.85039492900006], [95.92035777800004, 41.832445739000036], [96.10446929100004, 41.98765724100008], [96.05747674900005, 42.00707354800005], [96.08608790800008, 42.30329576400004], [96.04084559600005, 42.60292467100004], [96.34754312500007, 42.71631776500004], [96.97291543000006, 42.75290372400008], [97.17302849500004, 42.80056574500003], [98.23897840600006, 42.63705457300006], [99.43725607200008, 42.55360120300003], [100.05339108600003, 42.637717759000054], [100.26591522400008, 42.623615881000035], [100.34244896400008, 42.67005415600005], [100.81358841900004, 42.67196682400004], [101.82925619400004, 42.49261369800007], [102.10230589800005, 42.19985224200008], [102.30447429100008, 42.148637164000036], [102.72127747800005, 42.129260034000026], [102.99652734700004, 42.023460415000045], [102.48532436200009, 41.22838164700005], [102.25371324600007, 41.03229427200006], [102.11173848500005, 40.96469865800003], [102.03624805600003, 40.85098744100003], [101.72064312600008, 40.71403697200003], [101.36912648600008, 40.491324865000024], [100.95001100700006, 40.47244728700008], [100.34834210000008, 40.352397351000036], [100.07482144100004, 40.26210727500006], [100.00205241100008, 40.267414590000044], [99.98897349900005, 40.20106923800006], [99.59997655600006, 40.008845343000075], [99.55856144400008, 39.911383855000054], [99.48945265500004, 39.852605467000046], [99.79371383600005, 39.84134697600007], [100.13049487800004, 39.71430654300008], [100.28116572600004, 39.69669406400004], [100.33679630700004, 39.63166078300003], [100.33923492400004, 39.52370786700004], [100.54091822500004, 39.45403692300005], [100.53087540500007, 39.36966548400005], [100.89548855200007, 39.35604772000005], [100.87587408800005, 39.15235366700006], [100.91757614500006, 39.085446500000046], [100.85792577900008, 39.048686334000024], [100.85891722400004, 38.97419814700004], [100.75284462800005, 38.875798056000065], [100.70054333200005, 38.77295295400006], [100.54673772000007, 38.73197485400004], [100.49495720700008, 38.59877400600004], [100.40215920100007, 38.54666962600004], [100.51097407700007, 38.45312565300003], [100.77059456600006, 38.396177229000045], [100.81556908300007, 38.33532653800006], [100.75331157500005, 38.274276273000055], [100.60895078800007, 38.22781811300007], [100.63033385400007, 38.07738997200005], [100.75962068300004, 38.076851340000076], [101.20463577700008, 37.88487564600007], [101.08726123100007, 37.75863140400003], [101.16930557900008, 37.61579745500006], [101.10368542100008, 37.581370066000034], [101.02730780900004, 37.59185562000005], [100.90485998200006, 37.48604873800008], [100.84267264700009, 37.46998217000004], [100.80233762200004, 37.63363943500008], [100.74599657700008, 37.56470639100007], [100.52209904500006, 37.60756371000008], [100.51306622000004, 37.66219405900006], [100.56459364400007, 37.71511832600004], [100.46363664100005, 37.80723819700006], [99.90393689100006, 37.979541324000024], [99.71755625300005, 38.15747426900003], [99.60010843400005, 38.21226258000007], [99.34109716000006, 38.26417954400006], [99.26476545000008, 38.31133382000007], [99.05929975900006, 38.25457403000007], [98.91901656800007, 38.31480861700004], [98.89357190800007, 38.28987654900004]]]}}, {"type": "Feature", "properties": {"id": "中京道", "name": "中京道", "color": "#8a7ca8", "owner": "辽", "units": ["辽·中京道"], "label_lon": 118.993, "label_lat": 41.426}, "geometry": {"type": "Polygon", "coordinates": [[[119.28399784600003, 39.68867515100004], [119.25681566600008, 39.60204674400006], [119.16379774200004, 39.57031478300007], [119.24636207000003, 39.57477238400003], [119.19699217300001, 39.462556826000025], [119.2340241500001, 39.43934207900003], [119.22944319600003, 39.39572000100003], [119.10289487300008, 39.46429360700006], [118.95847642700005, 39.46268233500007], [118.9038179480001, 39.54453687800003], [118.87284650000004, 39.516738015000044], [118.82018093800002, 39.538658164000026], [118.80720693100011, 39.61076939600008], [118.72783899800004, 39.69418828400006], [118.78667090300007, 39.85350916800007], [118.7560672520001, 39.88728677000006], [118.7013355250001, 39.88363366800007], [118.62047120300008, 39.82259378800006], [118.42086579800002, 39.822747958000036], [118.44139012700009, 39.935693842000035], [118.18097412600002, 40.05948709900008], [118.16351657400003, 40.14533663100008], [118.09663830200009, 40.23423080200007], [118.10180690900006, 40.34053337000006], [118.17296155500003, 40.40491776700003], [118.20623113800002, 40.508788604000074], [118.08990458900007, 40.62514754100005], [117.97552055800008, 40.64274050600005], [117.8301822200001, 40.57559160300008], [117.83747382000001, 40.66660355300007], [117.80412761000002, 40.69141786300003], [117.58120587500002, 40.576350811000054], [117.498586584, 40.57448075600007], [117.45345129300006, 40.610012366000035], [117.48621322500003, 40.76562239100008], [117.59765057600009, 40.79180719400006], [117.82139772000005, 40.77485434700003], [117.9528768030001, 40.85964196200007], [117.89321977300006, 40.86939900300007], [117.85114194800008, 40.83966877600005], [117.79773945700003, 40.88570452700003], [117.72951259700005, 40.884283363000065], [117.69701106900004, 40.94516525800003], [117.7318386610001, 40.99862575700007], [117.742507756, 41.15833575100004], [117.53441575200009, 41.14092696000006], [117.47560164000004, 41.23541343800008], [117.43376049500012, 41.24135933300005], [117.36453541900005, 41.12258385500007], [117.32958039000005, 41.12990058100007], [117.28726433500003, 41.25634083400007], [117.08753869300006, 41.47272565500003], [116.91280158600011, 41.44854443400004], [116.79247482700009, 41.54736607900003], [116.85791941700006, 41.58619023700004], [116.8636947230001, 41.64932365200008], [116.81978757200011, 41.74674905200004], [116.83929631, 41.79503555300005], [116.6846252260001, 41.92694051800004], [116.64407538900002, 41.90117980500003], [116.50917279100008, 41.91077863600003], [116.47553691300004, 41.96169957200004], [116.39155735800011, 41.929535789000056], [116.38851430600005, 41.98643098200006], [116.31730192700002, 41.98397260000007], [116.21569881900007, 41.93388175700005], [116.18186058700007, 41.85537308100004], [116.08242184500011, 41.831723356000055], [116.04495096700009, 41.75068532300003], [115.98375040700012, 41.78314383400004], [115.92157902500003, 41.90041570100004], [115.97203335800009, 42.07010165600008], [116.18543016900003, 42.20895042800004], [116.21967644900008, 42.35295829300003], [116.25507007800002, 42.37586171000004], [116.3842578550001, 42.32212095800003], [116.46806781500004, 42.32932677400004], [116.53980570800002, 42.46519435400006], [116.64879664300008, 42.56896147700007], [116.91501451300007, 42.406467718000044], [117.24828682900011, 42.46308041800006], [117.36796566700002, 42.43614777300007], [117.44019458500009, 42.539330462000066], [117.74482943600003, 42.55663202900007], [117.81974774300011, 42.65014521000006], [117.83729733900009, 42.619919708000054], [117.94774510700006, 42.606481631000065], [118.12120273300002, 42.643979847000026], [118.378404208, 42.58031675900003], [118.47273350500006, 42.597125326000025], [118.6619494790001, 42.561293395000064], [118.74356946900002, 42.49346318600004], [118.88642491100006, 42.52671376600006], [118.98073028600004, 42.50993911900008], [118.93956201600008, 42.43727734200007], [119.17121299000007, 42.52314293500007], [119.20608928700005, 42.49275583000008], [119.25030638200008, 42.50411481700007], [119.35330044300008, 42.578307679000034], [119.27660987400009, 42.629074649000074], [119.27285958000004, 42.65615474700007], [119.31640676500001, 42.675404720000074], [119.44460128900005, 42.62473588300003], [119.57888808900009, 42.636273017000065], [119.62231832500004, 42.565209408000044], [119.70422157200005, 42.64950307500004], [119.66829310600008, 42.73980489100006], [119.80584591800005, 42.82939741900003], [119.81901001100005, 42.94861545200007], [119.94726545300011, 42.99026666000003], [120.10860878500011, 42.92304437100006], [120.29813962000003, 43.008417707000035], [120.61127757000008, 42.43258904800007], [120.73599973900002, 42.37121658500007], [120.82913058600002, 42.246504653000045], [120.93714335800007, 42.263080745000025], [120.99046233500007, 42.20875030800005], [121.02535956800011, 42.09563641900007], [120.98344253500011, 41.99189987900007], [121.160114098, 41.93528999400007], [121.29623463200005, 41.838526529000035], [121.19261134600004, 41.67665339400003], [121.0975803880001, 41.59993043700007], [120.9786596890001, 41.564159403000076], [120.86189457600005, 41.389085968000074], [120.7673509330001, 41.37360048200003], [120.71420031200012, 41.27032068600005], [120.7700270150001, 41.11943931500008], [120.80289279400006, 41.096165093000025], [120.9122760780001, 41.12316517900007], [120.93946542100002, 41.013585155000044], [121.058584816, 40.99894309300004], [120.99644154200007, 40.95896921100007], [120.99752373500007, 40.827937331000044], [120.92931353300003, 40.82551422600005], [120.91951420800001, 40.78284384400007], [120.88129087100003, 40.77315529900005], [120.88002542700008, 40.74701448500008], [120.98033851100001, 40.71021895900003], [120.79053451700008, 40.67605345000004], [120.75945702000001, 40.614321534000055], [120.63794360200006, 40.54223164700005], [120.61414516800005, 40.48526232200004], [120.49841903900005, 40.399085298000045], [120.54889145200002, 40.36633869700006], [120.47185768400004, 40.320618359000036], [120.45211860600011, 40.24706954000004], [120.38599554200005, 40.19055983700008], [120.33209356500004, 40.19728753900006], [119.92178475900005, 40.05546375000006], [119.85191808500008, 39.98365366500008], [119.76175908700009, 39.95207842100007], [119.614418827, 39.92801471100006], [119.5706587090001, 39.88769374900005], [119.52093687000001, 39.89742495300004], [119.47975035500008, 39.857802141000036], [119.48709107800005, 39.798623458000066], [119.40241358600008, 39.78902796400007], [119.28399784600003, 39.68867515100004]]]}}, {"type": "Feature", "properties": {"id": "西京道", "name": "西京道", "color": "#8a7ca8", "owner": "辽", "units": ["辽·西京道"], "label_lon": 112.942, "label_lat": 40.47}, "geometry": {"type": "Polygon", "coordinates": [[[112.6043315280001, 39.06596286600006], [112.5081928950001, 39.11204055800005], [112.23542590800002, 39.12071273400005], [112.12976413100012, 39.25637642500004], [112.04817687100001, 39.26434010200006], [111.98956599400009, 39.38878610900008], [111.89371633600007, 39.37472987000007], [111.79082368500008, 39.30307542000003], [111.73830989000004, 39.34456278500005], [111.69717964700004, 39.31449409700008], [111.70797594200008, 39.23349728300008], [111.54947469000007, 39.204253375000064], [111.42180087100007, 39.28855854300008], [111.36331678200008, 39.417261695000036], [111.23010079000005, 39.382713239000054], [111.13629821600006, 39.40196327600006], [111.07539696500004, 39.481976049000025], [111.12753852700007, 39.571772777000035], [111.09215455900005, 39.58091341100004], [110.81523858500009, 39.46964704100003], [110.72831533900006, 39.397618813000065], [110.71459243000004, 39.315438466000046], [110.66339471000003, 39.256446753000034], [110.48543134900007, 39.34138819000003], [110.28002897500005, 39.61339442800005], [110.17858957300007, 39.573047743000075], [110.09718937300005, 39.60501034500004], [110.15460020300009, 39.741997326000046], [110.23502976100008, 39.724240475000045], [110.32151687000004, 39.75763297000003], [110.37283816500008, 39.83417586000007], [110.37144845900008, 39.88925710700005], [110.65245738800007, 40.038417424000045], [110.64800866800005, 40.249090574000036], [110.61124926400004, 40.313725317000035], [110.47090969600004, 40.400266266000074], [110.40036796200008, 40.391297407000025], [110.27624035100007, 40.48064779200007], [110.34298883500009, 40.49803467800007], [110.39389621200007, 40.55583276900006], [110.46055441300007, 40.81103593900008], [110.61337945200006, 40.79786169100004], [110.69211804700006, 40.82811434000007], [110.68296198600007, 40.92391473600003], [110.59790767800007, 40.912671645000046], [110.64431578600005, 41.03346555200005], [110.58222442900006, 41.192403616000036], [110.46194684900007, 41.288209495000046], [110.74770979500005, 41.36849628300007], [110.87610237200005, 41.30156483600007], [110.98433811600006, 41.32707573600004], [111.20256467700005, 41.228412426000034], [111.38030794200006, 41.29719672600004], [111.38719482400006, 41.34705995400003], [111.68195272600008, 41.31188591500006], [111.81710311000006, 41.21628342900004], [111.91791616000006, 41.22343359900003], [111.93993639100006, 41.26144725000006], [111.91818499600004, 41.31719739300007], [112.0893777010001, 41.42895829500003], [112.07333056900006, 41.49719737000004], [112.10138908300007, 41.57792625400003], [112.17559392200008, 41.67197445700003], [112.41491377000011, 41.65373421400005], [112.47874582000009, 41.78860177100006], [112.7659898280001, 41.81747831900003], [112.77273231200002, 41.88388221800005], [112.92604399200002, 41.97942493600004], [113.08889594400011, 41.961383529000045], [113.15661691800005, 41.98718553600003], [113.4324064330001, 42.17409343800006], [113.86674181700005, 42.055546873000026], [113.90078840700005, 41.94909198200003], [113.94799656400005, 41.948826645000054], [114.0624051960001, 42.00429532900006], [114.05012338800009, 42.06856115700003], [114.075590895, 42.099849961000075], [114.17360243400003, 42.128437903000076], [114.2723906010001, 42.20284488400006], [114.40000363600006, 42.12006867100007], [114.42089694700007, 42.15424259500003], [114.39013765400011, 42.21942735700003], [114.60293437000007, 42.26999924100005], [114.76973109800008, 42.18862204700008], [114.85172738100005, 42.10662199700005], [114.91451215200004, 41.84745889000004], [114.8717940460001, 41.78047222400005], [114.8623690180001, 41.60618873000004], [114.81799558400007, 41.52292423600005], [114.83946129300011, 41.492089220000025], [114.91799577100005, 41.46873151600005], [114.90959405000001, 41.503105246000075], [115.00561942600007, 41.51011749000003], [115.28655757000001, 41.447493585000075], [115.43602097400003, 41.31927048500006], [115.44797174100006, 41.24977237100006], [115.39982379800006, 41.21636745100005], [115.06769404600004, 41.23072305200003], [115.01336062700011, 41.17682126300008], [115.0226681260001, 41.11532122700004], [114.78003422400002, 40.996225878000075], [114.80147255800011, 40.93328706500006], [114.76517007600012, 40.864276302000064], [114.80001822100007, 40.75347817100004], [114.74536158100011, 40.636230960000034], [114.77387091500009, 40.49640253100006], [114.68996904900007, 40.42866300900005], [114.67606703500007, 40.35820731900003], [114.75846117300011, 40.32969574300006], [114.79656493800007, 40.16745406800004], [114.988056088, 40.13233403400005], [114.97877703300003, 40.05482624900003], [115.041817766, 39.940377727000055], [115.01168630200004, 39.67728932600005], [115.0796114210001, 39.649261909000074], [115.02647472100011, 39.572074361000034], [115.0444561590001, 39.54277823500007], [114.9896779930001, 39.49820840800004], [115.02500509000004, 39.415374421000024], [114.99956688200007, 39.33410856300003], [114.85027631100002, 39.24406701400005], [114.83377785300002, 39.169240890000026], [114.870670012, 39.12038830500006], [114.8420166950001, 39.08720221900006], [114.59224140700007, 39.12539530200007], [114.45584426900007, 39.01147593400003], [114.25485316200002, 39.09147631700006], [114.15848603100005, 39.03880061600006], [114.00394873500011, 39.110603033000075], [113.74800910400006, 38.98800004000003], [113.65090415200007, 39.01314060000004], [113.60964965000005, 39.067210860000046], [113.56152925300012, 39.06241509500006], [113.44947387000002, 38.978336349000074], [113.28947964600002, 38.99128697900005], [113.23601834500005, 38.89569642500004], [112.99040995500002, 38.83032098000007], [112.90135144400006, 38.945183471000064], [112.74017738900011, 39.04686480600003], [112.69695186700005, 39.14845775500004], [112.6043315280001, 39.06596286600006]]]}}, {"type": "Feature", "properties": {"id": "南京道", "name": "南京道", "color": "#8a7ca8", "owner": "辽", "units": ["辽·南京道"], "label_lon": 116.541, "label_lat": 40.106}, "geometry": {"type": "MultiPolygon", "coordinates": [[[[118.8420736060001, 39.106463406000046], [118.9353143400001, 39.155306573000075], [118.94631382900002, 39.14844775600005], [118.8420736060001, 39.106463406000046]]], [[[116.33948381900007, 38.64217417300006], [115.91482111800008, 38.51800391200004], [115.98107099100002, 38.74346993200004], [115.64180369100006, 38.70840848300003], [115.6619424920001, 38.77608565400004], [115.75050998100005, 38.83319523600005], [115.75570663100007, 38.88196157200008], [115.453169064, 38.93889464500006], [115.32639943800007, 39.08603106000004], [115.17413199700002, 39.04143303200004], [115.05252750400007, 39.051537206000035], [114.96191543000009, 39.12466107900008], [114.870670012, 39.12038830500006], [114.83377785300002, 39.169240890000026], [114.85027631100002, 39.24406701400005], [114.99956688200007, 39.33410856300003], [115.02500509000004, 39.415374421000024], [114.9896779930001, 39.49820840800004], [115.0444561590001, 39.54277823500007], [115.02647472100011, 39.572074361000034], [115.0796114210001, 39.649261909000074], [115.01168630200004, 39.67728932600005], [115.041817766, 39.940377727000055], [114.97877703300003, 40.05482624900003], [114.988056088, 40.13233403400005], [114.79656493800007, 40.16745406800004], [114.75846117300011, 40.32969574300006], [114.67606703500007, 40.35820731900003], [114.68996904900007, 40.42866300900005], [114.77387091500009, 40.49640253100006], [114.74536158100011, 40.636230960000034], [114.80001822100007, 40.75347817100004], [114.76517007600012, 40.864276302000064], [114.80147255800011, 40.93328706500006], [114.78003422400002, 40.996225878000075], [115.0226681260001, 41.11532122700004], [115.01336062700011, 41.17682126300008], [115.06769404600004, 41.23072305200003], [115.39982379800006, 41.21636745100005], [115.44797174100006, 41.24977237100006], [115.43602097400003, 41.31927048500006], [115.28655757000001, 41.447493585000075], [114.96027495800001, 41.514076517000035], [114.90959405000001, 41.503105246000075], [114.91799577100005, 41.46873151600005], [114.86994322100009, 41.476465232000066], [114.81799558400007, 41.52292423600005], [114.8623690180001, 41.60618873000004], [114.8717940460001, 41.78047222400005], [114.91451215200004, 41.84745889000004], [114.85172738100005, 42.10662199700005], [114.92149188500002, 42.08335408000005], [115.08631914800003, 42.10601938000008], [115.24962666600004, 42.069250115000045], [115.33611380100001, 42.09263276000007], [115.46514053600004, 42.185123916000066], [115.50683850700011, 42.13244597900007], [115.58312140500004, 42.14929277200008], [115.59502793600006, 42.115574984000034], [115.78727866300005, 42.12497044200006], [115.80777230300009, 42.09952044000005], [115.78557587600005, 41.949365801000056], [115.89211839300003, 41.924889662000055], [115.98375040700012, 41.78314383400004], [116.04495096700009, 41.75068532300003], [116.08242184500011, 41.831723356000055], [116.18186058700007, 41.85537308100004], [116.21569881900007, 41.93388175700005], [116.31730192700002, 41.98397260000007], [116.38851430600005, 41.98643098200006], [116.39155735800011, 41.929535789000056], [116.47553691300004, 41.96169957200004], [116.50917279100008, 41.91077863600003], [116.64407538900002, 41.90117980500003], [116.6846252260001, 41.92694051800004], [116.83929631, 41.79503555300005], [116.81978757200011, 41.74674905200004], [116.8636947230001, 41.64932365200008], [116.85791941700006, 41.58619023700004], [116.79247482700009, 41.54736607900003], [116.82441380900002, 41.51968121800007], [116.91280158600011, 41.44854443400004], [117.08753869300006, 41.47272565500003], [117.28726433500003, 41.25634083400007], [117.32958039000005, 41.12990058100007], [117.36453541900005, 41.12258385500007], [117.43376049500012, 41.24135933300005], [117.47560164000004, 41.23541343800008], [117.53441575200009, 41.14092696000006], [117.742507756, 41.15833575100004], [117.7318386610001, 40.99862575700007], [117.69701106900004, 40.94516525800003], [117.72951259700005, 40.884283363000065], [117.79773945700003, 40.88570452700003], [117.85114194800008, 40.83966877600005], [117.89321977300006, 40.86939900300007], [117.9528768030001, 40.85964196200007], [117.82139772000005, 40.77485434700003], [117.59765057600009, 40.79180719400006], [117.48621322500003, 40.76562239100008], [117.45345129300006, 40.610012366000035], [117.498586584, 40.57448075600007], [117.58120587500002, 40.576350811000054], [117.80412761000002, 40.69141786300003], [117.83747382000001, 40.66660355300007], [117.8301822200001, 40.57559160300008], [117.97552055800008, 40.64274050600005], [118.08990458900007, 40.62514754100005], [118.20623113800002, 40.508788604000074], [118.17296155500003, 40.40491776700003], [118.10180690900006, 40.34053337000006], [118.09663830200009, 40.23423080200007], [118.16351657400003, 40.14533663100008], [118.18097412600002, 40.05948709900008], [118.44139012700009, 39.935693842000035], [118.42086579800002, 39.822747958000036], [118.62047120300008, 39.82259378800006], [118.7013355250001, 39.88363366800007], [118.7560672520001, 39.88728677000006], [118.78667090300007, 39.85350916800007], [118.72783899800004, 39.69418828400006], [118.80720693100011, 39.61076939600008], [118.82018093800002, 39.538658164000026], [118.87284650000004, 39.516738015000044], [118.9038179480001, 39.54453687800003], [118.95847642700005, 39.46268233500007], [119.10289487300008, 39.46429360700006], [119.22944319600003, 39.39572000100003], [119.1277606320001, 39.385031], [119.08267382500003, 39.29687846200005], [118.94576968900003, 39.18132026100005], [118.83989973100006, 39.14663015700006], [118.81183863100011, 39.17457468300006], [118.71002035200002, 39.132312349000074], [118.56269136100002, 39.166735033000066], [118.27045595400011, 39.02039098600005], [118.14174853200007, 39.17760754300008], [118.06141349300003, 39.21292269300005], [117.9040441410001, 39.198502258000076], [117.69975866900006, 39.09459143500004], [117.73968769300006, 38.97526025600007], [117.6976317430001, 38.97308644900005], [117.54156008500001, 38.76273802600008], [117.55436242700011, 38.721513050000056], [117.50860482500002, 38.60150777500007], [117.76394966600003, 38.29021405200007], [117.6937358350001, 38.27433334600005], [117.6925345620001, 38.23225374800006], [117.6026772570001, 38.26531999700006], [117.44617586600009, 38.22965201100004], [117.31254736000005, 38.15419183000006], [117.21957879000001, 38.16174324100007], [117.15715007100005, 38.206681529000036], [117.11717167000006, 38.187084424000034], [117.12633813000002, 38.15666551800007], [117.00182867900003, 38.092253811000035], [116.75191396700006, 38.12416128800004], [116.60401052000009, 38.191096207000044], [116.45893167600002, 38.210170780000055], [116.41391539100005, 38.320620131000055], [116.56247111300002, 38.41579993800008], [116.56498658100008, 38.473229471000025], [116.43134857300004, 38.50695451000007], [116.33948381900007, 38.64217417300006]]]]}}, {"type": "Feature", "properties": {"id": "西凉府", "name": "西凉府", "color": "#8a9ab0", "owner": "西夏", "units": ["夏·西凉府"], "label_lon": 102.435, "label_lat": 38.466}, "geometry": {"type": "Polygon", "coordinates": [[[102.03917624300004, 35.69228450800006], [101.88743488500006, 35.661004766000076], [101.79504717600008, 35.707957984000075], [101.56927651000007, 35.50049549100004], [101.50103721400006, 35.64132929500005], [101.34119173600004, 35.69163116300007], [101.15795982200007, 36.142597625000064], [101.22199431600006, 36.33614921100008], [101.01030524000004, 36.54488827200004], [100.90464912200008, 36.78607374500007], [100.76063619400009, 36.70019301900004], [100.73048766300008, 36.73043739700006], [100.78378644000009, 36.778583913000034], [100.75787222500009, 36.824169117000054], [100.59269924500006, 36.86434471500007], [100.48987705700006, 37.01734584700006], [100.26069831200005, 37.22487693800008], [100.22640567200006, 37.18825207500004], [100.11874127400006, 37.18002591800007], [100.01579204500007, 37.21401625100003], [99.79766310300005, 37.164440228000046], [99.75739769900008, 37.09790617400006], [99.83649500300004, 37.01236142700003], [99.84963451900006, 36.94453274600005], [99.56381414500004, 37.11160834300006], [99.45031392200008, 37.13876187400007], [99.41496884200006, 37.294866840000054], [99.49398991500004, 37.52009807400003], [99.68450655900006, 37.66450916800005], [99.63519870200008, 37.81013961900004], [99.33421588300007, 37.89689230600004], [99.26377565700005, 38.01828657500005], [99.10490717000005, 38.15432744300006], [98.97158364300009, 38.159884531000046], [98.92639851300004, 38.19167351400006], [98.89357190800007, 38.28987654900004], [98.91901656800007, 38.31480861700004], [99.05929975900006, 38.25457403000007], [99.26476545000008, 38.31133382000007], [99.34109716000006, 38.26417954400006], [99.60010843400005, 38.21226258000007], [99.71755625300005, 38.15747426900003], [99.90393689100006, 37.979541324000024], [100.46363664100005, 37.80723819700006], [100.56459364400007, 37.71511832600004], [100.51306622000004, 37.66219405900006], [100.52209904500006, 37.60756371000008], [100.74599657700008, 37.56470639100007], [100.80233762200004, 37.63363943500008], [100.84267264700009, 37.46998217000004], [100.90485998200006, 37.48604873800008], [101.02730780900004, 37.59185562000005], [101.10368542100008, 37.581370066000034], [101.16930557900008, 37.61579745500006], [101.08726123100007, 37.75863140400003], [101.20463577700008, 37.88487564600007], [100.75962068300004, 38.076851340000076], [100.63033385400007, 38.07738997200005], [100.60895078800007, 38.22781811300007], [100.75331157500005, 38.274276273000055], [100.81556908300007, 38.33532653800006], [100.77059456600006, 38.396177229000045], [100.51097407700007, 38.45312565300003], [100.40215920100007, 38.54666962600004], [100.49495720700008, 38.59877400600004], [100.54673772000007, 38.73197485400004], [100.70054333200005, 38.77295295400006], [100.75284462800005, 38.875798056000065], [100.85891722400004, 38.97419814700004], [100.85792577900008, 39.048686334000024], [100.91757614500006, 39.085446500000046], [100.87587408800005, 39.15235366700006], [100.89548855200007, 39.35604772000005], [100.53087540500007, 39.36966548400005], [100.54091822500004, 39.45403692300005], [100.33923492400004, 39.52370786700004], [100.33679630700004, 39.63166078300003], [100.28116572600004, 39.69669406400004], [100.13049487800004, 39.71430654300008], [99.79371383600005, 39.84134697600007], [99.48945265500004, 39.852605467000046], [99.55856144400008, 39.911383855000054], [99.59997655600006, 40.008845343000075], [99.98897349900005, 40.20106923800006], [100.00205241100008, 40.267414590000044], [100.07482144100004, 40.26210727500006], [100.34834210000008, 40.352397351000036], [100.95001100700006, 40.47244728700008], [101.36912648600008, 40.491324865000024], [101.72064312600008, 40.71403697200003], [102.03624805600003, 40.85098744100003], [102.11173848500005, 40.96469865800003], [102.25371324600007, 41.03229427200006], [102.48532436200009, 41.22838164700005], [102.99652734700004, 42.023460415000045], [103.39683968000008, 41.86504235000007], [103.54824852100006, 41.59197115500007], [103.88391729200004, 41.37447441300003], [103.96847259800006, 41.203922109000075], [104.10104418900005, 41.082017687000075], [104.19435363600007, 40.912489798000024], [104.49847023800004, 40.59407885300004], [104.48898005400008, 40.468213899000034], [104.59711188300008, 40.41484115900005], [104.57841434600005, 40.29208552600005], [104.68167700700008, 40.14043258500004], [104.44353037800005, 40.06798256500008], [104.24860686400007, 39.88858135700008], [104.30336035700009, 39.73640578000004], [104.32333206600003, 39.53503865500005], [104.27947693900006, 39.482473836000054], [104.09378960400005, 39.39861390300007], [104.07953296000005, 39.27348495900003], [104.20733149900008, 39.073827754000035], [104.17999896200007, 38.93631531800003], [104.02318506300008, 38.84751804900003], [103.89664627900004, 38.60598161300004], [103.42454245600004, 38.38905586200008], [103.50591293600007, 38.324816035000026], [103.53765203200004, 38.24068409600005], [103.53339235200008, 38.111161924000044], [103.43096560400005, 38.10721223400003], [103.37732481200004, 38.06378196400004], [103.42048928000008, 37.83101063500004], [103.71279701200007, 37.74872845900006], [103.85659752100008, 37.59140892700003], [104.10460565100004, 37.442041983000024], [104.66226321400006, 37.39979369200006], [104.81625243100007, 37.41840403700007], [104.76768290800004, 37.34643258700004], [104.61794435500008, 37.27026837000005], [104.66938741700005, 37.222971296000026], [104.85627745500005, 37.21071988500006], [104.95942999000005, 37.05708647800003], [105.11743574000008, 37.00380101600007], [105.16896723700006, 36.94904786800004], [105.16148993800005, 36.86904410100004], [105.25999683100008, 36.90104785300008], [105.29177106600008, 36.86766877500003], [105.32346732800005, 36.74215474700003], [105.22319592100007, 36.66848917900006], [105.25926730200007, 36.528087079000045], [105.39767329100005, 36.47643180000006], [105.46938936000004, 36.32701614900003], [105.37770072800004, 36.308794645000035], [105.29082284300006, 36.38303833000003], [105.24656505600007, 36.38348498800008], [105.08210933400005, 36.296411644000045], [104.88477544800008, 36.27693122200003], [104.67842795900003, 36.169964632000074], [104.55534224200005, 36.20238911600006], [104.50306810800004, 36.37286547100007], [104.42505864800006, 36.424367937000056], [104.31375478000007, 36.332966516000056], [104.24074501100006, 36.358736488000034], [104.19829041200006, 36.33832912300005], [104.17967636200007, 36.248889930000075], [104.20103911900009, 36.182402710000076], [104.16483813300005, 36.12901911500006], [104.05924830100008, 36.12331825900003], [104.05913771300004, 36.08106199100007], [103.91550935100008, 35.99795339900004], [103.94494753400005, 35.833616343000074], [103.83182987700008, 35.81421822800007], [103.69416382100007, 35.92384849000007], [103.56993049900007, 35.91220789600004], [103.54038123300006, 35.945864372000074], [103.46274402400007, 35.89858497300003], [103.34383737400009, 35.92407513400008], [103.10341492200007, 35.75114844700005], [103.03764874500007, 35.59068936400007], [102.88244166800007, 35.54676041700003], [102.74906307700007, 35.58367123600004], [102.71373191300006, 35.51307322500003], [102.51263181600007, 35.52349345400006], [102.44407967000006, 35.41908709100005], [102.39644527800004, 35.56029823600005], [102.18505984700005, 35.71996192700004], [102.05929062600006, 35.723742050000055], [102.03917624300004, 35.69228450800006]]]}}, {"type": "Feature", "properties": {"id": "兴庆府", "name": "兴庆府", "color": "#8a9ab0", "owner": "西夏", "units": ["夏·兴庆府"], "label_lon": 106.492, "label_lat": 38.805}, "geometry": {"type": "Polygon", "coordinates": [[[106.04345971500004, 36.54527712300006], [106.04083319800009, 36.375347592000026], [105.96107723900008, 36.287026498000046], [106.00660542300005, 36.19381396500006], [105.70604178200006, 36.15399890200007], [105.58410951700006, 36.21902920700006], [105.49739080200004, 36.19824691200006], [105.48690444900006, 36.296647645000064], [105.39767329100005, 36.47643180000006], [105.25926730200007, 36.528087079000045], [105.22319592100007, 36.66848917900006], [105.32346732800005, 36.74215474700003], [105.29177106600008, 36.86766877500003], [105.25999683100008, 36.90104785300008], [105.16148993800005, 36.86904410100004], [105.16896723700006, 36.94904786800004], [105.11743574000008, 37.00380101600007], [104.95942999000005, 37.05708647800003], [104.85627745500005, 37.21071988500006], [104.66938741700005, 37.222971296000026], [104.61794435500008, 37.27026837000005], [104.76768290800004, 37.34643258700004], [104.81625243100007, 37.41840403700007], [104.66226321400006, 37.39979369200006], [104.10460565100004, 37.442041983000024], [103.85659752100008, 37.59140892700003], [103.71279701200007, 37.74872845900006], [103.42048928000008, 37.83101063500004], [103.37732481200004, 38.06378196400004], [103.43096560400005, 38.10721223400003], [103.53339235200008, 38.111161924000044], [103.53765203200004, 38.24068409600005], [103.50591293600007, 38.324816035000026], [103.42454245600004, 38.38905586200008], [103.89664627900004, 38.60598161300004], [104.02318506300008, 38.84751804900003], [104.17999896200007, 38.93631531800003], [104.20733149900008, 39.073827754000035], [104.07953296000005, 39.27348495900003], [104.09378960400005, 39.39861390300007], [104.27947693900006, 39.482473836000054], [104.32333206600003, 39.53503865500005], [104.30336035700009, 39.73640578000004], [104.24860686400007, 39.88858135700008], [104.44353037800005, 40.06798256500008], [104.68167700700008, 40.14043258500004], [104.57841434600005, 40.29208552600005], [104.59711188300008, 40.41484115900005], [104.48898005400008, 40.468213899000034], [104.49847023800004, 40.59407885300004], [104.19435363600007, 40.912489798000024], [104.10104418900005, 41.082017687000075], [103.96847259800006, 41.203922109000075], [103.88391729200004, 41.37447441300003], [103.50728183500007, 41.638830866000035], [103.39683968000008, 41.86504235000007], [103.86778784000006, 41.76965810200005], [104.54085553800007, 41.85442879500005], [104.54606373300004, 41.626298588000054], [104.92915394200008, 41.635931423000045], [105.00047500600004, 41.561192591000065], [105.26331178300006, 41.73579858700003], [105.19949709500008, 41.39915078100006], [105.29560986800004, 41.190290927000035], [105.29103441800004, 40.950191966000034], [105.38858586400005, 40.81757050200008], [105.73201228500005, 40.83127672100005], [105.89725759700008, 40.74094575100003], [106.18597313800007, 40.713267640000026], [106.25004993200008, 40.75108382800005], [106.33297651300006, 40.89673311700005], [106.40459340100006, 40.91843126500004], [106.47401837700005, 40.86300093500006], [106.49770040400006, 40.76804253800003], [106.57284966000009, 40.783683462000056], [107.02263212200006, 40.644531578000056], [107.09130611400008, 40.584212265000076], [107.14272325200005, 40.44793301400006], [107.19094130300005, 40.48886782100004], [107.18439726800005, 40.55015840400006], [107.22961036000004, 40.563374243000055], [107.25148879500006, 40.64368307500007], [107.36379273200004, 40.645917782000026], [107.67524099500008, 40.79597046500004], [107.71535955200005, 40.84580393300007], [107.89020245900008, 40.860910545000024], [108.13669426900009, 40.852218066000034], [108.18384193200006, 40.80370903100004], [108.30548701100008, 40.77455534100005], [108.37139322100006, 40.809146388000045], [108.43550271800007, 40.73925135300004], [108.55276649900009, 40.70983768000008], [108.56247066400005, 40.642378447000056], [108.70437886700006, 40.619233300000076], [108.77663211000004, 40.53085201500005], [108.85866894500003, 40.59604372500007], [108.94690259200007, 40.53534171200005], [109.02956643700008, 40.56665083900003], [108.98751777400008, 40.377415738000025], [109.09825349300007, 40.252935130000026], [109.04726609500005, 40.13598977400005], [109.07803912400004, 40.05654211700005], [109.15563856500006, 40.04362014700007], [109.17518788300004, 40.00564772900003], [109.08774201500006, 39.917410532000076], [109.16495122500004, 39.79261013000007], [109.21960308300004, 39.77641585400005], [109.25152311800008, 39.72214497700003], [109.20342854800003, 39.565372833000026], [109.02959927700005, 39.570028953000076], [108.99150678500007, 39.39423011300005], [109.09612252600004, 39.34372354000004], [109.13455637400006, 39.36408338900003], [109.31984406400005, 39.330170311000074], [109.32215564300009, 39.263201526000046], [109.35772811100009, 39.23634003300003], [109.47412662900007, 39.24488210000004], [109.50947733500004, 39.02959543600008], [109.55617395800004, 38.96118959300003], [109.61279457100005, 38.94104822700007], [109.54341584400004, 38.816838698000026], [109.39367648600006, 38.793228826000075], [109.35582195900008, 38.70816780000007], [109.30574697100008, 38.68492030900006], [109.33097265000004, 38.61432475300006], [109.25852327600006, 38.616581507000035], [109.16091739600006, 38.57089201300005], [109.06560581200006, 38.44823614100005], [108.89807246400005, 38.34967115300003], [108.86425895800005, 38.204399539000065], [109.01079896500005, 38.08804100100008], [109.02001010900005, 38.002276438000024], [108.92785471300004, 37.874339304000046], [109.03281087600004, 37.88250102500007], [109.13773324900006, 37.81866978700003], [109.06573606600006, 37.77241923400004], [109.01608093000004, 37.62541855600006], [109.23200121300005, 37.54886051200003], [109.27898225200005, 37.47507755400005], [109.27944194500009, 37.37201350500004], [109.34679417000007, 37.359150929000066], [109.01184640100007, 37.267809155000066], [108.92101197700003, 37.16596987600008], [108.85301019400003, 37.19235865500008], [108.83468483800004, 37.11344846800006], [108.74623088800007, 37.06228202400007], [108.80762928200005, 36.986602782000034], [108.77202458000005, 36.960187707000046], [108.62243670800007, 37.032678565000026], [108.39000183200005, 36.87354604300003], [108.29193026500008, 36.879445702000055], [108.26739673400004, 36.85320321100005], [108.30865255800006, 36.78214632400005], [108.26091574100008, 36.65408512800008], [108.19834628900009, 36.566476899000065], [108.14733509000007, 36.58365555000006], [108.11880365000007, 36.541680048000046], [108.02576390800004, 36.57740052200006], [107.96702210700005, 36.646312812000076], [107.91333586700006, 36.65251523400008], [107.85966936500006, 36.778045286000065], [107.71462637800005, 36.82149423000004], [107.51462155800004, 36.81802228200007], [107.54050879800008, 36.722280682000076], [107.58336430100007, 36.732040675000064], [107.64385346600005, 36.69401458200008], [107.61625217300008, 36.62783018400006], [107.63350133700004, 36.59654634100008], [107.72095095800006, 36.544984457000055], [107.70823724100006, 36.44662273800003], [107.66439633800007, 36.39386231800006], [107.67541140700007, 36.28292390800004], [107.55297739400004, 36.277929062000055], [107.41585115100008, 36.215662715000065], [107.33223968300007, 36.235396528000024], [107.29383837500006, 36.04231469500007], [107.04795640600008, 36.11347103300005], [106.97217510000007, 36.24378489800006], [106.83552333500006, 36.20018906000007], [106.73095068300006, 36.205721432000075], [106.57623723300009, 36.27150487600005], [106.43572502600006, 36.270280324000055], [106.48535634300003, 36.34950504900007], [106.46613790000004, 36.42150387100003], [106.33042594700004, 36.52733247300006], [106.42637420300008, 36.56721747600005], [106.35931195400008, 36.60034002800006], [106.04345971500004, 36.54527712300006]]]}}, {"type": "Feature", "properties": {"id": "河东路", "name": "河东路", "color": "#a89a5c", "owner": "宋", "units": ["河东路"], "label_lon": 111.688, "label_lat": 37.791}, "geometry": {"type": "Polygon", "coordinates": [[[111.34212365900004, 36.32300836200005], [111.26890005300004, 36.20954022400008], [111.10333334400008, 36.20650181900004], [110.97188463800006, 36.29678210900005], [110.69442938900005, 36.282586380000055], [110.62437831700004, 36.32009641800005], [110.42957797100007, 36.32220886700003], [110.43006441200004, 36.42457266100007], [110.45948569300003, 36.46711688500005], [110.37984160400003, 36.62661749100005], [110.27035016200006, 36.59813824200006], [110.17659432900007, 36.71304348900003], [109.99715924100008, 36.754115186000035], [109.95751976000008, 36.734084421000034], [109.73584117500008, 36.86337286100007], [109.64744486000006, 36.85129809000006], [109.63025092500004, 36.87919038000007], [109.59168764100008, 36.99002843300008], [109.61921916600005, 37.02145233700003], [109.92720052900006, 37.01203535800005], [110.01835190900005, 37.094398058000024], [110.00652784300007, 37.124950666000075], [109.96805858800008, 37.10992335000003], [109.94378979900006, 37.198053206000054], [110.02437140600006, 37.20464816900005], [109.94301988700005, 37.28648986400003], [109.79010493000004, 37.26790884400003], [109.79722508000003, 37.32911749500005], [109.68518852800008, 37.40054293400004], [109.57086506000007, 37.41833291100005], [109.58525764800004, 37.50778124200008], [109.55585769900006, 37.567085948000056], [109.57335082000009, 37.60241312000005], [109.61193770500006, 37.60152515600004], [109.60478114000006, 37.66948294100007], [109.68269997500005, 37.66995043700007], [109.71243944300005, 37.69214649800006], [109.70328477300006, 37.75145725700003], [109.82392675700004, 37.76318291200005], [109.80132360600004, 37.78939184400008], [109.87207972000004, 37.85488993900003], [109.94373607900008, 37.821085854000046], [110.01521796700007, 37.894368444000065], [110.02623711500007, 37.817108648000044], [110.12336157200008, 37.77878454900008], [110.15935322000007, 37.79475323500003], [110.08829310300007, 37.92312851200006], [110.10241966800004, 38.08487638500003], [110.03590278800004, 38.188415966000036], [110.02930403100004, 38.27426907900008], [110.06032053200005, 38.34264074300006], [110.30143507600008, 38.34384642400005], [110.35145134800007, 38.37414908100004], [110.31636122100008, 38.48272600100006], [110.21602614600005, 38.482781663000026], [110.08958696000008, 38.58792789700004], [109.92234716400009, 38.583559353000055], [109.84481604400008, 38.62810437100006], [109.73894561300006, 38.611426951000055], [109.78891664600008, 38.80038263800003], [109.68381767200009, 38.866119490000074], [109.58344634500008, 38.874025019000044], [109.67218824800005, 39.069232224000075], [109.84363417700007, 39.12527619900004], [109.95880630300007, 39.21645803800004], [110.16238057100009, 39.29646963500005], [110.07661766700005, 39.40697750700008], [110.09711176100006, 39.46217055200003], [110.21580965200008, 39.44054073400008], [110.38429487600007, 39.29289484700007], [110.49305037800008, 39.34207103400007], [110.66339471000003, 39.256446753000034], [110.71459243000004, 39.315438466000046], [110.72831533900006, 39.397618813000065], [110.81523858500009, 39.46964704100003], [111.09215455900005, 39.58091341100004], [111.12753852700007, 39.571772777000035], [111.07539696500004, 39.481976049000025], [111.13629821600006, 39.40196327600006], [111.23010079000005, 39.382713239000054], [111.36331678200008, 39.417261695000036], [111.42180087100007, 39.28855854300008], [111.54947469000007, 39.204253375000064], [111.70797594200008, 39.23349728300008], [111.69717964700004, 39.31449409700008], [111.73830989000004, 39.34456278500005], [111.79082368500008, 39.30307542000003], [111.89371633600007, 39.37472987000007], [111.98956599400009, 39.38878610900008], [112.04817687100001, 39.26434010200006], [112.12976413100012, 39.25637642500004], [112.26653253400002, 39.10516770400005], [112.5081928950001, 39.11204055800005], [112.6043315280001, 39.06596286600006], [112.69695186700005, 39.14845775500004], [112.74017738900011, 39.04686480600003], [112.90135144400006, 38.945183471000064], [112.99040995500002, 38.83032098000007], [113.23601834500005, 38.89569642500004], [113.28947964600002, 38.99128697900005], [113.44947387000002, 38.978336349000074], [113.56152925300012, 39.06241509500006], [113.7267115730001, 39.00967495800006], [113.74800910400006, 38.98800004000003], [113.7211741000001, 38.937707025000066], [113.75465929200004, 38.86012282400003], [113.81286437200004, 38.81907888200004], [113.80366543500008, 38.761868555000035], [113.53155773900005, 38.57514041300004], [113.50852077000002, 38.27446519200004], [113.57142917400006, 38.21047489600005], [113.66124740100008, 38.22006134600008], [113.7191524320001, 38.18259716700004], [113.70639063700003, 38.151081085000044], [113.79661915000008, 38.14201499200004], [113.78844802000003, 38.094965159000026], [113.61244563200012, 38.085737702000074], [113.6548841340001, 38.01648707500004], [113.64015424900003, 37.946786848000045], [113.71840256900009, 37.859030939000036], [113.3889915100001, 37.763872426000034], [113.42932233800002, 37.710842426000056], [113.31607658400003, 37.592794930000025], [113.34419773600007, 37.43958525200003], [113.45967948100008, 37.418102600000054], [113.48812935300009, 37.47215110900004], [113.52363460000004, 37.47429154200006], [113.62475887800008, 37.403335671000036], [113.70972875900009, 37.41741882300005], [113.76621222900008, 37.334028164000074], [113.8552980280001, 37.34611692900006], [113.88832745400009, 37.316236952000054], [113.74803679700005, 37.13908864200005], [113.72478936200002, 37.03452383800004], [113.75307092300011, 36.868765249000035], [113.69969085000002, 36.84434996700003], [113.6657097640001, 36.883952280000074], [113.5667891600001, 36.762456771000075], [113.49295481100012, 36.742429722000054], [113.40480785500006, 36.85409967900006], [113.31083257000012, 36.880330736000076], [113.28020636600002, 36.70376537100003], [113.19627999900001, 36.66747418700004], [113.15746247100003, 36.597312034000026], [113.2140000710001, 36.46785939100005], [113.115937368, 36.47693483100005], [112.97724048300006, 36.39775107100007], [113.017122545, 36.32087041300008], [112.97233703200004, 36.23036742700003], [112.80543429400007, 36.25602993800004], [112.66591790700011, 36.19212694200007], [112.53326309400006, 36.18792499500006], [112.5629630740001, 36.255288773000075], [112.47694055000011, 36.25057439300008], [112.41324844100006, 36.32648255400005], [112.20917337500009, 36.40025157300005], [112.15418491100002, 36.472807352000075], [112.10513943400008, 36.46985994600004], [112.05445302400005, 36.361459386000035], [112.09048036500008, 36.194771238000044], [112.14890406900008, 36.10145641400004], [112.0644504070001, 36.03137157400005], [111.81596115200006, 36.08085959300007], [111.68657634200008, 36.07345011600006], [111.56349385700008, 36.20849967000004], [111.34212365900004, 36.32300836200005]]]}}, {"type": "Feature", "properties": {"id": "河北西路", "name": "河北西路", "color": "#a89a5c", "owner": "宋", "units": ["河北西路"], "label_lon": 114.965, "label_lat": 38.07}, "geometry": {"type": "Polygon", "coordinates": [[[114.64010074200007, 37.120941799000036], [114.59131879800009, 36.98905029600007], [114.50592785000003, 37.00915996700007], [114.545470464, 37.05404439100005], [114.50332874800006, 37.09352880100005], [114.41759669900011, 37.06994431100003], [114.41795032300001, 37.00308321700004], [114.30343731300002, 36.96089496600007], [114.14028447300007, 36.96674272300004], [113.90117465500009, 37.06439640900004], [113.73852686200007, 37.01410782000005], [113.74803679700005, 37.13908864200005], [113.88832745400009, 37.316236952000054], [113.8552980280001, 37.34611692900006], [113.76621222900008, 37.334028164000074], [113.70972875900009, 37.41741882300005], [113.62475887800008, 37.403335671000036], [113.52363460000004, 37.47429154200006], [113.48812935300009, 37.47215110900004], [113.45967948100008, 37.418102600000054], [113.34419773600007, 37.43958525200003], [113.32806683800004, 37.48185862400004], [113.31607658400003, 37.592794930000025], [113.42932233800002, 37.710842426000056], [113.3889915100001, 37.763872426000034], [113.71840256900009, 37.859030939000036], [113.64015424900003, 37.946786848000045], [113.6548841340001, 38.01648707500004], [113.61244563200012, 38.085737702000074], [113.78844802000003, 38.094965159000026], [113.79661915000008, 38.14201499200004], [113.70639063700003, 38.151081085000044], [113.7191524320001, 38.18259716700004], [113.66124740100008, 38.22006134600008], [113.57142917400006, 38.21047489600005], [113.51611421900009, 38.25841587600007], [113.52163762900011, 38.52411878600003], [113.57521206800004, 38.621937040000034], [113.6661894660001, 38.65005356100005], [113.80366543500008, 38.761868555000035], [113.81286437200004, 38.81907888200004], [113.75465929200004, 38.86012282400003], [113.7211741000001, 38.937707025000066], [113.7516797610001, 39.000642663000065], [113.93512707800005, 39.09544005400005], [114.00394873500011, 39.110603033000075], [114.15848603100005, 39.03880061600006], [114.25485316200002, 39.09147631700006], [114.45584426900007, 39.01147593400003], [114.59224140700007, 39.12539530200007], [114.8420166950001, 39.08720221900006], [114.870670012, 39.12038830500006], [114.96191543000009, 39.12466107900008], [115.05252750400007, 39.051537206000035], [115.17413199700002, 39.04143303200004], [115.32639943800007, 39.08603106000004], [115.453169064, 38.93889464500006], [115.75570663100007, 38.88196157200008], [115.75050998100005, 38.83319523600005], [115.6619424920001, 38.77608565400004], [115.64180369100006, 38.70840848300003], [115.98107099100002, 38.74346993200004], [115.91482111800008, 38.51800391200004], [116.33948381900007, 38.64217417300006], [116.43134857300004, 38.50695451000007], [116.56498658100008, 38.473229471000025], [116.56247111300002, 38.41579993800008], [116.41391539100005, 38.320620131000055], [116.45893167600002, 38.210170780000055], [116.60401052000009, 38.191096207000044], [116.75191396700006, 38.12416128800004], [117.00182867900003, 38.092253811000035], [117.00989489800008, 37.82924444200006], [116.73602127700008, 37.81615577100007], [116.60903586600011, 37.63923026100008], [116.38702394600011, 37.48900188700003], [116.34594980400004, 37.376128194000046], [116.27912312700005, 37.32178814400004], [116.19486998100001, 37.35948850500006], [116.22544342800006, 37.394475742000054], [116.19308548400011, 37.45260939700006], [116.11244686300006, 37.50716847800004], [115.94149894200007, 37.476628385000026], [115.84872487500002, 37.50763425800005], [115.86102615700008, 37.41160985000005], [115.76351325500002, 37.330611272000056], [115.73448840100002, 37.211865497000076], [115.64422619100003, 37.23591043300007], [115.5695130360001, 37.334503631000075], [115.50766980800006, 37.31933816800006], [115.37949171700006, 37.407362325000065], [115.28070772, 37.364394418000074], [115.16505821700002, 37.38771462700004], [115.18325566400006, 37.22051077500004], [115.06843279400005, 37.12507572800007], [114.91140593000011, 37.14292434600003], [114.84965833700005, 37.224662238000064], [114.7574373440001, 37.24927213700005], [114.58670347900011, 37.19409197300007], [114.64010074200007, 37.120941799000036]]]}}, {"type": "Feature", "properties": {"id": "京东东路", "name": "京东东路", "color": "#a89a5c", "owner": "宋", "units": ["京东东路"], "label_lon": 118.611, "label_lat": 36.481}, "geometry": {"type": "Polygon", "coordinates": [[[117.52670501600005, 35.18101354800007], [117.41112515800012, 35.22407755900008], [117.3937765930001, 35.27488278100003], [117.46499158600011, 35.29146156100006], [117.4188717620001, 35.447136089000026], [117.2485161840001, 35.47917208500007], [117.09726322100005, 35.61519145900007], [117.09682757100006, 35.76253347200003], [116.96584489600002, 35.779523460000064], [116.83662038300008, 35.67328976700003], [116.59781925800007, 35.715225737000026], [116.64935722400003, 35.904165713000054], [116.76766342400003, 35.87378109800005], [116.936676755, 35.937517555000056], [116.93057579200001, 36.02731171500005], [116.89049626400003, 36.04048906600008], [116.83318164900004, 36.16624788000007], [116.88283184800002, 36.235501750000026], [116.77769987900001, 36.307428394000056], [116.56857009500004, 36.28633192900003], [116.48894969600008, 36.376119119000066], [116.52704413900005, 36.40030040700003], [116.4770052660001, 36.41303309700004], [116.3848824580001, 36.52214256700006], [116.39759987700006, 36.63432710200004], [116.3633142760001, 36.68316671600007], [116.38668259700012, 36.704223711000054], [116.505377801, 36.65294103900004], [116.55233732700003, 36.743120418000046], [116.61447989900012, 36.78557286900008], [116.60729224800002, 36.85067660400006], [116.64272095900003, 36.862682634000066], [116.66357822300006, 36.82835701100004], [116.71035589100006, 36.87631124300003], [116.670946694, 36.970054180000034], [116.69197242900009, 37.14712607700005], [116.6668793880001, 37.18112015600008], [116.69199886900003, 37.20302255900003], [116.40500726900007, 37.264307623000036], [116.34594980400004, 37.376128194000046], [116.38702394600011, 37.48900188700003], [116.60903586600011, 37.63923026100008], [116.73602127700008, 37.81615577100007], [117.00989489800008, 37.82924444200006], [117.00182867900003, 38.092253811000035], [117.12633813000002, 38.15666551800007], [117.11717167000006, 38.187084424000034], [117.15715007100005, 38.206681529000036], [117.21957879000001, 38.16174324100007], [117.31254736000005, 38.15419183000006], [117.44617586600009, 38.22965201100004], [117.6026772570001, 38.26531999700006], [117.6925345620001, 38.23225374800006], [117.68302860500012, 38.19927544900003], [117.77264248900008, 38.23298450100003], [117.76234611100006, 38.18762945700007], [117.8373537110001, 38.19239207500004], [117.83339505300012, 38.13947398800008], [117.88651152900002, 38.12653514900006], [117.8393213280001, 38.10311291900007], [117.95157556200002, 38.10297365100007], [117.86491337100006, 38.07463340100003], [117.997911154, 38.069661014000076], [118.01786752100008, 38.00904452800006], [117.92567921400007, 37.98377329900006], [117.997970043, 37.97507285100005], [118.00542397900006, 37.943111585000054], [117.9622847390001, 37.91229762000006], [117.96482760800006, 37.86621284700004], [117.89577055200004, 37.82246973400004], [117.95126189200005, 37.81205781800003], [118.02834033300007, 37.93637201200005], [118.10219495600006, 37.94373588900004], [118.12962963100006, 38.063727088000064], [118.25293063900006, 38.07487706200004], [118.2269319720001, 38.02851605800004], [118.25799181900004, 38.01371516800003], [118.32431632700002, 38.072770422000076], [118.44291278800006, 38.08803853300003], [118.49833337900009, 37.96385647000005], [118.57640763500001, 38.03197794100004], [118.62304917800009, 38.02634348700008], [118.65130190800005, 38.10206350000004], [118.7017071460001, 38.08714981300005], [118.74954131800007, 38.12465638900005], [118.71386177400007, 38.04671827400006], [118.86329322400002, 38.05152160500006], [118.75571390400012, 38.00799078400007], [118.75962350800012, 37.968083712000066], [118.80571407000002, 37.93626784400004], [118.83284097300009, 38.01113481900006], [118.8920710650001, 38.01269395200006], [118.87994056700006, 37.94587908800003], [118.96343434300002, 37.94311808100008], [118.97100778000004, 37.89484261700005], [118.93185046500002, 37.83972477800006], [118.89393745000007, 37.84851600400003], [118.90463882400002, 37.78562044800003], [119.02117754300002, 37.75359804900006], [119.02350317700007, 37.721892593000064], [118.96840895900004, 37.69218675700006], [118.90388008200011, 37.58736290600007], [118.91118074200006, 37.54722546600004], [118.8599402000001, 37.51903624000005], [118.887882321, 37.50638638000004], [118.87464766200003, 37.41802546800005], [118.75700341800007, 37.403150260000075], [118.79644023700007, 37.33479783800004], [118.88087662300006, 37.314859194000064], [118.88875274000009, 37.26927672900007], [118.98537673200008, 37.24395212600007], [118.9792172650001, 37.18847469900004], [119.08528794600011, 37.165144216000044], [119.11716216100001, 37.102716661000045], [119.74439746700011, 37.11628985600004], [119.88033979400007, 37.262421424000024], [119.87024183300002, 37.313685218000046], [119.81735114700007, 37.34101637200007], [119.91284711300011, 37.402575127000034], [120.09133505800003, 37.450657928000055], [120.26537510800006, 37.57195720000004], [120.27630920900003, 37.64784022300006], [120.19279623700004, 37.675841631000026], [120.35706995300006, 37.68949475000005], [120.41901122600007, 37.73978257700003], [120.55497294100007, 37.75176922700007], [120.68829713600007, 37.82252538000006], [120.9105142620001, 37.807417024000074], [120.90910274300006, 37.77140524500004], [121.001809051, 37.699729657000034], [121.11769333200004, 37.69380099600005], [121.10853280600008, 37.61145543200007], [121.14787873400007, 37.572960644000034], [121.25310957900001, 37.559649973000035], [121.25902600400002, 37.526629177000075], [121.33381729300004, 37.58085814400005], [121.31796238900006, 37.61833458700005], [121.41085130200008, 37.584254789000056], [121.34277052700008, 37.561122761000036], [121.47188148900011, 37.44142598800005], [121.34768100800011, 37.385577727000054], [121.29239558200004, 37.233448278000026], [121.20874464300005, 37.23385082100003], [121.12468792100003, 37.14024826700006], [121.17588769200006, 36.987798389000034], [121.2370064370001, 36.913126797000075], [121.32175212400011, 36.90703146000004], [121.3474959460001, 36.81275437200003], [121.434712611, 36.74453793500004], [121.35856695400003, 36.724891478000075], [121.350948001, 36.695720083000026], [121.1510586070001, 36.65577815900008], [121.14533181400009, 36.68155859900003], [121.02314714400006, 36.587893155000074], [120.99949029800007, 36.635931398000025], [120.996454792, 36.57114712600003], [120.92934358200012, 36.573087878000024], [120.90341267000008, 36.59599678200004], [120.93189835200008, 36.609006358000045], [120.85990034100007, 36.64382309300004], [120.7566703760001, 36.61069388100003], [120.72921593400008, 36.53525822700004], [120.83932041800006, 36.585901328000034], [120.85308474800001, 36.541423191000035], [120.94609085600007, 36.53376890200008], [120.94221204900009, 36.50518518900003], [120.91413396100006, 36.47770132900007], [120.92740630300011, 36.43866637200006], [120.85665470900005, 36.44720364600005], [120.88407561500003, 36.40972375800004], [120.86178608600005, 36.36459558700005], [120.82537008800011, 36.36938634200004], [120.7775626450001, 36.46269792700008], [120.66453245500009, 36.43211897600003], [120.67937267600007, 36.31624156700008], [120.62519876100009, 36.31789764000007], [120.66584967200004, 36.11685680000005], [120.56706774400004, 36.085077900000044], [120.54323404700006, 36.105947368000045], [120.40671725300001, 36.04907110400006], [120.2458853490001, 36.04450736900003], [120.33346888800008, 36.14420480900003], [120.32342339200011, 36.23797706500005], [120.25299289700001, 36.26602092600007], [120.2374414520001, 36.206747404000055], [120.26927658900001, 36.18441746800005], [120.21739563500012, 36.16677625500006], [120.18067946700012, 36.21473636300004], [120.07753844800004, 36.20277642900004], [120.05951942400009, 36.11299199100006], [120.15883049800004, 36.03047776300008], [120.19386179600008, 36.034098407000045], [120.15020081400007, 36.01669796400006], [120.15944825100007, 35.979880270000024], [120.27733282000008, 36.00143744400003], [120.25198795400001, 35.95556646700004], [120.1474455010001, 35.88331270900005], [120.13665296200008, 35.90761874800006], [120.18372030500007, 35.94370713600006], [119.96670788000006, 35.85378488900005], [120.00487728300004, 35.82742181900005], [120.00353469800007, 35.77878687800006], [119.95917696200002, 35.71626136300006], [119.91075199400007, 35.75240859400003], [119.87074079900003, 35.73465483000007], [119.91266442200003, 35.70172325800007], [119.86455443200009, 35.67375099100008], [119.89207346, 35.635576757000024], [119.80201679400011, 35.62065718200006], [119.7978405980001, 35.66248617200006], [119.73114685400003, 35.583509341000024], [119.70392253300008, 35.634246361000066], [119.65300507000006, 35.591070917000025], [119.60097607700004, 35.59668218300004], [119.60727120500007, 35.513204306000034], [119.52861079800005, 35.35740537800007], [119.49947850400008, 35.38207239600007], [119.49115199900007, 35.33936397100007], [119.39340767500005, 35.30307871100007], [119.35482843900002, 35.25440552600003], [119.34854406700003, 35.10777141600005], [119.28313508600002, 35.08264477700004], [119.19103175100008, 35.104294769000035], [119.22304762600004, 35.074260636000076], [119.14742037000008, 34.83141998200006], [119.19657557300002, 34.77552342100006], [119.301271541, 34.73660988200004], [119.36252382900011, 34.75749687100006], [119.47492232400009, 34.71958282300005], [119.4494371940001, 34.65463409400007], [119.6325512310001, 34.56443681700006], [119.60519002500007, 34.52312303100007], [119.51902197600009, 34.492399456000044], [119.3826265570001, 34.638641101000076], [119.29738193800006, 34.64783917700004], [119.25068314900011, 34.626068503000056], [119.17826454600004, 34.516267595000045], [119.18683481500011, 34.41289569500003], [119.08134176600004, 34.43657770600004], [118.95372694500008, 34.358474296000054], [118.8011042280001, 34.344433191000064], [118.73708448900004, 34.304129499000055], [118.63096456000005, 34.34129190200008], [118.63126752900007, 34.40705178800005], [118.59446789000003, 34.42520346900005], [118.41696287600007, 34.40716896300006], [118.37144825400003, 34.433380181000075], [118.166183326, 34.38611038700003], [118.11626534100003, 34.49626533600008], [118.14067515500005, 34.532934477000026], [118.04337224200003, 34.59973482300006], [118.0643079460001, 34.63484977000007], [117.90826782700003, 34.66859624400007], [117.79220330800001, 34.63269018600005], [117.77965034200008, 34.82969473500003], [117.68596292600012, 34.93302159900003], [117.74020423800005, 35.04116181400008], [117.62887872400006, 35.101134900000034], [117.62156352500006, 35.14437729200006], [117.53164029400011, 35.15219009700007], [117.52670501600005, 35.18101354800007]]]}}, {"type": "Feature", "properties": {"id": "河北东路", "name": "河北东路", "color": "#a89a5c", "owner": "宋", "units": ["河北东路"], "label_lon": 115.095, "label_lat": 36.371}, "geometry": {"type": "Polygon", "coordinates": [[[114.72374428100011, 35.70006760100006], [114.31960129700008, 35.46400798700006], [114.25408721500003, 35.47565166500004], [114.28253879100009, 35.64935319600005], [114.243825205, 35.74451196800004], [114.28105933800009, 35.780721217000064], [114.05098183200005, 35.798179696000034], [113.97526152600005, 35.717834964000076], [113.776700118, 35.677773512000044], [113.74381755600007, 35.79207513000006], [113.6684399080001, 35.820168968000075], [113.51971497900001, 35.80620906200005], [113.14432674600005, 35.90464258800006], [113.14919299700011, 35.973578875000044], [113.1212083370001, 36.00345333300004], [113.14747325200005, 36.144528973000035], [113.02647643800003, 36.15148661400008], [112.97522894000008, 36.20314936400007], [113.017122545, 36.32087041300008], [112.97724048300006, 36.39775107100007], [113.115937368, 36.47693483100005], [113.2140000710001, 36.46785939100005], [113.15746247100003, 36.597312034000026], [113.19627999900001, 36.66747418700004], [113.28020636600002, 36.70376537100003], [113.31083257000012, 36.880330736000076], [113.40480785500006, 36.85409967900006], [113.49295481100012, 36.742429722000054], [113.5667891600001, 36.762456771000075], [113.6657097640001, 36.883952280000074], [113.69969085000002, 36.84434996700003], [113.75307092300011, 36.868765249000035], [113.73852686200007, 37.01410782000005], [113.90117465500009, 37.06439640900004], [114.14028447300007, 36.96674272300004], [114.30343731300002, 36.96089496600007], [114.41795032300001, 37.00308321700004], [114.41759669900011, 37.06994431100003], [114.50332874800006, 37.09352880100005], [114.545470464, 37.05404439100005], [114.50592785000003, 37.00915996700007], [114.59131879800009, 36.98905029600007], [114.64010074200007, 37.120941799000036], [114.58670347900011, 37.19409197300007], [114.79798439300009, 37.254200540000056], [114.91140593000011, 37.14292434600003], [115.06843279400005, 37.12507572800007], [115.18325566400006, 37.22051077500004], [115.16505821700002, 37.38771462700004], [115.28070772, 37.364394418000074], [115.37949171700006, 37.407362325000065], [115.50766980800006, 37.31933816800006], [115.5695130360001, 37.334503631000075], [115.64422619100003, 37.23591043300007], [115.73448840100002, 37.211865497000076], [115.76351325500002, 37.330611272000056], [115.86102615700008, 37.41160985000005], [115.84872487500002, 37.50763425800005], [115.94149894200007, 37.476628385000026], [116.11244686300006, 37.50716847800004], [116.19308548400011, 37.45260939700006], [116.22544342800006, 37.394475742000054], [116.19486998100001, 37.35948850500006], [116.27912312700005, 37.32178814400004], [116.34594980400004, 37.376128194000046], [116.44127494700001, 37.24560340900007], [116.52395903100012, 37.257062543000075], [116.69199886900003, 37.20302255900003], [116.6668793880001, 37.18112015600008], [116.69197242900009, 37.14712607700005], [116.670946694, 36.970054180000034], [116.7053483630001, 36.90873235300006], [116.69838990700009, 36.83992347700007], [116.60729224800002, 36.85067660400006], [116.61447989900012, 36.78557286900008], [116.55233732700003, 36.743120418000046], [116.505377801, 36.65294103900004], [116.38668259700012, 36.704223711000054], [116.3633142760001, 36.68316671600007], [116.39759987700006, 36.63432710200004], [116.3848824580001, 36.52214256700006], [116.4770052660001, 36.41303309700004], [116.52704413900005, 36.40030040700003], [116.48894969600008, 36.376119119000066], [116.56857009500004, 36.28633192900003], [116.77769987900001, 36.307428394000056], [116.8334605880001, 36.28412049600007], [116.88283184800002, 36.235501750000026], [116.84450047300004, 36.20221207800006], [116.84450833800008, 36.12973000100004], [116.94239010700005, 35.990752788000066], [116.936676755, 35.937517555000056], [116.76766342400003, 35.87378109800005], [116.64935722400003, 35.904165713000054], [116.59781925800007, 35.715225737000026], [116.63761857000009, 35.700317203000054], [116.59015039300004, 35.66754496900006], [116.6298447900001, 35.60814053900003], [116.5919379710001, 35.55595453300003], [116.33638551700005, 35.51801039800006], [116.28410643400002, 35.62632167400005], [116.10983902400005, 35.628644002000044], [116.0980396430001, 35.507815564000055], [115.9059817640001, 35.37050388500006], [115.7430105310001, 35.38809376100005], [115.6811111500001, 35.428726023000024], [115.58044229200004, 35.37473574300003], [115.34978395500002, 35.39553815100004], [115.30030429300007, 35.47924403700006], [115.190745633, 35.410965], [115.14080455400006, 35.42558848400006], [114.97661482400008, 35.34429018000003], [114.93561669000007, 35.383557385000074], [114.9528460140001, 35.413853507000056], [114.90808519000007, 35.62334130100004], [114.73468847600009, 35.66450723100007], [114.72374428100011, 35.70006760100006]]]}}, {"type": "Feature", "properties": {"id": "永兴军路", "name": "永兴军路", "color": "#a89a5c", "owner": "宋", "units": ["永兴军路"], "label_lon": 109.135, "label_lat": 34.625}, "geometry": {"type": "Polygon", "coordinates": [[[108.62192198400004, 33.155811278000044], [108.45288329300007, 33.12175094300005], [108.36149977800005, 33.226849755000046], [108.24829943800006, 33.20776349700003], [108.19805452300005, 33.229544334000025], [108.16237059700006, 33.302527731000055], [108.03982488000008, 33.31365997900008], [108.15623819900009, 33.411837053000056], [108.05366753600003, 33.54295615900003], [108.04074682400005, 33.71195511600007], [107.90522075600006, 33.740983534000065], [107.81762869400006, 33.67718581200006], [107.67622910200004, 33.715809816000046], [107.65278528700009, 33.77273921500006], [107.70139176900005, 33.83837377400005], [107.69646584500003, 33.88107552500003], [107.76703832800007, 33.93822423000006], [107.66312779100008, 34.15286949100005], [107.56084474600004, 34.17524834100004], [107.56355587800005, 34.361841610000056], [107.42538423700006, 34.41784086800004], [107.29197901400005, 34.406264314000055], [107.17671361300006, 34.53519856300005], [107.32689569800004, 34.73427049000003], [107.36127812300003, 34.90321730100004], [107.46451642900007, 34.88800160400007], [107.48954332900007, 34.95647905900006], [107.57868029600007, 34.96019292100004], [107.59348652000006, 34.92303923500003], [107.80843567800008, 34.99000216600007], [107.73265781000003, 35.04513616300005], [107.63906175000005, 35.22387431800007], [107.69393420400007, 35.25851702500006], [107.70564584400006, 35.31880366200005], [107.50754893300007, 35.65160283100005], [107.45876781300007, 35.826026031000026], [107.28172055400006, 36.010314374000075], [107.33223968300007, 36.235396528000024], [107.41585115100008, 36.215662715000065], [107.55297739400004, 36.277929062000055], [107.67541140700007, 36.28292390800004], [107.66439633800007, 36.39386231800006], [107.70823724100006, 36.44662273800003], [107.72095095800006, 36.544984457000055], [107.63350133700004, 36.59654634100008], [107.61625217300008, 36.62783018400006], [107.64385346600005, 36.69401458200008], [107.58336430100007, 36.732040675000064], [107.54050879800008, 36.722280682000076], [107.51462155800004, 36.81802228200007], [107.71462637800005, 36.82149423000004], [107.85966936500006, 36.778045286000065], [107.91333586700006, 36.65251523400008], [107.96702210700005, 36.646312812000076], [108.02576390800004, 36.57740052200006], [108.11880365000007, 36.541680048000046], [108.14733509000007, 36.58365555000006], [108.32500162500008, 36.524245515000075], [108.38882747400004, 36.46407666700003], [108.67991601300008, 36.36945921700004], [108.74935204000008, 36.363806640000064], [108.89670233700008, 36.51560125100008], [108.87911979300009, 36.63454324500003], [108.92553036000004, 36.62592019500005], [109.16322529200005, 36.498177300000066], [109.25801395900004, 36.512281597000026], [109.25938433200008, 36.46873363800006], [109.32948460100005, 36.426491777000024], [109.51701250000008, 36.38616443500007], [109.55114005100006, 36.252524512000036], [109.60708335000004, 36.17516710900003], [110.06818384200005, 36.249136634000024], [110.10103088900007, 36.27435900900008], [110.07730955000005, 36.36573032500007], [110.13711358200004, 36.37096261900007], [110.35368889500006, 36.260756823000065], [110.44297548200007, 36.28575254000003], [110.43197475700003, 36.06911927400006], [110.48218989500003, 35.95518391100006], [110.46723640300007, 35.869921205000026], [110.53352656300007, 35.81622688900006], [110.56062503800007, 35.56270803600006], [110.40350520100009, 35.30990695200006], [110.53906520300006, 35.235965469000064], [110.85565720400007, 35.25290671100004], [110.83514047700004, 35.15616067700006], [110.89690470100004, 35.078857407000044], [110.84237140500005, 35.030257720000066], [110.75508194100007, 35.025376160000064], [110.71730826700008, 34.86701087200004], [110.76620278000007, 34.81218973600005], [110.91605056700007, 34.85268172800005], [110.90210499100004, 34.77365910000003], [111.00505759000004, 34.714271807000046], [110.59828789600004, 34.57366408300004], [110.34060816700008, 34.594764971000075], [110.35468592300003, 34.44804194500006], [110.48718684400006, 34.308871864000025], [110.39355263300007, 34.27496723400003], [110.39372042700006, 34.251102693000064], [110.56845072900006, 34.18269359200008], [110.63931556500006, 34.11212153200006], [110.54603214000008, 34.042077180000035], [110.56609778000006, 33.990850472000034], [110.63887163400005, 33.94945223600007], [110.58536182900008, 33.87065524600007], [110.60751662100006, 33.82914088800004], [110.66783855700004, 33.84870484000004], [110.79101478700005, 33.764831370000024], [110.80545297200007, 33.67198374700007], [111.00152527800009, 33.53394002600004], [111.02003794800004, 33.408305908000045], [110.98723615500006, 33.28537315900007], [110.92402468900008, 33.20755653600003], [110.84556651100007, 33.21288414900005], [110.72381599500005, 33.114582760000076], [110.64716963300003, 33.12223701900007], [110.59187785200004, 33.03941447900007], [110.60771924700003, 32.918503791000035], [110.50899622900005, 32.830726137000056], [110.38999477700008, 32.806331270000044], [110.34568268200007, 32.83372151400005], [110.23442783400009, 32.75226099300005], [110.10748177400006, 32.80837276500006], [110.10456459100004, 32.70777495300007], [110.14667831100007, 32.61240096600005], [110.08073649800008, 32.60933610700005], [109.99806821500005, 32.55741482800005], [109.88209067400004, 32.58309501100007], [109.74082275000006, 32.545497425000065], [109.53776082100006, 32.54971318100007], [109.51897192700005, 32.483662511000034], [109.35734548800008, 32.578747521000025], [109.10696908700004, 32.59658165800005], [109.09920988800008, 32.53700293300005], [109.01904611600008, 32.512432182000055], [108.98206314400005, 32.466291789000024], [108.98579001200005, 32.38946740800003], [108.95937445800007, 32.37113763900004], [108.88829675900007, 32.492909945000065], [108.73043890000008, 32.46682862800003], [108.62445077600006, 32.50448281000007], [108.63921629400005, 32.62186074700003], [108.53579317200007, 32.66443429000003], [108.49959737800003, 32.715072950000035], [108.53112889900007, 32.766485705000036], [108.69415097600006, 32.78354745100006], [108.71011611700004, 32.85721864000004], [108.61806007000007, 32.953381439000054], [108.67793671500004, 33.13146236100005], [108.62192198400004, 33.155811278000044]]]}}, {"type": "Feature", "properties": {"id": "秦凤路", "name": "秦凤路", "color": "#a89a5c", "owner": "宋", "units": ["秦凤路"], "label_lon": 105.213, "label_lat": 34.816}, "geometry": {"type": "Polygon", "coordinates": [[[104.32822041700007, 33.32955052800003], [104.43646271400007, 33.312299307000046], [104.32156300800006, 33.28482993200004], [104.38413613100005, 33.109138347000055], [104.35499403900008, 33.058928980000076], [104.42515673100007, 32.989283733000036], [104.39163232900006, 32.939760299000056], [104.36553880400004, 32.95544698400005], [104.29269337300008, 32.89238068700007], [104.21127292500006, 32.91179084200007], [104.01913343800004, 33.04242996200003], [103.98018889200006, 33.03608189200003], [103.97311192000006, 32.938105103000055], [103.89226384000006, 32.91704387400006], [103.83450537900006, 33.01632801000005], [103.72653246700008, 33.04045764400007], [103.66140609600006, 33.12523474400007], [103.51177184500006, 33.136676125000065], [103.48076351400005, 33.20523330800006], [103.53366251800009, 33.28923132500006], [103.53215997500007, 33.38469480900005], [103.64274394100005, 33.52514688400004], [103.52535923800008, 33.61726590200004], [103.51938326800007, 33.83148298100008], [103.39131898300008, 33.74473973200003], [103.19302479000004, 33.776601216000074], [103.19206082900007, 33.91603257000003], [103.12318417800009, 33.96108254200004], [103.18355359700007, 34.07901338800008], [103.14141248300007, 34.14508510400003], [103.00138310800008, 34.19232958400005], [102.94006220300008, 34.29722152800008], [102.90207898200003, 34.301275503000056], [102.87852807800004, 34.25551125700008], [102.77223015200008, 34.26912018100006], [102.84734203700003, 34.43258083600006], [102.91355440300003, 34.46118452400003], [102.95876243600009, 34.572330925000074], [103.13336330400006, 34.737738095000054], [103.07473346200004, 34.87872712500007], [103.26297167500007, 34.903646270000024], [103.39178569400008, 35.03405742700005], [103.38342876700005, 35.11945707500007], [103.27846011600008, 35.218160416000046], [103.09116103600007, 35.254763043000025], [103.17533292300004, 35.425818700000036], [103.17326258300005, 35.48535930500003], [103.30173252500003, 35.51172769000004], [103.28639734800004, 35.56816850700005], [103.13007123900007, 35.53459942500007], [103.15272968800008, 35.59299024100005], [103.25935782800008, 35.66050640700007], [103.25983639500004, 35.71414810400006], [103.17991822600004, 35.784432663000075], [103.20153117000007, 35.81874911700004], [103.34383737400009, 35.92407513400008], [103.46274402400007, 35.89858497300003], [103.54038123300006, 35.945864372000074], [103.56993049900007, 35.91220789600004], [103.69416382100007, 35.92384849000007], [103.83182987700008, 35.81421822800007], [103.94494753400005, 35.833616343000074], [103.91550935100008, 35.99795339900004], [104.05913771300004, 36.08106199100007], [104.05924830100008, 36.12331825900003], [104.16483813300005, 36.12901911500006], [104.20103911900009, 36.182402710000076], [104.17967636200007, 36.248889930000075], [104.19829041200006, 36.33832912300005], [104.24074501100006, 36.358736488000034], [104.31375478000007, 36.332966516000056], [104.42505864800006, 36.424367937000056], [104.50306810800004, 36.37286547100007], [104.55534224200005, 36.20238911600006], [104.67842795900003, 36.169964632000074], [104.88477544800008, 36.27693122200003], [105.08210933400005, 36.296411644000045], [105.24656505600007, 36.38348498800008], [105.29082284300006, 36.38303833000003], [105.37770072800004, 36.308794645000035], [105.46938936000004, 36.32701614900003], [105.49739080200004, 36.19824691200006], [105.58410951700006, 36.21902920700006], [105.70604178200006, 36.15399890200007], [106.00660542300005, 36.19381396500006], [105.96107723900008, 36.287026498000046], [106.04083319800009, 36.375347592000026], [106.04345971500004, 36.54527712300006], [106.32005361800009, 36.60025606200003], [106.42821464200006, 36.57264562200004], [106.33042594700004, 36.52733247300006], [106.46613790000004, 36.42150387100003], [106.48535634300003, 36.34950504900007], [106.43572502600006, 36.270280324000055], [106.57623723300009, 36.27150487600005], [106.73095068300006, 36.205721432000075], [106.83552333500006, 36.20018906000007], [106.97217510000007, 36.24378489800006], [107.04795640600008, 36.11347103300005], [107.29383837500006, 36.04231469500007], [107.28172055400006, 36.010314374000075], [107.33018602200008, 35.935841399000026], [107.45876781300007, 35.826026031000026], [107.50754893300007, 35.65160283100005], [107.70564584400006, 35.31880366200005], [107.69393420400007, 35.25851702500006], [107.63906175000005, 35.22387431800007], [107.69040603600007, 35.115133988000025], [107.73265781000003, 35.04513616300005], [107.80816337300007, 34.99886531900006], [107.59348652000006, 34.92303923500003], [107.57868029600007, 34.96019292100004], [107.48954332900007, 34.95647905900006], [107.46451642900007, 34.88800160400007], [107.36127812300003, 34.90321730100004], [107.32689569800004, 34.73427049000003], [107.17966752700005, 34.56406901500003], [107.19527076800006, 34.49477324500003], [107.29197901400005, 34.406264314000055], [107.42538423700006, 34.41784086800004], [107.56355587800005, 34.361841610000056], [107.56084474600004, 34.17524834100004], [107.45391943700008, 34.126040028000034], [107.31815582200005, 34.16907785600006], [107.07318057500004, 34.137678538000046], [106.90721033000005, 34.28078625300003], [106.71340052300008, 34.27926403400005], [106.65507228600006, 34.31000080600006], [106.63702947700006, 34.26990662000003], [106.51920146000003, 34.25346508500007], [106.50745607800008, 34.22059767200005], [106.60339304700005, 34.134311112000034], [106.51579989400005, 34.10811371500006], [106.45302662600005, 34.04294844900005], [106.43907486800003, 33.91575222800003], [106.47465308200009, 33.85336726200006], [106.487896, 33.70314483300007], [106.55109752400006, 33.67850544100003], [106.57320023700004, 33.62098565400004], [106.54182169300009, 33.51705092900005], [106.44227267200006, 33.54017952800007], [106.40603143900006, 33.615426471000035], [106.16284149400008, 33.54867047700003], [106.13340949800005, 33.59123336300007], [106.04033054100006, 33.61312583000006], [105.88920492900007, 33.52523309500003], [105.71702725000006, 33.49569085100006], [105.49987898500007, 33.57421903000005], [105.50824520400005, 33.60137253800008], [105.42833212200009, 33.677741053000034], [105.32298801800005, 33.485767116000034], [105.33877618900004, 33.42304977800006], [105.42279693100005, 33.359177068000065], [105.37398756700009, 33.27009383800004], [105.37798169000007, 33.19025514700007], [105.54536743000006, 33.102302171000076], [105.63016105900005, 32.98087551300006], [105.65607773500005, 32.876191074000076], [105.43374652300008, 32.903193060000035], [105.40204626600007, 32.83732575400006], [105.31284048900005, 32.81438620000006], [105.25586836500008, 32.91067272200007], [105.13392045900008, 32.870206910000036], [104.99813748800005, 32.98146370400008], [105.00019841500006, 33.173439158000065], [104.86334632600006, 33.30148298600005], [104.74298408000004, 33.338723694000066], [104.60020866900004, 33.22120797000008], [104.56114599000006, 33.23524924900005], [104.43428899400004, 33.48647886400005], [104.36010906300004, 33.47916680800006], [104.26671453200004, 33.53019836500005], [104.19003008900006, 33.517673724000076], [104.22702718800008, 33.399453116000075], [104.32822041700007, 33.32955052800003]]]}}, {"type": "Feature", "properties": {"id": "京西北路", "name": "京西北路", "color": "#a89a5c", "owner": "宋", "units": ["京西北路"], "label_lon": 111.986, "label_lat": 34.738}, "geometry": {"type": "Polygon", "coordinates": [[[111.80307762500007, 33.508305], [111.58697931000006, 33.45897391400007], [111.62645111100005, 33.36267123400006], [111.70486357000004, 33.33281563500003], [111.75012638400005, 33.15318857700004], [111.74499361600004, 33.124484952000046], [111.65815098500008, 33.09844394000004], [111.57077297700005, 33.09952014100003], [111.53920089200005, 33.19964340300004], [111.41010959600004, 33.21556773200007], [111.34196477700004, 33.28744780300008], [111.00807630600008, 33.333897973000035], [111.00152527800009, 33.53394002600004], [110.80545297200007, 33.67198374700007], [110.76352977100004, 33.78868804900003], [110.66783855700004, 33.84870484000004], [110.60751662100006, 33.82914088800004], [110.58536182900008, 33.87065524600007], [110.63887163400005, 33.94945223600007], [110.56609778000006, 33.990850472000034], [110.54603214000008, 34.042077180000035], [110.63931556500006, 34.11212153200006], [110.61490568800008, 34.15273838600007], [110.39372042700006, 34.251102693000064], [110.39355263300007, 34.27496723400003], [110.48718684400006, 34.308871864000025], [110.35468592300003, 34.44804194500006], [110.34060816700008, 34.594764971000075], [110.59828789600004, 34.57366408300004], [111.00505759000004, 34.714271807000046], [110.90210499100004, 34.77365910000003], [110.91605056700007, 34.85268172800005], [110.76620278000007, 34.81218973600005], [110.71730826700008, 34.86701087200004], [110.75508194100007, 35.025376160000064], [110.84237140500005, 35.030257720000066], [110.89690470100004, 35.078857407000044], [110.83514047700004, 35.15616067700006], [110.85565720400007, 35.25290671100004], [110.53906520300006, 35.235965469000064], [110.40350520100009, 35.30990695200006], [110.56062503800007, 35.56270803600006], [110.53352656300007, 35.81622688900006], [110.46723640300007, 35.869921205000026], [110.48218989500003, 35.95518391100006], [110.43197475700003, 36.06911927400006], [110.41798393700009, 36.182918449000056], [110.45115585300005, 36.26810842800006], [110.42957797100007, 36.32220886700003], [110.62437831700004, 36.32009641800005], [110.69442938900005, 36.282586380000055], [110.97188463800006, 36.29678210900005], [111.02814256800008, 36.23892571500005], [111.17305564100008, 36.20374633700004], [111.30215513100006, 36.228085658000055], [111.34212365900004, 36.32300836200005], [111.56349385700008, 36.20849967000004], [111.68657634200008, 36.07345011600006], [111.81596115200006, 36.08085959300007], [112.0644504070001, 36.03137157400005], [112.14890406900008, 36.10145641400004], [112.09048036500008, 36.194771238000044], [112.05445302400005, 36.361459386000035], [112.10513943400008, 36.46985994600004], [112.15418491100002, 36.472807352000075], [112.20917337500009, 36.40025157300005], [112.41324844100006, 36.32648255400005], [112.47694055000011, 36.25057439300008], [112.5629630740001, 36.255288773000075], [112.53326309400006, 36.18792499500006], [112.66591790700011, 36.19212694200007], [112.85621368600005, 36.25262902500003], [112.97233703200004, 36.23036742700003], [113.02647643800003, 36.15148661400008], [113.14747325200005, 36.144528973000035], [113.1212083370001, 36.00345333300004], [113.14919299700011, 35.973578875000044], [113.14432674600005, 35.90464258800006], [113.08735792000004, 35.87818765700007], [113.06659439400005, 35.823643513000036], [113.1241619010001, 35.73433282600007], [113.01441616900001, 35.63539420400008], [113.20058393800002, 35.485770467000066], [113.20974725200006, 35.435257818000025], [113.15399995100006, 35.43791833500006], [113.13121232172998, 35.40582512915835], [113.19579747500006, 35.289336552000066], [113.40920754900003, 35.35634237900007], [113.39710832500009, 35.28958707700008], [113.33218719600006, 35.23750483900005], [113.205612943, 35.22056513700005], [113.13476402100002, 35.08837003000008], [113.14461441100002, 35.02446755700004], [113.2467095510001, 34.91406162100003], [113.32420462300001, 34.95470188500008], [113.4692876580001, 34.94822231200004], [113.4719975700001, 34.87375483100004], [113.4290313890001, 34.79394712800007], [113.4375910550001, 34.74528057800006], [113.4939095100001, 34.70957658900005], [113.42282141400005, 34.61424399400005], [113.22838757800002, 34.60626800600005], [113.15858388000004, 34.515292686000066], [113.2668788840001, 34.46456617200005], [113.29086152900004, 34.403060493000055], [113.36581339100007, 34.36230362900005], [113.48781518800001, 34.358798327000045], [113.60640047700008, 34.290972346000046], [113.56252062300007, 34.25404782100003], [113.60266246300012, 34.20716524200003], [113.587972078, 34.04746762100007], [113.37727795800004, 34.014717853000036], [113.32901291500002, 33.87973541200006], [113.37226482300002, 33.76157862100007], [113.43153096300011, 33.73893527400003], [113.51515305900011, 33.75723003200005], [113.56992324200007, 33.70087515200004], [113.5502048830001, 33.606662828000026], [113.36157665000007, 33.35335147500007], [113.36040650600012, 33.11506776500005], [113.31739709900012, 33.07314477700004], [113.175654344, 33.08376750300005], [113.13526552500002, 33.13650271500006], [113.04294723800001, 33.131558330000075], [112.98899178200008, 33.16558978900002], [112.75680879700008, 33.11763641500005], [112.6139260330001, 33.181653898000036], [112.62801150400003, 33.21093758600006], [112.58257246200003, 33.23745255500006], [112.51296591500011, 33.22464269000005], [112.49075925500006, 33.26381844100007], [112.44116375100009, 33.27261776200004], [112.33799764600008, 33.21521261100003], [112.25729244700005, 33.20841364200004], [112.19966899000008, 33.35353133900003], [112.07690663700009, 33.36358795700005], [111.98186583700004, 33.42011823200005], [111.91459881500003, 33.58365461100004], [111.80879830600009, 33.59356167000004], [111.80307762500007, 33.508305]]]}}, {"type": "Feature", "properties": {"id": "京东西路", "name": "京东西路", "color": "#a89a5c", "owner": "宋", "units": ["京东西路"], "label_lon": 116.23, "label_lat": 34.153}, "geometry": {"type": "Polygon", "coordinates": [[[114.87681265900005, 32.67819471900003], [114.78357695500006, 32.62096204000005], [114.6953198120001, 32.62898104200008], [114.69763989900002, 32.66981875300007], [114.6314655010001, 32.67692626400003], [114.53629956000009, 32.762385505000054], [114.54914112000006, 32.79372406300007], [114.50577933700004, 32.813541686000065], [114.50802340500002, 32.854370421000056], [114.41922813500003, 32.857646859000056], [114.36638913400009, 32.90956882300003], [114.46486675400001, 33.083227443000055], [114.45703061800009, 33.20321993600004], [114.59945975800008, 33.17799074800007], [114.708584158, 33.20913434400006], [114.71701508100011, 33.30695207000008], [114.7861680960001, 33.35786886100004], [114.82867855900008, 33.48282115000006], [114.82286364000004, 33.518267010000045], [114.70506394400002, 33.57420785000005], [114.6205139330001, 33.565712259000065], [114.57348098200009, 33.628930867000065], [114.65090307000003, 33.69913061300008], [114.71247962200005, 33.92227908000007], [114.58967420600004, 33.99982532900003], [114.58699556300007, 34.06232797100006], [114.53330253700005, 34.10296953400007], [114.53128915800005, 34.150297814000055], [114.62873088600008, 34.24890772700007], [114.74909723500002, 34.23993477700003], [114.85801401700007, 34.28219465300003], [114.85436777000007, 34.44380162500005], [114.89930577500002, 34.50252723800003], [114.88191224200011, 34.69826478700003], [114.8264094430001, 34.73352956000008], [114.90241929800004, 34.77150367200005], [115.21344056200007, 34.78709046500006], [115.23788558500007, 34.817431793000026], [115.11774961700007, 34.978439012000024], [115.16647933200011, 35.051348037000025], [115.23242285600008, 35.06759371600003], [115.246663, 35.296053166000036], [115.190745633, 35.410965], [115.30030429300007, 35.47924403700006], [115.34978395500002, 35.39553815100004], [115.58044229200004, 35.37473574300003], [115.6811111500001, 35.428726023000024], [115.7430105310001, 35.38809376100005], [115.9059817640001, 35.37050388500006], [116.0980396430001, 35.507815564000055], [116.10983902400005, 35.628644002000044], [116.28410643400002, 35.62632167400005], [116.33638551700005, 35.51801039800006], [116.43330536200006, 35.549380908000046], [116.52254736700002, 35.53463538700004], [116.61976385900005, 35.57758639100007], [116.59015039300004, 35.66754496900006], [116.63761857000009, 35.700317203000054], [116.83662038300008, 35.67328976700003], [116.96584489600002, 35.779523460000064], [117.09682757100006, 35.76253347200003], [117.09726322100005, 35.61519145900007], [117.2485161840001, 35.47917208500007], [117.4188717620001, 35.447136089000026], [117.46499158600011, 35.29146156100006], [117.3937765930001, 35.27488278100003], [117.41112515800012, 35.22407755900008], [117.52670501600005, 35.18101354800007], [117.53164029400011, 35.15219009700007], [117.62156352500006, 35.14437729200006], [117.62887872400006, 35.101134900000034], [117.74020423800005, 35.04116181400008], [117.68596292600012, 34.93302159900003], [117.77965034200008, 34.82969473500003], [117.79220330800001, 34.63269018600005], [117.90826782700003, 34.66859624400007], [118.0643079460001, 34.63484977000007], [118.06121288200006, 34.56326477400006], [118.14067515500005, 34.532934477000026], [118.11626534100003, 34.49626533600008], [118.15614747500001, 34.39871598000008], [118.02115409600003, 34.35460680400007], [117.9786163010001, 34.30909558900004], [118.03813811300006, 34.15006775200004], [117.98362626500011, 34.121103736000066], [118.06477258100006, 33.928183844000046], [118.14481286300008, 33.85669390400005], [118.14479694700003, 33.73845128000005], [118.01757554400001, 33.72470912800003], [117.90243920900002, 33.76593954800006], [117.86921072300004, 33.699581511000076], [117.81576020900002, 33.742510426000024], [117.75272959600011, 33.71238025800005], [117.71028406500011, 33.741345230000036], [117.65914199000008, 33.73007221800003], [117.66932642100005, 33.602379392000046], [117.63594422000006, 33.58184122500006], [117.62920576600004, 33.52024174600007], [117.65106217700009, 33.40500023100003], [117.6071620460001, 33.32285113000006], [117.45405798000002, 33.32898110200006], [117.3400677410001, 33.46318929200004], [117.23557237400007, 33.48621263000007], [117.13421463100008, 33.39009856000007], [117.0595963510001, 33.38978530600008], [117.07675471100004, 33.302571589000024], [117.04257943800008, 33.259964661000026], [116.92650178200006, 33.293663751000054], [116.8642882040001, 33.34879947200005], [116.85432981500003, 33.304428348000044], [116.78411300100004, 33.295806878000064], [116.80755735200012, 33.19767668700007], [116.72906173900003, 33.08243979200006], [116.79695070100001, 33.01857646700006], [116.73429890500006, 32.93261638400003], [116.54870103400003, 32.92002675900005], [116.43873873100006, 33.015432806000035], [116.36929698300003, 33.03182408600003], [116.35502919600003, 32.891488939000055], [116.27664346200004, 32.86067100200006], [116.19495148800002, 32.88556138900003], [116.1592864910001, 32.76785386100005], [116.11362480600008, 32.75197273600003], [116.05152856100005, 32.81424996100003], [115.87638405700011, 32.82361618500005], [115.81133138200005, 32.78289829700003], [115.73335779000001, 32.78565045100004], [115.5800777290001, 32.91494595200004], [115.44464762400003, 32.89963367100006], [115.49452590700002, 32.80859073100004], [115.47927323300007, 32.74832717800007], [115.41471816, 32.680714555000066], [115.29437986000005, 32.68096148300003], [115.25911364100011, 32.56828274500003], [115.16326154400008, 32.57345284100006], [115.16725076700004, 32.63696800500003], [115.01314072800005, 32.68465186000003], [114.87681265900005, 32.67819471900003]]]}}, {"type": "Feature", "properties": {"id": "开封府界", "name": "开封府界", "color": "#a89a5c", "owner": "宋", "units": ["开封府界"], "label_lon": 114.098, "label_lat": 34.491}, "geometry": {"type": "Polygon", "coordinates": [[[113.58867091400009, 33.163906508000025], [113.35790105700005, 33.17137573700006], [113.36157665000007, 33.35335147500007], [113.5502048830001, 33.606662828000026], [113.56992324200007, 33.70087515200004], [113.51515305900011, 33.75723003200005], [113.43153096300011, 33.73893527400003], [113.37226482300002, 33.76157862100007], [113.32901291500002, 33.87973541200006], [113.37727795800004, 34.014717853000036], [113.587972078, 34.04746762100007], [113.60266246300012, 34.20716524200003], [113.56252062300007, 34.25404782100003], [113.60640047700008, 34.290972346000046], [113.48781518800001, 34.358798327000045], [113.36581339100007, 34.36230362900005], [113.29086152900004, 34.403060493000055], [113.2668788840001, 34.46456617200005], [113.15858388000004, 34.515292686000066], [113.22838757800002, 34.60626800600005], [113.42282141400005, 34.61424399400005], [113.4939095100001, 34.70957658900005], [113.4375910550001, 34.74528057800006], [113.4290313890001, 34.79394712800007], [113.4719975700001, 34.87375483100004], [113.4692876580001, 34.94822231200004], [113.32420462300001, 34.95470188500008], [113.2467095510001, 34.91406162100003], [113.14461441100002, 35.02446755700004], [113.13476402100002, 35.08837003000008], [113.205612943, 35.22056513700005], [113.332773287, 35.23757547800005], [113.3976948620001, 35.289657410000075], [113.4097945960001, 35.35641265300006], [113.23137177100011, 35.29167729200003], [113.17806113800009, 35.318849355000054], [113.13154374700002, 35.40629289700007], [113.15399995100006, 35.43791833500006], [113.20974725200006, 35.435257818000025], [113.20058393800002, 35.485770467000066], [113.01441616900001, 35.63539420400008], [113.1241619010001, 35.73433282600007], [113.07033882600001, 35.78623464700007], [113.08735792000004, 35.87818765700007], [113.14432674600005, 35.90464258800006], [113.51971497900001, 35.80620906200005], [113.6684399080001, 35.820168968000075], [113.74381755600007, 35.79207513000006], [113.776700118, 35.677773512000044], [113.97526152600005, 35.717834964000076], [114.05098183200005, 35.798179696000034], [114.28105933800009, 35.780721217000064], [114.243825205, 35.74451196800004], [114.28253879100009, 35.64935319600005], [114.25408721500003, 35.47565166500004], [114.31960129700008, 35.46400798700006], [114.72374428100011, 35.70006760100006], [114.73468847600009, 35.66450723100007], [114.90808519000007, 35.62334130100004], [114.96116774900008, 35.34744380600006], [115.14080455400006, 35.42558848400006], [115.190745633, 35.410965], [115.1929861100001, 35.36762041900005], [115.22960487400007, 35.34690985700007], [115.23242285600008, 35.06759371600003], [115.16647933200011, 35.051348037000025], [115.11774961700007, 34.978439012000024], [115.23788558500007, 34.817431793000026], [115.21344056200007, 34.78709046500006], [114.90241929800004, 34.77150367200005], [114.8264094430001, 34.73352956000008], [114.88191224200011, 34.69826478700003], [114.89930577500002, 34.50252723800003], [114.85436777000007, 34.44380162500005], [114.85801401700007, 34.28219465300003], [114.74909723500002, 34.23993477700003], [114.62873088600008, 34.24890772700007], [114.53128915800005, 34.150297814000055], [114.53330253700005, 34.10296953400007], [114.58699556300007, 34.06232797100006], [114.58967420600004, 33.99982532900003], [114.71247962200005, 33.92227908000007], [114.65090307000003, 33.69913061300008], [114.57348098200009, 33.628930867000065], [114.6205139330001, 33.565712259000065], [114.70506394400002, 33.57420785000005], [114.82286364000004, 33.518267010000045], [114.82867855900008, 33.48282115000006], [114.7861680960001, 33.35786886100004], [114.71701508100011, 33.30695207000008], [114.708584158, 33.20913434400006], [114.59945975800008, 33.17799074800007], [114.45703061800009, 33.20321993600004], [114.46486675400001, 33.083227443000055], [114.36590743800002, 32.900496204000035], [114.41922813500003, 32.857646859000056], [114.51862105200007, 32.84488349000003], [114.49310337300005, 32.78551134400004], [114.42366840200009, 32.767716402000076], [114.32075797200002, 32.65959575100004], [114.22052616100007, 32.65001739000007], [114.20539117900012, 32.68837294300005], [114.17064559900007, 32.68720963000004], [114.18697993800004, 32.831107571000075], [114.08581811600004, 32.97387303800008], [113.98038153400012, 32.953276912000035], [113.93810097100004, 33.032478525000045], [113.7095445760001, 33.01094773300008], [113.58867091400009, 33.163906508000025]]]}}, {"type": "Feature", "properties": {"id": "淮南东路", "name": "淮南东路", "color": "#a89a5c", "owner": "宋", "units": ["淮南东路"], "label_lon": 119.701, "label_lat": 33.028}, "geometry": {"type": "Polygon", "coordinates": [[[119.22761327900002, 32.22540555000006], [119.0635625320001, 32.228234590000056], [119.03981566400012, 32.256591608000065], [119.0194465510001, 32.39351972800006], [119.0524931970001, 32.44812527500005], [119.00722182100003, 32.49794435600006], [118.97243146500011, 32.49673136600006], [118.8945281010001, 32.57568892100005], [118.84813890700002, 32.55566830600003], [118.77628799700005, 32.59771399500005], [118.68902518900006, 32.59202441100007], [118.58611453500009, 32.737976168000046], [118.70856630000003, 32.74068673600004], [118.72023981600012, 32.81719608000003], [118.78245895100008, 32.864652731000035], [118.8092581620001, 32.96146700800006], [118.89027130900001, 32.957962560000055], [118.90539056000011, 33.03273764800008], [118.86290902400003, 33.06899549100007], [118.65731256400011, 33.05623002300007], [118.67860994900002, 33.14227640100006], [118.640987805, 33.17099347800007], [118.6018995500001, 33.14971126800003], [118.58734715000003, 33.18150628700005], [118.52487291900002, 33.117282577000026], [118.55898339300006, 33.08727139400003], [118.52706256300007, 33.06900918800005], [118.53385898700003, 33.03698055800004], [118.50109070200006, 33.04282849900005], [118.40576576900003, 32.93943478800003], [118.27489850200004, 32.93030672100008], [118.24897882500011, 32.89381685300003], [118.19645431100002, 33.19667699900003], [118.0224605630001, 33.131952141000056], [117.91524035700002, 33.21716456400003], [118.01432871800012, 33.47571657700007], [118.08317918600005, 33.48586302600006], [118.08213362100003, 33.59766824900004], [118.1325637110001, 33.646122579000064], [118.12405864900006, 33.73529911800006], [118.15209281400007, 33.76549054900005], [118.14481286300008, 33.85669390400005], [118.06477258100006, 33.928183844000046], [117.98362626500011, 34.121103736000066], [118.03813811300006, 34.15006775200004], [117.9786163010001, 34.30909558900004], [118.02115409600003, 34.35460680400007], [118.15614747500001, 34.39871598000008], [118.37144825400003, 34.433380181000075], [118.41696287600007, 34.40716896300006], [118.59446789000003, 34.42520346900005], [118.63126752900007, 34.40705178800005], [118.63096456000005, 34.34129190200008], [118.73708448900004, 34.304129499000055], [118.8011042280001, 34.344433191000064], [118.95372694500008, 34.358474296000054], [119.08134176600004, 34.43657770600004], [119.18683481500011, 34.41289569500003], [119.17826454600004, 34.516267595000045], [119.25068314900011, 34.626068503000056], [119.34112359800008, 34.65005281500004], [119.54831940300005, 34.47043513500006], [119.69648007800004, 34.530779979000044], [120.24188845900005, 34.30534270600003], [120.41531254300003, 33.89727724900007], [120.47024959900011, 33.84305949800006], [120.4469022830001, 33.78166201300007], [120.47453380000002, 33.78754296500006], [120.52464460600004, 33.69569433100003], [120.52486233900004, 33.626028305000034], [120.58861525800012, 33.52847064600007], [120.65122665800004, 33.29068735200008], [120.74353346900011, 33.21954322300007], [120.71659357500005, 33.17384978500007], [120.77803517000007, 33.03645398900005], [120.85447287300008, 33.026293329000055], [120.87581564300001, 32.99366901700006], [120.90410680700006, 32.84269555100008], [120.8382651280001, 32.813049962000036], [120.83035765900001, 32.76844499500004], [120.88206544800005, 32.73137561300007], [120.89480785900003, 32.63243181100006], [120.84918681500005, 32.647246016000054], [120.86911724700008, 32.595696857000064], [121.27373605700006, 32.43942118000007], [121.35556970100004, 32.37489400900006], [121.36761191200003, 32.250472097000056], [121.3359619900001, 32.19439588200004], [121.40066356500006, 32.17670048600007], [121.434746, 32.11098555600006], [121.53326566600003, 32.10007897700007], [121.7492053310001, 31.984557410000036], [121.81289474400012, 31.921321240000054], [121.88547167400009, 31.70189279500005], [121.8589179810001, 31.66811107500007], [121.78230677300007, 31.67544138100004], [121.3352375710001, 31.866051259000074], [121.17961868300006, 31.832364836000067], [121.0826989200001, 31.85255721300007], [120.97306364700012, 31.816930651000064], [120.92271317400002, 31.851301054000032], [120.96340186700002, 31.861321933000056], [120.78292905100011, 32.002236527000036], [120.48405403600009, 32.07756496500008], [120.30130175400006, 31.95319698800006], [120.42720737000002, 31.952712400000053], [120.44035151000003, 32.00690356000007], [120.74427895400004, 31.97384352100005], [120.7996182920001, 31.86477122100007], [120.760731673, 31.81645010300008], [120.85998173000007, 31.753392267000038], [121.04002090300003, 31.723281877000034], [121.01324117000001, 31.662304808000044], [121.03292513600002, 31.602858879000053], [120.99688262000006, 31.595041456000047], [120.97350099500011, 31.523408821000032], [120.9091870090001, 31.50878387700004], [120.73671668200006, 31.535742368000058], [120.67584385300006, 31.50259984300004], [120.58033826600001, 31.551110321000067], [120.49338894400012, 31.442306317000032], [120.31708956200009, 31.440336095000077], [120.20685823600002, 31.38259228000004], [120.18222579600001, 31.41396684600005], [120.18614425700002, 31.535027856000056], [120.045304138, 31.47830304400003], [119.9240838830001, 31.55838138200005], [119.77084022200006, 31.534467423000024], [119.6561173560001, 31.605240265000077], [119.6146050430001, 31.57303445900004], [119.400080752, 31.58755937500007], [119.29908691900005, 31.672872641000026], [119.34711534200005, 32.04030997800004], [119.23390037800004, 32.123313273000065], [119.22761327900002, 32.22540555000006]]]}}, {"type": "Feature", "properties": {"id": "利州路", "name": "利州路", "color": "#a89a5c", "owner": "宋", "units": ["利州路"], "label_lon": 107.148, "label_lat": 32.824}, "geometry": {"type": "Polygon", "coordinates": [[[107.51550810100008, 31.64949247800007], [107.25795333500008, 31.445976746000042], [107.17996460200004, 31.42428589900004], [107.10428546900005, 31.33396741200005], [107.03936457700007, 31.339741595000078], [106.98008088000006, 31.268838575000075], [106.87225513500005, 31.399399678000066], [106.83592233600007, 31.531436668000026], [106.65215173800004, 31.58234942400003], [106.62388096100005, 31.50138768000005], [106.46790594400005, 31.58504091100008], [106.38201262100006, 31.71278669700007], [106.45051983800005, 31.991719489000047], [106.43687062500004, 32.08594063700008], [106.36467484300005, 32.140972358000056], [106.26053385200004, 32.10394147300008], [106.14761938000004, 32.110915732000024], [106.07474253600009, 32.15703662400006], [106.08095581600008, 32.19245205000004], [106.01349202100005, 32.22017391500003], [106.03617342900009, 32.280949674000055], [106.13549674000006, 32.33376904800008], [106.13205585600008, 32.367298679000044], [106.06447115000009, 32.39366400100005], [106.07286404300004, 32.42815935600004], [106.22517166700004, 32.50592101600006], [106.30395981100008, 32.67264139200006], [106.22825650200008, 32.67894271200004], [106.07600181800007, 32.75940875200007], [106.09964195200007, 32.80812623800006], [106.06962676300009, 32.84535170100003], [105.82328155100004, 32.82563942000007], [105.78779526100004, 32.75780073100003], [105.57480496600004, 32.70851115200003], [105.50453687100008, 32.80277403500003], [105.50447797200007, 32.90407064500005], [105.65607773500005, 32.876191074000076], [105.63016105900005, 32.98087551300006], [105.51227769100007, 33.132773590000056], [105.37798169000007, 33.19025514700007], [105.37398756700009, 33.27009383800004], [105.42279693100005, 33.359177068000065], [105.32852688300005, 33.44864387500007], [105.32836802500009, 33.52483379500006], [105.42833212200009, 33.677741053000034], [105.50824520400005, 33.60137253800008], [105.49987898500007, 33.57421903000005], [105.71702725000006, 33.49569085100006], [105.88920492900007, 33.52523309500003], [106.04033054100006, 33.61312583000006], [106.13340949800005, 33.59123336300007], [106.16284149400008, 33.54867047700003], [106.40603143900006, 33.615426471000035], [106.44227267200006, 33.54017952800007], [106.54182169300009, 33.51705092900005], [106.57320023700004, 33.62098565400004], [106.55109752400006, 33.67850544100003], [106.487896, 33.70314483300007], [106.47465308200009, 33.85336726200006], [106.43907486800003, 33.91575222800003], [106.45302662600005, 34.04294844900005], [106.51579989400005, 34.10811371500006], [106.60339304700005, 34.134311112000034], [106.50745607800008, 34.22059767200005], [106.51920146000003, 34.25346508500007], [106.63702947700006, 34.26990662000003], [106.65507228600006, 34.31000080600006], [106.71340052300008, 34.27926403400005], [106.90721033000005, 34.28078625300003], [107.07318057500004, 34.137678538000046], [107.31815582200005, 34.16907785600006], [107.45391943700008, 34.126040028000034], [107.56084474600004, 34.17524834100004], [107.66312779100008, 34.15286949100005], [107.76703832800007, 33.93822423000006], [107.69646584500003, 33.88107552500003], [107.70139176900005, 33.83837377400005], [107.65278528700009, 33.77273921500006], [107.67622910200004, 33.715809816000046], [107.81762869400006, 33.67718581200006], [107.90522075600006, 33.740983534000065], [108.04074682400005, 33.71195511600007], [108.05366753600003, 33.54295615900003], [108.15623819900009, 33.411837053000056], [108.03982488000008, 33.31365997900008], [108.16237059700006, 33.302527731000055], [108.19805452300005, 33.229544334000025], [108.24829943800006, 33.20776349700003], [108.36149977800005, 33.226849755000046], [108.45288329300007, 33.12175094300005], [108.62192198400004, 33.155811278000044], [108.67793671500004, 33.13146236100005], [108.61806007000007, 32.953381439000054], [108.71011611700004, 32.85721864000004], [108.69415097600006, 32.78354745100006], [108.53112889900007, 32.766485705000036], [108.49959737800003, 32.715072950000035], [108.53579317200007, 32.66443429000003], [108.61666555000005, 32.65163409000007], [108.65319915400005, 32.596814159000076], [108.60831348500005, 32.46293786800004], [108.69435216600004, 32.23443899700004], [108.63560570300007, 32.188092435000044], [108.63979644000005, 32.137491339000064], [108.50242705500006, 32.20295585000002], [108.38544870500004, 32.179342777000045], [108.42917468900004, 32.06145934700004], [108.35376340400006, 32.05200440100003], [108.34026316800004, 31.96989927000004], [108.26609204900006, 31.963591204000068], [108.30666916700005, 31.87381041100008], [108.45258990600007, 31.780581572000074], [108.25845880600008, 31.700904664000063], [108.17669197500004, 31.704300818000036], [108.06336769500007, 31.80232048700003], [107.92404295400007, 31.796572214000037], [107.84150025000008, 31.718799102000048], [107.87276812000005, 31.66281592200005], [107.77642285300004, 31.65413555600003], [107.67219601400006, 31.741118244000063], [107.49814880700006, 31.676304291000065], [107.51550810100008, 31.64949247800007]]]}}, {"type": "Feature", "properties": {"id": "江南东路", "name": "江南东路", "color": "#a89a5c", "owner": "宋", "units": ["江南东路"], "label_lon": 118.622, "label_lat": 31.848}, "geometry": {"type": "MultiPolygon", "coordinates": [[[[118.60804340000004, 30.539406077000024], [118.58350923100011, 30.444366596000066], [118.5056917920001, 30.404231309000068], [118.39339788200004, 30.43214027700003], [118.30483920600011, 30.38907594400007], [118.2316176280001, 30.406660480000028], [118.19382411600009, 30.465694237000037], [118.098228833, 30.451259090000065], [118.10395818200004, 30.52291087800006], [118.03201851500012, 30.502347693000047], [117.95887167700005, 30.52204836900006], [118.1082619880001, 30.689410751000025], [117.94836078300011, 30.844465439000032], [118.03144841400001, 30.84156695100006], [118.13051367700007, 30.885368844000027], [118.18557642700011, 31.03196829500007], [118.31563174200005, 30.992745246000027], [118.34552435400008, 31.03879437200004], [118.35107956500008, 31.17689919600008], [118.25612398900012, 31.164178444000072], [118.22851448200004, 31.216353508000054], [118.23568211500003, 31.28893703800003], [118.33165869800007, 31.30086024800005], [118.32395668200002, 31.37951335300005], [118.257154452, 31.415411520000077], [118.24799669700008, 31.379226249000055], [118.16690342100003, 31.397910102000026], [118.11631928300005, 31.48627030700004], [118.19360750500005, 31.72371671700006], [118.11314434000008, 31.83807171600006], [118.00424396400001, 31.83885477800004], [117.8466324530001, 31.917751801000065], [117.78778047600008, 31.994580597000038], [117.92248683500009, 32.336131366000075], [118.0755353940001, 32.49149350600004], [118.06045285700009, 32.585743627000056], [117.90223386900004, 32.66144421100006], [117.90221471300003, 32.85728390600008], [117.82653896000011, 32.92105843000007], [117.8322423730001, 32.99290360900005], [117.85860325500005, 33.05305534000007], [117.91119385700006, 32.99702821600005], [117.9816890840001, 33.00911691500005], [118.04983255500008, 33.13985797700008], [118.17371374700008, 33.20175513000004], [118.20127638200006, 33.18689113000005], [118.20021669200003, 33.066308562000074], [118.24897882500011, 32.89381685300003], [118.27489850200004, 32.93030672100008], [118.40576576900003, 32.93943478800003], [118.50109070200006, 33.04282849900005], [118.53385898700003, 33.03698055800004], [118.52706256300007, 33.06900918800005], [118.55898339300006, 33.08727139400003], [118.52487291900002, 33.117282577000026], [118.58734715000003, 33.18150628700005], [118.6018995500001, 33.14971126800003], [118.640987805, 33.17099347800007], [118.67860994900002, 33.14227640100006], [118.65731256400011, 33.05623002300007], [118.85574249000001, 33.074251557000025], [118.90539056000011, 33.03273764800008], [118.89027130900001, 32.957962560000055], [118.8092581620001, 32.96146700800006], [118.78687689900005, 32.93273750700007], [118.78245895100008, 32.864652731000035], [118.72023981600012, 32.81719608000003], [118.70856630000003, 32.74068673600004], [118.58611453500009, 32.737976168000046], [118.68902518900006, 32.59202441100007], [118.77628799700005, 32.59771399500005], [118.84813890700002, 32.55566830600003], [118.8945281010001, 32.57568892100005], [118.97243146500011, 32.49673136600006], [119.00722182100003, 32.49794435600006], [119.0524931970001, 32.44812527500005], [119.0194465510001, 32.39351972800006], [119.0635625320001, 32.228234590000056], [119.22761327900002, 32.22540555000006], [119.23390037800004, 32.123313273000065], [119.3316309280001, 32.06431328300005], [119.35906704600006, 32.00045601200003], [119.31709261000003, 31.897097475000066], [119.33154174300012, 31.79236339700003], [119.29908691900005, 31.672872641000026], [119.400080752, 31.58755937500007], [119.6146050430001, 31.57303445900004], [119.6561173560001, 31.605240265000077], [119.77084022200006, 31.534467423000024], [119.9240838830001, 31.55838138200005], [120.045304138, 31.47830304400003], [119.89064268200002, 31.274504043000036], [119.88096928900006, 31.167436898000062], [119.70259382600011, 31.191320174000055], [119.563904094, 31.11962552700004], [119.5148674830001, 31.171330002000047], [119.35701332700012, 31.18093526900003], [119.28665175800006, 31.14951484900007], [119.31129208000004, 31.014129882000077], [119.2532702310001, 31.046644491000052], [119.22381515500001, 31.031722157000047], [119.1206848280001, 30.936895883000034], [119.10211732200003, 30.877046134000068], [119.0044554530001, 30.832045330000028], [119.04885692000005, 30.78327051200006], [118.98461610400011, 30.736681843000042], [118.8390493060001, 30.72627549200007], [118.78472402900002, 30.60473391900007], [118.69370006200006, 30.557530263000046], [118.652989638, 30.577662618000033], [118.60804340000004, 30.539406077000024]]], [[[117.90243920900002, 33.76593954800006], [118.01757554400001, 33.72470912800003], [118.12405864900006, 33.73529911800006], [118.1325637110001, 33.646122579000064], [118.08213362100003, 33.59766824900004], [118.08317918600005, 33.48586302600006], [118.01432871800012, 33.47571657700007], [118.00091162400008, 33.39756511200005], [117.93878084000005, 33.31089901800004], [117.71447161000003, 33.27377018300007], [117.6071620460001, 33.32285113000006], [117.65106217700009, 33.40500023100003], [117.62920576600004, 33.52024174600007], [117.63594422000006, 33.58184122500006], [117.66932642100005, 33.602379392000046], [117.65914199000008, 33.73007221800003], [117.71028406500011, 33.741345230000036], [117.75272959600011, 33.71238025800005], [117.81576020900002, 33.742510426000024], [117.86921072300004, 33.699581511000076], [117.90243920900002, 33.76593954800006]]]]}}, {"type": "Feature", "properties": {"id": "淮南西路", "name": "淮南西路", "color": "#a89a5c", "owner": "宋", "units": ["淮南西路"], "label_lon": 116.583, "label_lat": 31.653}, "geometry": {"type": "Polygon", "coordinates": [[[116.38936693300002, 30.17768648300006], [116.34364721600002, 30.263374017000046], [116.24972044900005, 30.30784338600006], [116.17894399800002, 30.38628186300008], [116.04401668100002, 30.36719426600007], [115.99901171300007, 30.419874719000063], [115.8926066350001, 30.435199822000072], [115.87315091100004, 30.547144986000035], [115.78035170600003, 30.604428248000033], [115.75327890000005, 30.66376547200008], [115.67951749400004, 30.557201165000038], [115.60118234000004, 30.526350379000064], [115.53729003600006, 30.622807673000068], [115.46344051400001, 30.595753754000043], [115.40781987800005, 30.662132507000024], [115.33327725800007, 30.670539618000078], [115.31100576500012, 30.69300766400005], [115.32164838000006, 30.79335366500004], [115.14995141400004, 30.816770822000024], [115.12283811700001, 30.868021732000045], [115.03051987900005, 30.910839742000064], [114.96692823700005, 31.02620034200004], [114.87394849400005, 31.017772679000075], [114.85487420600009, 30.960275599000056], [114.7682287, 31.00901199100008], [114.73949556200012, 30.982857712000055], [114.69133851000004, 30.99408015100005], [114.68743424600007, 31.05967627600006], [114.7422338880001, 31.111669793000033], [114.73597945200004, 31.181977413000027], [114.79413261800005, 31.26829992200004], [114.78171151200002, 31.34167803100007], [114.81578117200002, 31.459342294000066], [114.71834913000009, 31.539342634000036], [114.66287584100007, 31.51715663400006], [114.61703348600008, 31.591386003000025], [114.59287997800004, 31.601018646000057], [114.56776523300005, 31.564525316000072], [114.53126088300007, 31.58517755200006], [114.58168970200006, 31.858370981000064], [114.56497719700008, 31.945191528000066], [114.52295522800011, 31.978694863000044], [114.64475807800011, 32.13174781200007], [114.6683459300001, 32.207262326000034], [114.59903408600007, 32.293174227000065], [114.6463385190001, 32.37446027500005], [114.58734539600005, 32.50420522300004], [114.69349929300006, 32.558194008000044], [114.79009542800009, 32.54550289800005], [114.87681265900005, 32.67819471900003], [115.01314072800005, 32.68465186000003], [115.16725076700004, 32.63696800500003], [115.16326154400008, 32.57345284100006], [115.25911364100011, 32.56828274500003], [115.29437986000005, 32.68096148300003], [115.41471816, 32.680714555000066], [115.47927323300007, 32.74832717800007], [115.49452590700002, 32.80859073100004], [115.44464762400003, 32.89963367100006], [115.5800777290001, 32.91494595200004], [115.73335779000001, 32.78565045100004], [115.81133138200005, 32.78289829700003], [115.87638405700011, 32.82361618500005], [116.05152856100005, 32.81424996100003], [116.11362480600008, 32.75197273600003], [116.1592864910001, 32.76785386100005], [116.19495148800002, 32.88556138900003], [116.27664346200004, 32.86067100200006], [116.35502919600003, 32.891488939000055], [116.36929698300003, 33.03182408600003], [116.43873873100006, 33.015432806000035], [116.54870103400003, 32.92002675900005], [116.73429890500006, 32.93261638400003], [116.79695070100001, 33.01857646700006], [116.72906173900003, 33.08243979200006], [116.80755735200012, 33.19767668700007], [116.78411300100004, 33.295806878000064], [116.85432981500003, 33.304428348000044], [116.8642882040001, 33.34879947200005], [116.92650178200006, 33.293663751000054], [117.04257943800008, 33.259964661000026], [117.07675471100004, 33.302571589000024], [117.0595963510001, 33.38978530600008], [117.13421463100008, 33.39009856000007], [117.23557237400007, 33.48621263000007], [117.3400677410001, 33.46318929200004], [117.41827765900007, 33.349043979000044], [117.48876330500002, 33.32002799600008], [117.65407686500009, 33.32058108500007], [117.71447161000003, 33.27377018300007], [117.93878084000005, 33.31089901800004], [117.91524035700002, 33.21716456400003], [118.0224605630001, 33.131952141000056], [118.04983255500008, 33.13985797700008], [118.04194341700008, 33.11036013200004], [117.94595497700004, 32.99574988000006], [117.85860325500005, 33.05305534000007], [117.82653896000011, 32.92105843000007], [117.90221471300003, 32.85728390600008], [117.90223386900004, 32.66144421100006], [118.06045285700009, 32.585743627000056], [118.0755353940001, 32.49149350600004], [117.92248683500009, 32.336131366000075], [117.78778047600008, 31.994580597000038], [117.8466324530001, 31.917751801000065], [118.00424396400001, 31.83885477800004], [118.11314434000008, 31.83807171600006], [118.19360750500005, 31.72371671700006], [118.11631928300005, 31.48627030700004], [118.16690342100003, 31.397910102000026], [118.24799669700008, 31.379226249000055], [118.257154452, 31.415411520000077], [118.32395668200002, 31.37951335300005], [118.33165869800007, 31.30086024800005], [118.23568211500003, 31.28893703800003], [118.22851448200004, 31.216353508000054], [118.25612398900012, 31.164178444000072], [118.35107956500008, 31.17689919600008], [118.3416023850001, 31.011864143000025], [118.31563174200005, 30.992745246000027], [118.18557642700011, 31.03196829500007], [118.13051367700007, 30.885368844000027], [118.03144841400001, 30.84156695100006], [117.94836078300011, 30.844465439000032], [118.1082619880001, 30.689410751000025], [117.95887167700005, 30.52204836900006], [118.03201851500012, 30.502347693000047], [118.10395818200004, 30.52291087800006], [118.098228833, 30.451259090000065], [118.19382411600009, 30.465694237000037], [118.2316176280001, 30.406660480000028], [118.30483920600011, 30.38907594400007], [118.25896909700009, 30.222190385000033], [118.32332909500008, 30.15672795900008], [118.39153856200005, 30.148734916000024], [118.37210671100001, 30.104085479000048], [118.26775709000003, 30.088226939000037], [118.19437226600007, 30.15810755900003], [118.06967830400004, 30.081745812000065], [118.09166509200008, 30.028613650000068], [118.01589827200007, 29.986619045000054], [118.04684529500003, 29.897126894000053], [117.98985617100004, 29.86285095200003], [117.97744023500002, 29.796276705000025], [117.90985150600011, 29.78642299200004], [117.93323252400012, 29.853046403000064], [117.87159580800005, 29.877390612000056], [117.8459707180001, 29.937260433000063], [117.66450321600007, 30.11010913800004], [117.53330760500012, 30.108623367000064], [117.51693766100004, 30.05253397100006], [117.25018816800002, 29.99949613700005], [117.28952859800006, 30.09598173100005], [117.2747881250001, 30.174563325000065], [117.22337164500004, 30.184065875000044], [117.15167712400012, 30.375980139000035], [117.11540213300009, 30.371682812000074], [117.10667244900003, 30.403727884000034], [117.19990649400006, 30.441759773000058], [117.18585812700007, 30.473271655000076], [117.03153168200004, 30.49087889100008], [116.88767918300005, 30.405027309000047], [116.9082685090001, 30.248372549000067], [116.74805596200008, 30.02899771600005], [116.60955157100011, 30.063879816000053], [116.38936693300002, 30.17768648300006]]]}}, {"type": "Feature", "properties": {"id": "梓州路", "name": "梓州路", "color": "#a89a5c", "owner": "宋", "units": ["梓州路"], "label_lon": 105.395, "label_lat": 31.498}, "geometry": {"type": "Polygon", "coordinates": [[[105.71699126800007, 29.777110535000077], [105.71525417500004, 29.91772858400003], [105.75168121000007, 29.98628891800007], [105.72536709100007, 30.043761562000043], [105.54944709200004, 30.143785293000064], [105.55070819800005, 30.20698111100006], [105.48578482400006, 30.228976730000056], [105.48329336000006, 30.256620530000077], [105.35009148700004, 30.30415034500004], [105.22611852000006, 30.294462663000047], [105.12586855000006, 30.340736204000052], [105.08429883800005, 30.39691330100004], [105.07767587800004, 30.55263593500007], [105.00281267700007, 30.523523676000025], [104.95516774900005, 30.610439661000044], [104.82670980200004, 30.593822438000075], [104.82344501100005, 30.670273208000026], [104.74835371500006, 30.76588308500004], [104.55125344400005, 30.88332701300004], [104.47546601600004, 31.026162485000043], [104.38064066800007, 31.017865701000062], [104.39320765200006, 31.114833789000045], [104.27326447500008, 31.149297071000035], [104.27560429400006, 31.260012671000027], [104.35713375000006, 31.390016949000028], [104.15815573900005, 31.55408751300007], [104.11848035100007, 31.697751389000075], [104.17713499000007, 31.73990469900008], [104.17017374600005, 31.775184806000027], [103.96719246600009, 31.87438977000005], [103.94275944900005, 31.932267016000026], [103.75745534500004, 31.95284955300008], [103.77623603900008, 32.014002651000055], [103.83068504100004, 32.05482677800006], [103.81471373900007, 32.13492998900006], [103.71092197000007, 32.149486668000065], [103.63134647500004, 32.23582079700003], [103.47293032100004, 32.25157074500004], [103.38613839400006, 32.21249372900007], [103.39025281900007, 32.37996422400005], [103.30207615600006, 32.55685086500006], [103.26898615900006, 32.54629144100005], [103.25074859900008, 32.42580940000005], [103.10608676200007, 32.40009107800006], [103.02144069600007, 32.422427689000074], [102.93609463600006, 32.38767179600006], [102.81916201300004, 32.40658611900005], [102.69542113200004, 32.32000868100005], [102.68016276300006, 32.37869045900004], [102.79351583000005, 32.481186396000055], [102.85077172800004, 32.655826716000036], [102.97836552300004, 32.732334097000034], [102.97299588700008, 32.85119020600007], [103.10171136800005, 32.92389867500003], [103.16879543100004, 32.85414068500006], [103.23910564000005, 32.83451871500006], [103.29056687000008, 32.88923111300005], [103.31496106200007, 32.99601787000006], [103.38664588700004, 32.99793921500003], [103.39330036000007, 33.06241802900007], [103.58156829600006, 33.14853626100006], [103.59526485200007, 33.11764598700006], [103.68869658400007, 33.108442394000065], [103.72653246700008, 33.04045764400007], [103.83450537900006, 33.01632801000005], [103.89226384000006, 32.91704387400006], [103.97311192000006, 32.938105103000055], [103.98018889200006, 33.03608189200003], [104.01913343800004, 33.04242996200003], [104.24434793500006, 32.89498691000006], [104.29269337300008, 32.89238068700007], [104.36553880400004, 32.95544698400005], [104.39163232900006, 32.939760299000056], [104.42515673100007, 32.989283733000036], [104.35499403900008, 33.058928980000076], [104.38413613100005, 33.109138347000055], [104.32156300800006, 33.28482993200004], [104.43646271400007, 33.312299307000046], [104.32822041700007, 33.32955052800003], [104.22702718800008, 33.399453116000075], [104.19003008900006, 33.517673724000076], [104.26671453200004, 33.53019836500005], [104.45889921400004, 33.46625399100003], [104.56114599000006, 33.23524924900005], [104.63494612500006, 33.22729030900007], [104.74298408000004, 33.338723694000066], [104.94760241500006, 33.23930336400008], [105.01889686100009, 33.11077878400005], [104.99813748800005, 32.98146370400008], [105.13392045900008, 32.870206910000036], [105.25586836500008, 32.91067272200007], [105.31284048900005, 32.81438620000006], [105.40204626600007, 32.83732575400006], [105.43374652300008, 32.903193060000035], [105.50447797200007, 32.90407064500005], [105.50453687100008, 32.80277403500003], [105.57480496600004, 32.70851115200003], [105.78779526100004, 32.75780073100003], [105.82328155100004, 32.82563942000007], [106.06962676300009, 32.84535170100003], [106.09964195200007, 32.80812623800006], [106.07600181800007, 32.75940875200007], [106.22825650200008, 32.67894271200004], [106.30395981100008, 32.67264139200006], [106.22517166700004, 32.50592101600006], [106.07286404300004, 32.42815935600004], [106.06447115000009, 32.39366400100005], [106.13205585600008, 32.367298679000044], [106.13549674000006, 32.33376904800008], [106.03617342900009, 32.280949674000055], [106.01349202100005, 32.22017391500003], [106.08095581600008, 32.19245205000004], [106.07474253600009, 32.15703662400006], [106.14761938000004, 32.110915732000024], [106.39322160500006, 32.12539903600003], [106.43687062500004, 32.08594063700008], [106.45051983800005, 31.991719489000047], [106.40292615100009, 31.866884542000037], [106.38425526900005, 31.682435860000055], [106.46790594400005, 31.58504091100008], [106.59187167600004, 31.507829275000063], [106.64469453800007, 31.52392504900007], [106.65215173800004, 31.58234942400003], [106.83592233600007, 31.531436668000026], [106.87225513500005, 31.399399678000066], [106.94612914900006, 31.341225740000027], [107.02961177300006, 31.190651185000036], [107.10392736000006, 31.17332912200004], [107.17748912400003, 31.208449624000025], [107.20016163200006, 31.17841830100008], [107.18674496200003, 31.079501640000046], [107.24642485100009, 30.990170542000044], [107.18379193900006, 30.952425554000058], [107.00353616900009, 30.539724420000027], [107.08054825700003, 30.470052003000035], [107.11587522400004, 30.472206778000043], [107.09916201300007, 30.502239392000035], [107.20368655300007, 30.522959255000046], [107.18037018800004, 30.42443716400004], [107.21875939500006, 30.414567017000024], [107.26514349700005, 30.320974207000063], [107.23688198600007, 30.23472841800003], [107.27832901000005, 30.11153595600007], [107.25300210800003, 30.09184603500006], [107.32187850400004, 29.97565307800005], [107.43482460500007, 30.022653165000065], [107.30933188800009, 29.844224860000054], [107.20460685200004, 29.826812897000025], [107.19023444600003, 29.785346830000037], [106.98887347500005, 29.714385771000025], [106.96710221000006, 29.755998745000056], [106.84756014100009, 29.58919018100005], [106.71886032000003, 29.59961639000005], [106.62646082000003, 29.504003010000076], [106.59059679900008, 29.352511363000076], [106.54536452200006, 29.347411468000075], [106.40055325000009, 29.43084367700004], [106.39603425700005, 29.55783314200005], [106.45036993500008, 29.737508469000034], [106.32293887800006, 29.72664309700008], [106.25105503700007, 29.571326699000053], [106.26137718400008, 29.39378110000007], [106.12934614900007, 29.262345534000076], [106.04078554900008, 29.295668527000032], [106.08759399800005, 29.531455074000064], [105.87583292100004, 29.550623312000027], [106.03418346600006, 29.712646568000025], [105.91242468800004, 29.780756219000068], [105.85417455100009, 29.750387657000033], [105.77275605700004, 29.79504574400005], [105.71699126800007, 29.777110535000077]]]}}, {"type": "Feature", "properties": {"id": "京西南路", "name": "京西南路", "color": "#a89a5c", "owner": "宋", "units": ["京西南路"], "label_lon": 112.465, "label_lat": 32.199}, "geometry": {"type": "Polygon", "coordinates": [[[111.83693043000005, 31.150790562000054], [111.75608267900009, 31.02393571500005], [111.69994216000003, 31.017596489000027], [111.62158423700004, 30.892993043000047], [111.55860173100007, 30.897743784000056], [111.51661672000006, 30.93359193300006], [111.49143409800007, 31.05724992100005], [111.23210263200008, 31.21928452800006], [111.23807823800007, 31.29250350800004], [111.29640818600006, 31.37027147400005], [111.22841126400004, 31.46377530700005], [111.03682435900004, 31.43273406700007], [111.00412668200005, 31.558634247000043], [110.92289813600007, 31.581971731000067], [110.95619211500008, 31.641332890000058], [110.94044220100005, 31.665280580000058], [110.86349834500004, 31.684923402000038], [110.84469753300004, 31.751177754000025], [110.75493317200005, 31.814407865000078], [110.78343455100008, 31.84792531900007], [110.60312316300008, 31.85777986800008], [110.42039045100006, 31.81403105000004], [110.37639864600004, 31.76571950400006], [110.29340801700005, 31.766460521000056], [110.23016890400004, 31.728811259000054], [110.18833466500007, 31.61500430700005], [110.22073026000004, 31.59792002300003], [110.03987042100005, 31.580235265000056], [110.05362458900004, 31.783262884000067], [110.15651065600008, 31.85940445400007], [110.12191143900009, 31.992001311000024], [110.20304255000008, 32.07930267900008], [110.30663893100007, 32.05132071500003], [110.33523784800008, 32.137378813000055], [110.39591124000009, 32.15802369100004], [110.40392977600004, 32.19180490700006], [110.31048383500007, 32.28117622700006], [110.39756439300004, 32.36998059900003], [110.34688432700005, 32.41845872400006], [110.31529771600009, 32.52011757200006], [110.15577320800008, 32.54374161100003], [110.10456459100004, 32.70777495300007], [110.10748177400006, 32.80837276500006], [110.23442783400009, 32.75226099300005], [110.34568268200007, 32.83372151400005], [110.38999477700008, 32.806331270000044], [110.50899622900005, 32.830726137000056], [110.60771924700003, 32.918503791000035], [110.59187785200004, 33.03941447900007], [110.64716963300003, 33.12223701900007], [110.72381599500005, 33.114582760000076], [110.84556651100007, 33.21288414900005], [110.92402468900008, 33.20755653600003], [111.00807630600008, 33.333897973000035], [111.11736654400005, 33.337572032000026], [111.18013917000007, 33.28980635000005], [111.37284102700005, 33.274802452000074], [111.41010959600004, 33.21556773200007], [111.53920089200005, 33.19964340300004], [111.57077297700005, 33.09952014100003], [111.74499361600004, 33.124484952000046], [111.70486357000004, 33.33281563500003], [111.62645111100005, 33.36267123400006], [111.58697931000006, 33.45897391400007], [111.80307762500007, 33.508305], [111.80879830600009, 33.59356167000004], [111.91459881500003, 33.58365461100004], [111.98186583700004, 33.42011823200005], [112.07690663700009, 33.36358795700005], [112.19966899000008, 33.35353133900003], [112.25729244700005, 33.20841364200004], [112.33799764600008, 33.21521261100003], [112.44116375100009, 33.27261776200004], [112.49075925500006, 33.26381844100007], [112.51296591500011, 33.22464269000005], [112.58257246200003, 33.23745255500006], [112.62801150400003, 33.21093758600006], [112.6139260330001, 33.181653898000036], [112.75680879700008, 33.11763641500005], [112.98899178200008, 33.16558978900002], [113.04294723800001, 33.131558330000075], [113.13526552500002, 33.13650271500006], [113.175654344, 33.08376750300005], [113.31739709900012, 33.07314477700004], [113.36040650600012, 33.11506776500005], [113.35790105700005, 33.17137573700006], [113.58867091400009, 33.163906508000025], [113.7095445760001, 33.01094773300008], [113.93810097100004, 33.032478525000045], [113.98038153400012, 32.953276912000035], [114.08581811600004, 32.97387303800008], [114.18697993800004, 32.831107571000075], [114.17064559900007, 32.68720963000004], [114.20539117900012, 32.68837294300005], [114.22052616100007, 32.65001739000007], [114.32075797200002, 32.65959575100004], [114.50577933700004, 32.813541686000065], [114.54914112000006, 32.79372406300007], [114.53629956000009, 32.762385505000054], [114.59925144700003, 32.69634828400007], [114.69763989900002, 32.66981875300007], [114.6953198120001, 32.62898104200008], [114.78357695500006, 32.62096204000005], [114.83050120200005, 32.66457031600004], [114.86107210500006, 32.65219350800004], [114.79009542800009, 32.54550289800005], [114.69349929300006, 32.558194008000044], [114.58734539600005, 32.50420522300004], [114.6463385190001, 32.37446027500005], [114.59903408600007, 32.293174227000065], [114.6683459300001, 32.207262326000034], [114.64475807800011, 32.13174781200007], [114.52295522800011, 31.978694863000044], [114.56497719700008, 31.945191528000066], [114.58168970200006, 31.858370981000064], [114.53126088300007, 31.58517755200006], [114.56776523300005, 31.564525316000072], [114.59287997800004, 31.601018646000057], [114.61703348600008, 31.591386003000025], [114.66287584100007, 31.51715663400006], [114.71834913000009, 31.539342634000036], [114.81578117200002, 31.459342294000066], [114.78171151200002, 31.34167803100007], [114.79413261800005, 31.26829992200004], [114.73597945200004, 31.181977413000027], [114.7422338880001, 31.111669793000033], [114.68743424600007, 31.05967627600006], [114.6948972890001, 30.95705114100008], [114.58262178400003, 30.95214982300007], [114.51292028500006, 31.02931031600008], [114.4836394990001, 31.171647283000027], [114.40705960100001, 31.244896451000045], [114.44018944400011, 31.31923043300003], [114.28656984000008, 31.373099637000053], [114.07697052700007, 31.372729113000048], [114.05453478800007, 31.462026442000024], [113.87898228800009, 31.398678880000034], [113.76734333600007, 31.216697169000042], [113.66517164200002, 31.18637674300004], [113.60236009800008, 31.10135923400003], [113.53573602400002, 31.155717395000067], [113.50408686600008, 31.137219539000057], [113.439202808, 31.248520129000042], [113.34076941100011, 31.308965056000034], [113.3144383120001, 31.364481891000025], [113.24112089800008, 31.350458606000075], [113.11462482600007, 31.44492860400004], [112.96995509400006, 31.453913080000063], [113.00124177900011, 31.369018693000044], [112.86483180200003, 31.304497492000053], [112.89135646500006, 31.193618169000047], [112.82545405100007, 31.15228034100005], [112.82089994300009, 31.048747879000075], [112.68422018100011, 30.96276266800004], [112.75409533000004, 30.837930972000038], [112.63215088100003, 30.740719729000034], [112.585793179, 30.749776654000073], [112.6367499810001, 30.82155806600008], [112.52963227000009, 30.86492821400003], [112.53156612900011, 30.930267891000028], [112.37028047400008, 30.906898569000077], [112.28813782600002, 30.993367122000052], [112.30621245200007, 31.05565534200008], [112.2456486530001, 31.14345695700007], [112.30902195100009, 31.159291074000066], [112.31327766600009, 31.190455935000045], [112.241923272, 31.279311806000067], [112.13245039700007, 31.310917927000048], [112.11424798700011, 31.444923920000065], [112.14875890500002, 31.482031609000046], [112.01979126900005, 31.44405193700004], [111.93529600300008, 31.477003499000034], [111.90274051700004, 31.332208930000036], [111.92611630500005, 31.27363061400007], [111.84712767000008, 31.248243203000072], [111.86706376800004, 31.21952623800007], [111.83693043000005, 31.150790562000054]]]}}, {"type": "Feature", "properties": {"id": "成都府路", "name": "成都府路", "color": "#a89a5c", "owner": "宋", "units": ["成都府路"], "label_lon": 103.394, "label_lat": 30.238}, "geometry": {"type": "Polygon", "coordinates": [[[102.87011836200008, 28.632333931000062], [102.70040079200004, 28.69798247600005], [102.66070136400003, 28.84058907800005], [102.34855036700009, 28.843803337000054], [102.25796981700006, 28.904752792000068], [102.16770388900005, 29.035978785000054], [102.15186943200007, 29.139469704000078], [102.06942739700008, 29.185296879000077], [102.13121234900007, 29.225172582000027], [102.05733213800005, 29.29398112000007], [101.90007153000005, 29.287225438000064], [101.75488887200004, 29.206286439000053], [101.71683237500008, 29.217176907000066], [101.70262533400006, 29.282727967000028], [101.51428620200005, 29.291243381000072], [101.47224129300008, 29.323614875000032], [101.36658799400004, 29.256419097000048], [101.33494513400007, 29.196677788000045], [101.26654456900008, 29.234256204000076], [101.11304813300006, 29.148463566000032], [101.05398736500007, 29.223773316000063], [101.02667818200007, 29.353419073000055], [101.26411416300004, 29.49412931300003], [101.26166777800006, 29.75385835000003], [101.32305800300009, 29.776074318000042], [101.41061589100008, 29.908480225000062], [101.42222128000009, 30.017104172000074], [101.36586621000004, 30.045076791000042], [101.39921017600005, 30.09968728000007], [101.37009924400007, 30.203222656000037], [101.28554270700005, 30.225735891000056], [101.27810327200007, 30.333905107000078], [101.34776914800005, 30.41506813700005], [101.37924745600009, 30.39246795200006], [101.64359490600003, 30.397475154000063], [101.71408004500006, 30.33766089100004], [101.78533385000009, 30.398761570000033], [101.60435592600004, 30.619620031000068], [101.64734087400007, 30.819328102000043], [101.63520607800007, 30.89767898200006], [101.52332344400008, 30.974541011000042], [101.43315090200008, 30.92267868600004], [101.29676458900008, 31.07941547300004], [101.29185403500009, 31.11423399800003], [101.35000363500006, 31.152786796000044], [101.36019902500004, 31.243122867000068], [101.42856045200006, 31.265479606000042], [101.45929804500008, 31.31889433400005], [101.41194740400005, 31.367983700000025], [101.29484834800007, 31.380327971000042], [101.24830422900004, 31.518901460000052], [101.48744511800004, 31.77464220400003], [101.42603410900006, 31.838765945000034], [101.39779067900008, 31.970145641000045], [101.28878637500009, 32.05144642100004], [101.49337664600006, 32.31346110700002], [101.43492151000004, 32.39240651000006], [101.65471615600006, 32.36621325700003], [101.71192071200005, 32.33082537100006], [101.80640476700006, 32.36637046900006], [101.91748759000006, 32.33118639300005], [102.09120472500007, 32.35070332200007], [102.14819112900005, 32.29578976600004], [102.23947893300004, 32.323052207000046], [102.28235329200004, 32.23720124400006], [102.36311531600006, 32.238699293000025], [102.38130608600005, 32.168498672000055], [102.47255842200008, 32.12106492300006], [102.50280596600004, 32.033767305000026], [102.60848601700008, 31.983047964000036], [102.69967369100004, 31.88482510500006], [102.70714639400006, 32.03138575100007], [102.61037257900006, 32.18507137700004], [102.61456324600005, 32.242243245000054], [102.81916201300004, 32.40658611900005], [102.93609463600006, 32.38767179600006], [103.02144069600007, 32.422427689000074], [103.10608676200007, 32.40009107800006], [103.25074859900008, 32.42580940000005], [103.26898615900006, 32.54629144100005], [103.30207615600006, 32.55685086500006], [103.39025281900007, 32.37996422400005], [103.38613839400006, 32.21249372900007], [103.47293032100004, 32.25157074500004], [103.67186736400004, 32.21750893900003], [103.71092197000007, 32.149486668000065], [103.81471373900007, 32.13492998900006], [103.83137027800007, 32.097146914000064], [103.75745534500004, 31.95284955300008], [103.94275944900005, 31.932267016000026], [103.96719246600009, 31.87438977000005], [104.17017374600005, 31.775184806000027], [104.17713499000007, 31.73990469900008], [104.11848035100007, 31.697751389000075], [104.15815573900005, 31.55408751300007], [104.35713375000006, 31.390016949000028], [104.26581285100008, 31.230813469000054], [104.27326447500008, 31.149297071000035], [104.39320765200006, 31.114833789000045], [104.38064066800007, 31.017865701000062], [104.47546601600004, 31.026162485000043], [104.55125344400005, 30.88332701300004], [104.69746000200007, 30.81528918300006], [104.82344501100005, 30.670273208000026], [104.82670980200004, 30.593822438000075], [104.95516774900005, 30.610439661000044], [105.00281267700007, 30.523523676000025], [105.07767587800004, 30.55263593500007], [105.08429883800005, 30.39691330100004], [105.12586855000006, 30.340736204000052], [105.22611852000006, 30.294462663000047], [105.41293967400009, 30.286823207000054], [105.55070819800005, 30.20698111100006], [105.54944709200004, 30.143785293000064], [105.58459119600008, 30.14640127900003], [105.58703714100005, 30.119210442000053], [105.75079468900009, 30.019036846000063], [105.71525417500004, 29.91772858400003], [105.71699126800007, 29.777110535000077], [105.77275605700004, 29.79504574400005], [105.85417455100009, 29.750387657000033], [105.91242468800004, 29.780756219000068], [106.03418346600006, 29.712646568000025], [105.87583292100004, 29.550623312000027], [106.08759399800005, 29.531455074000064], [106.01483144100007, 29.221607316000075], [105.89465369800007, 29.009703615000035], [105.86351252200006, 29.016903598000056], [105.84485738700005, 29.07410292900005], [105.75969304500006, 29.04009675100008], [105.71945311200005, 28.93068188500007], [105.60481939900006, 28.868243128000074], [105.65968248200005, 28.81968278100004], [105.56139839200006, 28.67682658700005], [105.53460282600008, 28.48883502700005], [105.46488751500004, 28.49302756000003], [105.45617972100007, 28.45858299100007], [105.31519238600004, 28.48460205600003], [105.09861038200006, 28.417970258000025], [105.03830719400008, 28.375398499000028], [105.03445717200009, 28.259817767000072], [105.00921948000007, 28.24083518900005], [104.89929792700008, 28.317290781000054], [104.84051849800005, 28.320028380000053], [104.72980164500007, 28.491267805000064], [104.65942662200007, 28.472281472000077], [104.68941662600008, 28.377851571000065], [104.62330327200004, 28.280685667000057], [104.63283867100006, 28.21696505400007], [104.50003416700008, 28.19883890400007], [104.51280704300007, 28.168691917000046], [104.46396794300006, 28.13467666400004], [104.40473864900008, 28.196837954000046], [104.43649993500009, 28.22975853300005], [104.39761155600007, 28.305840732000036], [104.28595595400009, 28.32990483100008], [104.27156128400009, 28.402894247000063], [104.08243320900004, 28.367850022000027], [104.05305655500007, 28.33403444000004], [103.98200214500008, 28.407015854000065], [103.91858929700004, 28.409025717000077], [103.84181267400004, 28.465393697000025], [103.81964690300003, 28.518593457000065], [103.66999104800004, 28.427992967000023], [103.67146353000004, 28.56073748600005], [103.63293786300005, 28.565934698000035], [103.61963805000005, 28.61476646400007], [103.47289814900006, 28.54394701900003], [103.43585127600005, 28.426750221000077], [103.26210752400004, 28.437391348000062], [103.23775035300008, 28.470593506000057], [103.24947382800008, 28.617216633000055], [103.29766937400007, 28.703792943000053], [103.22166934200004, 28.806598957000062], [103.11263723100006, 28.795046439000032], [103.06791004000007, 28.69045870900004], [102.96875420900005, 28.67856172000006], [102.96340514100007, 28.64691080600005], [102.87011836200008, 28.632333931000062]]]}}, {"type": "Feature", "properties": {"id": "夔州路", "name": "夔州路", "color": "#a89a5c", "owner": "宋", "units": ["夔州路"], "label_lon": 109.009, "label_lat": 30.569}, "geometry": {"type": "Polygon", "coordinates": [[[107.62967199600007, 29.16046605500003], [107.53545887100006, 29.205924108000033], [107.42351132400006, 29.198466909000047], [107.36109493100008, 29.334147511000026], [107.21639983900008, 29.387373941000078], [107.14354764400008, 29.388954213000034], [107.08661614500005, 29.345320122000032], [107.02441578700007, 29.39175742200007], [107.00959671100009, 29.45693236900007], [106.94358467800004, 29.49178364200003], [106.98887347500005, 29.714385771000025], [107.19023444600003, 29.785346830000037], [107.20460685200004, 29.826812897000025], [107.30933188800009, 29.844224860000054], [107.43482460500007, 30.022653165000065], [107.32187850400004, 29.97565307800005], [107.25300210800003, 30.09184603500006], [107.27832901000005, 30.11153595600007], [107.23688198600007, 30.23472841800003], [107.26514349700005, 30.320974207000063], [107.21875939500006, 30.414567017000024], [107.18037018800004, 30.42443716400004], [107.20368655300007, 30.522959255000046], [107.09916201300007, 30.502239392000035], [107.11587522400004, 30.472206778000043], [107.08054825700003, 30.470052003000035], [107.00353616900009, 30.539724420000027], [107.18379193900006, 30.952425554000058], [107.24642485100009, 30.990170542000044], [107.18674496200003, 31.079501640000046], [107.20016163200006, 31.17841830100008], [107.17748912400003, 31.208449624000025], [107.05608155000004, 31.169839223000054], [106.98008088000006, 31.268838575000075], [107.03936457700007, 31.339741595000078], [107.10428546900005, 31.33396741200005], [107.17996460200004, 31.42428589900004], [107.25795333500008, 31.445976746000042], [107.51550810100008, 31.64949247800007], [107.49814880700006, 31.676304291000065], [107.63626290400003, 31.734072697000045], [107.70416865400006, 31.731170943000052], [107.73763285100006, 31.67244577100007], [107.82341879000006, 31.650906250000048], [107.87276812000005, 31.66281592200005], [107.84150025000008, 31.718799102000048], [107.92404295400007, 31.796572214000037], [108.06336769500007, 31.80232048700003], [108.17669197500004, 31.704300818000036], [108.25845880600008, 31.700904664000063], [108.45258990600007, 31.780581572000074], [108.30666916700005, 31.87381041100008], [108.26609204900006, 31.963591204000068], [108.34026316800004, 31.96989927000004], [108.35376340400006, 32.05200440100003], [108.42917468900004, 32.06145934700004], [108.38544870500004, 32.179342777000045], [108.50242705500006, 32.20295585000002], [108.63979644000005, 32.137491339000064], [108.63560570300007, 32.188092435000044], [108.69435216600004, 32.23443899700004], [108.64269498600004, 32.32403134500004], [108.60831348500005, 32.46293786800004], [108.62445077600006, 32.50448281000007], [108.73043890000008, 32.46682862800003], [108.88829675900007, 32.492909945000065], [108.95937445800007, 32.37113763900004], [108.98579001200005, 32.38946740800003], [108.98206314400005, 32.466291789000024], [109.01904611600008, 32.512432182000055], [109.09920988800008, 32.53700293300005], [109.10696908700004, 32.59658165800005], [109.35734548800008, 32.578747521000025], [109.51897192700005, 32.483662511000034], [109.53776082100006, 32.54971318100007], [109.74082275000006, 32.545497425000065], [109.88209067400004, 32.58309501100007], [109.99806821500005, 32.55741482800005], [110.08073649800008, 32.60933610700005], [110.13699704600003, 32.606282822000026], [110.15577320800008, 32.54374161100003], [110.31529771600009, 32.52011757200006], [110.34688432700005, 32.41845872400006], [110.39756439300004, 32.36998059900003], [110.31048383500007, 32.28117622700006], [110.40392977600004, 32.19180490700006], [110.39591124000009, 32.15802369100004], [110.33523784800008, 32.137378813000055], [110.30663893100007, 32.05132071500003], [110.20304255000008, 32.07930267900008], [110.12191143900009, 31.992001311000024], [110.15651065600008, 31.85940445400007], [110.05362458900004, 31.783262884000067], [110.03987042100005, 31.580235265000056], [110.22073026000004, 31.59792002300003], [110.18833466500007, 31.61500430700005], [110.23016890400004, 31.728811259000054], [110.29340801700005, 31.766460521000056], [110.37639864600004, 31.76571950400006], [110.42039045100006, 31.81403105000004], [110.60312316300008, 31.85777986800008], [110.78343455100008, 31.84792531900007], [110.75493317200005, 31.814407865000078], [110.84469753300004, 31.751177754000025], [110.86349834500004, 31.684923402000038], [110.94044220100005, 31.665280580000058], [110.95619211500008, 31.641332890000058], [110.92289813600007, 31.581971731000067], [111.00412668200005, 31.558634247000043], [111.02015830600004, 31.459556622000036], [111.10389737500009, 31.342300385000044], [111.07048136100008, 31.282604052000067], [111.07506929300007, 31.167623132000074], [110.91537595800008, 31.090910549000057], [110.82899126500007, 30.99473768400003], [110.97929478700007, 30.83295880000003], [110.95975918300007, 30.739492743000028], [110.87376808300007, 30.736759026000072], [110.82954218900005, 30.683251230000053], [110.79880051400005, 30.699902997000038], [110.72967517000006, 30.64113978200004], [110.67300790200005, 30.635149270000056], [110.56502768500008, 30.718011846000024], [110.57750719500007, 30.74757258900007], [110.42825118600007, 30.761783481000066], [110.44890086900006, 30.530099827000072], [110.34100042500006, 30.476838332000057], [110.33040449200007, 30.248355150000066], [110.24600750300004, 30.254695980000065], [110.32144418000007, 29.983712903000026], [110.38408488400006, 29.96554449300004], [110.48625555600006, 30.019153034000055], [110.51679715600005, 29.992896071000075], [110.48339567600004, 29.970557468000038], [110.47338333000005, 29.890471313000035], [110.58040529800007, 29.830285853000078], [110.58652684500004, 29.75985031600004], [110.62358832500007, 29.725365917000033], [110.68326575000009, 29.692236843000046], [110.72763111800003, 29.704160929000068], [110.75620809100008, 29.662200506000033], [110.74884424800007, 29.627276961000064], [110.60037194900008, 29.549048602000028], [110.54790860100007, 29.412926114000072], [110.33139011000009, 29.396035768000047], [110.20879622400008, 29.328706242000067], [110.14640154700004, 29.342645746000073], [110.07061368100005, 29.25662265300008], [110.06558692500005, 29.14393090300007], [110.09908099900008, 29.12488840900005], [110.16739361000003, 29.170445706000066], [110.31307308600009, 29.042824428000074], [110.29898625800007, 28.95628528900005], [110.35221282800006, 28.917085368000073], [110.36237335900006, 28.857914883000035], [110.32064351300005, 28.765221604000033], [110.25627288000004, 28.728592871000046], [110.25340310300004, 28.69585740100007], [110.04048329600005, 28.740411342000073], [109.95804649700005, 28.700600086000065], [109.83496855800007, 28.746730609000053], [109.76433758000007, 28.70299420400005], [109.69005956700005, 28.76335917700004], [109.65897535700009, 28.875045099000033], [109.58841951700003, 28.915290067000058], [109.52688150100005, 28.84051800800006], [109.41740518200004, 28.846015159000046], [109.33103524300009, 28.779602347000036], [109.26771653000009, 28.768493646000024], [109.23151562300006, 28.817842444000064], [109.06001772500008, 28.753168500000072], [108.94867504900009, 28.603835468000057], [108.83165558700006, 28.578010864000078], [108.70669202700009, 28.47494078400007], [108.62756723700005, 28.465288524000073], [108.64940171800004, 28.419301433000044], [108.62158199500004, 28.344663017000073], [108.56255437500005, 28.35897732500007], [108.56122580700008, 28.518416562000027], [108.60757989400008, 28.631767878000062], [108.54463819300008, 28.668878032000066], [108.48445811700009, 28.644447694000064], [108.47329441100004, 28.602282854000066], [108.33759159600004, 28.656476809000026], [108.28784415700005, 28.72941842800003], [108.35272538400005, 28.769212853000056], [108.26626594600003, 29.087402620000034], [108.22609849500009, 29.046378100000027], [108.07878566300008, 29.080356211000037], [107.92659603200008, 29.043597162000026], [107.83578447000008, 28.95813534900003], [107.78689492100006, 29.00875203700008], [107.75476083200004, 29.174594884000044], [107.71018278400004, 29.200128736000067], [107.62967199600007, 29.16046605500003]]]}}, {"type": "Feature", "properties": {"id": "两浙路", "name": "两浙路", "color": "#a89a5c", "owner": "宋", "units": ["两浙路"], "label_lon": 120.044, "label_lat": 29.7}, "geometry": {"type": "MultiPolygon", "coordinates": [[[[119.23768760500002, 28.263767655000038], [119.15118755200001, 28.276226448000045], [119.10119868900006, 28.33051596000007], [119.06247248000011, 28.27299322500005], [118.97219905300005, 28.276609173000054], [118.97574313000007, 28.213421353000058], [118.87538078400007, 28.240475134000064], [118.83462347400007, 28.301185201000067], [118.79030873500005, 28.297790814000052], [118.74064564600008, 28.244203226000025], [118.672740083, 28.302964212000063], [118.56056531600007, 28.246131800000057], [118.52187771400008, 28.274710173000074], [118.40176232500005, 28.243332568000028], [118.39797378000003, 28.282977981000045], [118.43549192100011, 28.311824628000068], [118.44468592400005, 28.46516534700004], [118.39690606400006, 28.545281310000064], [118.34868970700006, 28.80157057300005], [118.26313929500009, 28.855401237000024], [118.25906214800011, 28.904831383000044], [118.17534144600006, 28.908405083000048], [118.15641541800005, 28.97932154700004], [118.02938036000012, 29.03734562900007], [117.99445393600001, 29.16815565400003], [118.05108711800005, 29.236091161000047], [118.05300772200007, 29.29669918500008], [118.16328958600002, 29.31925005000005], [118.19476507600007, 29.407445164000023], [118.10293132200002, 29.444478221000054], [118.12234120000005, 29.501287365000053], [118.07342787000005, 29.540938657000027], [117.66256233900003, 29.563985858000024], [117.64321995800003, 29.630618405000064], [117.71697341000004, 29.700771340000074], [117.85686560300007, 29.711495124000066], [117.90920546200005, 29.748057783000036], [117.90985150600011, 29.78642299200004], [117.97744023500002, 29.796276705000025], [117.98985617100004, 29.86285095200003], [118.04684529500003, 29.897126894000053], [118.01589827200007, 29.986619045000054], [118.09166509200008, 30.028613650000068], [118.06967830400004, 30.081745812000065], [118.19437226600007, 30.15810755900003], [118.26775709000003, 30.088226939000037], [118.37210671100001, 30.104085479000048], [118.39153856200005, 30.148734916000024], [118.32332909500008, 30.15672795900008], [118.25896909700009, 30.222190385000033], [118.30483920600011, 30.38907594400007], [118.39339788200004, 30.43214027700003], [118.46570585300003, 30.401120603000038], [118.58350923100011, 30.444366596000066], [118.60804340000004, 30.539406077000024], [118.652989638, 30.577662618000033], [118.69370006200006, 30.557530263000046], [118.78472402900002, 30.60473391900007], [118.8390493060001, 30.72627549200007], [118.98461610400011, 30.736681843000042], [119.04885692000005, 30.78327051200006], [119.0044554530001, 30.832045330000028], [119.10211732200003, 30.877046134000068], [119.1206848280001, 30.936895883000034], [119.22381515500001, 31.031722157000047], [119.2532702310001, 31.046644491000052], [119.31129208000004, 31.014129882000077], [119.28665175800006, 31.14951484900007], [119.35701332700012, 31.18093526900003], [119.5148674830001, 31.171330002000047], [119.563904094, 31.11962552700004], [119.70259382600011, 31.191320174000055], [119.88096928900006, 31.167436898000062], [119.89064268200002, 31.274504043000036], [120.00174849200005, 31.448346952000065], [120.09713550200001, 31.507535978000078], [120.19665398500001, 31.53120053600003], [120.18222579600001, 31.41396684600005], [120.20685823600002, 31.38259228000004], [120.31708956200009, 31.440336095000077], [120.49338894400012, 31.442306317000032], [120.58033826600001, 31.551110321000067], [120.67584385300006, 31.50259984300004], [120.73671668200006, 31.535742368000058], [120.97350099500011, 31.523408821000032], [120.99688262000006, 31.595041456000047], [121.03292513600002, 31.602858879000053], [121.01324117000001, 31.662304808000044], [121.04002090300003, 31.723281877000034], [121.15583785000001, 31.66543561800006], [121.25516894600003, 31.572937328000023], [121.28065055200011, 31.49253948100005], [121.48890294500006, 31.410667481000075], [121.7519656400001, 31.222289101000058], [121.867763996, 30.981143345000078], [121.8748607340001, 30.866784651000046], [121.79785374900007, 30.826043646000073], [121.47906775800004, 30.804576995000048], [121.343825089, 30.69628457500005], [121.14602169400007, 30.62721890100005], [121.11160822400007, 30.58580555800006], [121.01733314400008, 30.573442666000062], [120.92547639600002, 30.485330084000054], [120.93745503000002, 30.42606728100003], [120.89411361200007, 30.406307432000062], [120.88242831900004, 30.355524651000053], [120.78196862400011, 30.32535893100004], [120.671252879, 30.386925131000055], [120.47576354600005, 30.388411491000056], [120.38264311000012, 30.355466963000026], [120.32239192300005, 30.290593154000078], [120.2155044110001, 30.26686561300005], [120.1849307760001, 30.225191798000026], [120.288196674, 30.26439407400005], [120.32795876400007, 30.23739975600006], [120.4195549420001, 30.340506005000066], [120.5475269960001, 30.35041605500004], [120.5992890770001, 30.32502075600007], [120.5817412770001, 30.23289635100008], [120.62033691800002, 30.12586623800007], [120.7666866300001, 30.112985757000047], [120.91957477500011, 30.15864476300004], [121.1273958160001, 30.277885617000038], [121.28174600900002, 30.30004589200007], [121.4404783550001, 30.231500940000046], [121.56599530200003, 30.05936500100006], [121.67957359000002, 29.978322286000036], [121.97611279900002, 29.874532145000046], [122.11944226600008, 29.889358387000073], [122.09045789400011, 29.842140949000054], [121.88204534700003, 29.764469473000077], [121.68155742500005, 29.558075076000023], [121.52845712200008, 29.511800237000045], [121.49690315200007, 29.54763701400003], [121.42421021900009, 29.479836361000025], [121.42205751400002, 29.40529410700003], [121.4944359220001, 29.48771828300005], [121.498640582, 29.454500031000066], [121.52878177500008, 29.457075496000073], [121.48030784900004, 29.395173905000036], [121.56828836000011, 29.48244343400006], [121.70862658400006, 29.529000844000052], [121.77023948500005, 29.527529393000066], [121.77587292700002, 29.465886925000063], [121.84118770700002, 29.524191287000065], [121.73161791000007, 29.55774826700008], [121.81580933100008, 29.613307682000027], [121.94404264900004, 29.630703668000024], [121.97984491400007, 29.587927192000052], [121.94642527100007, 29.53016430200006], [121.90396646800002, 29.52344686200007], [121.97324469000012, 29.452709167000023], [121.9543409150001, 29.415373509000062], [121.88304773100003, 29.39967008600007], [121.90716282500011, 29.341628164000042], [121.93759841700012, 29.338597073000074], [121.90736666900011, 29.311506761000032], [121.92498778700008, 29.268692804000068], [121.98077086900003, 29.280448422000063], [121.9520936880001, 29.217619341000045], [121.8613294700001, 29.158239224000056], [121.79682010800002, 29.18379553300008], [121.82858324300003, 29.29469636600004], [121.79241028900003, 29.286413564000043], [121.81297116000007, 29.329079], [121.78095044100007, 29.34409346600006], [121.79027261800002, 29.374186894000047], [121.7563999030001, 29.367485720000047], [121.76706774400009, 29.239645557000074], [121.73943964500006, 29.19127521400003], [121.64954134800007, 29.193693304000078], [121.64753941600009, 29.30790107400003], [121.61297986200009, 29.279344067000068], [121.61331587400002, 29.184447695000074], [121.5882655150001, 29.285386205000066], [121.56470054500005, 29.259394584000063], [121.50002706200007, 29.26836525300007], [121.53660718900005, 29.247513624000078], [121.52027378700006, 29.170649816000036], [121.49756714000011, 29.159154147000038], [121.47812037900007, 29.19750816800007], [121.46986393200007, 29.15816410800005], [121.41398712800003, 29.160781237000037], [121.453107756, 29.135145540000053], [121.44415695200007, 29.106815356000027], [121.6340129130001, 29.099408469000025], [121.61764995800002, 29.047168218000024], [121.52359949400011, 29.04899701900007], [121.52043569300008, 28.991816399000072], [121.54846030600004, 29.028342810000026], [121.61622149700008, 29.028144608000048], [121.65417083200009, 29.05911833400006], [121.69670054300002, 29.00384400200005], [121.66671663300008, 28.993095762000053], [121.68859343200006, 28.909712298000045], [121.5593186970001, 28.932379355000023], [121.5328581340001, 28.965062475000025], [121.49127498900009, 28.94626482500007], [121.504160135, 28.898475637000047], [121.63236758000005, 28.875973738000027], [121.62556797700006, 28.831901628000026], [121.66544279800007, 28.829826180000055], [121.62759432300004, 28.72578946400006], [121.43234476700002, 28.684486244000027], [121.48594762300002, 28.650089152000078], [121.52676316600002, 28.524655978000055], [121.61537838800007, 28.526043436000066], [121.55733580100002, 28.484219239000026], [121.58133859600002, 28.35211356800005], [121.63919686200006, 28.336372288000064], [121.6133775620001, 28.25847629900005], [121.56796818600003, 28.240082834000077], [121.5743625, 28.297961128000054], [121.45046666000007, 28.322832979000054], [121.43054334500005, 28.281811455000025], [121.4008079350001, 28.287426769000035], [121.41606836800008, 28.242083255000068], [121.37280602900012, 28.21518577300003], [121.35418608900011, 28.125570966000055], [121.30472744300005, 28.174198025000067], [121.26229359700005, 28.16180700800004], [121.2632567390001, 28.06024703500003], [121.14102311600004, 28.019763004000026], [121.12723168000002, 28.128926104000072], [121.19859703600002, 28.19169051600005], [121.21541320800009, 28.170151099000066], [121.23242360200004, 28.210294004000048], [121.27509420600006, 28.197145656000032], [121.2273239210001, 28.310438893000025], [121.26393352000002, 28.326138988000025], [121.13893127200004, 28.389117277000025], [121.07567661400003, 28.31026532900006], [121.02740267400009, 28.304120054000066], [121.05190007200008, 28.230024253000067], [121.11382805400001, 28.226201552000077], [121.07285421600011, 28.146838178000053], [120.99840491600003, 28.129123726000046], [120.96434861300008, 27.977833777000058], [120.71922863800012, 28.026877244000048], [120.68253673200002, 28.008275517000072], [120.70222802400008, 27.992570198000067], [120.64075518900006, 28.000849238000058], [120.58564184900001, 28.024461548000033], [120.53844338700003, 28.124459718000026], [120.36762051100004, 28.155397893000043], [120.32274942200002, 28.02935177100005], [120.1730592880001, 27.920301219000066], [120.09702496900002, 27.977039515000058], [119.9749802020001, 27.93769542700005], [119.90599332700003, 27.970691638000062], [119.87763782700006, 27.949882095000078], [119.82124386600003, 28.02434973000004], [119.70425711200005, 28.06207440700007], [119.72723805700002, 28.124198100000058], [119.63487726200003, 28.16358364200005], [119.53157511000006, 28.262939200000062], [119.24469948500007, 28.236190032000025], [119.23768760500002, 28.263767655000038]]], [[[121.93397649500002, 30.171115652000026], [122.30001274500012, 30.02330678000004], [122.293577346, 29.93919763300005], [122.10498214600011, 30.001144710000062], [122.0049979150001, 30.001459502000046], [121.93397649500002, 30.171115652000026]]], [[[122.0669903810001, 30.29666659700007], [122.20425870500003, 30.316570160000026], [122.21778525000002, 30.224517092000042], [122.12939038800005, 30.234853825000073], [122.0669903810001, 30.29666659700007]]], [[[122.41244574200005, 30.735204946000067], [122.51775382400001, 30.715278443000045], [122.51665588500009, 30.692631575000064], [122.44331449000003, 30.68652297600005], [122.41244574200005, 30.735204946000067]]], [[[121.424217386, 31.736437029000058], [121.51171392800006, 31.71198337800007], [121.58317326500003, 31.649922282000034], [121.87221198300006, 31.52706590300005], [121.80908007700009, 31.456826845000023], [121.57500637500004, 31.51628900600008], [121.34051829300006, 31.624319356000058], [121.22396786800005, 31.74781411200007], [121.20512984100003, 31.708366196000043], [121.13707889200009, 31.765325209000025], [121.1772310560001, 31.813429504000055], [121.30431244400006, 31.83094348000003], [121.424217386, 31.736437029000058]]]]}}, {"type": "Feature", "properties": {"id": "荆湖北路", "name": "荆湖北路", "color": "#a89a5c", "owner": "宋", "units": ["荆湖北路"], "label_lon": 112.421, "label_lat": 30.276}, "geometry": {"type": "Polygon", "coordinates": [[[110.84519583900004, 28.997091200000057], [110.73654715200007, 28.902446482000073], [110.64926483900007, 28.903080842000065], [110.55101154900007, 28.994324549000055], [110.50383052200004, 28.93430973100004], [110.52213608200009, 28.904075703000046], [110.36075668200004, 28.88718846300003], [110.29898625800007, 28.95628528900005], [110.32150421900008, 29.010165259000075], [110.28679759900007, 29.07141929900007], [110.16739361000003, 29.170445706000066], [110.09908099900008, 29.12488840900005], [110.06558692500005, 29.14393090300007], [110.05527711600007, 29.21084043700006], [110.14640154700004, 29.342645746000073], [110.20879622400008, 29.328706242000067], [110.33139011000009, 29.396035768000047], [110.54790860100007, 29.412926114000072], [110.60037194900008, 29.549048602000028], [110.74884424800007, 29.627276961000064], [110.72763111800003, 29.704160929000068], [110.64816631100007, 29.70710439100003], [110.58652684500004, 29.75985031600004], [110.58040529800007, 29.830285853000078], [110.47338333000005, 29.890471313000035], [110.48339567600004, 29.970557468000038], [110.51679715600005, 29.992896071000075], [110.48625555600006, 30.019153034000055], [110.38408488400006, 29.96554449300004], [110.32144418000007, 29.983712903000026], [110.24600750300004, 30.254695980000065], [110.33040449200007, 30.248355150000066], [110.34100042500006, 30.476838332000057], [110.44890086900006, 30.530099827000072], [110.42825118600007, 30.761783481000066], [110.57750719500007, 30.74757258900007], [110.56502768500008, 30.718011846000024], [110.67300790200005, 30.635149270000056], [110.72967517000006, 30.64113978200004], [110.79880051400005, 30.699902997000038], [110.82954218900005, 30.683251230000053], [110.87376808300007, 30.736759026000072], [110.95975918300007, 30.739492743000028], [110.98560865800005, 30.774315869000077], [110.96177435600003, 30.861685298000054], [110.82899126500007, 30.99473768400003], [110.91537595800008, 31.090910549000057], [111.07506929300007, 31.167623132000074], [111.07048136100008, 31.282604052000067], [111.10389737500009, 31.342300385000044], [111.03682435900004, 31.43273406700007], [111.22841126400004, 31.46377530700005], [111.29640818600006, 31.37027147400005], [111.23807823800007, 31.29250350800004], [111.23210263200008, 31.21928452800006], [111.49143409800007, 31.05724992100005], [111.51661672000006, 30.93359193300006], [111.62158423700004, 30.892993043000047], [111.65982859500008, 30.970037104000028], [111.69994216000003, 31.017596489000027], [111.75608267900009, 31.02393571500005], [111.78395140500004, 31.10819728900003], [111.83693043000005, 31.150790562000054], [111.86706376800004, 31.21952623800007], [111.84712767000008, 31.248243203000072], [111.92611630500005, 31.27363061400007], [111.90274051700004, 31.332208930000036], [111.93529600300008, 31.477003499000034], [112.01979126900005, 31.44405193700004], [112.14875890500002, 31.482031609000046], [112.11424798700011, 31.444923920000065], [112.13245039700007, 31.310917927000048], [112.241923272, 31.279311806000067], [112.31327766600009, 31.190455935000045], [112.30902195100009, 31.159291074000066], [112.2456486530001, 31.14345695700007], [112.30621245200007, 31.05565534200008], [112.28813782600002, 30.993367122000052], [112.37028047400008, 30.906898569000077], [112.53156612900011, 30.930267891000028], [112.52963227000009, 30.86492821400003], [112.6367499810001, 30.82155806600008], [112.5978362190001, 30.743966356000044], [112.63215088100003, 30.740719729000034], [112.75409533000004, 30.837930972000038], [112.68422018100011, 30.96276266800004], [112.82089994300009, 31.048747879000075], [112.82545405100007, 31.15228034100005], [112.89135646500006, 31.193618169000047], [112.86483180200003, 31.304497492000053], [113.00124177900011, 31.369018693000044], [112.96995509400006, 31.453913080000063], [113.11462482600007, 31.44492860400004], [113.24112089800008, 31.350458606000075], [113.3144383120001, 31.364481891000025], [113.34076941100011, 31.308965056000034], [113.439202808, 31.248520129000042], [113.50408686600008, 31.137219539000057], [113.53573602400002, 31.155717395000067], [113.60236009800008, 31.10135923400003], [113.66517164200002, 31.18637674300004], [113.76734333600007, 31.216697169000042], [113.87898228800009, 31.398678880000034], [114.05453478800007, 31.462026442000024], [114.07697052700007, 31.372729113000048], [114.28656984000008, 31.373099637000053], [114.44018944400011, 31.31923043300003], [114.40705960100001, 31.244896451000045], [114.4836394990001, 31.171647283000027], [114.51292028500006, 31.02931031600008], [114.58262178400003, 30.95214982300007], [114.66320054900007, 30.94208587600008], [114.6948972890001, 30.95705114100008], [114.69133851000004, 30.99408015100005], [114.73949556200012, 30.982857712000055], [114.7682287, 31.00901199100008], [114.85487420600009, 30.960275599000056], [114.87394849400005, 31.017772679000075], [114.96692823700005, 31.02620034200004], [115.0563248740001, 30.89193402400008], [115.05998777600007, 30.859021470000073], [114.96105487700004, 30.854215733000046], [114.9515123110001, 30.821550513000034], [114.87897589500005, 30.81434795100006], [114.79791975400008, 30.747179223000046], [114.80902629000002, 30.618109450000077], [114.5666596740001, 30.546120475000066], [114.60267478700007, 30.29396693800004], [114.51303448500005, 30.256063940000047], [114.5008728570001, 30.219316913000057], [114.53488350200007, 30.003120012000068], [114.35560440600011, 30.06138536900005], [114.13259032400003, 29.976132380000024], [114.17213365200007, 29.731097955000052], [114.23375744900011, 29.691689910000036], [114.19478453800002, 29.64832062000005], [113.96912806700004, 29.65888145200006], [113.82603593400006, 29.615032049000035], [113.82546247800008, 29.55467417500006], [113.70270953400006, 29.482192292000036], [113.59554387100002, 29.517210832000046], [113.66952638100008, 29.58134451500007], [113.63468949500009, 29.66765601000003], [113.51629979400002, 29.689113896000038], [113.47268781100001, 29.770557004000068], [113.43896690000008, 29.77437718300007], [113.31025705800005, 29.66039050300003], [113.36602022600005, 29.64772175400003], [113.40226473100006, 29.590237509000076], [113.41145387800009, 29.53974861200004], [113.36038797100002, 29.469822737000072], [113.31641083500006, 29.421838344000037], [113.19603556900006, 29.399151841000048], [113.17065175500011, 29.324132935000023], [113.07268280200003, 29.294713831000024], [113.0460390290001, 29.327874258000065], [113.14906204400006, 29.32771161000005], [113.0944398370001, 29.356423154000026], [113.1175388370001, 29.442328321000048], [113.07971404200009, 29.479242314000032], [113.0432248520001, 29.435406946000057], [112.98419644700004, 29.492606721000072], [112.93574634600009, 29.470327868000027], [112.8835622150001, 29.512212763000036], [112.86880541800008, 29.597050258000024], [112.95667019400003, 29.651584830000047], [112.99859030700009, 29.788782919000028], [112.96755338900005, 29.802695984000025], [112.86347462000003, 29.720154665000052], [112.8325947300001, 29.623591004000048], [112.7379139840001, 29.57469205600006], [112.75066178400004, 29.48523489400003], [112.8116684150001, 29.43267894300004], [112.7298855250001, 29.32313939100004], [112.73252639500004, 29.18579991100006], [112.64540814700001, 29.20852036200006], [112.66036350700006, 29.278463077000026], [112.62173129000007, 29.340971370000034], [112.50669264600003, 29.312133973000073], [112.41747233800004, 29.371746964000067], [112.36758578500007, 29.446109095000054], [112.33074054600002, 29.449828151000077], [112.30564688700008, 29.542048372000068], [112.26787089900006, 29.495639011000037], [112.23041781300003, 29.365792199000055], [112.25050377000002, 29.314827457000035], [112.21531056200001, 29.294824418000076], [112.17630824600008, 29.128711146000057], [112.09366533500008, 29.18601500400007], [112.01302010500001, 29.359497007000073], [111.94821789300005, 29.269050477000064], [111.91972791300009, 29.30557125200005], [111.77774736300006, 29.322987026000078], [111.72591353800004, 29.26021913200003], [111.49347779500005, 29.258036004000076], [111.37505132700005, 29.274269505000063], [111.34722999600007, 29.35401638500008], [111.27291784400006, 29.420697319000055], [111.20945886600003, 29.205716293000023], [111.13242793800003, 29.20317497700006], [111.00671352800003, 29.117546703000073], [110.83433274700008, 29.098579968000024], [110.91006579400005, 29.011938255000075], [110.84519583900004, 28.997091200000057]]]}}, {"type": "Feature", "properties": {"id": "江南西路", "name": "江南西路", "color": "#a89a5c", "owner": "宋", "units": ["江南西路"], "label_lon": 116.098, "label_lat": 28.518}, "geometry": {"type": "Polygon", "coordinates": [[[115.72128846800001, 26.340692414000046], [115.568757129, 26.287219121000078], [115.49430375200006, 26.20173178600004], [115.4896888620001, 26.142347573000052], [115.36313854100001, 26.080687563000026], [115.34331023800007, 26.15071035300008], [115.25519241500001, 26.189422233000073], [115.2365536100001, 26.23035016700004], [115.05400685500001, 26.284108219000075], [115.02693915300006, 26.381452052000043], [115.06181077300005, 26.47320180300005], [114.91684465800006, 26.556711579000023], [114.83637262400009, 26.699117516000058], [114.77579714500007, 26.664324262000036], [114.75268108300008, 26.699333697000043], [114.71580171300002, 26.69593803400005], [114.6630586770001, 26.64923310200004], [114.60743496100008, 26.72510828000003], [114.51934329700009, 26.69058521100004], [114.29602653200004, 26.693346373000054], [114.32576849400004, 26.80108937500006], [114.453371403, 26.84750351300005], [114.41854098600004, 26.913284153000063], [114.45641614200008, 27.001924364000047], [114.43312184500007, 27.069088385000043], [114.6063590870001, 27.105562242000076], [114.62719293200007, 27.198157150000043], [114.72961859100008, 27.243806697000025], [114.78266492500006, 27.35873027200006], [114.7176283230001, 27.503577672000063], [114.74736119400006, 27.570967627000073], [114.6934102570001, 27.572307507000062], [114.60153031400012, 27.51508097900006], [114.52124902900005, 27.57498451400005], [114.57191523900008, 27.785966356000074], [114.48555721200012, 27.812089653000044], [114.47654542400005, 27.84701070400007], [114.57985695700006, 27.94080770200003], [114.55453166400002, 28.02646129900006], [114.48712754200005, 28.00863190900003], [114.52407474400002, 28.18329095000007], [114.58902557200008, 28.200170898000067], [114.590583691, 28.232941260000075], [114.56188887600001, 28.294370898000068], [114.39022480200003, 28.411902097000052], [114.49858660000007, 28.507289693000075], [114.69467774000009, 28.57525305000007], [114.72960337000006, 28.621484426000052], [114.57531583500008, 28.759728653000025], [114.50863841700004, 28.751124580000067], [114.46103830600009, 28.69618624800006], [114.33461516900002, 28.708542676000036], [114.20111756500012, 28.829325367000024], [114.1367145690001, 28.76230503900007], [114.12719388500011, 28.84563412500006], [114.08653853300007, 28.836967809000043], [113.9538548270001, 28.94674711700003], [113.91153147400007, 29.04060818100004], [113.93832650500008, 29.125480519000064], [114.00220297100009, 29.14158753600003], [114.03458085900002, 29.204881401000023], [114.13223819200005, 29.20572298700006], [114.20757521500002, 29.247238073000062], [114.22953840700006, 29.332149361000063], [114.31468885100003, 29.336838771000032], [114.34685891900006, 29.390210326000044], [114.32679739500009, 29.450317572000074], [114.22240936700007, 29.504796759000044], [114.37761556900011, 29.66462229800004], [114.29580211500001, 29.660992589000045], [114.17213365200007, 29.731097955000052], [114.13259032400003, 29.976132380000024], [114.35560440600011, 30.06138536900005], [114.53488350200007, 30.003120012000068], [114.5008728570001, 30.219316913000057], [114.51303448500005, 30.256063940000047], [114.60267478700007, 30.29396693800004], [114.5666596740001, 30.546120475000066], [114.80902629000002, 30.618109450000077], [114.79791975400008, 30.747179223000046], [114.87897589500005, 30.81434795100006], [114.9515123110001, 30.821550513000034], [114.96105487700004, 30.854215733000046], [115.05998777600007, 30.859021470000073], [115.0563248740001, 30.89193402400008], [115.21162873100002, 30.788468456000032], [115.32164838000006, 30.79335366500004], [115.31100576500012, 30.69300766400005], [115.33327725800007, 30.670539618000078], [115.40781987800005, 30.662132507000024], [115.46344051400001, 30.595753754000043], [115.53729003600006, 30.622807673000068], [115.60118234000004, 30.526350379000064], [115.67951749400004, 30.557201165000038], [115.75327890000005, 30.66376547200008], [115.78035170600003, 30.604428248000033], [115.87315091100004, 30.547144986000035], [115.8926066350001, 30.435199822000072], [115.99901171300007, 30.419874719000063], [116.04401668100002, 30.36719426600007], [116.17894399800002, 30.38628186300008], [116.24972044900005, 30.30784338600006], [116.34364721600002, 30.263374017000046], [116.4113855270001, 30.157287116000077], [116.74805596200008, 30.02899771600005], [116.9082685090001, 30.248372549000067], [116.88767918300005, 30.405027309000047], [117.03153168200004, 30.49087889100008], [117.18585812700007, 30.473271655000076], [117.19990649400006, 30.441759773000058], [117.10667244900003, 30.403727884000034], [117.11540213300009, 30.371682812000074], [117.15167712400012, 30.375980139000035], [117.22337164500004, 30.184065875000044], [117.2747881250001, 30.174563325000065], [117.28952859800006, 30.09598173100005], [117.25018816800002, 29.99949613700005], [117.51693766100004, 30.05253397100006], [117.53330760500012, 30.108623367000064], [117.66450321600007, 30.11010913800004], [117.8459707180001, 29.937260433000063], [117.87159580800005, 29.877390612000056], [117.93323252400012, 29.853046403000064], [117.90920546200005, 29.748057783000036], [117.85686560300007, 29.711495124000066], [117.71697341000004, 29.700771340000074], [117.63430609000011, 29.591892788000052], [117.66256233900003, 29.563985858000024], [118.07342787000005, 29.540938657000027], [118.12234120000005, 29.501287365000053], [118.10293132200002, 29.444478221000054], [118.17915910200009, 29.43253876800003], [118.16328958600002, 29.31925005000005], [118.05300772200007, 29.29669918500008], [118.05108711800005, 29.236091161000047], [118.005375737, 29.21213460900003], [118.00157268900011, 29.128412449000052], [118.02938036000012, 29.03734562900007], [118.15641541800005, 28.97932154700004], [118.17534144600006, 28.908405083000048], [118.25906214800011, 28.904831383000044], [118.26313929500009, 28.855401237000024], [118.34868970700006, 28.80157057300005], [118.39690606400006, 28.545281310000064], [118.44468592400005, 28.46516534700004], [118.43549192100011, 28.311824628000068], [118.28979448200005, 28.222046944000056], [118.33422403100008, 28.18780130400006], [118.34226195300005, 28.101298504000056], [118.1666012930001, 28.065269431000047], [118.06790177900007, 27.97664211600005], [117.91463132500007, 27.984486683000057], [117.740631828, 27.845601766000073], [117.66066312900011, 27.84240956000008], [117.63082766000002, 27.74639411700008], [117.51456135800004, 27.59683294000007], [117.50895027400009, 27.563044042000058], [117.6949328610001, 27.325715452000054], [117.68813937700008, 27.230704546000027], [117.80936700200004, 27.200664773000028], [117.72399049, 27.076269988000035], [117.70662441900004, 26.947698381000066], [117.6050084530001, 26.92804914000004], [117.57278730200005, 26.947915957000077], [117.569179469, 27.01994890700007], [117.42520420100004, 27.013696289000052], [117.38199072400005, 27.054181449000055], [117.31885848900004, 27.016897836000055], [117.32411633400011, 26.951549585000066], [117.24859007500004, 26.934520462000023], [117.2163580350001, 26.842422637000027], [117.21209022500011, 26.803958168000065], [117.24347899800011, 26.786921104000044], [117.21385768800008, 26.71265836200007], [117.08797438300007, 26.62343415400005], [117.09408798200002, 26.553051933000063], [116.90634233700007, 26.654011315000048], [116.89415038000004, 26.58751237900003], [116.85981269800004, 26.578048910000064], [116.71528499100009, 26.60329202400004], [116.62417438600005, 26.666862942000023], [116.53706490400009, 26.649975141000027], [116.53939683700003, 26.56969213600007], [116.45757275100004, 26.597285862000035], [116.32998287400005, 26.50456991300007], [116.24713987500002, 26.554534636000028], [116.20183936300009, 26.51331834900003], [116.26092588200004, 26.419214428000032], [116.20930059900002, 26.338178334000077], [116.25806765100003, 26.273151897000048], [116.2521768360001, 26.233312891000026], [116.10370163700009, 26.15041030200007], [116.10639308900011, 26.12107878300003], [115.92926226000009, 26.09868662100007], [115.88978439700008, 26.149369571000022], [115.88029945400001, 26.280101251000076], [115.76998108100008, 26.299071973000025], [115.72128846800001, 26.340692414000046]]]}}, {"type": "Feature", "properties": {"id": "荆湖南路", "name": "荆湖南路", "color": "#a89a5c", "owner": "宋", "units": ["荆湖南路"], "label_lon": 112.666, "label_lat": 27.828}, "geometry": {"type": "Polygon", "coordinates": [[[112.13638620300003, 26.56043069800006], [112.09775827100009, 26.646163192000074], [111.98242917900006, 26.65357029300003], [111.98847450000005, 26.593043391000037], [111.95727091500004, 26.59039490400005], [111.86941534800008, 26.817695525000033], [111.77658684700003, 26.815029770000024], [111.72974256800006, 26.777318772000058], [111.72108943300009, 26.85504480700007], [111.63461014900008, 26.84928078400003], [111.55148838900004, 26.792482155000073], [111.51996308600008, 26.849363453000024], [111.35077319800007, 26.885352013000045], [111.30213330900006, 26.842139445000043], [111.30718532700007, 26.77222908400006], [111.27190835800008, 26.706191060000037], [111.16130028800006, 26.789874112000064], [111.06311373500006, 26.81606609800008], [111.04927816800006, 26.881323610000038], [110.98461099600007, 26.926048753000032], [110.96432273400006, 27.030407319000062], [110.86403382700007, 27.04078019600007], [110.83947441400005, 27.109727461000034], [110.74526331700008, 27.154233824000073], [110.80446358100005, 27.200035313000058], [110.75502981800008, 27.25781210100007], [110.75542069400007, 27.380060901000036], [110.69439233000008, 27.34713418800004], [110.63186978900006, 27.385375728000042], [110.58472637000006, 27.280563459000064], [110.54976652500005, 27.27655521400004], [110.46719166100007, 27.36298578700007], [110.40955921500006, 27.320652911000025], [110.38690942200009, 27.338745462000077], [110.46216342500009, 27.543386741000063], [110.49240942900008, 27.751129517000038], [110.46137837700007, 27.808971443000075], [110.37033377800009, 27.762193898000078], [110.30823203600005, 27.81108477500004], [110.23372548800006, 27.816199383000026], [110.30244416800008, 27.92996810900007], [110.36557903500005, 27.886976321000077], [110.44337804400004, 27.908498570000063], [110.46421481100003, 28.06945415100006], [110.33435687200006, 28.084572671000046], [110.30740329300005, 28.182484074000058], [110.23007694100005, 28.20222804900004], [110.17690767600004, 28.27597312100005], [110.16680420900008, 28.37058425200007], [110.07890302200008, 28.441679883000063], [110.13413499200004, 28.482622824000032], [110.13224806000005, 28.55981416900005], [110.20486559000005, 28.56637633400004], [110.18930964600008, 28.626540099000067], [110.23405741500005, 28.65105638500006], [110.25627288000004, 28.728592871000046], [110.32064351300005, 28.765221604000033], [110.36075668200004, 28.88718846300003], [110.52213608200009, 28.904075703000046], [110.50383052200004, 28.93430973100004], [110.55101154900007, 28.994324549000055], [110.64926483900007, 28.903080842000065], [110.76357503900005, 28.917763860000036], [110.84519583900004, 28.997091200000057], [110.91006579400005, 29.011938255000075], [110.83433274700008, 29.098579968000024], [111.00671352800003, 29.117546703000073], [111.13242793800003, 29.20317497700006], [111.20945886600003, 29.205716293000023], [111.27291784400006, 29.420697319000055], [111.34722999600007, 29.35401638500008], [111.37505132700005, 29.274269505000063], [111.49347779500005, 29.258036004000076], [111.72591353800004, 29.26021913200003], [111.77774736300006, 29.322987026000078], [111.91972791300009, 29.30557125200005], [111.94821789300005, 29.269050477000064], [112.01302010500001, 29.359497007000073], [112.09366533500008, 29.18601500400007], [112.17630824600008, 29.128711146000057], [112.21531056200001, 29.294824418000076], [112.25050377000002, 29.314827457000035], [112.23041781300003, 29.365792199000055], [112.26787089900006, 29.495639011000037], [112.30564688700008, 29.542048372000068], [112.33074054600002, 29.449828151000077], [112.36758578500007, 29.446109095000054], [112.41747233800004, 29.371746964000067], [112.50669264600003, 29.312133973000073], [112.62173129000007, 29.340971370000034], [112.66036350700006, 29.278463077000026], [112.64540814700001, 29.20852036200006], [112.73252639500004, 29.18579991100006], [112.7298855250001, 29.32313939100004], [112.8116684150001, 29.43267894300004], [112.75066178400004, 29.48523489400003], [112.7379139840001, 29.57469205600006], [112.8325947300001, 29.623591004000048], [112.86347462000003, 29.720154665000052], [112.96755338900005, 29.802695984000025], [112.99859030700009, 29.788782919000028], [112.95667019400003, 29.651584830000047], [112.86880541800008, 29.597050258000024], [112.8835622150001, 29.512212763000036], [112.93574634600009, 29.470327868000027], [112.98419644700004, 29.492606721000072], [113.0432248520001, 29.435406946000057], [113.07971404200009, 29.479242314000032], [113.1175388370001, 29.442328321000048], [113.0944398370001, 29.356423154000026], [113.14906204400006, 29.32771161000005], [113.0460390290001, 29.327874258000065], [113.07268280200003, 29.294713831000024], [113.17065175500011, 29.324132935000023], [113.19603556900006, 29.399151841000048], [113.31641083500006, 29.421838344000037], [113.36038797100002, 29.469822737000072], [113.41145387800009, 29.53974861200004], [113.40226473100006, 29.590237509000076], [113.36602022600005, 29.64772175400003], [113.31025705800005, 29.66039050300003], [113.43896690000008, 29.77437718300007], [113.47268781100001, 29.770557004000068], [113.51629979400002, 29.689113896000038], [113.63468949500009, 29.66765601000003], [113.66952638100008, 29.58134451500007], [113.59554387100002, 29.517210832000046], [113.70270953400006, 29.482192292000036], [113.82546247800008, 29.55467417500006], [113.82603593400006, 29.615032049000035], [113.96912806700004, 29.65888145200006], [114.19478453800002, 29.64832062000005], [114.23375744900011, 29.691689910000036], [114.37761556900011, 29.66462229800004], [114.22240936700007, 29.504796759000044], [114.34628654000005, 29.41702804600004], [114.31468885100003, 29.336838771000032], [114.22953840700006, 29.332149361000063], [114.22362308800007, 29.25924784600005], [114.13223819200005, 29.20572298700006], [114.03458085900002, 29.204881401000023], [114.00220297100009, 29.14158753600003], [113.93832650500008, 29.125480519000064], [113.91153147400007, 29.04060818100004], [113.9538548270001, 28.94674711700003], [114.08653853300007, 28.836967809000043], [114.12719388500011, 28.84563412500006], [114.1367145690001, 28.76230503900007], [114.20111756500012, 28.829325367000024], [114.33461516900002, 28.708542676000036], [114.46103830600009, 28.69618624800006], [114.50863841700004, 28.751124580000067], [114.57531583500008, 28.759728653000025], [114.72960337000006, 28.621484426000052], [114.69467774000009, 28.57525305000007], [114.49858660000007, 28.507289693000075], [114.39022480200003, 28.411902097000052], [114.56188887600001, 28.294370898000068], [114.590583691, 28.232941260000075], [114.58902557200008, 28.200170898000067], [114.52407474400002, 28.18329095000007], [114.48712754200005, 28.00863190900003], [114.55453166400002, 28.02646129900006], [114.57985695700006, 27.94080770200003], [114.47654542400005, 27.84701070400007], [114.48555721200012, 27.812089653000044], [114.57191523900008, 27.785966356000074], [114.52124902900005, 27.57498451400005], [114.60153031400012, 27.51508097900006], [114.6934102570001, 27.572307507000062], [114.74736119400006, 27.570967627000073], [114.7176283230001, 27.503577672000063], [114.78266492500006, 27.35873027200006], [114.72961859100008, 27.243806697000025], [114.62719293200007, 27.198157150000043], [114.6063590870001, 27.105562242000076], [114.43312184500007, 27.069088385000043], [114.45641614200008, 27.001924364000047], [114.41854098600004, 26.913284153000063], [114.453371403, 26.84750351300005], [114.32576849400004, 26.80108937500006], [114.29602653200004, 26.693346373000054], [114.51934329700009, 26.69058521100004], [114.54980635200002, 26.59907495300007], [114.52403753800002, 26.51340330100004], [114.6214842820001, 26.471261180000056], [114.67720040100005, 26.392867944000045], [114.75563511300004, 26.391374883000026], [114.70585746100005, 26.260382436000043], [114.64972750200002, 26.205879501000027], [114.52316604700002, 26.230924061000053], [114.47852219300012, 26.171349717000055], [114.41441202700003, 26.161264593000055], [114.37924352200002, 26.108949663000033], [114.25187365200009, 26.038188544000036], [114.07188464700005, 25.997465254000076], [114.01159098100004, 25.98886133900004], [113.99117795100005, 26.04164262200004], [114.21240171000011, 26.147451138000065], [114.21499922900011, 26.218323431000044], [113.93988845800004, 26.17718498000005], [113.837880175, 26.102697308000074], [113.76378504600007, 26.109628263000047], [113.71900645900007, 26.058604752000065], [113.66298727900005, 26.050580797000066], [113.65439819200003, 25.96874125000005], [113.57349817400006, 25.891814987000032], [113.62128693500006, 25.831219275000024], [113.60574860800011, 25.748249314000077], [113.508965912, 25.68903676800005], [113.48739791900005, 25.595304703000068], [113.40591099400001, 25.574009514000068], [113.22502389800002, 25.725894453000024], [113.24160225700007, 25.80261166300005], [113.21762040800002, 25.903213837000067], [113.15579661600009, 25.947151175000045], [113.18215189000011, 26.00886986200004], [113.161913346, 26.063511909000056], [113.08416263800007, 26.01049217600007], [113.042810884, 26.060858015000065], [112.91542276000007, 26.03388220900007], [112.85243591100004, 25.98773987000004], [112.79363819200012, 26.05794917000003], [112.73265047100006, 26.06341844700006], [112.65149549900002, 26.174796874000037], [112.51960895400009, 26.15191362300004], [112.33048386700011, 26.190260742000078], [112.19472397700008, 26.11410953400008], [112.10985733000007, 26.354092783000056], [112.13413993300003, 26.44469041800005], [112.10353357500003, 26.464969436000047], [112.16590723500008, 26.489915216000043], [112.1906874020001, 26.54770527900007], [112.13638620300003, 26.56043069800006]]]}}, {"type": "Feature", "properties": {"id": "福建路", "name": "福建路", "color": "#a89a5c", "owner": "宋", "units": ["福建路"], "label_lon": 118.656, "label_lat": 26.333}, "geometry": {"type": "MultiPolygon", "coordinates": [[[[120.69359384800009, 24.193199594000077], [120.72185152700001, 24.227885730000025], [120.76812495400009, 24.191801999000063], [120.65182957200011, 24.125298635000036], [120.57837753900003, 24.130729729000052], [120.55256430700001, 24.166018617000077], [120.56881759700002, 24.206822514000066], [120.69359384800009, 24.193199594000077]]], [[[118.41121323900006, 24.508790573000056], [118.485669948, 24.46547233800004], [118.47455417900005, 24.40734510900006], [118.36808977900012, 24.416191369000046], [118.33810233600002, 24.36658738400007], [118.29812064400005, 24.406603347000043], [118.30644520100009, 24.468628644000034], [118.373410121, 24.45448664500003], [118.41121323900006, 24.508790573000056]]], [[[121.06624403700005, 24.315895745000034], [120.90364572900012, 24.324855704000072], [120.8274019260001, 24.296268223000027], [120.66445788900012, 24.362191530000075], [120.6206362370001, 24.428742973000055], [120.67732079900009, 24.495281942000076], [120.70201689100008, 24.589805443000046], [120.83235994800009, 24.67413999000007], [120.89971564100006, 24.760767547000057], [120.902904239, 24.832384440000055], [121.08422147200008, 25.053402111000025], [121.41060252500006, 25.158120927000027], [121.42878464000012, 25.232759776000023], [121.55092742300008, 25.302315803000056], [121.69152636400008, 25.17808426600004], [121.60607912600005, 25.11095764600003], [121.67789553400007, 25.046735244000047], [121.75562697300006, 25.107506588000035], [121.76680087900002, 25.155135908000034], [121.91421330900005, 25.116962536000074], [121.91830957600007, 25.045508151000035], [121.98725056800004, 24.998490693000065], [121.90579382100009, 24.94887711900003], [121.80761241800008, 24.947410965000074], [121.7273019800001, 24.851902203000066], [121.57840511500001, 24.782896424000057], [121.5358294880001, 24.722427353000057], [121.42451033900011, 24.683997588000068], [121.29912243700005, 24.450648053000066], [121.1844585340001, 24.411346363000064], [121.06624403700005, 24.315895745000034]]], [[[119.69927294800004, 25.570886474000076], [119.77249051700005, 25.639999601000056], [119.7871337150001, 25.604747874000054], [119.83825978700008, 25.597596320000036], [119.84108598400007, 25.546801970000047], [119.88428556800011, 25.542146737000053], [119.81396823300008, 25.491225453000027], [119.85513138500005, 25.43802456800006], [119.76840599700006, 25.40412038000005], [119.76778142100011, 25.378429372000028], [119.70684901200002, 25.397430107000048], [119.73060945500004, 25.460679835000064], [119.68338397900004, 25.455508070000064], [119.735869567, 25.482293037000034], [119.74093705300004, 25.560909671000047], [119.69927294800004, 25.570886474000076]]], [[[117.91799335200005, 24.36811718000007], [118.09103243000004, 24.390033378000055], [118.02447785600009, 24.32381748100005], [118.11746749000008, 24.34670041100003], [118.143710327, 24.265590463000024], [117.95237031400006, 24.322032696000065], [117.85403727300002, 24.301079707000042], [117.77157114400006, 24.360323090000065], [117.63614122100012, 24.34457601300005], [117.59729889700009, 24.280287845000032], [117.57056808200002, 24.334957479000025], [117.49423638700011, 24.35158845500007], [117.51930695800002, 24.516083043000037], [117.45542594100004, 24.520340153000063], [117.35314563000009, 24.457946803000027], [117.3061862510001, 24.507517653000036], [117.21193942600007, 24.524263851000057], [117.14696890700009, 24.500341251000066], [117.08955228500008, 24.568339602000037], [117.00192679800011, 24.59999825400007], [117.00944574400012, 24.78413654800005], [117.05459164000001, 24.885765363000075], [116.98131174700006, 24.977751196000042], [116.90102658700005, 24.97826002100004], [116.91675783800008, 25.012861189000034], [116.82979805200011, 25.094407069000056], [116.74395808000008, 25.095011533000047], [116.67590423800004, 25.162140261000047], [116.90217837600005, 25.222920816000055], [116.89203215000009, 25.284241716000054], [116.93584897100004, 25.349731332000033], [116.8576743970001, 25.405595090000077], [116.8094723370001, 25.360104998000054], [116.71925956300004, 25.358139831000074], [116.68186866100007, 25.288722585000073], [116.61681062200012, 25.27129403500004], [116.57294364400002, 25.30899690600006], [116.60467158300003, 25.326330718000065], [116.58699354200007, 25.38065885700007], [116.52625011700002, 25.400908187000027], [116.57765408600005, 25.701986103000024], [116.62958707100006, 25.779831346000037], [116.5997705200001, 25.872814507000044], [116.64988013900006, 25.91285909000004], [116.63967756700004, 26.04651414600005], [116.8108603820001, 26.115264281000066], [116.81606952100003, 26.147020631000032], [116.75144536700009, 26.198077819000048], [116.79687535300002, 26.306139761000054], [117.02526381700011, 26.368744953000032], [117.01507827300009, 26.484290567000073], [116.88074835000009, 26.452248547000067], [116.77146831100004, 26.549045481000064], [116.77901325800008, 26.586521333000064], [116.89415038000004, 26.58751237900003], [116.90634233700007, 26.654011315000048], [117.09408798200002, 26.553051933000063], [117.08797438300007, 26.62343415400005], [117.21385768800008, 26.71265836200007], [117.24859007500004, 26.934520462000023], [117.32411633400011, 26.951549585000066], [117.31885848900004, 27.016897836000055], [117.38199072400005, 27.054181449000055], [117.42520420100004, 27.013696289000052], [117.569179469, 27.01994890700007], [117.57278730200005, 26.947915957000077], [117.6050084530001, 26.92804914000004], [117.67363226100008, 26.931236687000023], [117.72975644200005, 26.976287467000077], [117.72399049, 27.076269988000035], [117.80936700200004, 27.200664773000028], [117.68813937700008, 27.230704546000027], [117.6949328610001, 27.325715452000054], [117.50895027400009, 27.563044042000058], [117.66066312900011, 27.84240956000008], [117.740631828, 27.845601766000073], [117.91463132500007, 27.984486683000057], [118.06790177900007, 27.97664211600005], [118.1666012930001, 28.065269431000047], [118.34226195300005, 28.101298504000056], [118.33422403100008, 28.18780130400006], [118.28979448200005, 28.222046944000056], [118.33624478400009, 28.271827855000026], [118.37418551300004, 28.28186561800004], [118.44050443100002, 28.23896994000006], [118.52187771400008, 28.274710173000074], [118.56056531600007, 28.246131800000057], [118.672740083, 28.302964212000063], [118.74064564600008, 28.244203226000025], [118.79030873500005, 28.297790814000052], [118.83462347400007, 28.301185201000067], [118.87538078400007, 28.240475134000064], [118.9420344890001, 28.21047636700007], [118.97574313000007, 28.213421353000058], [118.97219905300005, 28.276609173000054], [119.06247248000011, 28.27299322500005], [119.10119868900006, 28.33051596000007], [119.15118755200001, 28.276226448000045], [119.21615733500005, 28.28364081600006], [119.24469948500007, 28.236190032000025], [119.53157511000006, 28.262939200000062], [119.63487726200003, 28.16358364200005], [119.72723805700002, 28.124198100000058], [119.70425711200005, 28.06207440700007], [119.82124386600003, 28.02434973000004], [119.87763782700006, 27.949882095000078], [119.90599332700003, 27.970691638000062], [119.9749802020001, 27.93769542700005], [120.09702496900002, 27.977039515000058], [120.1730592880001, 27.920301219000066], [120.32274942200002, 28.02935177100005], [120.36762051100004, 28.155397893000043], [120.53844338700003, 28.124459718000026], [120.58564184900001, 28.024461548000033], [120.82056609400001, 27.93811131600006], [120.8369012280001, 27.856162162000032], [120.71219552600007, 27.71031649400004], [120.60979303300007, 27.761660323000058], [120.66707656200003, 27.62754082600003], [120.5371516670001, 27.566103749000035], [120.58408603700002, 27.55822194900003], [120.60717037200004, 27.479290607000053], [120.637649183, 27.491166460000045], [120.66583304400001, 27.456580631000065], [120.61846342600006, 27.352900485000077], [120.52886748100002, 27.394857263000063], [120.51520496, 27.32104424700003], [120.53845732900004, 27.28874760800005], [120.48445974900005, 27.170026224000026], [120.4371228650001, 27.19990027800003], [120.38745545600011, 27.16546152500007], [120.36901465500011, 27.229762004000065], [120.29835585300009, 27.218617136000034], [120.30208244000005, 27.279606496000042], [120.20267063100005, 27.261780032000047], [120.17404687900012, 27.218512884000063], [120.1801674190001, 27.189613834000056], [120.24222616300005, 27.235446049000075], [120.29230746000007, 27.201759087000028], [120.35302858500006, 27.21653449300004], [120.37927648100003, 27.183085770000048], [120.34649396900011, 27.14937683200003], [120.42079576000003, 27.147343145000036], [120.42928436600005, 27.121866160000025], [120.3635249670001, 27.098426105000044], [120.36947796700008, 27.068594545000053], [120.24173785900007, 27.11008843600007], [120.27479961900008, 27.049045431000025], [120.23809034400006, 27.030759198000055], [120.25589387900004, 26.985975947000043], [120.17618378500003, 26.97289361000003], [120.23800879200007, 26.95091231500004], [120.22745368000005, 26.916300402000047], [120.12203101600005, 26.933753374000048], [120.09593306800002, 26.883814852000057], [120.03088864500012, 26.873861445000045], [120.04382195100004, 26.831532689000028], [120.13154802300005, 26.794614126000056], [120.10456513600002, 26.74565421500006], [120.15226476100008, 26.72042366000005], [120.11214553900004, 26.673522258000048], [120.14790731000005, 26.64290993000003], [120.08984148600007, 26.61039529900006], [120.06794909500002, 26.636122412000077], [119.9441119820001, 26.584476422000023], [119.87163767000004, 26.511842186000024], [119.81925126800002, 26.51170352300005], [119.8384159960001, 26.58614907200007], [119.98281363500007, 26.648056473000054], [119.97860947800007, 26.695145943000057], [120.06783393, 26.77724254700007], [119.92085309200002, 26.780704436000065], [119.93358779200003, 26.72648743800005], [119.86411340400002, 26.64444385300004], [119.83681975500008, 26.70722759000006], [119.79333130700002, 26.685243306000075], [119.79139066700009, 26.744948711000063], [119.84449922800002, 26.799090042000046], [119.79068510000002, 26.816447238000023], [119.84310014500011, 26.844084529000042], [119.7797728170001, 26.830182492000063], [119.75551256500012, 26.726894095000034], [119.6507438110001, 26.89769349000005], [119.68757398100001, 26.815901969000038], [119.67761742100004, 26.75995], [119.73153238000009, 26.714244974000053], [119.61839201500004, 26.754780229000062], [119.61657440800002, 26.786982298000055], [119.5591769350001, 26.769725333000054], [119.62819808300003, 26.73015831600003], [119.56220896500008, 26.719109110000034], [119.6086277920001, 26.67040860900005], [119.54947061100006, 26.66519838200003], [119.58270966000009, 26.598346938000077], [119.77401874200007, 26.589749161000043], [119.80583088000003, 26.54033260500006], [119.76101205700002, 26.550523689000045], [119.82621181900004, 26.44144697100006], [119.75673232400004, 26.405145108000056], [119.76005876600004, 26.436951918000034], [119.72074233600006, 26.433835824000028], [119.65599963300008, 26.492401932000064], [119.55787890600004, 26.46661169400005], [119.5805177420001, 26.42716802900003], [119.64546190500005, 26.440120207000064], [119.669555639, 26.415199432000065], [119.69099590200005, 26.315307818000065], [119.73866269300004, 26.320480501000077], [119.83528422100005, 26.42051071700007], [119.87421660700011, 26.352096337000035], [119.96445276600002, 26.361787029000027], [119.89692109300006, 26.305215822000036], [119.78672569800005, 26.299917294000068], [119.79354942300006, 26.267243251000025], [119.76508404200001, 26.288907566000034], [119.63786484500008, 26.247296899000048], [119.67168381300007, 26.217878335000023], [119.50606827400009, 26.05824272900003], [119.71617572200012, 25.98568466000006], [119.6872588980001, 25.893567629000074], [119.641856931, 25.89830015800004], [119.61375659900011, 25.842812968000032], [119.57739039900002, 25.87613794200007], [119.63238650000005, 25.765957009000033], [119.61418874700007, 25.677469968000025], [119.44112772100004, 25.68631447200005], [119.44070988600004, 25.63123715100005], [119.48975438900004, 25.61341720000007], [119.488292827, 25.558414011000025], [119.52117314100008, 25.531799096000043], [119.53729720500007, 25.570889015000034], [119.59390681500008, 25.568002573000058], [119.57601187600005, 25.521716087000073], [119.60079895400008, 25.495746840000038], [119.5507175460001, 25.46225510900007], [119.59721904900005, 25.48042328200006], [119.6439137320001, 25.44065269300006], [119.64154084800009, 25.32776454800006], [119.59385552600008, 25.327181675000077], [119.57896021400006, 25.430478660000063], [119.53020303100004, 25.39961973100003], [119.56044936100011, 25.36767700200005], [119.47691091900003, 25.343373257000053], [119.51118157000008, 25.442564520000076], [119.46801215100004, 25.447062825000046], [119.42769466800007, 25.409027175000062], [119.45774260900009, 25.496618469000055], [119.3626232040001, 25.50993792500003], [119.3860771520001, 25.56222675300006], [119.32701511700009, 25.601948105000076], [119.333973452, 25.414864902000033], [119.28248442600011, 25.41721068700008], [119.31770984200011, 25.53839954600005], [119.28499299300006, 25.546561980000035], [119.28145369200001, 25.49999384800003], [119.12421005300007, 25.405013997000026], [119.14822943100012, 25.34988384500008], [119.21305826500009, 25.339176674000043], [119.22965167900009, 25.290957165000066], [119.1915751250001, 25.263684795000074], [119.21359378700004, 25.229735108000057], [119.25080661600009, 25.300278947000038], [119.29948287700006, 25.300932055000033], [119.36551303800002, 25.241294340000024], [119.35250735800003, 25.212013736000074], [119.290189026, 25.21617720100005], [119.30781812900011, 25.16876218500005], [119.283634935, 25.138540398000032], [119.23580950500002, 25.156213137000066], [119.24439789100006, 25.182189442000038], [119.16282829400006, 25.16484954200007], [119.17202567900006, 25.21836505400006], [119.12025034100009, 25.227100101000076], [119.09746848600003, 25.15811392100005], [119.16825746300003, 25.10555313800006], [119.10080066300009, 25.08703121700006], [119.07179642000006, 25.132566836000024], [119.07123845400008, 25.09490437200003], [119.0300635750001, 25.129433667000058], [119.07638184300004, 25.202086327000075], [118.9701735760001, 25.191154831000063], [118.9900408520001, 25.241078085000026], [119.07046777800008, 25.256798883000044], [118.89057922400002, 25.237808409000024], [118.88861649900002, 25.205786990000036], [118.92842697100002, 25.199014457000033], [118.91841668200004, 25.167615734000037], [118.98006267700009, 25.167394201000036], [118.99036653400003, 25.13715762700008], [118.943436646, 25.121530843000073], [118.97719232000009, 25.083017056000074], [118.85280979800007, 25.059609339000076], [118.96347221100007, 24.96911369600008], [118.96563252500005, 25.00298377200005], [119.01295617000005, 25.023173522000036], [119.01406040300003, 24.970643351000035], [118.9855615670001, 24.957256362000066], [119.02223160400001, 24.939640344000054], [118.89129348600011, 24.919557112000064], [118.99584909200007, 24.862586707000048], [118.87407646400004, 24.885936109000056], [118.82616073000008, 24.847324164000042], [118.71147809800004, 24.837735234000036], [118.66637046700009, 24.940531469000064], [118.68329438, 24.860126473000037], [118.64004160500008, 24.849608077000028], [118.63609011500012, 24.816781606000063], [118.67837538200001, 24.772160189000033], [118.72491976600008, 24.797139094000045], [118.7969570680001, 24.75938526400006], [118.74284124100006, 24.717526478000025], [118.7367699890001, 24.672882250000043], [118.65034262900008, 24.661988746000077], [118.68301362900002, 24.60057500100004], [118.65150045300004, 24.540353467000045], [118.58228379000002, 24.506919997000068], [118.582827629, 24.569503128000065], [118.46654398400005, 24.62885088300004], [118.46173407300012, 24.700087936000045], [118.436845102, 24.70285143600006], [118.42802319600003, 24.590277128000025], [118.30065266400004, 24.58029639700004], [118.23404432600012, 24.528966123000032], [118.20785145000002, 24.57504446300004], [118.22700315800012, 24.61140828200007], [118.18639269900007, 24.618011134000028], [118.21636577700008, 24.651751293000075], [118.15915669100002, 24.676100016000078], [118.12818837600003, 24.59455561900006], [118.14176590600005, 24.52915145700007], [118.19550968600004, 24.488468535000038], [118.18160571100009, 24.442504319000022], [118.09499825600005, 24.42567017300007], [118.11000420300002, 24.545220940000036], [118.00891708900008, 24.572610522000048], [117.96645090700008, 24.544282637000038], [118.062751552, 24.520034289000023], [118.07389590600008, 24.485179538000068], [118.02362646600011, 24.471232868000072], [118.041199602, 24.441448973000035], [117.88262327000007, 24.475536482000052], [117.91984299, 24.427843806000055], [117.85636214500005, 24.41105486300006], [117.91799335200005, 24.36811718000007]]]]}}, {"type": "Feature", "properties": {"id": "广南西路", "name": "广南西路", "color": "#a89a5c", "owner": "宋", "units": ["广南西路"], "label_lon": 110.056, "label_lat": 25.252}, "geometry": {"type": "Polygon", "coordinates": [[[108.65723846500003, 23.225595987000077], [108.58702026700007, 23.244269575000033], [108.57534465000003, 23.326026299000034], [108.39494170800003, 23.578913060000048], [108.37329967600004, 23.672924301000023], [108.50953314500003, 23.675327066000023], [108.41647249000005, 23.827773884000067], [108.43550312900004, 24.029331828000068], [108.31163377200005, 23.957316696000078], [108.20768779100007, 23.846861165000064], [108.10562069600007, 23.83810242900006], [107.99110504700008, 23.709643958000072], [107.91777964900007, 23.70788807300005], [107.91471274400004, 23.87434791000004], [107.83403461400007, 23.981277157000022], [107.84844393000009, 24.032188951000023], [107.79246148300007, 24.08168293800003], [107.82270197200006, 24.125673997000035], [107.78284757600005, 24.153784244000065], [107.90287053600008, 24.380177229000026], [107.87254440500004, 24.45037142700005], [107.86639273400004, 24.42257190600003], [107.79090722200004, 24.42838039800006], [107.73345648100008, 24.36248392500005], [107.69945963000004, 24.364361728000063], [107.65714894900009, 24.428749320000065], [107.66139933100004, 24.49581154300006], [107.55379886100008, 24.64617013700007], [107.56474677300008, 24.80874029100005], [107.58849071300006, 24.82862824500006], [107.66171419600005, 24.773202361000074], [107.70176397200004, 24.782399275000046], [107.68375020000008, 24.90406404500004], [107.74868976400006, 24.94261241600003], [107.86851068100009, 24.93934616000007], [107.89916393500005, 24.995048885000074], [107.83944032200009, 25.135940659000028], [107.76351291500004, 25.126729999000077], [107.76257414300005, 25.237488330000076], [107.68181000600003, 25.192838437000034], [107.63709268800005, 25.299560976000066], [107.62468096400005, 25.617823221000037], [107.78627069100008, 25.643677525000044], [107.82658901600007, 25.80047117400005], [107.80249017700004, 25.83605384400005], [107.69397365500004, 25.84960958100004], [107.67703529600004, 25.890833453000027], [107.72801331500006, 25.944026604000044], [107.66486108100008, 26.02041134800004], [107.74987379700008, 26.08609169300007], [107.72368716000005, 26.18116953200007], [107.80137409200006, 26.130493026000067], [107.86079135700004, 26.14612012400005], [107.94628009800005, 26.08348214800003], [108.12656077800006, 26.11144332500004], [108.12291038300003, 26.216498100000024], [108.08105306500005, 26.25690426500006], [108.02151571200005, 26.253090400000076], [107.92096457700006, 26.413646650000032], [107.96516872200004, 26.493357928000023], [108.08108116300008, 26.500446271000044], [108.18884712400006, 26.581253305000075], [108.09485863000003, 26.694004170000028], [108.17651433100008, 26.86731285700006], [108.29016335400007, 26.873570960000052], [108.46503480400008, 26.807141629000057], [108.52783018600007, 26.86062967500004], [108.53196947600009, 26.97504916400004], [108.58802943100005, 27.055491697000036], [108.66273151100006, 27.08709697000006], [108.73234694600006, 27.023976095000023], [108.76769784100009, 27.039239190000046], [108.76752850300005, 27.071472610000058], [108.83119776000007, 27.099895272000026], [108.98808775300006, 27.286667459000057], [109.09064828600003, 27.334870226000078], [109.18093902000004, 27.44184113500006], [109.23712280100006, 27.430135483000072], [109.42984061600004, 27.57605361000003], [109.49791032600007, 27.525048250000054], [109.57998975100008, 27.595261893000043], [109.70785043200004, 27.611943108000048], [109.76295272500005, 27.669351320000033], [109.84307874600006, 27.686983310000073], [109.82752743600008, 27.73995949400006], [109.88994163600006, 27.817424997000046], [109.94219598200004, 27.74416559100007], [110.25744752700007, 27.690456211000026], [110.36451706200006, 27.57087126700003], [110.45490079700005, 27.586316657000054], [110.43379316700003, 27.444910616000072], [110.38379868600003, 27.370025734000023], [110.40955921500006, 27.320652911000025], [110.46719166100007, 27.36298578700007], [110.49652246000005, 27.306381198000054], [110.58472637000006, 27.280563459000064], [110.63186978900006, 27.385375728000042], [110.69439233000008, 27.34713418800004], [110.75542069400007, 27.380060901000036], [110.75502981800008, 27.25781210100007], [110.80446358100005, 27.200035313000058], [110.74526331700008, 27.154233824000073], [110.83947441400005, 27.109727461000034], [110.86403382700007, 27.04078019600007], [110.96432273400006, 27.030407319000062], [110.98461099600007, 26.926048753000032], [111.04927816800006, 26.881323610000038], [111.06311373500006, 26.81606609800008], [111.16130028800006, 26.789874112000064], [111.22840852800005, 26.726159464000034], [111.27190835800008, 26.706191060000037], [111.29788547300006, 26.735436191000076], [111.30213330900006, 26.842139445000043], [111.35077319800007, 26.885352013000045], [111.51996308600008, 26.849363453000024], [111.55148838900004, 26.792482155000073], [111.63461014900008, 26.84928078400003], [111.72108943300009, 26.85504480700007], [111.72974256800006, 26.777318772000058], [111.77658684700003, 26.815029770000024], [111.86941534800008, 26.817695525000033], [111.95727091500004, 26.59039490400005], [111.98847450000005, 26.593043391000037], [111.98242917900006, 26.65357029300003], [112.09775827100009, 26.646163192000074], [112.13638620300003, 26.56043069800006], [112.1906874020001, 26.54770527900007], [112.16590723500008, 26.489915216000043], [112.10353357500003, 26.464969436000047], [112.13413993300003, 26.44469041800005], [112.10985733000007, 26.354092783000056], [112.19472397700008, 26.11410953400008], [112.33048386700011, 26.190260742000078], [112.51960895400009, 26.15191362300004], [112.65149549900002, 26.174796874000037], [112.73265047100006, 26.06341844700006], [112.79363819200012, 26.05794917000003], [112.85243591100004, 25.98773987000004], [112.88008127800003, 26.00321173800006], [112.89935130800006, 25.935583973000064], [112.79745995400003, 25.838506719000065], [112.75310393400002, 25.73633288600007], [112.80055375300003, 25.69632278100005], [112.79034156900002, 25.66986854700008], [112.72109010200006, 25.66731335700007], [112.76501538900004, 25.577974582000024], [112.73492276600007, 25.49210996000005], [112.77662078900005, 25.435019917000034], [112.70308634700007, 25.37574660200005], [112.71614473500006, 25.337806826000076], [112.7064386290001, 25.305004680000025], [112.66922839600011, 25.305301301000043], [112.6778732360001, 25.27009537400005], [112.614303317, 25.25841354000005], [112.66472941300003, 25.18143419300003], [112.63687795100009, 25.12207638500007], [112.76706808100005, 24.895660442000064], [112.63988761700011, 24.861968852000075], [112.62110984000003, 24.73307778800006], [112.56909154700008, 24.765937958000052], [112.53461388100004, 24.699388114000044], [112.31805000400004, 24.64329050300006], [112.28366308400007, 24.665562752000028], [112.28408805400011, 24.77160832800007], [112.23793320300001, 24.827289902000075], [112.27028965900001, 24.89933306900008], [112.13703425900007, 24.91102763300006], [112.15791959800003, 24.871141003000048], [112.13684660500007, 24.847060318000047], [111.92594005700005, 24.710508067000035], [111.90373600600009, 24.66293301500008], [111.90805705400004, 24.60336950900006], [111.99016580600005, 24.545719209000026], [112.03112980900005, 24.344049721000033], [111.84322940700008, 24.21861950300007], [111.86746675800003, 24.09013350200007], [111.94079136000005, 23.982801551000023], [111.81506437500008, 23.933377719000077], [111.79073410300003, 23.839571572000068], [111.64330861900004, 23.85612165300006], [111.60570480800004, 23.789479045000064], [111.66468820800009, 23.71126739400006], [111.62268009300004, 23.704338736000068], [111.59882841900009, 23.642990875000066], [111.48863049600004, 23.640073992000055], [111.41502540700009, 23.516171324000027], [111.33644945700007, 23.51871571600003], [111.28986163000008, 23.57240491700003], [111.25679073900005, 23.568615241000032], [111.23237863700007, 23.514579905000062], [111.16918500100007, 23.50878410300004], [111.18672979000007, 23.442281183000034], [111.31308293100005, 23.446568358000036], [111.37869516300009, 23.415988948000063], [111.34501434500004, 23.33576379400006], [111.41262673200004, 23.050909688000047], [111.35064722500005, 22.977585071000078], [111.18153731100006, 23.10858900200003], [111.17351849800008, 23.143927477000034], [111.13052271500004, 23.13004727400005], [111.09948655100004, 23.187906017000046], [110.96369034600008, 23.154213369000047], [110.95857947600007, 23.226740481000036], [110.89035214900008, 23.213021325000057], [110.71519228000005, 23.077171356000065], [110.67984501000007, 23.068112675000066], [110.62777003600007, 23.122898242000076], [110.55985305500008, 23.097162651000076], [110.54635626100008, 23.13011358500006], [110.31963837200004, 23.049438637000037], [110.25109938100007, 22.95419105600007], [110.26826342100009, 22.885883980000074], [110.10450917300005, 22.90834872000005], [109.88199605500006, 23.049795881000023], [109.83794707400006, 23.00632215400003], [109.82518477800005, 22.906659140000045], [109.73947393200007, 22.830994357000066], [109.73342939500009, 22.73820044200005], [109.65099667300007, 22.67520093400003], [109.59223407800005, 22.707093522000037], [109.43204962600004, 22.944361033000064], [109.33703775500004, 22.987584928000047], [109.31353462300007, 23.101419648000046], [109.22467453200005, 23.140669092000053], [109.22027159400005, 23.31171543800008], [109.13235267000005, 23.311141631000055], [109.09374245600009, 23.367300476000025], [108.91188219300005, 23.401946458000054], [108.85950888500008, 23.442669162000072], [108.79562551400005, 23.409668741000075], [108.65723846500003, 23.225595987000077]]]}}, {"type": "Feature", "properties": {"id": "广南东路", "name": "广南东路", "color": "#a89a5c", "owner": "宋", "units": ["广南东路"], "label_lon": 113.353, "label_lat": 23.558}, "geometry": {"type": "MultiPolygon", "coordinates": [[[[113.58217670700003, 22.099633208000057], [113.56738910600006, 22.12584856600006], [113.60035473200003, 22.118916451000075], [113.58217670700003, 22.099633208000057]]], [[[113.56652941800007, 22.13644643200007], [113.54496257700009, 22.156573415000025], [113.57854800300004, 22.143417788000022], [113.56652941800007, 22.13644643200007]]], [[[113.59438601700003, 22.14626774900006], [113.59278625700006, 22.14804391900003], [113.59462601300004, 22.147686859000032], [113.59438601700003, 22.14626774900006]]], [[[114.12499429600007, 22.160605634000035], [114.10275274800006, 22.216955231000043], [114.11302582300004, 22.230480356000044], [114.14529052500006, 22.20015459800004], [114.12499429600007, 22.160605634000035]]], [[[114.1637076720001, 22.20275177900004], [114.11077179100005, 22.27315106700007], [114.23382569500006, 22.272441034000053], [114.24261340600003, 22.208738134000043], [114.1637076720001, 22.20275177900004]]], [[[114.03935169700003, 22.32285375600003], [113.98714206500006, 22.20614785600003], [113.83150199600004, 22.193754839000064], [113.87131088400008, 22.27021609700006], [114.03935169700003, 22.32285375600003]]], [[[112.22945966800012, 21.68972013700005], [112.17627501900006, 21.755518540000025], [112.21278117800011, 21.842014160000076], [112.18970339100008, 21.800706562000073], [112.03004122100003, 21.779188584000053], [112.00449954100009, 21.822206163000033], [111.92023841300005, 21.840125429000068], [111.95908122300006, 21.77469547100003], [112.01229336800009, 21.762775043000033], [111.92126675900005, 21.71406355000005], [111.93299279800004, 21.654562052000074], [112.00651392400005, 21.642345368000065], [111.99640613500009, 21.61653270200003], [111.80461773600007, 21.55803723300005], [111.85682761800007, 21.61854487900007], [111.83778746800004, 21.642912500000023], [111.89686443500005, 21.63745944300007], [111.90506479100009, 21.66794021100003], [111.83261385100008, 21.68934195500003], [111.83470889000006, 21.769956464000074], [111.67630540800008, 21.760852809000028], [111.76007321700007, 21.706982641000025], [111.76701434300008, 21.645701546000055], [111.72905438200007, 21.634129229000052], [111.76755603900006, 21.612314596000033], [111.67032887500005, 21.589407006000044], [111.64039916200005, 21.51741254600006], [111.57814789100007, 21.57933826900006], [111.59691206500008, 21.52625960000006], [111.44569607100004, 21.51300759800006], [111.47896612500006, 21.54792487000003], [111.41590420500006, 21.58370030800006], [111.39221891200003, 21.64904060400005], [111.40155114200007, 21.68738604300006], [111.36014071100004, 21.751964287000078], [111.38060974900009, 21.847319687000038], [111.28858678700004, 21.889280477000057], [111.24480969400008, 21.994749429000024], [111.34846422000004, 22.264333484000076], [111.32860616900007, 22.293822098000078], [111.26707198900004, 22.306257428000038], [111.07748038400007, 22.243210859000044], [111.03201295500008, 22.281560338000077], [110.91191393000008, 22.200045144000057], [110.75498016100005, 22.207223979000048], [110.76798317900005, 22.297951870000077], [110.70823336300003, 22.355138883000052], [110.72441630800006, 22.425133794000033], [110.68093641400009, 22.482300474000056], [110.74542439900006, 22.49238045800007], [110.73180894400008, 22.550497138000026], [110.77025342800005, 22.600477667000064], [110.87842772600004, 22.61494692800005], [110.84200129300007, 22.694209831000023], [110.75836153300008, 22.750198441000066], [110.78042521800006, 22.83989516300005], [110.73332018700006, 22.860766827000077], [110.71413109800005, 22.924590248000072], [110.73596793100006, 22.994722883000065], [110.71519228000005, 23.077171356000065], [110.76528502900004, 23.133394636000048], [110.95857947600007, 23.226740481000036], [110.96369034600008, 23.154213369000047], [111.09948655100004, 23.187906017000046], [111.13052271500004, 23.13004727400005], [111.17351849800008, 23.143927477000034], [111.18153731100006, 23.10858900200003], [111.35064722500005, 22.977585071000078], [111.40671585800004, 23.03009023800007], [111.34501434500004, 23.33576379400006], [111.37869516300009, 23.415988948000063], [111.31308293100005, 23.446568358000036], [111.18672979000007, 23.442281183000034], [111.16918500100007, 23.50878410300004], [111.23237863700007, 23.514579905000062], [111.25679073900005, 23.568615241000032], [111.28986163000008, 23.57240491700003], [111.33644945700007, 23.51871571600003], [111.41502540700009, 23.516171324000027], [111.48863049600004, 23.640073992000055], [111.59882841900009, 23.642990875000066], [111.62268009300004, 23.704338736000068], [111.66468820800009, 23.71126739400006], [111.60570480800004, 23.789479045000064], [111.64330861900004, 23.85612165300006], [111.79073410300003, 23.839571572000068], [111.81506437500008, 23.933377719000077], [111.94079136000005, 23.982801551000023], [111.86746675800003, 24.09013350200007], [111.84322940700008, 24.21861950300007], [112.03112980900005, 24.344049721000033], [111.99016580600005, 24.545719209000026], [111.90805705400004, 24.60336950900006], [111.90373600600009, 24.66293301500008], [111.92594005700005, 24.710508067000035], [112.13684660500007, 24.847060318000047], [112.15791959800003, 24.871141003000048], [112.13703425900007, 24.91102763300006], [112.27028965900001, 24.89933306900008], [112.23793320300001, 24.827289902000075], [112.28408805400011, 24.77160832800007], [112.28366308400007, 24.665562752000028], [112.31805000400004, 24.64329050300006], [112.53461388100004, 24.699388114000044], [112.56909154700008, 24.765937958000052], [112.62110984000003, 24.73307778800006], [112.63988761700011, 24.861968852000075], [112.76706808100005, 24.895660442000064], [112.63687795100009, 25.12207638500007], [112.66472941300003, 25.18143419300003], [112.614303317, 25.25841354000005], [112.7064386290001, 25.305004680000025], [112.72713031500007, 25.400316101000044], [112.88914368200005, 25.50285879200004], [113.01980620800009, 25.53571869600006], [113.1070625970001, 25.62699611000005], [113.14225174800004, 25.61487530100004], [113.22502389800002, 25.725894453000024], [113.31151773900001, 25.647803211000053], [113.2547125970001, 25.612560467000037], [113.2544760180001, 25.499199066000074], [113.28704342800006, 25.502007631000026], [113.34638469600009, 25.412500540000053], [113.4532277300001, 25.356023898000046], [113.78001890700011, 25.31808985400005], [113.92525364700009, 25.44374110800004], [114.01843201500003, 25.404195032000075], [114.01609993900001, 25.277319694000028], [114.12364735100005, 25.31378216400003], [114.26524532400003, 25.30046702900006], [114.52378667200003, 25.406467376000023], [114.63762558000008, 25.31975955200005], [114.67570709900008, 25.327445484000066], [114.71216158100003, 25.272132428000077], [114.669281049, 25.21959072100003], [114.70342827800005, 25.132884684000032], [114.82092913000008, 25.06676439200004], [114.85521003100007, 25.000093054000047], [114.93868529300005, 25.021209243000044], [114.97366662400009, 24.91417188400004], [114.98058945500009, 24.794039026000064], [114.84431382100001, 24.716058478000036], [114.80859187800002, 24.656141519000073], [114.7983652040001, 24.586027070000057], [114.8372080260001, 24.552575524000076], [114.89856732700002, 24.649593134000042], [115.0216431230001, 24.688258028000064], [115.15532283100003, 24.675824670000054], [115.17467494300001, 24.710253477000037], [115.31634773300004, 24.74062243700007], [115.36066123400008, 24.778497129000073], [115.46044671800007, 24.738219188000073], [115.52505757300003, 24.667765245000055], [115.54550493300007, 24.635683108000023], [115.48195785900009, 24.541192231000025], [115.4895886270001, 24.50753919700003], [115.57827762600004, 24.468498305000026], [115.54024884000012, 24.348367472000064], [115.58542602600005, 24.26886923400008], [115.5824294460001, 24.229141842000047], [115.52104028600002, 24.216813056000035], [115.58975844300005, 24.189120625000044], [115.65760895900007, 24.102571940000075], [115.69736373400008, 24.102781867000033], [115.76148981800009, 24.013077976000034], [115.84626330900005, 24.000115117000064], [115.92298266600005, 23.900378319000026], [115.99590124300005, 23.89944231000004], [116.00592606000009, 23.84747421800006], [115.89975297800004, 23.764731591000043], [115.76547649200006, 23.53626387500003], [115.64563261600006, 23.552021380000042], [115.59877318500003, 23.499392022000052], [115.65065333900009, 23.466614450000066], [115.6561754490001, 23.369826105000072], [115.76616729500006, 23.38110608100004], [115.79257405200008, 23.347639730000026], [115.7933245700001, 23.26703216100003], [115.73597274200006, 23.25720483500004], [115.757828173, 23.18255298500003], [115.931019375, 23.08230025000006], [115.94801551300009, 22.988628265000045], [116.07693090600003, 22.892603372000053], [116.03364909400011, 22.876419387000055], [116.05647179400012, 22.84654378700003], [115.95046604400011, 22.833649484000034], [115.8013414940001, 22.753507197000033], [115.79470467700003, 22.826890285000047], [115.65392481600009, 22.877394448000075], [115.73184317300002, 22.933587016000047], [115.52601390400002, 22.85869030400005], [115.55396522700005, 22.90262361400005], [115.5110607900001, 22.89175737100004], [115.53231560600011, 22.82972889100006], [115.60277195300011, 22.85957872800003], [115.50688532700008, 22.758847693000064], [115.54718452100008, 22.722687175000033], [115.5515145810001, 22.748368377000077], [115.59277082500012, 22.74820535200007], [115.55274458200006, 22.698374838000063], [115.55352133100007, 22.64006722700003], [115.465279957, 22.697042594000038], [115.3867093, 22.67764670100007], [115.3323839200001, 22.70885456800005], [115.3453470500001, 22.750783624000064], [115.42118978400003, 22.754618314000027], [115.39078979300007, 22.77454152400003], [115.2172878770001, 22.782558575000053], [115.30423649500005, 22.868231923000053], [115.23297346200002, 22.820665292000058], [115.17006822300004, 22.820738283000026], [115.16383542500012, 22.77480076300003], [115.00471054200011, 22.81601954300004], [115.01233218100003, 22.709387169000024], [114.97040546200003, 22.69456100900004], [114.9371252090001, 22.758850230000064], [114.85462032100008, 22.75864890200006], [114.87567978600009, 22.705072311000038], [114.89787878000004, 22.717999422000048], [114.95224670000005, 22.663904828000057], [114.89796932600007, 22.615364741000064], [114.88098079600002, 22.54579055800008], [114.86008790900007, 22.602167791000056], [114.7481581940001, 22.57722816000006], [114.72457832000009, 22.59761215700007], [114.72260665400006, 22.728054808000024], [114.80163272900006, 22.781189333000043], [114.76005320900003, 22.817095839000046], [114.74523932800003, 22.772422883000047], [114.50027805900004, 22.740568384000028], [114.54533847300002, 22.69260202600003], [114.47758735500008, 22.64530725700007], [114.55305199500003, 22.64422769600003], [114.56467849100011, 22.61788378800003], [114.47956921200011, 22.553688348000037], [114.52685056300004, 22.55925792000005], [114.58770132200004, 22.493972605000067], [114.52059552800006, 22.481804424000075], [114.48656835500003, 22.441494584000054], [114.45621112200001, 22.557362279000074], [114.39188713600004, 22.589393107000035], [114.27377057600006, 22.577132474000052], [114.20036475400002, 22.529850182000075], [114.3157816050001, 22.501601717000028], [114.16690591100007, 22.45057907100005], [114.19617108600005, 22.39864895100004], [114.31657324500009, 22.472897096000054], [114.33799689600005, 22.422147262000067], [114.36281502000008, 22.454525971000066], [114.38647841700003, 22.435137826000073], [114.36517452400005, 22.369315542000038], [114.25960956000006, 22.370446154000035], [114.29272322200006, 22.318329660000074], [114.27286697800002, 22.237604219000048], [114.248588186, 22.31439549600003], [114.23467300400011, 22.284357143000022], [114.1496181770001, 22.30777280500007], [114.09455013800005, 22.375413045000073], [113.90730162600005, 22.36235550300006], [113.89517141300007, 22.40531641700005], [114.03076633900002, 22.499727551000035], [113.92875695500004, 22.521669649000046], [113.86968676300012, 22.485701446000064], [113.89563643200006, 22.526463801000034], [113.7758092680001, 22.656994798000028], [113.759003828, 22.73792349000007], [113.61733209600004, 22.786641432000067], [113.51881970900001, 23.050862837000068], [113.465975565, 23.060237979000078], [113.49479908100011, 23.008182418000047], [113.49252613700003, 22.906701260000034], [113.46765046700011, 22.897261412000034], [113.59801634200005, 22.737336079000045], [113.4740374800001, 22.78902508400006], [113.60131687600006, 22.629117458000053], [113.31872025100006, 22.81647915600007], [113.27832076000004, 22.778783298000064], [113.33743627800004, 22.785485777000076], [113.38598751500001, 22.736099112000034], [113.46976848000008, 22.71616307900007], [113.56096147000005, 22.594275711000023], [113.54803133700011, 22.377349406000064], [113.6119152220001, 22.357853202000058], [113.56958791900001, 22.288806398000077], [113.59192447500004, 22.22519863800005], [113.56024099500007, 22.176904786000023], [113.43951891100005, 22.15841263300007], [113.31935054000007, 22.34781263900004], [113.2580160980001, 22.38926235400004], [113.24816072700003, 22.285911102000057], [113.30137775900005, 22.170626066000068], [113.25150668100002, 22.09976832700005], [113.25885411800004, 22.050489605000053], [113.138054968, 22.05091154300004], [113.113975288, 22.095981233000032], [113.13544303900005, 22.20188947400004], [113.18487895300007, 22.258908211000062], [113.18290079600001, 22.36073637800007], [113.15224830500006, 22.244030096000074], [113.08314472900008, 22.216185078000024], [113.07306166700005, 22.419053993000034], [113.03152839200004, 22.43858586300007], [113.06879038800002, 22.226730475000068], [112.99697190600011, 22.09428981600007], [113.02683814400007, 21.935174510000024], [112.95996257400009, 21.870107137000048], [112.8902933600001, 21.844900046000078], [112.84995609000009, 21.943134134000047], [112.76224715800004, 21.937719854000022], [112.73077918100012, 21.881904363000046], [112.64815558400005, 21.840142640000067], [112.647661018, 21.775274765000063], [112.56448254700001, 21.746425722000026], [112.43002931500007, 21.81954004200003], [112.4178929200001, 21.892044892000058], [112.50781977000008, 21.959770784000057], [112.49263827000004, 21.978596174000074], [112.470487552, 21.942906607000054], [112.40212286100007, 21.930326527000034], [112.40254569100011, 22.04793730700004], [112.36056068500011, 21.99316305900004], [112.40158852900004, 21.806182086000035], [112.39029522600003, 21.726676688000055], [112.22945966800012, 21.68972013700005]]]]}}]}