{"type": "FeatureCollection", "_meta": {"topic": "tang", "year": 807, "method": "数据源：《新唐书·方镇表》州县隶属 + 本项目重建的州治坐标 + geoBoundaries 现代县界。**几何是重建的，非史料记载的实际界线。**", "max_km": 260.0, "units_total": 329, "units_matched": 274, "units_missing": ["奉", "契", "護", "魯", "麗", "申", "漳", "辯", "本"], "counties_placed": 2278, "counties_outside": 821, "control_sha1": "466b4c52004979bf", "gazetteer_sha1": "ec0e50df1c70bcba", "built_from": {"control": "tang_fanzhen_timeline.json", "units": "tang_zhou_gazetteer.json"}}, "features": [{"type": "Feature", "properties": {"id": "安西四鎮", "name": "安西四鎮", "color": "#70426f", "owner": "安西", "units": ["西"], "label_lon": 89.081, "label_lat": 43.206}, "geometry": {"type": "Polygon", "coordinates": [[[87.23676826700006, 41.52462435900003], [86.88339361000004, 41.629331947000026], [86.68498476400003, 41.605610779000074], [86.44587651500007, 41.720725128000026], [86.44974695800005, 41.79705083300007], [86.41097807300008, 41.78121063300006], [86.34962229900003, 41.833216520000065], [86.22670545200003, 41.86323721600007], [86.11435298000004, 41.83150312600003], [85.96621577200006, 41.97000872800004], [85.72897072200004, 42.00113717000005], [85.64496634500006, 42.04865661500003], [85.62835502400003, 42.104068178000034], [85.75597038600006, 42.04917819000008], [85.89150855400004, 42.034936094000045], [86.03941023300007, 42.06311740000007], [86.20866605600008, 42.045984657000076], [86.33833883400007, 42.12267986400008], [86.49191106200004, 42.08889822200007], [86.65886647600007, 42.18455400500005], [86.67943444200006, 42.21879484500005], [86.64417088600004, 42.33409184900006], [86.97689090500006, 42.52262336000007], [87.02015111700007, 42.70636002300006], [87.05320901900006, 42.72726619900004], [87.49992793700005, 42.77124560900006], [87.77470192300007, 42.73704320400003], [87.86541500600003, 42.76714582000005], [87.87188651200006, 42.83668757600003], [87.82465745900004, 42.90715998500008], [87.62807963900008, 42.99049221900003], [87.53415894200003, 43.07482282400008], [87.30373345100008, 43.13417924400005], [87.17382364000008, 43.06286628700008], [87.08531884600006, 43.07892250000003], [87.08776703300003, 43.04533843100006], [87.03984194900005, 43.02649720200003], [86.79408485700003, 43.10977335200005], [86.51618585600005, 43.12493858400006], [86.29168170100007, 43.25166906000004], [86.27940379700004, 43.29751502200003], [86.34663121200003, 43.44053822300003], [86.30342000800005, 43.453644617000066], [86.04549871100005, 43.33243046000007], [86.10441702300005, 43.477715698000054], [86.18641332500005, 43.52235052900005], [86.19301518700007, 43.661750865000045], [86.28727866100007, 43.77880992300004], [86.31149293700008, 43.87713947000003], [86.51720678800007, 43.98054194100007], [86.53271314500006, 44.01392462200005], [86.49254107100006, 44.12845080100004], [86.53245758500003, 44.216202845000055], [86.50462718200004, 44.32301816000006], [86.52346522200008, 44.46903623800006], [86.40360103000006, 44.815617829000075], [86.45661750000005, 44.86004549100005], [86.70147509000003, 44.85567283900008], [86.72206020200008, 44.88288110700006], [86.71989801300003, 45.286652780000054], [87.33135213800006, 45.29099914400007], [87.33226352200006, 44.961468927000055], [87.38908272500004, 44.95062106100005], [90.21684457100008, 44.95189430800008], [90.21510279000006, 45.025113168000075], [90.28222846700004, 45.131448704000036], [90.48743303300006, 45.373174591000065], [90.73820074500009, 45.43783095300006], [90.77901948800007, 45.40798842400005], [90.82341305800009, 45.290992122000034], [90.87883507200007, 45.269073011000046], [90.89620842600004, 45.222419573000025], [90.85645543400005, 45.16690745500006], [91.08877723800003, 45.212024142000075], [91.22641497500007, 45.13282741300003], [91.38827609300006, 45.10769465200008], [91.45548554700008, 45.137126315000046], [91.57883166500005, 45.051299818000075], [91.53239724600007, 44.96746219400006], [91.59482836800004, 44.83986841600006], [91.41049120400004, 44.721210373000076], [91.33679229500007, 44.46170663600003], [91.31735639600004, 44.24149756500003], [91.31644169700007, 43.97772197200004], [91.50722881900003, 43.84165322400003], [91.54828367200008, 43.77488275400003], [91.36373907200004, 43.665436028000045], [91.37668923800004, 43.572945021000066], [91.21923398000007, 43.54219308000006], [91.11472562400007, 43.461354665000044], [91.13755413600006, 43.40280252100007], [91.24969153200004, 43.35457602400004], [91.32844936000004, 43.200966626000024], [91.32931149800004, 43.046236074000035], [91.41459724400005, 42.767047880000064], [91.48558025500006, 42.28972588700003], [91.59320425100003, 42.05875296900007], [91.76125110600003, 41.92493722300003], [91.83174864800009, 41.690688616000045], [91.80929927300008, 41.56744869100004], [91.85337377100007, 41.43947712000005], [91.92089877000006, 41.35376609800005], [91.92117983400004, 41.28756714200006], [90.89677420900006, 41.19534992600006], [90.34148346100005, 41.217885231000025], [89.90425715500004, 41.346885231000044], [89.63246956700004, 41.33139879500004], [89.61344677000005, 41.36026200200007], [89.52423184200006, 41.33792609000005], [89.01136686400008, 41.39006450800008], [88.82270504700006, 41.38092312600003], [88.73269009300003, 41.45291359200007], [88.45554923300006, 41.439054885000076], [88.34212590700008, 41.479419234000034], [88.24118741700005, 41.42814446400007], [88.04125488100004, 41.395004508000056], [87.92800527300005, 41.45184833800005], [87.43321925900005, 41.48201236600005], [87.34175537500005, 41.53021073800005], [87.23676826700006, 41.52462435900003]]]}}, {"type": "Feature", "properties": {"id": "河西", "name": "河西", "color": "#529cbf", "owner": "河西", "units": ["伊", "凉", "沙", "瓜", "甘", "肃"], "label_lon": 97.891, "label_lat": 40.789}, "geometry": {"type": "Polygon", "coordinates": [[[103.59289390800006, 37.06421493900007], [103.60813714700004, 36.85270056000007], [103.48032328200009, 36.86496673900007], [103.41414570400008, 36.82255250000003], [103.35807736800007, 36.91873111800004], [103.26956895400008, 36.94302846000005], [103.21029136000004, 37.01569905900004], [103.17047941300007, 37.01005567100003], [103.21149094000003, 36.925008760000026], [103.08534055500007, 36.945878563000065], [102.96316674700006, 36.88243077300007], [102.96837069600008, 36.82162836400005], [102.86877864900003, 36.83846069200007], [102.82286561700005, 36.717035199000065], [102.87658585900004, 36.62146295400004], [102.79228620900005, 36.67855003000005], [102.76313576700005, 36.65796580400007], [102.81245878300007, 36.51415690300007], [102.75686545800005, 36.44508367700007], [102.72783621500008, 36.56312888300005], [102.59785485700007, 36.67886455100006], [102.69861265400004, 36.78627870400004], [102.67693421900003, 36.84663055000004], [102.49859434400008, 36.96260931900008], [102.49592926600008, 37.070250259000034], [102.59492224600007, 37.12299462500005], [102.42538838800004, 37.28085177500003], [102.19477309400008, 37.40911479300007], [102.03309563100004, 37.45606273000004], [102.07906477100005, 37.52367750700006], [102.07965355200008, 37.606261231000076], [102.05553220700006, 37.65999432600006], [101.97511496700008, 37.69817538500007], [101.96957354800008, 37.750213271000064], [101.91492613200006, 37.741676641000026], [101.86570221700003, 37.65071384600003], [101.83801140400004, 37.575287683000056], [101.86731675300007, 37.51765585700008], [101.79069864500008, 37.51103872600004], [101.74965913000005, 37.58034452900006], [101.20463577700008, 37.88487564600007], [101.08726123100007, 37.75863140400003], [101.16930557900008, 37.61579745500006], [101.10368542100008, 37.581370066000034], [101.02730780900004, 37.59185562000005], [100.90485998200006, 37.48604873800008], [100.84267264700009, 37.46998217000004], [100.80233762200004, 37.63363943500008], [100.74599657700008, 37.56470639100007], [100.63540597700006, 37.58395180600007], [100.61101353500004, 37.520431072000065], [100.64009947300008, 37.26900164500006], [100.48269037100005, 37.19644344500006], [100.40340217200009, 37.07815786100008], [100.26069831200005, 37.22487693800008], [100.22640567200006, 37.18825207500004], [100.11874127400006, 37.18002591800007], [100.01579204500007, 37.21401625100003], [99.79766310300005, 37.164440228000046], [99.75739769900008, 37.09790617400006], [99.83649500300004, 37.01236142700003], [99.84963451900006, 36.94453274600005], [99.56381414500004, 37.11160834300006], [99.45031392200008, 37.13876187400007], [99.48928923500006, 37.07954637700004], [99.47304722200005, 37.04467065000006], [99.27784903900005, 37.081865995000044], [99.26467182900006, 36.992491044000076], [99.06738687600006, 37.07976179600007], [98.81425761600008, 37.062322911000024], [98.78237240300007, 37.076458064000064], [98.72616458200008, 37.23104272900008], [98.56185465700008, 37.315498766000076], [98.27897246900005, 37.28920704800004], [98.14085965800007, 37.33502585700006], [98.01521008600008, 37.691692415000034], [97.90698794800005, 37.75120156300005], [97.75838401100003, 37.92506098800004], [97.78615188300006, 38.279225059000055], [97.63059112600007, 38.399185670000065], [97.43553270000007, 38.42962098700008], [97.33059324800007, 38.540988577000064], [97.31233320500007, 38.63356711500006], [97.14488765100003, 38.74812189000005], [97.18228340200005, 39.22146674700008], [97.14620232800007, 39.23105732200003], [96.98733844900005, 39.18956359900005], [96.92993372900008, 39.08476502000008], [97.00886451300005, 39.01312844000006], [96.97060131100005, 38.779897031000075], [97.00012519000006, 38.71230900300003], [96.95152091900007, 38.67354986400005], [97.00134377300009, 38.57050669000006], [96.99120734700006, 38.36370916800007], [96.81996295300007, 38.34028710100006], [96.58509411700004, 38.421669620000046], [96.52489281900006, 38.48366304500007], [96.52884872300007, 38.534214245000044], [96.30508824000003, 38.61813091100004], [96.16271348000004, 38.628704629000026], [95.99289760800008, 38.75485034500008], [95.72977278100007, 38.84533167400008], [95.61458062200006, 38.99998798200005], [95.41251104000008, 39.08055921700003], [95.27098382400004, 39.21869729400004], [95.11081117500004, 39.18095600500004], [94.89750344400005, 39.25243002600007], [94.76934655400004, 39.23853461300007], [94.59096017100006, 39.30555246200004], [94.20668618500008, 39.33973455600005], [94.12994782800007, 39.30808110400005], [94.12356442600009, 39.27681830000006], [94.05770746500008, 39.27243258300007], [93.46382942400004, 39.29141988500004], [93.44195348900007, 39.22941393800005], [93.36100704200004, 39.196730357000035], [93.11313630300003, 39.15874476600004], [93.06733032500006, 39.18157832300005], [93.01268683900008, 39.12868876400006], [92.92412348800008, 39.17319734500006], [92.92763693200004, 39.28474369000003], [92.97136666100005, 39.39015915900006], [92.81941419700007, 39.584289142000046], [92.78856796000008, 39.93538321900007], [92.90183832200006, 40.069638842000074], [92.95084572600007, 40.180246845000056], [92.89713858400006, 40.254267361000075], [92.89054937500003, 40.50344435000005], [93.36219584100007, 40.47055815700003], [93.46501060200006, 40.504018908000035], [93.65515632800003, 40.60831188900005], [93.764509, 40.72225537000003], [93.81838268600006, 40.83537754500003], [93.57206729200004, 40.85857402700003], [93.49201903600004, 40.95107537200005], [93.23049571400009, 40.97137541600006], [92.95338124500006, 41.13301659900003], [92.48642403500008, 41.16469348900006], [92.14411634400005, 41.264838688000054], [91.92117983400004, 41.28756714200006], [91.92089877000006, 41.35376609800005], [91.85337377100007, 41.43947712000005], [91.80929927300008, 41.56744869100004], [91.83174864800009, 41.690688616000045], [91.76125110600003, 41.92493722300003], [91.59320425100003, 42.05875296900007], [91.48558025500006, 42.28972588700003], [91.41459724400005, 42.767047880000064], [91.32931149800004, 43.046236074000035], [91.32844936000004, 43.200966626000024], [91.24969153200004, 43.35457602400004], [91.13755413600006, 43.40280252100007], [91.11472562400007, 43.461354665000044], [91.21923398000007, 43.54219308000006], [91.37668923800004, 43.572945021000066], [91.36373907200004, 43.665436028000045], [91.54828367200008, 43.77488275400003], [91.50722881900003, 43.84165322400003], [91.31644169700007, 43.97772197200004], [91.31735639600004, 44.24149756500003], [91.33679229500007, 44.46170663600003], [91.41049120400004, 44.721210373000076], [91.59482836800004, 44.83986841600006], [91.53239724600007, 44.96746219400006], [91.57883166500005, 45.051299818000075], [92.05895630300006, 45.06670728900008], [92.14608754400007, 45.056833803000075], [92.21615743300003, 45.006867156000055], [92.42463239400007, 44.991296756000054], [92.85781777700004, 45.02305420500005], [93.54260826600006, 44.958646929000054], [94.23102345500007, 44.65902319200006], [94.33218563000008, 44.584341867000035], [94.34407222700008, 44.52785497600007], [94.53164043600003, 44.48960006600004], [94.67722325200003, 44.41154269700007], [94.72605370400004, 44.33998929100005], [95.01070147200005, 44.25890306700006], [95.42407893200004, 44.291962056000045], [95.42189344300004, 44.25417386700008], [95.36707324300005, 44.219880087000035], [95.33846134500004, 44.029981097000075], [95.53175807200006, 44.00317075700008], [95.55286889300004, 43.97705097000005], [95.73208234900005, 43.61287989900006], [95.81874168700006, 43.50596423800005], [95.87738128500007, 43.28010450700003], [96.36788846400003, 42.919374893000054], [96.39557202600008, 42.71889710200003], [96.97291543000006, 42.75290372400008], [97.17302849500004, 42.80056574500003], [98.23897840600006, 42.63705457300006], [99.43725607200008, 42.55360120300003], [100.05339108600003, 42.637717759000054], [100.26591522400008, 42.623615881000035], [100.34244896400008, 42.67005415600005], [100.81358841900004, 42.67196682400004], [101.82925619400004, 42.49261369800007], [102.10230589800005, 42.19985224200008], [102.30447429100008, 42.148637164000036], [102.72127747800005, 42.129260034000026], [103.39683968000008, 41.86504235000007], [103.50728183500007, 41.638830866000035], [103.88391729200004, 41.37447441300003], [103.96847259800006, 41.203922109000075], [104.10104418900005, 41.082017687000075], [104.19435363600007, 40.912489798000024], [104.49847023800004, 40.59407885300004], [104.48898005400008, 40.468213899000034], [104.59711188300008, 40.41484115900005], [104.57841434600005, 40.29208552600005], [104.68167700700008, 40.14043258500004], [104.44353037800005, 40.06798256500008], [104.24860686400007, 39.88858135700008], [104.30336035700009, 39.73640578000004], [104.32333206600003, 39.53503865500005], [104.27947693900006, 39.482473836000054], [104.09378960400005, 39.39861390300007], [104.07953296000005, 39.27348495900003], [104.20733149900008, 39.073827754000035], [104.17999896200007, 38.93631531800003], [104.02318506300008, 38.84751804900003], [103.89664627900004, 38.60598161300004], [103.42454245600004, 38.38905586200008], [103.50591293600007, 38.324816035000026], [103.53765203200004, 38.24068409600005], [103.53339235200008, 38.111161924000044], [103.43096560400005, 38.10721223400003], [103.37732481200004, 38.06378196400004], [103.42048928000008, 37.83101063500004], [103.71279701200007, 37.74872845900006], [103.83290137600005, 37.62335292300003], [103.79534093500007, 37.57732700200006], [103.75776785900007, 37.38317594000006], [103.78750033000006, 37.26472521900007], [103.70870124000004, 37.23914454700008], [103.59289390800006, 37.06421493900007]]]}}, {"type": "Feature", "properties": {"id": "盧龍", "name": "盧龍", "color": "#4b8d68", "owner": "幽州", "units": ["妫", "平", "幽", "檀", "燕", "营", "蓟", "鄚", "顺化"], "label_lon": 117.605, "label_lat": 41.497}, "geometry": {"type": "MultiPolygon", "coordinates": [[[[115.70157102100006, 38.35090938900004], [115.59829703500009, 38.31338800700007], [115.49984316400003, 38.55766821000003], [115.32088542400004, 38.541425212000036], [115.235042238, 38.70478285000007], [115.2662573880001, 38.74582070400004], [115.39815544600003, 38.79463718400007], [115.3899043780001, 38.911827336000044], [115.453169064, 38.93889464500006], [115.75570663100007, 38.88196157200008], [115.75682681100011, 39.08682986700006], [115.83234579200007, 39.109774308000055], [115.95122625700003, 39.08452835200006], [115.91190595, 39.20720139100007], [115.74060079100002, 39.324746994000066], [115.77788561900002, 39.368133940000064], [116.11840322, 39.32176525400007], [116.0868927030001, 39.36666323500003], [116.10444138100002, 39.43171736200003], [116.21958756700008, 39.49314802500004], [116.2105238480001, 39.52746947500003], [116.1722421400001, 39.57885401100003], [116.01168703200005, 39.534761005000064], [115.8911871150001, 39.55619170600005], [115.72874548000004, 39.47912301400004], [115.61022529400009, 39.588658329000054], [115.50853675100007, 39.59137047100006], [115.41662359200006, 39.77673436300006], [115.55056482100008, 39.77296406200003], [115.54583318900006, 39.792590215000075], [115.42297197900007, 39.93760108200007], [115.32454507000011, 39.786607667000055], [115.21306951100007, 39.688554993000025], [115.0796114210001, 39.649261909000074], [115.01168630200004, 39.67728932600005], [115.041817766, 39.940377727000055], [114.97877703300003, 40.05482624900003], [114.988056088, 40.13233403400005], [114.79656493800007, 40.16745406800004], [114.75846117300011, 40.32969574300006], [114.67606703500007, 40.35820731900003], [114.68996904900007, 40.42866300900005], [114.77387091500009, 40.49640253100006], [114.74536158100011, 40.636230960000034], [114.78299666500004, 40.725811469000064], [114.55362655500005, 40.661785579000025], [114.3487249310001, 40.688311413000065], [114.31930969200005, 40.73240720500007], [114.38172148700005, 40.936575720000064], [114.31796752600007, 41.01729671900006], [114.33426103900001, 41.14420519300006], [114.24155336400008, 41.19723214800007], [114.26674371400009, 41.32671668200004], [114.17072558400002, 41.43113183100007], [114.1617128910001, 41.49546607100007], [114.22734624700001, 41.511787437000066], [114.16766460200006, 41.716855354000074], [114.09382198300011, 41.695768067000074], [114.00276415000008, 41.613914385000044], [113.9178730540001, 41.611661420000075], [113.88774750800007, 41.63912139100006], [113.69038361600008, 41.90501681300003], [113.63468336800008, 42.06789581500004], [113.55591582900001, 42.14255465000008], [113.40782269200008, 42.19786175400003], [113.54160267700001, 42.35965550200007], [114.00040694400002, 42.681811012000026], [114.13608590500007, 42.692504419000045], [114.23184337000009, 42.75467022400005], [114.37155215200005, 42.76556621700007], [114.4121931730001, 42.81794104200003], [114.6445769610001, 42.83212809400004], [115.007414132, 43.00517163000006], [115.01844052600006, 43.03864967700008], [115.19304160000002, 43.07792021700004], [115.2260889480001, 43.05561969900003], [115.99653513200008, 43.098342012000046], [116.08595690000004, 43.143794856000056], [116.11456597900008, 43.08279410500006], [116.18259401800003, 43.05835667500003], [116.38673650200008, 43.04015397000006], [116.3011899500001, 43.128356084000075], [116.31761044400002, 43.19614672600005], [116.46094964400004, 43.26006587200004], [116.74628683600008, 43.57591939000008], [117.0330117310001, 43.69098112000006], [117.03249483000002, 43.757063032000076], [116.89251266500003, 43.88552722400004], [116.89533285200002, 43.91862914100005], [117.1046291130001, 44.096070059000056], [117.385197951, 44.131064077000076], [117.73847482400004, 44.038229889000036], [118.61941606800008, 44.477336998000055], [118.76478756400002, 44.470637999000076], [118.82186471800003, 44.407183177000036], [118.8261364870001, 44.377211481000074], [118.7181776110001, 44.28030200100005], [118.7215942470001, 44.24346402400005], [118.8899867, 44.01865921500007], [118.87576505400011, 43.949787713000035], [118.90200575600011, 43.91452708200006], [119.05405284200003, 43.84909266200003], [119.08659038300004, 43.69390943700006], [119.26189787800001, 43.669523850000076], [119.41038217300002, 43.75068992800004], [119.45472160400004, 43.743542399000034], [119.5737989800001, 43.615713636000066], [119.67533872900003, 43.63546353000004], [119.75843120200011, 43.57513336000005], [119.87245072600001, 43.59419505300008], [119.99090386000012, 43.53223262800003], [120.03004981200002, 43.349658118000036], [120.22101776400007, 43.370394419000036], [120.39575401400009, 43.34580616200003], [120.75397123300002, 43.42029229000008], [120.54258239100011, 43.221285108000075], [120.32822684100006, 43.082489664000036], [120.29813962000003, 43.008417707000035], [120.61127757000008, 42.43258904800007], [120.73599973900002, 42.37121658500007], [120.82913058600002, 42.246504653000045], [120.93714335800007, 42.263080745000025], [120.99046233500007, 42.20875030800005], [121.02535956800011, 42.09563641900007], [120.98344253500011, 41.99189987900007], [121.28481145300009, 41.86640420600003], [121.2578358940001, 41.78754779600007], [121.41817867400005, 41.64678526400007], [121.51831695400006, 41.77000957300004], [121.74192320600002, 41.75968145500008], [121.68342546500003, 41.693175421000035], [121.67058046000011, 41.62411670400007], [121.56235776400001, 41.526301484000044], [121.5895369970001, 41.47285091900005], [121.56132720900007, 41.38402868800006], [121.61686199100006, 41.245905761000074], [121.54548486100009, 41.11196836200003], [121.56529808800008, 41.08095853700007], [121.69011248600009, 41.053043401000025], [121.61884090700005, 40.894146628000044], [121.5637724180001, 40.857736283000065], [121.53801560000011, 40.90695434500003], [121.45475460600005, 40.93463534400007], [121.35126603300012, 40.90957289900007], [121.26216063600009, 40.96476647700007], [121.23289361800005, 40.941764145000036], [121.269745682, 40.91616561700005], [121.13637335700002, 40.93861804100004], [121.0255981790001, 40.81976273600003], [120.92931353300003, 40.82551422600005], [120.88002542700008, 40.74701448500008], [120.98033851100001, 40.71021895900003], [120.79053451700008, 40.67605345000004], [120.75945702000001, 40.614321534000055], [120.63794360200006, 40.54223164700005], [120.61414516800005, 40.48526232200004], [120.49841903900005, 40.399085298000045], [120.54889145200002, 40.36633869700006], [120.47185768400004, 40.320618359000036], [120.45211860600011, 40.24706954000004], [120.38599554200005, 40.19055983700008], [120.33209356500004, 40.19728753900006], [119.96768335200011, 40.07205879600008], [119.88974368000004, 40.04238729100007], [119.85191808500008, 39.98365366500008], [119.49165876400002, 39.875949340000034], [119.48709107800005, 39.798623458000066], [119.37646035900002, 39.77452948400003], [119.28399784600003, 39.68867515100004], [119.25681566600008, 39.60204674400006], [119.16379774200004, 39.57031478300007], [119.24636207000003, 39.57477238400003], [119.19699217300001, 39.462556826000025], [119.2340241500001, 39.43934207900003], [119.22944319600003, 39.39572000100003], [119.1277606320001, 39.385031], [119.08267382500003, 39.29687846200005], [118.9671268940001, 39.189857447000065], [118.71002035200002, 39.132312349000074], [118.56269136100002, 39.166735033000066], [118.27045595400011, 39.02039098600005], [118.14174853200007, 39.17760754300008], [118.00980349400004, 39.21134915500005], [118.02079576500012, 39.26071182600003], [117.83326238100005, 39.23583438800006], [117.74904498400008, 39.28668967300007], [117.68633912700011, 39.18355209400005], [117.53865320200009, 39.14953574900005], [117.34311396500004, 39.197957845000076], [117.31621946100006, 39.319562864000034], [117.19977885700007, 39.325790582000025], [117.15398705300004, 39.288354671000036], [117.04832763600007, 39.28365723500008], [116.90280923800003, 39.120191344000034], [116.90830200900007, 39.053730947000076], [116.68010175300003, 38.99237902500005], [116.6585244040001, 38.953372443000035], [116.67524193600002, 38.82643461300006], [116.5804827180001, 38.75729783100007], [116.40030284300008, 38.75690292100006], [116.39111691300002, 38.69461613400006], [116.33948381900007, 38.64217417300006], [116.43134857300004, 38.50695451000007], [116.56498658100008, 38.473229471000025], [116.56247111300002, 38.41579993800008], [116.52558436400011, 38.388478675000044], [116.41391539100005, 38.320620131000055], [116.20130966200009, 38.375774024000066], [116.14048155500006, 38.320602903000065], [116.0538060450001, 38.30905881700005], [115.97697116200004, 38.33082962800006], [115.99489029800009, 38.43158389700005], [115.92662711000003, 38.47346089500007], [115.91482111800008, 38.51800391200004], [115.81203280500006, 38.52271631900004], [115.72284851500001, 38.454248611000025], [115.70157102100006, 38.35090938900004]]], [[[118.8420736060001, 39.106463406000046], [118.9353143400001, 39.155306573000075], [118.94631382900002, 39.14844775600005], [118.8420736060001, 39.106463406000046]]]]}}, {"type": "Feature", "properties": {"id": "朔方", "name": "朔方", "color": "#73cede", "owner": "朔方", "units": ["宁", "庆", "胜", "邠", "银"], "label_lon": 109.031, "label_lat": 39.04}, "geometry": {"type": "Polygon", "coordinates": [[[107.65676078800004, 34.25792700900007], [107.66312779100008, 34.15286949100005], [107.56084474600004, 34.17524834100004], [107.56355587800005, 34.361841610000056], [107.42538423700006, 34.41784086800004], [107.26279917400007, 34.422467002000076], [107.19527076800006, 34.49477324500003], [107.17966752700005, 34.56406901500003], [107.06790727000003, 34.59477895100002], [106.94420373400004, 34.715716146000034], [107.11797947200006, 34.92356059200006], [107.04976451000005, 34.960010397000076], [107.05816581800008, 35.002692180000054], [106.88396296800005, 35.09993104100005], [106.83210388300006, 35.16797534800003], [106.84128184700006, 35.271520932000044], [106.80772169700003, 35.261496273000034], [106.61252002100008, 35.36794885200004], [106.46260724900009, 35.39672204900006], [106.41076763500007, 35.61510606200005], [106.23455926200006, 35.58133074700004], [106.17391598600005, 35.76667664900003], [106.02904018000004, 35.79540545400005], [106.03784177800009, 36.107392419000064], [105.96107723900008, 36.287026498000046], [106.04083319800009, 36.375347592000026], [106.04345971500004, 36.54527712300006], [106.15166333200006, 36.55828685800003], [106.02256463900005, 36.806221434000065], [105.86368643600008, 36.94872640600005], [105.74768849400004, 36.89945163400006], [105.67106535800008, 36.95203477900003], [105.55882260000004, 36.92780516700003], [105.35895354600007, 36.95622847200008], [105.30023487300008, 37.01288215000005], [105.36624411800005, 37.101015019000045], [105.50035236100007, 37.13110114600005], [105.53618782900008, 37.22758082200005], [105.69363960600003, 37.15781958300005], [105.79446348200008, 37.211168334000035], [105.80030028400006, 37.30462281400003], [105.82882596000007, 37.321742080000035], [105.95594250000005, 37.29818909100004], [105.96719180100007, 37.388004530000046], [106.03274852900006, 37.45425969200005], [106.11995053400005, 37.65153758800005], [106.13942041500007, 37.84486061200005], [106.04573732400007, 37.91913093100004], [106.05992507200006, 37.953999176000025], [106.13262392400009, 37.992302204000055], [106.37682037700006, 38.34073020500006], [106.53009215500003, 38.44432877200006], [106.55033511900007, 38.52713772100003], [106.52618544700005, 38.630724858000065], [106.55225754600008, 38.69105893600005], [106.65391879500004, 38.84978443400007], [106.78153823000008, 38.92243481000003], [106.84534819600009, 39.073914923000075], [106.78265827900009, 39.22968768800007], [106.89387136600004, 39.28097233900007], [106.93061972200007, 39.33770637600003], [106.93368258000004, 39.52238023800004], [106.88759608500004, 39.72001126200007], [106.83317658200008, 39.77282470600005], [106.73306684400006, 39.77541333900007], [106.67816443300006, 39.89685237800006], [106.72535578900005, 39.947136243000045], [106.70525928700005, 40.02647266900004], [107.04029001300006, 40.31367120500005], [107.17002285700005, 40.38708683800007], [107.14272325200005, 40.44793301400006], [107.19094130300005, 40.48886782100004], [107.18439726800005, 40.55015840400006], [107.22961036000004, 40.563374243000055], [107.25148879500006, 40.64368307500007], [107.36379273200004, 40.645917782000026], [107.67524099500008, 40.79597046500004], [107.71535955200005, 40.84580393300007], [108.07027675700004, 40.83900986900005], [108.44426492400004, 40.964513372000056], [108.50486963900005, 41.04721162800007], [108.62423110900005, 41.08543584500006], [108.53159742900004, 41.17079183800007], [108.74563133600009, 41.14785216100006], [108.95167632300007, 41.23995985800008], [109.23452448100005, 41.19208978800003], [109.36836637000005, 41.244083842000066], [109.48891003400007, 41.19886916000007], [109.61496288500007, 41.232883005000076], [109.67228138000007, 41.31565260600007], [109.64006402200005, 41.457657073000064], [109.42210803400008, 41.51031424700005], [109.40487959500007, 41.60072331400005], [109.27351111500008, 41.82071313400007], [109.33423639000006, 41.91097781900004], [109.34862262800004, 42.017817971000056], [109.49087641800008, 42.24207411300006], [109.46512939800004, 42.32125864200003], [109.35512023900009, 42.42908636400006], [109.42369971800008, 42.432040004000044], [109.68572318400004, 42.58341855800006], [110.05120176000008, 42.62724376800003], [110.35803956000007, 42.74861226300004], [110.94903274200004, 43.301108191000026], [111.08604373900005, 43.35308195300007], [111.22487707500005, 43.246135037000045], [111.34974478300006, 43.23133986300007], [111.51001075300007, 43.161235833000035], [111.63521840100009, 43.02952334400004], [111.82303673100006, 42.92994102400007], [111.82881047000006, 42.83017312800007], [111.99145722300005, 42.64423904800003], [112.35621964500001, 42.39090412200005], [112.5374614210001, 42.38552134200006], [112.68541382600006, 42.30721080300003], [112.7075534380001, 42.14181579000007], [112.87329838200003, 42.089256127000056], [112.92604399200002, 41.97942493600004], [112.77273231200002, 41.88388221800005], [112.73440657700007, 41.64990851700003], [112.81768188100011, 41.44504293400007], [112.81185846800008, 41.31467114900005], [112.68283806600004, 41.166499025000064], [112.70147526300002, 41.13715471900008], [112.60572819100003, 41.13174967900005], [112.602569506, 41.03163801900007], [112.53850924500011, 40.999513009000054], [112.35813367900005, 41.02382917400007], [112.32116444200005, 41.05343407700008], [112.3451641690001, 41.11264580500006], [112.26872957, 41.10987797700005], [112.14884133100009, 41.21412927600005], [111.93993639100006, 41.26144725000006], [111.91791616000006, 41.22343359900003], [111.81710311000006, 41.21628342900004], [111.85966179800005, 41.12321762300007], [111.99109030000005, 41.03203262400007], [112.01452046300005, 40.963068787000054], [112.10944660700011, 40.91835324400006], [112.14845979900008, 40.857047883000064], [112.15356189200008, 40.79252442100005], [112.1000537760001, 40.74092715900008], [112.03855417300008, 40.540340911000044], [112.1637240450001, 40.45298239400006], [112.2883235600001, 40.24622898400003], [112.14769600000011, 40.153397305000055], [112.07476171700011, 40.056332834000045], [111.91192713100008, 39.656771039000034], [111.37756293600006, 39.62358022500007], [111.43363698400009, 39.54935606000004], [111.32856951600007, 39.400145776000045], [111.13629821600006, 39.40196327600006], [111.07539696500004, 39.481976049000025], [111.12753852700007, 39.571772777000035], [111.09215455900005, 39.58091341100004], [110.81523858500009, 39.46964704100003], [110.72831533900006, 39.397618813000065], [110.71459243000004, 39.315438466000046], [110.66339471000003, 39.256446753000034], [110.49305037800008, 39.34207103400007], [110.37143436200006, 39.30151437200004], [110.38134798100003, 39.23852256200007], [110.71897184300008, 38.89286817400006], [110.76117712300004, 38.89200316800003], [110.83266521200005, 38.75449218000006], [110.90340436100007, 38.71379211800007], [110.81952784800006, 38.44148534000004], [110.73858270400007, 38.42358889700006], [110.68132984400006, 38.33806284600007], [110.53966748500005, 38.26210845600008], [110.51734965200006, 38.198362762000045], [110.45260933000009, 38.23591758100008], [110.41162790600004, 38.34664152200003], [110.35145134800007, 38.37414908100004], [110.30143507600008, 38.34384642400005], [110.06032053200005, 38.34264074300006], [110.02034435900003, 38.23006016900007], [110.07363588100009, 38.12327725600005], [110.17909989100008, 37.98297430800005], [110.29458466600005, 37.93805763300003], [110.47382588600004, 37.74911085900004], [110.40781952100008, 37.73456964600007], [110.36121181600004, 37.66720478600007], [110.28930062500007, 37.68438214400004], [110.20131459200007, 37.654319471000065], [110.09126493200006, 37.69580985500005], [110.07400508200004, 37.48003274400003], [110.11451067500008, 37.45923868600005], [110.12255559300007, 37.39579938800006], [110.05177230500004, 37.29187698700008], [109.98808973700005, 37.25464814500003], [109.90320078000008, 37.295304233000024], [109.79010493000004, 37.26790884400003], [109.79722508000003, 37.32911749500005], [109.68518852800008, 37.40054293400004], [109.57086506000007, 37.41833291100005], [109.56219876600005, 37.47716342200005], [109.52787579800008, 37.48252262500006], [109.39039742600005, 37.42096799800004], [109.31305803000004, 37.33100802800004], [109.01184640100007, 37.267809155000066], [108.92101197700003, 37.16596987600008], [108.85301019400003, 37.19235865500008], [108.83468483800004, 37.11344846800006], [108.74623088800007, 37.06228202400007], [108.80762928200005, 36.986602782000034], [108.77202458000005, 36.960187707000046], [108.62243670800007, 37.032678565000026], [108.42866026200005, 36.89177914100003], [108.26739673400004, 36.85320321100005], [108.30865255800006, 36.78214632400005], [108.19834628900009, 36.566476899000065], [108.32500162500008, 36.524245515000075], [108.38882747400004, 36.46407666700003], [108.67991601300008, 36.36945921700004], [108.67448042700005, 36.30473979900006], [108.60962879100003, 36.257184807000044], [108.66739605300006, 36.002299906000076], [108.63214002000007, 35.95417617700008], [108.50503842400008, 35.93327120300006], [108.46459533200004, 35.87000365600005], [108.49897594600009, 35.61398202000004], [108.56865625700004, 35.50298217200003], [108.75896717700005, 35.45110353800004], [108.85759390600003, 35.272045484000046], [108.93074964600004, 35.22992709600004], [108.92524550100006, 35.175034018000076], [109.00735463000007, 35.15653660400005], [109.02571117300005, 35.062225384000044], [108.99991099600004, 35.00176045400008], [109.11501963000006, 34.975219254000024], [109.08482059700009, 34.91806072500003], [108.99923442900007, 34.904602503000035], [108.94172631000004, 34.822261077000064], [108.79865757100004, 34.81659667500003], [108.78915973100004, 34.774132734000034], [108.68309845500005, 34.71268365800006], [108.45189098200007, 34.75160997000006], [108.43117587600005, 34.79362233000006], [108.34011295100004, 34.82379536600007], [108.26491649100006, 34.743421986000044], [108.30065443000007, 34.71937144100008], [108.32845876100004, 34.56450381600007], [108.38446635500009, 34.515583004000064], [108.37032888000005, 34.34980872800003], [108.19752580400007, 34.33150723600005], [108.15246058000008, 34.343999257000064], [108.08547269000007, 34.42917468500008], [108.01447591000004, 34.41853728900003], [108.04803201600004, 34.252171746000045], [107.99476710100004, 34.21651930100006], [107.88490468000003, 34.198475604000066], [107.80002007800005, 34.316242154000065], [107.73245092800005, 34.34392194700007], [107.65676078800004, 34.25792700900007]]]}}, {"type": "Feature", "properties": {"id": "河東", "name": "河東", "color": "#828ec9", "owner": "北都", "units": ["云", "代", "仪", "岚", "忻", "朔", "汾", "石", "蔚", "辽"], "label_lon": 112.691, "label_lat": 39.133}, "geometry": {"type": "Polygon", "coordinates": [[[111.77456296800005, 36.695920261000026], [111.62536984500008, 36.641853052000044], [111.52807807500005, 36.75650120000006], [111.45274864500004, 36.758486376000064], [111.36959064800004, 36.80883436100004], [111.36743726800006, 36.837313538000046], [111.51931658300003, 36.907231710000076], [111.38239395200009, 37.16395429000005], [111.32372712000006, 37.19013911700006], [111.30197942600006, 37.09444575400005], [111.22593738800003, 37.048119093000025], [110.88845922500008, 37.09625910700004], [110.83513159500006, 37.12548684200004], [110.84230266500003, 37.15678982400004], [110.79153058800006, 37.214350790000026], [110.71832498400005, 37.19745387300003], [110.62764008000005, 37.29996257600004], [110.39779472100008, 37.27484691300003], [110.32804534300004, 37.31673650700003], [110.25848837400008, 37.27932081000006], [110.24612346100008, 37.30945217500005], [110.30878955400004, 37.39425938800008], [110.14590799800004, 37.365843135000034], [110.11451067500008, 37.45923868600005], [110.07400508200004, 37.48003274400003], [110.09126493200006, 37.69580985500005], [110.20131459200007, 37.654319471000065], [110.28930062500007, 37.68438214400004], [110.36121181600004, 37.66720478600007], [110.40781952100008, 37.73456964600007], [110.47382588600004, 37.74911085900004], [110.29458466600005, 37.93805763300003], [110.17909989100008, 37.98297430800005], [110.07363588100009, 38.12327725600005], [110.02034435900003, 38.23006016900007], [110.06032053200005, 38.34264074300006], [110.30143507600008, 38.34384642400005], [110.35145134800007, 38.37414908100004], [110.41162790600004, 38.34664152200003], [110.45260933000009, 38.23591758100008], [110.51734965200006, 38.198362762000045], [110.53966748500005, 38.26210845600008], [110.68132984400006, 38.33806284600007], [110.73858270400007, 38.42358889700006], [110.81952784800006, 38.44148534000004], [110.90340436100007, 38.71379211800007], [110.85866755700005, 38.72752834700003], [110.76117712300004, 38.89200316800003], [110.71897184300008, 38.89286817400006], [110.35680677900007, 39.27818958800003], [110.49305037800008, 39.34207103400007], [110.66339471000003, 39.256446753000034], [110.71459243000004, 39.315438466000046], [110.72831533900006, 39.397618813000065], [110.97702043700008, 39.555256420000035], [111.12753852700007, 39.571772777000035], [111.07539696500004, 39.481976049000025], [111.13629821600006, 39.40196327600006], [111.23010079000005, 39.382713239000054], [111.32856951600007, 39.400145776000045], [111.36260426800004, 39.47341786100003], [111.39967942900006, 39.48529851500007], [111.43420820600005, 39.58002390100006], [111.37756293600006, 39.62358022500007], [111.91192713100008, 39.656771039000034], [112.07476171700011, 40.056332834000045], [112.14769600000011, 40.153397305000055], [112.2883235600001, 40.24622898400003], [112.1637240450001, 40.45298239400006], [112.03855417300008, 40.540340911000044], [112.1000537760001, 40.74092715900008], [112.15356189200008, 40.79252442100005], [112.14845979900008, 40.857047883000064], [112.10944660700011, 40.91835324400006], [112.01452046300005, 40.963068787000054], [111.99109030000005, 41.03203262400007], [111.85966179800005, 41.12321762300007], [111.81710311000006, 41.21628342900004], [111.91791616000006, 41.22343359900003], [111.93993639100006, 41.26144725000006], [112.14884133100009, 41.21412927600005], [112.26872957, 41.10987797700005], [112.3451641690001, 41.11264580500006], [112.32116444200005, 41.05343407700008], [112.35813367900005, 41.02382917400007], [112.57825337800011, 41.006501273000026], [112.60572819100003, 41.13174967900005], [112.70147526300002, 41.13715471900008], [112.68283806600004, 41.166499025000064], [112.81185846800008, 41.31467114900005], [112.81768188100011, 41.44504293400007], [112.73383585200008, 41.620472653000036], [112.77273231200002, 41.88388221800005], [112.92604399200002, 41.97942493600004], [113.08889594400011, 41.961383529000045], [113.15661691800005, 41.98718553600003], [113.4324064330001, 42.17409343800006], [113.55591582900001, 42.14255465000008], [113.6618467720001, 42.029590760000076], [113.69038361600008, 41.90501681300003], [113.79323745800002, 41.74379051400007], [113.9178730540001, 41.611661420000075], [114.00276415000008, 41.613914385000044], [114.09382198300011, 41.695768067000074], [114.16766460200006, 41.716855354000074], [114.22734624700001, 41.511787437000066], [114.1617128910001, 41.49546607100007], [114.17072558400002, 41.43113183100007], [114.26674371400009, 41.32671668200004], [114.24155336400008, 41.19723214800007], [114.33426103900001, 41.14420519300006], [114.31796752600007, 41.01729671900006], [114.38172148700005, 40.936575720000064], [114.31930969200005, 40.73240720500007], [114.3487249310001, 40.688311413000065], [114.55362655500005, 40.661785579000025], [114.78299666500004, 40.725811469000064], [114.74536158100011, 40.636230960000034], [114.77387091500009, 40.49640253100006], [114.68996904900007, 40.42866300900005], [114.67606703500007, 40.35820731900003], [114.75846117300011, 40.32969574300006], [114.79656493800007, 40.16745406800004], [114.988056088, 40.13233403400005], [114.97877703300003, 40.05482624900003], [115.041817766, 39.940377727000055], [115.01168630200004, 39.67728932600005], [115.0796114210001, 39.649261909000074], [115.02647472100011, 39.572074361000034], [115.0444561590001, 39.54277823500007], [114.9896779930001, 39.49820840800004], [115.01988945000005, 39.45825340500005], [115.01489584, 39.37416148300008], [114.9763186560001, 39.30680856500004], [114.85027631100002, 39.24406701400005], [114.83377785300002, 39.169240890000026], [114.870670012, 39.12038830500006], [114.8420166950001, 39.08720221900006], [114.59224140700007, 39.12539530200007], [114.45584426900007, 39.01147593400003], [114.25485316200002, 39.09147631700006], [114.15848603100005, 39.03880061600006], [114.00394873500011, 39.110603033000075], [113.77477344600004, 39.02133740800008], [113.7211741000001, 38.937707025000066], [113.75465929200004, 38.86012282400003], [113.81286437200004, 38.81907888200004], [113.80366543500008, 38.761868555000035], [113.53155773900005, 38.57514041300004], [113.51611421900009, 38.25841587600007], [113.57142917400006, 38.21047489600005], [113.66124740100008, 38.22006134600008], [113.7191524320001, 38.18259716700004], [113.70639063700003, 38.151081085000044], [113.79661915000008, 38.14201499200004], [113.78844802000003, 38.094965159000026], [113.51388962700003, 38.06361570300004], [113.42961844100012, 37.94001557900003], [113.31327015800002, 37.949080157000026], [113.3614945280001, 37.80328342700005], [113.42932233800002, 37.710842426000056], [113.51040512000009, 37.67461938400004], [113.76624592600001, 37.661606447000054], [113.84045842600005, 37.694153260000064], [113.92253586000004, 37.683120873000064], [113.96210015300005, 37.71870088600008], [114.08340071000009, 37.72015909000004], [114.1196935700001, 37.67685851300007], [114.07411651500001, 37.54994989900007], [113.93827661800003, 37.404894314000046], [113.94203101900007, 37.32444732700003], [113.85994147200006, 37.310485346000064], [113.74803679700005, 37.13908864200005], [113.72478936200002, 37.03452383800004], [113.75307092300011, 36.868765249000035], [113.69969085000002, 36.84434996700003], [113.6657097640001, 36.883952280000074], [113.5667891600001, 36.762456771000075], [113.49295481100012, 36.742429722000054], [113.40480785500006, 36.85409967900006], [113.31083257000012, 36.880330736000076], [113.28428304500005, 36.958751490000054], [113.24347054900011, 36.929748990000064], [113.1778066380001, 36.959799313000076], [113.08772567500012, 36.899544287000026], [112.97236746300007, 36.907584135000036], [112.86697641700005, 36.871505082000056], [112.83088613400002, 36.983835303000035], [112.755898204, 36.99986409600007], [112.65753583000003, 37.108274652000034], [112.45534808000002, 37.111644557000034], [112.49690370400003, 36.94279739500007], [112.40560476500002, 36.92262122400007], [112.27679672300007, 36.94255940900007], [112.13550443800011, 37.009732900000074], [112.05067972000006, 36.94957526700006], [112.06220684000004, 36.854635992000055], [111.95817311600007, 36.77235333300007], [111.99618347600006, 36.68044628100006], [111.77456296800005, 36.695920261000026]]]}}, {"type": "Feature", "properties": {"id": "平盧", "name": "平盧", "color": "#976b9d", "owner": "青密", "units": ["兖", "密", "曹", "沂", "海", "淄", "濮", "登", "莱", "郓", "青", "齐"], "label_lon": 118.681, "label_lat": 36.216}, "geometry": {"type": "MultiPolygon", "coordinates": [[[[120.22487675700006, 34.32295579000004], [120.31355884900006, 34.11328824200007], [120.13338443400005, 34.03712485400007], [120.1638119590001, 34.01214603500006], [120.13413841400006, 33.901062575000026], [120.09229151500006, 33.90221175500005], [120.0603748850001, 33.95359056800004], [119.98537120800006, 33.92966471400007], [119.94784945800006, 33.84005100400003], [119.83514136800011, 33.81026778200004], [119.7889329520001, 33.93199611800003], [119.68066023600011, 33.90169890900006], [119.61336584100002, 33.93307587100003], [119.62810641100009, 33.958019096000044], [119.579870002, 33.965551574000074], [119.544331897, 34.03043910100007], [119.42330930900005, 33.98216090000005], [119.35380189300008, 34.02830472900007], [119.23285747800003, 34.02957970700004], [119.15795489800007, 34.067023247000066], [119.05103692600005, 33.98387403100003], [119.01894185100002, 33.89036154200005], [118.86380830200005, 33.913506003000066], [118.78451295200011, 33.97716234000006], [118.58524578600009, 33.94881033100006], [118.53965969, 33.99022283100004], [118.53759631800006, 34.08472378500005], [118.5034206040001, 34.11928818900003], [118.28391313300006, 34.095656907000034], [118.18317501600006, 34.150884122000036], [118.03813811300006, 34.15006775200004], [117.9786163010001, 34.30909558900004], [118.02115409600003, 34.35460680400007], [118.15614747500001, 34.39871598000008], [118.11626534100003, 34.49626533600008], [118.14067515500005, 34.532934477000026], [118.06121288200006, 34.56326477400006], [118.0643079460001, 34.63484977000007], [117.90826782700003, 34.66859624400007], [117.79220330800001, 34.63269018600005], [117.77965034200008, 34.82969473500003], [117.68596292600012, 34.93302159900003], [117.74020423800005, 35.04116181400008], [117.66034671800003, 35.08049219500003], [117.6141424330001, 35.01722584100003], [117.43562793900003, 35.00422570300003], [117.18864056900009, 34.82579626000006], [117.14820633300008, 34.88711083900006], [116.971804, 34.95540437900007], [116.78234225000006, 35.16241237100007], [116.72445426000002, 35.31505761100004], [116.6334869530001, 35.23789636300006], [116.56963104300007, 35.29827723100004], [116.55591989900006, 35.13293293300006], [116.63531545700005, 35.03577493800003], [116.92495227200004, 34.84767144400007], [116.59182395800008, 34.91761678700004], [116.38231306800003, 34.83757280300006], [116.14235392700004, 34.93134289100004], [116.13645957300002, 34.89407910400007], [116.00876773300001, 34.921422892000066], [115.9914128040001, 34.83161731200005], [115.92178431700006, 34.81093613400003], [115.76562154500004, 34.84382816900006], [115.72426452500008, 34.90627686600004], [115.75786331600011, 34.964901644000065], [115.39477138400002, 35.004356114000075], [115.3248758200001, 35.071394274000056], [115.16647933200011, 35.051348037000025], [115.11774961700007, 34.978439012000024], [114.77504744400005, 35.00542797400004], [114.814011735, 35.07428399600008], [114.80652260900001, 35.16000213900003], [114.95146972900011, 35.24729861900005], [114.97661482400008, 35.34429018000003], [114.93561669000007, 35.383557385000074], [114.9528460140001, 35.413853507000056], [114.90808519000007, 35.62334130100004], [114.73468847600009, 35.66450723100007], [114.71870338000008, 35.76032261700004], [114.6284833420001, 35.86312681600003], [114.73479412000006, 36.115180311000074], [114.88145050600008, 36.13155705500003], [114.90384225300011, 36.06015879000006], [114.93665947600005, 36.03878540200003], [114.98071518900008, 36.06033442200004], [114.97123949400009, 35.81112050200005], [115.182632323, 35.79482838700005], [115.25400367400005, 35.75306738300003], [115.32121163500005, 35.79007282200007], [115.40653113100007, 35.635520015000054], [115.50189648900005, 35.72183676800006], [115.62344123800005, 35.72399870600003], [115.67661848400007, 35.79699169500003], [115.5538437130001, 35.89541448400007], [115.70136222800011, 35.96171681200008], [115.83907022100004, 35.96044069200008], [115.98800181000001, 36.06403498900005], [115.99413798300009, 36.14415560500004], [116.06165334100001, 36.103241757000035], [116.04443962800008, 36.26135772400005], [116.10094934100005, 36.36019202800003], [116.28491880900003, 36.40398358400006], [116.3848824580001, 36.52214256700006], [116.37122192400011, 36.78769154200006], [116.43101170000011, 36.97112838600003], [116.6668793880001, 37.18112015600008], [116.69208283700004, 37.03109498500004], [116.79323862600006, 36.97883479600006], [116.90578263500004, 37.01106101100004], [116.91276149400005, 37.07207456000003], [116.95655364700008, 37.09767909900006], [117.15260185000011, 37.12474869000005], [117.20971015900011, 37.20322665800006], [117.32327968400011, 37.21840856500006], [117.37858308500006, 37.275303276000045], [117.40408035000007, 37.28104224300006], [117.43528129800006, 37.10129469200007], [117.53681709900002, 37.14062960000007], [117.60398154100005, 37.25990596300005], [117.72897818900003, 37.23734470900007], [117.96748325600004, 37.299388176000036], [118.04064238, 37.22151023200007], [118.06510535300004, 37.244969903000026], [118.0427869990001, 37.336295860000064], [118.20416014800003, 37.40913109300004], [118.3028219680001, 37.340269560000024], [118.41430889800006, 37.416806129000065], [118.5698614800001, 37.43888841300003], [118.82840922700007, 37.41427588800008], [118.75700341800007, 37.403150260000075], [118.79644023700007, 37.33479783800004], [118.87034616200003, 37.32546687000007], [118.88875274000009, 37.26927672900007], [118.96819170300012, 37.257714312000076], [118.9792172650001, 37.18847469900004], [119.08528794600011, 37.165144216000044], [119.11716216100001, 37.102716661000045], [119.68097750000004, 37.10374361700008], [119.74439746700011, 37.11628985600004], [119.88033979400007, 37.262421424000024], [119.87024183300002, 37.313685218000046], [119.81735114700007, 37.34101637200007], [119.91284711300011, 37.402575127000034], [120.09133505800003, 37.450657928000055], [120.26537510800006, 37.57195720000004], [120.27630920900003, 37.64784022300006], [120.19279623700004, 37.675841631000026], [120.35706995300006, 37.68949475000005], [120.41901122600007, 37.73978257700003], [120.55497294100007, 37.75176922700007], [120.71938879800007, 37.825469663000035], [120.9105142620001, 37.807417024000074], [120.90910274300006, 37.77140524500004], [121.001809051, 37.699729657000034], [121.11769333200004, 37.69380099600005], [121.10853280600008, 37.61145543200007], [121.14787873400007, 37.572960644000034], [121.25310957900001, 37.559649973000035], [121.25902600400002, 37.526629177000075], [121.33381729300004, 37.58085814400005], [121.31796238900006, 37.61833458700005], [121.41085130200008, 37.584254789000056], [121.34277052700008, 37.561122761000036], [121.42370343700009, 37.50996563800004], [121.43084390500007, 37.461462260000076], [121.51831131800009, 37.42413529700008], [121.60905981400003, 37.465988776000074], [121.5646255580001, 37.42736290800008], [121.6566993780001, 37.42207315500008], [121.63250272700009, 37.44948593500004], [121.65843745000006, 37.44993754700005], [121.73378430000002, 37.41079868300005], [121.73013900400008, 37.441852072000074], [121.90885586800005, 37.44953648300003], [121.91971007300003, 37.40426162800003], [121.957805086, 37.41531222700007], [121.94644971800005, 37.45702329400007], [122.03403154500006, 37.56127616900005], [122.11776639300001, 37.531097887000044], [122.11074419200008, 37.46209881000004], [122.14432486100009, 37.42015797600004], [122.20506466100005, 37.448070931000075], [122.26108918800003, 37.39951308500008], [122.45092432500007, 37.402701345000025], [122.43475493800008, 37.36712113700003], [122.50080206300004, 37.36092995900003], [122.47042834700005, 37.38458981700006], [122.6582987590001, 37.40484642600006], [122.67807154500008, 37.36676369800006], [122.65684953400012, 37.35159183800005], [122.62510367000004, 37.36637310400005], [122.5310378260001, 37.329131360000076], [122.57058704000008, 37.311825345000045], [122.5473596270001, 37.298638408000045], [122.51550640200003, 37.305255755000076], [122.51923373600005, 37.24700497200007], [122.58783192400006, 37.17627356000003], [122.51986092400011, 37.169130205000044], [122.541379333, 37.12728857500008], [122.48882325900001, 37.135865297000066], [122.44281416900003, 37.10400357200007], [122.42880138400005, 37.13426782800008], [122.42339873800006, 37.03977988200006], [122.34039165000002, 37.01769034400007], [122.37006163900003, 36.99772965500006], [122.35687548300007, 36.96549232800004], [122.415534481, 37.00432973100004], [122.53780481700005, 37.015427386000056], [122.47484236500009, 36.92728062800006], [122.50205606700001, 36.89214108600004], [122.451508654, 36.87519286000003], [122.44905491500003, 36.90437871900008], [122.3702707760001, 36.916291658000034], [122.41069407500004, 36.84556071700007], [122.31723744700002, 36.84525702700006], [122.30483860000004, 36.81022916000006], [122.14394541600007, 36.81877941100004], [122.15215537200004, 36.88042737200004], [122.22396121100007, 36.87652745300005], [122.13196677700012, 36.91664633200003], [122.1515019200001, 36.983587173000046], [122.1789043010001, 36.97926552900003], [122.18171207800003, 37.02060951500005], [122.14717395500008, 37.03191639200003], [122.10193954800002, 36.926629235000064], [122.07134597900006, 36.948412967000024], [122.07003417900012, 36.89336506700005], [121.99287373400011, 36.885004930000036], [122.00286917000005, 36.94378230700005], [121.90509154500012, 36.99328673400004], [121.86493047800002, 36.93540699000005], [121.92375122300007, 36.914755642000046], [121.78931848000002, 36.90598780300007], [121.7196646320001, 36.829001006000055], [121.59546774400008, 36.78479267800003], [121.63020387300003, 36.82332630800005], [121.59255860000007, 36.813065635000044], [121.59958256000004, 36.716641147000075], [121.46245744500004, 36.75118203100004], [121.56940438800007, 36.82232207100003], [121.48060630100008, 36.78847131300006], [121.43709541800001, 36.83470502000006], [121.434712611, 36.74453793500004], [121.35856695400003, 36.724891478000075], [121.350948001, 36.695720083000026], [121.1510586070001, 36.65577815900008], [121.14533181400009, 36.68155859900003], [121.02314714400006, 36.587893155000074], [120.99949029800007, 36.635931398000025], [120.996454792, 36.57114712600003], [120.92934358200012, 36.573087878000024], [120.90341267000008, 36.59599678200004], [120.93189835200008, 36.609006358000045], [120.85990034100007, 36.64382309300004], [120.7566703760001, 36.61069388100003], [120.72921593400008, 36.53525822700004], [120.83932041800006, 36.585901328000034], [120.85308474800001, 36.541423191000035], [120.94609085600007, 36.53376890200008], [120.94221204900009, 36.50518518900003], [120.91413396100006, 36.47770132900007], [120.92740630300011, 36.43866637200006], [120.85665470900005, 36.44720364600005], [120.88407561500003, 36.40972375800004], [120.86178608600005, 36.36459558700005], [120.82537008800011, 36.36938634200004], [120.7775626450001, 36.46269792700008], [120.66453245500009, 36.43211897600003], [120.67937267600007, 36.31624156700008], [120.62519876100009, 36.31789764000007], [120.66584967200004, 36.11685680000005], [120.56706774400004, 36.085077900000044], [120.54323404700006, 36.105947368000045], [120.40671725300001, 36.04907110400006], [120.2458853490001, 36.04450736900003], [120.33346888800008, 36.14420480900003], [120.32342339200011, 36.23797706500005], [120.25299289700001, 36.26602092600007], [120.2374414520001, 36.206747404000055], [120.26927658900001, 36.18441746800005], [120.21739563500012, 36.16677625500006], [120.18067946700012, 36.21473636300004], [120.07753844800004, 36.20277642900004], [120.05951942400009, 36.11299199100006], [120.15883049800004, 36.03047776300008], [120.19386179600008, 36.034098407000045], [120.15020081400007, 36.01669796400006], [120.15944825100007, 35.979880270000024], [120.27733282000008, 36.00143744400003], [120.25198795400001, 35.95556646700004], [120.1474455010001, 35.88331270900005], [120.13665296200008, 35.90761874800006], [120.18372030500007, 35.94370713600006], [119.96670788000006, 35.85378488900005], [120.00487728300004, 35.82742181900005], [120.00353469800007, 35.77878687800006], [119.95917696200002, 35.71626136300006], [119.91075199400007, 35.75240859400003], [119.87074079900003, 35.73465483000007], [119.91266442200003, 35.70172325800007], [119.86455443200009, 35.67375099100008], [119.89207346, 35.635576757000024], [119.80201679400011, 35.62065718200006], [119.7978405980001, 35.66248617200006], [119.73114685400003, 35.583509341000024], [119.70392253300008, 35.634246361000066], [119.65300507000006, 35.591070917000025], [119.60097607700004, 35.59668218300004], [119.60727120500007, 35.513204306000034], [119.52861079800005, 35.35740537800007], [119.49947850400008, 35.38207239600007], [119.49115199900007, 35.33936397100007], [119.39340767500005, 35.30307871100007], [119.35482843900002, 35.25440552600003], [119.34854406700003, 35.10777141600005], [119.28313508600002, 35.08264477700004], [119.19103175100008, 35.104294769000035], [119.22304762600004, 35.074260636000076], [119.14742037000008, 34.83141998200006], [119.19657557300002, 34.77552342100006], [119.301271541, 34.73660988200004], [119.36252382900011, 34.75749687100006], [119.47492232400009, 34.71958282300005], [119.44871155200008, 34.67815395000002], [119.47444994200009, 34.62572571900006], [119.6325512310001, 34.56443681700006], [119.56646164200004, 34.50070376300005], [119.50678470300011, 34.49244772600008], [119.58760591500004, 34.46843750000005], [119.66755370200008, 34.53474598500003], [119.72173527200005, 34.52437640800008], [119.77830592500004, 34.47676887700004], [119.99171472600005, 34.42885396100007], [120.22487675700006, 34.32295579000004]]], [[[123.13698408300002, 39.10460487300003], [123.17382286600002, 39.05935706200006], [123.12442266500011, 39.03062897900003], [123.09972941, 39.08374778000007], [123.13698408300002, 39.10460487300003]]], [[[122.34647795600006, 39.21133856300003], [122.36247317000004, 39.16182697700003], [122.26329191200011, 39.150076299000034], [122.28897757000004, 39.183051738000074], [122.34647795600006, 39.21133856300003]]], [[[122.58051010500003, 39.220686484000055], [122.71061874700001, 39.22036129600008], [122.66339087400002, 39.19142418100006], [122.58051010500003, 39.220686484000055]]], [[[122.61744209800008, 39.26978035500008], [122.53365634800002, 39.25126836100003], [122.46385002500006, 39.28936429700008], [122.48296806700012, 39.29575281900003], [122.61744209800008, 39.26978035500008]]], [[[122.1092264340001, 39.23147619700006], [122.0818587220001, 39.179612388000066], [122.03522017900002, 39.17378746600008], [122.11044058700008, 39.13907601400007], [122.0309918580001, 39.09996980900007], [122.00012819800008, 39.11807491900004], [122.01633045200003, 39.05964907300006], [121.92325525800004, 39.03255246400005], [121.86224353400007, 39.05777842200007], [121.88009103500008, 39.01732866000003], [121.80221129600011, 39.04218386300005], [121.85615360400004, 38.970568650000075], [121.84091769400004, 38.94928571300005], [121.68549080700006, 39.04862620700004], [121.66673559000003, 39.03576166400006], [121.70918924500006, 38.99865911200004], [121.63417057600009, 39.01864931700004], [121.58725184900004, 39.00184800300008], [121.62631499000008, 38.97410947100008], [121.55691730900003, 38.95107985100003], [121.66579021200005, 38.90924952200004], [121.6692448120001, 38.868259771000055], [121.55487992700012, 38.88072995400006], [121.47876339600009, 38.811234755000044], [121.1978377690001, 38.79667168000003], [121.17653090500005, 38.77311664500007], [121.21119816700002, 38.77297649500008], [121.16230224500009, 38.723679074000074], [121.08951583200007, 38.71607884100007], [121.09406276000004, 38.87473905000007], [121.03841105900005, 38.904555910000056], [121.31535390600004, 38.98038177900003], [121.26482808000003, 39.012582518000045], [121.34694554000009, 39.049166426000056], [121.37783976300011, 39.01404908100005], [121.459371927, 39.013554802000044], [121.62029123700006, 39.07047602800003], [121.64727930800007, 39.11429258800007], [121.59288782700003, 39.176791722000075], [121.5610652150001, 39.16501419400004], [121.55898723700011, 39.20769250400008], [121.60010145500007, 39.23314787400005], [121.54634846500005, 39.252163892000056], [121.69723807200012, 39.294515310000065], [121.72386489300004, 39.359162842000046], [121.81160749900005, 39.35704853300007], [121.92144838000002, 39.404518746000065], [121.79567972300003, 39.37922344200007], [121.66457228900003, 39.405833431000076], [121.63124684800005, 39.360736548000034], [121.4969414850001, 39.357601603000035], [121.44756565000012, 39.39067206900006], [121.40680304000011, 39.49082146000006], [121.47468101700008, 39.50868082300008], [121.52669609400004, 39.59837994700007], [121.49949972700006, 39.67573174700004], [121.42849195100007, 39.72777637100006], [121.4304127050001, 39.79815937300003], [121.4964557720001, 39.86684120800004], [121.57332988500002, 39.86946207500006], [121.65886133400011, 39.921062118000066], [121.73443980200011, 39.914654417000065], [121.83374830800005, 39.99937856400004], [121.78654806100008, 40.00884884300007], [121.79824118500005, 40.029573130000074], [121.86309351500006, 40.047549262000075], [121.9098165580001, 40.11322393900008], [121.97434069000008, 40.034767688000045], [122.21153272300012, 39.992594462000056], [122.23051733500006, 39.940870682000025], [122.32110099600004, 39.94817630500006], [122.47857573700003, 39.90516011900007], [122.45291633500005, 39.771399262000045], [122.54225803000008, 39.714480612000045], [122.57784057700007, 39.65108204300003], [122.53291389600008, 39.60458170000004], [122.53929699700006, 39.56935535100007], [122.46449861500002, 39.54644141700004], [122.52088443100001, 39.45231517500008], [122.44311277300005, 39.41233295700005], [122.34711102400001, 39.42376337300004], [122.23948801200004, 39.32392851900005], [122.1972856320001, 39.32408426400008], [122.20310741300011, 39.26926449600006], [122.1092264340001, 39.23147619700006]]]]}}, {"type": "Feature", "properties": {"id": "成德", "name": "成德", "color": "#734c0d", "owner": "成德", "units": ["冀", "定", "德", "恒", "易", "棣", "深", "赵"], "label_lon": 115.701, "label_lat": 38.09}, "geometry": {"type": "Polygon", "coordinates": [[[116.91276149400005, 37.07207456000003], [116.90578263500004, 37.01106101100004], [116.75120273700009, 36.988842333000036], [116.69208283700004, 37.03109498500004], [116.6668793880001, 37.18112015600008], [116.41802746100007, 36.94119988400007], [116.26022421500011, 36.989659767000035], [116.16815716300005, 37.12483185600007], [116.10692215100005, 37.15362215600004], [115.906382656, 37.047347493000075], [115.84243866200006, 37.08084909200005], [115.84260295400009, 37.12606189200005], [115.94441485200002, 37.30728934100006], [116.05597065300003, 37.35735153100006], [116.19486998100001, 37.35948850500006], [116.22544342800006, 37.394475742000054], [116.11244686300006, 37.50716847800004], [115.94149894200007, 37.476628385000026], [115.84872487500002, 37.50763425800005], [115.83604811200007, 37.55594267400005], [115.89589485400006, 37.61099931900003], [115.78766572900008, 37.62593894100007], [115.62076898500004, 37.56771195400006], [115.6491200700001, 37.518061947000035], [115.55988240600004, 37.395047153000064], [115.5695130360001, 37.334503631000075], [115.50766980800006, 37.31933816800006], [115.37949171700006, 37.407362325000065], [115.28070772, 37.364394418000074], [115.00877188100003, 37.383171584000024], [114.91313868500004, 37.24176291300006], [114.84965833700005, 37.224662238000064], [114.7574373440001, 37.24927213700005], [114.47019903500006, 37.135645848000024], [114.34166932500011, 37.235273595000024], [114.08091763800007, 37.30540012300003], [113.93555061000006, 37.38179439000004], [114.11431097600007, 37.63019037300006], [114.1196935700001, 37.67685851300007], [114.08340071000009, 37.72015909000004], [113.96210015300005, 37.71870088600008], [113.92253586000004, 37.683120873000064], [113.84045842600005, 37.694153260000064], [113.76624592600001, 37.661606447000054], [113.47546536700008, 37.68073997600004], [113.3614945280001, 37.80328342700005], [113.31327015800002, 37.949080157000026], [113.42961844100012, 37.94001557900003], [113.51388962700003, 38.06361570300004], [113.78844802000003, 38.094965159000026], [113.79661915000008, 38.14201499200004], [113.70639063700003, 38.151081085000044], [113.7191524320001, 38.18259716700004], [113.66124740100008, 38.22006134600008], [113.57142917400006, 38.21047489600005], [113.51611421900009, 38.25841587600007], [113.50389709, 38.344323031000044], [113.53155773900005, 38.57514041300004], [113.80366543500008, 38.761868555000035], [113.81286437200004, 38.81907888200004], [113.75465929200004, 38.86012282400003], [113.7211741000001, 38.937707025000066], [113.7516797610001, 39.000642663000065], [114.00394873500011, 39.110603033000075], [114.15848603100005, 39.03880061600006], [114.25485316200002, 39.09147631700006], [114.45584426900007, 39.01147593400003], [114.59224140700007, 39.12539530200007], [114.8420166950001, 39.08720221900006], [114.870670012, 39.12038830500006], [114.83377785300002, 39.169240890000026], [114.85027631100002, 39.24406701400005], [114.9763186560001, 39.30680856500004], [115.01489584, 39.37416148300008], [115.01988945000005, 39.45825340500005], [114.9896779930001, 39.49820840800004], [115.0444561590001, 39.54277823500007], [115.02647472100011, 39.572074361000034], [115.0796114210001, 39.649261909000074], [115.28531208000004, 39.74043549100003], [115.42297197900007, 39.93760108200007], [115.54583318900006, 39.792590215000075], [115.55056482100008, 39.77296406200003], [115.41662359200006, 39.77673436300006], [115.50853675100007, 39.59137047100006], [115.61022529400009, 39.588658329000054], [115.72874548000004, 39.47912301400004], [115.8911871150001, 39.55619170600005], [116.01168703200005, 39.534761005000064], [116.1722421400001, 39.57885401100003], [116.21958756700008, 39.49314802500004], [116.10444138100002, 39.43171736200003], [116.0868927030001, 39.36666323500003], [116.11840322, 39.32176525400007], [115.77788561900002, 39.368133940000064], [115.74060079100002, 39.324746994000066], [115.91190595, 39.20720139100007], [115.95122625700003, 39.08452835200006], [115.83234579200007, 39.109774308000055], [115.75682681100011, 39.08682986700006], [115.75570663100007, 38.88196157200008], [115.453169064, 38.93889464500006], [115.3899043780001, 38.911827336000044], [115.39815544600003, 38.79463718400007], [115.2662573880001, 38.74582070400004], [115.24420370100006, 38.671328188000075], [115.32088542400004, 38.541425212000036], [115.49984316400003, 38.55766821000003], [115.59829703500009, 38.31338800700007], [115.70157102100006, 38.35090938900004], [115.72284851500001, 38.454248611000025], [115.81203280500006, 38.52271631900004], [115.91482111800008, 38.51800391200004], [115.92662711000003, 38.47346089500007], [115.99489029800009, 38.43158389700005], [115.97697116200004, 38.33082962800006], [116.00857041400002, 38.31850019800004], [116.099653396, 38.30690554000006], [116.20130966200009, 38.375774024000066], [116.41391539100005, 38.320620131000055], [116.45893167600002, 38.210170780000055], [116.36870061500008, 38.17475097600004], [116.2873212510001, 38.18230986900005], [116.25915666900005, 38.127114205000055], [116.10710660500001, 38.07680172500005], [116.06786075000002, 38.035135172000025], [116.10964884700002, 37.910097843000074], [116.07271182300008, 37.859074786000065], [116.0789433870001, 37.770070943000064], [116.19458308900005, 37.76887667500006], [116.27939172200001, 37.85099373400004], [116.3723694030001, 37.802379503000054], [116.41353283600006, 37.81807987600007], [116.2793958950001, 37.57529370200007], [116.3471906850001, 37.56802226600007], [116.37943679200009, 37.48620665000004], [116.45183147000012, 37.522476512000026], [116.56736866100005, 37.505210926000075], [116.67095151400008, 37.55795398600003], [116.78425504400002, 37.52287391800007], [116.84880489900002, 37.59445559000005], [116.91630531100009, 37.563542588000075], [116.95933481300005, 37.57866010500004], [116.99471542100002, 37.63325892200004], [116.940101217, 37.82044095200007], [117.00989489800008, 37.82924444200006], [117.01546786100005, 37.933754529000055], [117.16510370600008, 37.93271027600008], [117.15278889700005, 38.082173855000065], [117.34680350400004, 38.10544898100005], [117.31254736000005, 38.15419183000006], [117.3967889810001, 38.20866188800005], [117.6026772570001, 38.26531999700006], [117.6925345620001, 38.23225374800006], [117.68302860500012, 38.19927544900003], [117.77264248900008, 38.23298450100003], [117.76234611100006, 38.18762945700007], [117.8373537110001, 38.19239207500004], [117.83339505300012, 38.13947398800008], [117.88651152900002, 38.12653514900006], [117.8393213280001, 38.10311291900007], [117.95157556200002, 38.10297365100007], [117.86491337100006, 38.07463340100003], [117.997911154, 38.069661014000076], [118.01786752100008, 38.00904452800006], [117.92567921400007, 37.98377329900006], [117.997970043, 37.97507285100005], [118.00542397900006, 37.943111585000054], [117.9622847390001, 37.91229762000006], [117.96482760800006, 37.86621284700004], [117.89577055200004, 37.82246973400004], [117.95126189200005, 37.81205781800003], [118.02834033300007, 37.93637201200005], [118.10219495600006, 37.94373588900004], [118.12962963100006, 38.063727088000064], [118.18356576600002, 38.08304258000004], [118.22553227100002, 38.05440708100008], [118.25293063900006, 38.07487706200004], [118.2269319720001, 38.02851605800004], [118.25799181900004, 38.01371516800003], [118.32431632700002, 38.072770422000076], [118.44291278800006, 38.08803853300003], [118.49833337900009, 37.96385647000005], [118.57640763500001, 38.03197794100004], [118.62304917800009, 38.02634348700008], [118.65130190800005, 38.10206350000004], [118.7017071460001, 38.08714981300005], [118.74954131800007, 38.12465638900005], [118.71386177400007, 38.04671827400006], [118.86329322400002, 38.05152160500006], [118.75571390400012, 38.00799078400007], [118.78715904900002, 37.93926909600003], [118.83284097300009, 38.01113481900006], [118.87546833400006, 38.02278977900005], [118.87994056700006, 37.94587908800003], [118.96343434300002, 37.94311808100008], [118.97100778000004, 37.89484261700005], [118.93185046500002, 37.83972477800006], [118.88933598300002, 37.83889718100005], [118.90463882400002, 37.78562044800003], [119.02117754300002, 37.75359804900006], [119.02350317700007, 37.721892593000064], [118.96840895900004, 37.69218675700006], [118.90388008200011, 37.58736290600007], [118.91118074200006, 37.54722546600004], [118.8599402000001, 37.51903624000005], [118.887882321, 37.50638638000004], [118.87464766200003, 37.41802546800005], [118.47470031500006, 37.43471505500003], [118.3028219680001, 37.340269560000024], [118.20416014800003, 37.40913109300004], [118.0427869990001, 37.336295860000064], [118.06510535300004, 37.244969903000026], [118.04064238, 37.22151023200007], [117.96748325600004, 37.299388176000036], [117.72897818900003, 37.23734470900007], [117.60398154100005, 37.25990596300005], [117.53681709900002, 37.14062960000007], [117.43528129800006, 37.10129469200007], [117.40408035000007, 37.28104224300006], [117.32327968400011, 37.21840856500006], [117.20971015900011, 37.20322665800006], [117.15260185000011, 37.12474869000005], [116.91276149400005, 37.07207456000003]]]}}, {"type": "Feature", "properties": {"id": "橫海", "name": "橫海", "color": "#955640", "owner": "橫海", "units": ["景", "沧"], "label_lon": 116.949, "label_lat": 38.422}, "geometry": {"type": "Polygon", "coordinates": [[[116.37943679200009, 37.48620665000004], [116.3471906850001, 37.56802226600007], [116.2793958950001, 37.57529370200007], [116.41353283600006, 37.81807987600007], [116.3723694030001, 37.802379503000054], [116.27939172200001, 37.85099373400004], [116.19458308900005, 37.76887667500006], [116.0789433870001, 37.770070943000064], [116.07271182300008, 37.859074786000065], [116.10964884700002, 37.910097843000074], [116.06786075000002, 38.035135172000025], [116.10710660500001, 38.07680172500005], [116.25915666900005, 38.127114205000055], [116.2873212510001, 38.18230986900005], [116.36870061500008, 38.17475097600004], [116.45893167600002, 38.210170780000055], [116.41391539100005, 38.320620131000055], [116.56247111300002, 38.41579993800008], [116.56498658100008, 38.473229471000025], [116.43134857300004, 38.50695451000007], [116.33948381900007, 38.64217417300006], [116.39111691300002, 38.69461613400006], [116.40030284300008, 38.75690292100006], [116.53838738200011, 38.746085417000074], [116.67524193600002, 38.82643461300006], [116.6585244040001, 38.953372443000035], [116.68010175300003, 38.99237902500005], [116.90830200900007, 39.053730947000076], [116.90280923800003, 39.120191344000034], [117.04832763600007, 39.28365723500008], [117.15398705300004, 39.288354671000036], [117.19977885700007, 39.325790582000025], [117.31621946100006, 39.319562864000034], [117.34311396500004, 39.197957845000076], [117.53865320200009, 39.14953574900005], [117.68633912700011, 39.18355209400005], [117.74904498400008, 39.28668967300007], [117.83326238100005, 39.23583438800006], [118.02079576500012, 39.26071182600003], [118.00980349400004, 39.21134915500005], [117.82226670900002, 39.17157109400006], [117.69975866900006, 39.09459143500004], [117.73968769300006, 38.97526025600007], [117.6976317430001, 38.97308644900005], [117.54156008500001, 38.76273802600008], [117.55436242700011, 38.721513050000056], [117.50860482500002, 38.60150777500007], [117.76394966600003, 38.29021405200007], [117.6937358350001, 38.27433334600005], [117.6925345620001, 38.23225374800006], [117.6026772570001, 38.26531999700006], [117.44617586600009, 38.22965201100004], [117.31254736000005, 38.15419183000006], [117.34680350400004, 38.10544898100005], [117.15278889700005, 38.082173855000065], [117.16510370600008, 37.93271027600008], [117.01546786100005, 37.933754529000055], [117.00989489800008, 37.82924444200006], [116.940101217, 37.82044095200007], [116.99471542100002, 37.63325892200004], [116.95933481300005, 37.57866010500004], [116.91630531100009, 37.563542588000075], [116.84880489900002, 37.59445559000005], [116.78425504400002, 37.52287391800007], [116.67095151400008, 37.55795398600003], [116.56736866100005, 37.505210926000075], [116.45183147000012, 37.522476512000026], [116.37943679200009, 37.48620665000004]]]}}, {"type": "Feature", "properties": {"id": "隴右", "name": "隴右", "color": "#46a49a", "owner": "隴右", "units": ["临", "兰", "叠", "宕", "岷", "廓", "武", "河", "洮", "渭", "鄯"], "label_lon": 102.605, "label_lat": 35.529}, "geometry": {"type": "Polygon", "coordinates": [[[100.79974341700006, 33.92505223400008], [100.86275050900008, 33.89741973200006], [100.91745907500007, 34.020768829000076], [100.82937894800006, 34.16079175500005], [100.84065610000005, 34.340473716000076], [101.01696598100006, 34.36673383500005], [100.88306861000007, 34.712516350000044], [100.75235089000006, 34.66242196500008], [100.66856912600008, 34.67795140000004], [100.49707250200004, 34.80504110700008], [100.37397570700006, 34.82049636000005], [100.31675448900006, 34.87209551400008], [100.18752814600003, 34.82390441200005], [99.97377536900007, 34.81453254100006], [99.81049679000006, 34.853039085000034], [99.48545410500009, 34.97501942500003], [99.38270056400006, 35.11982372500006], [99.19595609200007, 35.27109427100004], [99.30026516600009, 35.49224719800003], [99.25276568200007, 35.655315941000026], [99.27672013000006, 35.71781381400007], [99.14507315500003, 35.81390464700007], [99.11834828400004, 35.92073622700008], [99.00937169000008, 36.097806355000046], [99.00693379000006, 36.15066132000004], [99.08429299600004, 36.293545976000075], [99.01808671800006, 36.39743666700008], [99.26716369900004, 36.520560904000035], [99.26074939800009, 36.63500267400008], [99.33188152500009, 36.763064420000035], [99.26746372100007, 36.909991381000054], [99.27784903900005, 37.081865995000044], [99.47304722200005, 37.04467065000006], [99.48928923500006, 37.07954637700004], [99.45031392200008, 37.13876187400007], [99.56381414500004, 37.11160834300006], [99.84963451900006, 36.94453274600005], [99.83649500300004, 37.01236142700003], [99.75739769900008, 37.09790617400006], [99.79766310300005, 37.164440228000046], [100.01579204500007, 37.21401625100003], [100.11874127400006, 37.18002591800007], [100.22640567200006, 37.18825207500004], [100.26069831200005, 37.22487693800008], [100.40340217200009, 37.07815786100008], [100.48269037100005, 37.19644344500006], [100.64009947300008, 37.26900164500006], [100.61101353500004, 37.520431072000065], [100.63540597700006, 37.58395180600007], [100.74599657700008, 37.56470639100007], [100.80233762200004, 37.63363943500008], [100.84267264700009, 37.46998217000004], [100.90485998200006, 37.48604873800008], [101.02730780900004, 37.59185562000005], [101.10368542100008, 37.581370066000034], [101.16930557900008, 37.61579745500006], [101.08726123100007, 37.75863140400003], [101.20463577700008, 37.88487564600007], [101.74965913000005, 37.58034452900006], [101.79069864500008, 37.51103872600004], [101.86731675300007, 37.51765585700008], [101.83801140400004, 37.575287683000056], [101.91492613200006, 37.741676641000026], [101.95137117100006, 37.75814163500007], [101.97511496700008, 37.69817538500007], [102.05553220700006, 37.65999432600006], [102.07965355200008, 37.606261231000076], [102.07906477100005, 37.52367750700006], [102.03309563100004, 37.45606273000004], [102.26437774100003, 37.37069680900004], [102.49027633200006, 37.24116413400003], [102.57576795200004, 37.154720491000035], [102.59492224600007, 37.12299462500005], [102.49592926600008, 37.070250259000034], [102.49859434400008, 36.96260931900008], [102.67693421900003, 36.84663055000004], [102.69861265400004, 36.78627870400004], [102.59785485700007, 36.67886455100006], [102.72783621500008, 36.56312888300005], [102.75686545800005, 36.44508367700007], [102.81245878300007, 36.51415690300007], [102.76313576700005, 36.65796580400007], [102.79228620900005, 36.67855003000005], [102.87658585900004, 36.62146295400004], [102.82286561700005, 36.717035199000065], [102.86877864900003, 36.83846069200007], [102.96837069600008, 36.82162836400005], [102.96316674700006, 36.88243077300007], [103.08534055500007, 36.945878563000065], [103.21149094000003, 36.925008760000026], [103.17047941300007, 37.01005567100003], [103.21029136000004, 37.01569905900004], [103.26956895400008, 36.94302846000005], [103.35807736800007, 36.91873111800004], [103.41414570400008, 36.82255250000003], [103.48032328200009, 36.86496673900007], [103.60813714700004, 36.85270056000007], [103.58029224900008, 37.03597279400003], [103.70870124000004, 37.23914454700008], [103.78750033000006, 37.26472521900007], [103.75776785900007, 37.38317594000006], [103.79534093500007, 37.57732700200006], [103.83290137600005, 37.62335292300003], [104.10460565100004, 37.442041983000024], [104.22674759700004, 37.41920747100005], [104.28941996900005, 37.483226639000065], [104.39040356900006, 37.45595523900005], [104.44721585800005, 37.50803522600006], [104.62141759400004, 37.55648531800006], [104.89351947000006, 37.52487195700007], [105.41659556000008, 37.72333150000003], [105.53886588100005, 37.68849040200007], [105.61936835700004, 37.70366168400005], [105.64497356100009, 37.677238370000055], [105.90546753700005, 37.704118496000035], [105.93710229900006, 37.777557767000076], [105.97406585500005, 37.77866288400003], [106.01519972600005, 37.55812946800006], [106.07862672100003, 37.54879335100003], [105.96719180100007, 37.388004530000046], [105.95594250000005, 37.29818909100004], [105.82882596000007, 37.321742080000035], [105.80030028400006, 37.30462281400003], [105.79446348200008, 37.211168334000035], [105.69363960600003, 37.15781958300005], [105.53618782900008, 37.22758082200005], [105.50035236100007, 37.13110114600005], [105.36624411800005, 37.101015019000045], [105.30023487300008, 37.01288215000005], [105.35895354600007, 36.95622847200008], [105.55882260000004, 36.92780516700003], [105.67106535800008, 36.95203477900003], [105.74768849400004, 36.89945163400006], [105.86368643600008, 36.94872640600005], [105.94358403300004, 36.89879470200003], [106.09118853300004, 36.70348129200005], [106.15166333200006, 36.55828685800003], [106.04345971500004, 36.54527712300006], [106.04083319800009, 36.375347592000026], [105.96107723900008, 36.287026498000046], [106.00660542300005, 36.19381396500006], [105.70604178200006, 36.15399890200007], [105.58410951700006, 36.21902920700006], [105.49739080200004, 36.19824691200006], [105.49301175600004, 36.07371143000006], [105.35776039800004, 35.99202217900006], [105.32349512300004, 35.902950486000066], [105.33313138200003, 35.859401148000074], [105.38359271000007, 35.83380076200007], [105.37758462500005, 35.77869734600006], [105.51567503100006, 35.73219341500004], [105.48205815400007, 35.66615478400007], [105.49029689500009, 35.56588682800003], [105.25502415600005, 35.443516282000076], [105.20941044300008, 35.455387261000055], [105.10046281100006, 35.40875785900005], [104.99608428400006, 35.429050604000054], [104.91540326700004, 35.28998827300006], [104.86693643000007, 35.28107737600004], [104.89117412200005, 35.24749415000008], [104.83352379900003, 35.17794543600007], [104.86878389200007, 35.12573323100003], [104.84365175000005, 35.102002724000045], [104.87664060300006, 34.950290030000076], [105.05685037400008, 34.93910565200008], [105.04771930500004, 34.89204472600005], [105.11228370300006, 34.80711774300005], [105.16597678600004, 34.55376741500004], [105.29965134800005, 34.514902767000024], [105.36673800600005, 34.44223571900005], [105.58456575300005, 34.335560179000026], [105.55307391800005, 34.25503969400006], [105.55731609500003, 34.10694149300008], [105.59643019500004, 34.10772668300007], [105.59102655100008, 34.05860261500004], [105.63267175400006, 34.03188185600004], [105.65282405400006, 33.960941959000024], [105.50265147600004, 33.92343404700006], [105.42833212200009, 33.677741053000034], [105.37980790700004, 33.64866377000004], [105.21491424200008, 33.65851082300003], [105.02560609700004, 33.58874644000008], [104.90935521200004, 33.69732339900003], [104.78324532600004, 33.67347620800007], [104.71044279500006, 33.57874800400003], [104.62199976200009, 33.63287832700007], [104.56641337900004, 33.56085318300006], [104.57232724900007, 33.52052836400003], [104.70254321800007, 33.430367389000025], [104.74298408000004, 33.338723694000066], [104.60020866900004, 33.22120797000008], [104.56114599000006, 33.23524924900005], [104.45889921400004, 33.46625399100003], [104.26671453200004, 33.53019836500005], [104.19003008900006, 33.517673724000076], [104.18161649400008, 33.572293898000055], [104.05168578900003, 33.68331883400003], [103.54196739900004, 33.67807564800006], [103.52535923800008, 33.61726590200004], [103.64274394100005, 33.52514688400004], [103.53215997500007, 33.38469480900005], [103.53366251800009, 33.28923132500006], [103.48076351400005, 33.20523330800006], [103.51177184500006, 33.136676125000065], [103.39330036000007, 33.06241802900007], [103.26963441600009, 33.14406310600003], [103.22870032500003, 33.31377085100007], [103.19433314800006, 33.32613278300005], [103.05534259600006, 33.259714], [102.83509516100008, 33.326124607000054], [102.56476882400005, 33.18339917900005], [102.45758981100005, 33.245438927000066], [102.33875619200006, 33.243632657000035], [102.22791100100005, 33.305370389000075], [102.19947507700005, 33.24371176200003], [102.15567103100005, 33.30004296200008], [102.09511181500005, 33.21521412300007], [102.01331064300007, 33.19121379200004], [101.98847695500007, 33.133548534000056], [101.92770460500009, 33.12954036100007], [101.82615299800005, 33.225529952000045], [101.90541843600005, 33.274393787000065], [101.94965754500004, 33.36759218000003], [101.91532132500004, 33.55518920800006], [101.84537954800004, 33.637702266000076], [101.80556647000009, 33.57591821900007], [101.79761741900006, 33.46645028700004], [101.72183146800006, 33.42405043100007], [101.66993230200006, 33.33332434700003], [101.74200098300008, 33.25010142300005], [101.62540014000007, 33.121105543000056], [101.55621430200006, 33.14571907100003], [101.50850969000004, 33.21452140500003], [101.44309708000009, 33.22331539000004], [101.40708353600007, 33.151341950000074], [101.27043802600008, 33.19240262500006], [101.20803379900008, 33.162218331000076], [101.01335918800004, 33.21401061800003], [100.87843310900007, 33.162211194000065], [100.71025827300008, 33.17901230900003], [100.51979357200008, 33.27955816000008], [100.38465438000009, 33.45025369000007], [100.35413510100005, 33.657909490000065], [100.51692297300008, 33.62565466700005], [100.54244591400004, 33.65082638900003], [100.46303350300008, 33.79975051300005], [100.70049062200007, 33.914486114000056], [100.79974341700006, 33.92505223400008]]]}}, {"type": "Feature", "properties": {"id": "魏博", "name": "魏博", "color": "#756a24", "owner": "魏博", "units": ["博", "洺", "澶", "相", "贝", "魏"], "label_lon": 114.989, "label_lat": 36.594}, "geometry": {"type": "Polygon", "coordinates": [[[115.62344123800005, 35.72399870600003], [115.50189648900005, 35.72183676800006], [115.40653113100007, 35.635520015000054], [115.32121163500005, 35.79007282200007], [115.25400367400005, 35.75306738300003], [115.182632323, 35.79482838700005], [114.97123949400009, 35.81112050200005], [114.98071518900008, 36.06033442200004], [114.93665947600005, 36.03878540200003], [114.90384225300011, 36.06015879000006], [114.88145050600008, 36.13155705500003], [114.73479412000006, 36.115180311000074], [114.6284833420001, 35.86312681600003], [114.28105933800009, 35.780721217000064], [114.05098183200005, 35.798179696000034], [113.97526152600005, 35.717834964000076], [113.776700118, 35.677773512000044], [113.75261631, 35.696989830000064], [113.74381755600007, 35.79207513000006], [113.62298520000002, 35.825540457000045], [113.60481316700009, 35.943880956000044], [113.65902547000007, 35.97802233400006], [113.62127251700008, 36.029197166000074], [113.65421552300006, 36.06733509500003], [113.63343813900008, 36.087226042000054], [113.6641252500001, 36.28702635900004], [113.70729618700011, 36.332291404000046], [113.76416890000007, 36.310533115000055], [113.83653126400009, 36.34350096400004], [113.90879712900005, 36.30865726500008], [113.89896814200006, 36.404283959000054], [113.931891, 36.48037148800006], [113.91863682600001, 36.51751483100003], [113.84814133700002, 36.51678300400005], [113.86898693500007, 36.710112716000026], [113.73271335600009, 36.855693717000065], [113.75307092300011, 36.868765249000035], [113.72965987700002, 37.07415439500005], [113.85994147200006, 37.310485346000064], [113.94203101900007, 37.32444732700003], [113.93555061000006, 37.38179439000004], [114.08091763800007, 37.30540012300003], [114.34166932500011, 37.235273595000024], [114.47019903500006, 37.135645848000024], [114.7574373440001, 37.24927213700005], [114.84965833700005, 37.224662238000064], [114.91313868500004, 37.24176291300006], [115.00877188100003, 37.383171584000024], [115.28070772, 37.364394418000074], [115.37949171700006, 37.407362325000065], [115.50766980800006, 37.31933816800006], [115.5695130360001, 37.334503631000075], [115.55988240600004, 37.395047153000064], [115.6491200700001, 37.518061947000035], [115.62076898500004, 37.56771195400006], [115.78766572900008, 37.62593894100007], [115.89589485400006, 37.61099931900003], [115.83604811200007, 37.55594267400005], [115.84872487500002, 37.50763425800005], [115.94149894200007, 37.476628385000026], [116.11244686300006, 37.50716847800004], [116.19308548400011, 37.45260939700006], [116.22544342800006, 37.394475742000054], [116.19486998100001, 37.35948850500006], [116.05597065300003, 37.35735153100006], [115.94441485200002, 37.30728934100006], [115.84243866200006, 37.08084909200005], [115.906382656, 37.047347493000075], [116.10692215100005, 37.15362215600004], [116.16815716300005, 37.12483185600007], [116.26022421500011, 36.989659767000035], [116.41802746100007, 36.94119988400007], [116.37122192400011, 36.78769154200006], [116.3848824580001, 36.52214256700006], [116.28491880900003, 36.40398358400006], [116.10094934100005, 36.36019202800003], [116.04443962800008, 36.26135772400005], [116.06165334100001, 36.103241757000035], [115.99413798300009, 36.14415560500004], [115.98800181000001, 36.06403498900005], [115.83907022100004, 35.96044069200008], [115.70136222800011, 35.96171681200008], [115.5538437130001, 35.89541448400007], [115.67661848400007, 35.79699169500003], [115.62344123800005, 35.72399870600003]]]}}, {"type": "Feature", "properties": {"id": "鄜坊", "name": "鄜坊", "color": "#b57da8", "owner": "渭北鄜坊", "units": ["丹", "坊", "延"], "label_lon": 109.456, "label_lat": 36.233}, "geometry": {"type": "Polygon", "coordinates": [[[109.39128276700006, 35.10001777400004], [109.24670662200003, 35.08205902800006], [109.20452785400005, 35.00364347100003], [109.11501963000006, 34.975219254000024], [108.99991099600004, 35.00176045400008], [109.02571117300005, 35.062225384000044], [109.00735463000007, 35.15653660400005], [108.92524550100006, 35.175034018000076], [108.93074964600004, 35.22992709600004], [108.85759390600003, 35.272045484000046], [108.75896717700005, 35.45110353800004], [108.56865625700004, 35.50298217200003], [108.47030810200005, 35.698528800000076], [108.46459533200004, 35.87000365600005], [108.50503842400008, 35.93327120300006], [108.63214002000007, 35.95417617700008], [108.66739605300006, 36.002299906000076], [108.60962879100003, 36.257184807000044], [108.67448042700005, 36.30473979900006], [108.67991601300008, 36.36945921700004], [108.38882747400004, 36.46407666700003], [108.32500162500008, 36.524245515000075], [108.19834628900009, 36.566476899000065], [108.30865255800006, 36.78214632400005], [108.26739673400004, 36.85320321100005], [108.29193026500008, 36.879445702000055], [108.39000183200005, 36.87354604300003], [108.62243670800007, 37.032678565000026], [108.77202458000005, 36.960187707000046], [108.80762928200005, 36.986602782000034], [108.74623088800007, 37.06228202400007], [108.83468483800004, 37.11344846800006], [108.85301019400003, 37.19235865500008], [108.92101197700003, 37.16596987600008], [109.01184640100007, 37.267809155000066], [109.31305803000004, 37.33100802800004], [109.39039742600005, 37.42096799800004], [109.52787579800008, 37.48252262500006], [109.56219876600005, 37.47716342200005], [109.57086506000007, 37.41833291100005], [109.68518852800008, 37.40054293400004], [109.79722508000003, 37.32911749500005], [109.79010493000004, 37.26790884400003], [109.90320078000008, 37.295304233000024], [110.01368995900003, 37.23562521200006], [110.02437140600006, 37.20464816900005], [109.94378979900006, 37.198053206000054], [109.96805858800008, 37.10992335000003], [110.00652784300007, 37.124950666000075], [110.02982721500007, 37.01713341400006], [110.07842248600008, 36.97780290600008], [110.11070560200005, 36.95814711500003], [110.21410384700005, 36.99330900900003], [110.27134489600007, 36.957783670000026], [110.34452722800006, 36.96505418100003], [110.37000516100005, 36.902433028000075], [110.35146726400006, 36.85699812900003], [110.39159194300004, 36.80285792300003], [110.35842211700009, 36.76030982900005], [110.42047434800008, 36.70893088200006], [110.36160538600006, 36.640885999000034], [110.41627786300006, 36.59521895900008], [110.45948569300003, 36.46711688500005], [110.43006441200004, 36.42457266100007], [110.45115585300005, 36.26810842800006], [110.41798393700009, 36.182918449000056], [110.43197475700003, 36.06911927400006], [110.48218989500003, 35.95518391100006], [110.46723640300007, 35.869921205000026], [110.53352656300007, 35.81622688900006], [110.56062503800007, 35.56270803600006], [110.44819278700004, 35.35993742000005], [110.37168609400004, 35.28491960000008], [110.23824535500006, 35.299784009000064], [110.10616304200005, 35.42638421300006], [109.97189731500004, 35.386486396000066], [109.77355846400008, 35.435187606000056], [109.68967933500005, 35.41160290700003], [109.70553313400006, 35.35850560000006], [109.66358518300007, 35.24325393300006], [109.74460138700005, 35.14767758700003], [109.71259141500008, 35.05259157100005], [109.66813778000005, 35.02801114300007], [109.63577609700008, 35.14477388000006], [109.57045260000007, 35.13029120300007], [109.45944653800007, 35.164491862000034], [109.40761655300008, 35.15190847200006], [109.39128276700006, 35.10001777400004]]]}}, {"type": "Feature", "properties": {"id": "京畿", "name": "京畿", "color": "#efa6bb", "owner": "京畿", "units": ["京兆", "同", "商", "慈", "晋", "金", "隰"], "label_lon": 109.953, "label_lat": 34.394}, "geometry": {"type": "MultiPolygon", "coordinates": [[[[109.55712748800005, 32.052894957000035], [109.58113724900005, 31.966294326000025], [109.55713378300004, 31.864978773000075], [109.59788814300003, 31.798035569000035], [109.54639135100007, 31.721712171000036], [109.39895320500005, 31.728380349000076], [109.29907407700006, 31.693420746000072], [109.02463629500005, 31.94665671000007], [108.89818893800003, 31.982773938000037], [108.44836924600008, 32.228968767000026], [108.45484866300006, 32.26366135500007], [108.29502057500008, 32.24263956100003], [108.26563506800005, 32.28454805000007], [108.19257287700009, 32.27169413800004], [108.10836572300008, 32.34287856800006], [108.13866063700004, 32.43715758900004], [108.18169630000006, 32.429715884000075], [108.27066198700004, 32.47999161800004], [108.19515966300008, 32.597698276000074], [108.25284600900005, 32.67089231700004], [108.22209980200006, 32.732397201000026], [108.16554798800007, 32.74966916600005], [108.17372088300004, 32.78080002400003], [108.36873075100004, 32.851614244000075], [108.35972472200007, 32.93808052300005], [108.42253532000007, 33.00420501100007], [108.45288329300007, 33.12175094300005], [108.62192198400004, 33.155811278000044], [108.58145982400004, 33.21707176600006], [108.69360600100003, 33.27673116500006], [108.63629995000008, 33.319003501000054], [108.55293324200005, 33.32402998800006], [108.61473444000006, 33.53048376800007], [108.71204660900008, 33.54858917800004], [108.77735854200006, 33.59701725900004], [108.77952805500007, 33.63736450000005], [108.92953325100007, 33.69106204700006], [108.93812394400004, 33.72302117500004], [108.82120261300008, 33.82015420300007], [108.76169513800005, 33.81203067100006], [108.70352689800006, 33.856160629000044], [108.59102458000007, 33.770390346000056], [108.47859677000008, 33.79738489700003], [108.42338346300005, 33.75783919600008], [108.38295416900007, 33.765767511000035], [108.36765805800007, 33.794431029000066], [108.43312543900004, 33.92376064000007], [108.45825439400005, 34.11006805200003], [108.51564890000009, 34.231185878000076], [108.38560831100006, 34.19001375000005], [108.32763440900004, 34.23989577800006], [108.21836012100005, 34.18358746900003], [108.10655718500004, 34.22259018900007], [108.03301260100005, 34.27710645800005], [108.01447591000004, 34.41853728900003], [108.08547269000007, 34.42917468500008], [108.15246058000008, 34.343999257000064], [108.19752580400007, 34.33150723600005], [108.37032888000005, 34.34980872800003], [108.38446635500009, 34.515583004000064], [108.32845876100004, 34.56450381600007], [108.30065443000007, 34.71937144100008], [108.26491649100006, 34.743421986000044], [108.34011295100004, 34.82379536600007], [108.43117587600005, 34.79362233000006], [108.45189098200007, 34.75160997000006], [108.68309845500005, 34.71268365800006], [108.78915973100004, 34.774132734000034], [108.79865757100004, 34.81659667500003], [108.94172631000004, 34.822261077000064], [108.99923442900007, 34.904602503000035], [109.08482059700009, 34.91806072500003], [109.11501963000006, 34.975219254000024], [109.20452785400005, 35.00364347100003], [109.24670662200003, 35.08205902800006], [109.39128276700006, 35.10001777400004], [109.40761655300008, 35.15190847200006], [109.63577609700008, 35.14477388000006], [109.66813778000005, 35.02801114300007], [109.71259141500008, 35.05259157100005], [109.74460138700005, 35.14767758700003], [109.66358518300007, 35.24325393300006], [109.70553313400006, 35.35850560000006], [109.68967933500005, 35.41160290700003], [109.77355846400008, 35.435187606000056], [109.97189731500004, 35.386486396000066], [109.98170571700007, 35.07130047000004], [110.01528004900007, 35.03463283700006], [110.07684100200004, 34.98800700500004], [110.26618363700004, 34.98153454200008], [110.23088000200005, 34.73812949100005], [110.25891585000005, 34.617570613000055], [110.20228963700004, 34.61015054200004], [110.15888207800003, 34.440874594000036], [110.21027308100008, 34.401783640000076], [110.39256722600004, 34.408377803000064], [110.44371354500004, 34.370601503000046], [110.48718684400006, 34.308871864000025], [110.39355263300007, 34.27496723400003], [110.39372042700006, 34.251102693000064], [110.56845072900006, 34.18269359200008], [110.63931556500006, 34.11212153200006], [110.54603214000008, 34.042077180000035], [110.56609778000006, 33.990850472000034], [110.63887163400005, 33.94945223600007], [110.58536182900008, 33.87065524600007], [110.60751662100006, 33.82914088800004], [110.66783855700004, 33.84870484000004], [110.79101478700005, 33.764831370000024], [110.80545297200007, 33.67198374700007], [111.00152527800009, 33.53394002600004], [111.02003794800004, 33.408305908000045], [110.98723615500006, 33.28537315900007], [110.92402468900008, 33.20755653600003], [110.84556651100007, 33.21288414900005], [110.72381599500005, 33.114582760000076], [110.64716963300003, 33.12223701900007], [110.59187785200004, 33.03941447900007], [110.60771924700003, 32.918503791000035], [110.50899622900005, 32.830726137000056], [110.38999477700008, 32.806331270000044], [110.34568268200007, 32.83372151400005], [110.23442783400009, 32.75226099300005], [110.10748177400006, 32.80837276500006], [110.10456459100004, 32.70777495300007], [110.14667831100007, 32.61240096600005], [110.11980531900008, 32.59541638700006], [110.08073649800008, 32.60933610700005], [109.99806821500005, 32.55741482800005], [109.88209067400004, 32.58309501100007], [109.74082275000006, 32.545497425000065], [109.53776082100006, 32.54971318100007], [109.51897192700005, 32.483662511000034], [109.54521636300007, 32.43198829700003], [109.44219402600004, 32.342235568000035], [109.50904243000008, 32.22074001200008], [109.56651308000005, 32.19567194200005], [109.58100166300005, 32.10278104100007], [109.55712748800005, 32.052894957000035]]], [[[110.71367445900006, 35.48573323000005], [110.52851480800007, 35.517690293000044], [110.56062503800007, 35.56270803600006], [110.56127405900008, 35.66306613300003], [110.53352656300007, 35.81622688900006], [110.46723640300007, 35.869921205000026], [110.48218989500003, 35.95518391100006], [110.43197475700003, 36.06911927400006], [110.41798393700009, 36.182918449000056], [110.45115585300005, 36.26810842800006], [110.43006441200004, 36.42457266100007], [110.45948569300003, 36.46711688500005], [110.41627786300006, 36.59521895900008], [110.36160538600006, 36.640885999000034], [110.42047434800008, 36.70893088200006], [110.35842211700009, 36.76030982900005], [110.39159194300004, 36.80285792300003], [110.35146726400006, 36.85699812900003], [110.36276961800007, 36.93088560800004], [110.34452722800006, 36.96505418100003], [110.27134489600007, 36.957783670000026], [110.21410384700005, 36.99330900900003], [110.11070560200005, 36.95814711500003], [110.02982721500007, 37.01713341400006], [110.00652784300007, 37.124950666000075], [109.96805858800008, 37.10992335000003], [109.94378979900006, 37.198053206000054], [110.02437140600006, 37.20464816900005], [109.98808973700005, 37.25464814500003], [110.05177230500004, 37.29187698700008], [110.12255559300007, 37.39579938800006], [110.14590799800004, 37.365843135000034], [110.30878955400004, 37.39425938800008], [110.24612346100008, 37.30945217500005], [110.25848837400008, 37.27932081000006], [110.32804534300004, 37.31673650700003], [110.39779472100008, 37.27484691300003], [110.62764008000005, 37.29996257600004], [110.71832498400005, 37.19745387300003], [110.79153058800006, 37.214350790000026], [110.84230266500003, 37.15678982400004], [110.83513159500006, 37.12548684200004], [110.88845922500008, 37.09625910700004], [111.10500324100008, 37.05174778500003], [111.27628975000005, 37.06741092100003], [111.32372712000006, 37.19013911700006], [111.38239395200009, 37.16395429000005], [111.51931658300003, 36.907231710000076], [111.36743726800006, 36.837313538000046], [111.39051398700008, 36.78743332700003], [111.52807807500005, 36.75650120000006], [111.62536984500008, 36.641853052000044], [111.77456296800005, 36.695920261000026], [111.99618347600006, 36.68044628100006], [112.00326179700005, 36.593944296000075], [112.11333466400004, 36.52912684700004], [112.20917337500009, 36.40025157300005], [112.41324844100006, 36.32648255400005], [112.47694055000011, 36.25057439300008], [112.5629630740001, 36.255288773000075], [112.4751890230001, 36.05240576700004], [112.50118547600005, 35.95627702300004], [112.4409240760001, 35.90867788200006], [112.28242691800006, 35.87630717500008], [112.11654238300002, 35.90436515600004], [112.12069630100007, 35.85828409800007], [112.0403196630001, 35.83104717600003], [111.86119436300004, 35.85545456400007], [111.83367096200004, 35.82357316500003], [111.68662361300005, 35.83790486200007], [111.66024774900006, 35.86601811300005], [111.64225075500008, 35.83140873600007], [111.52397760700006, 35.84246931500007], [111.29478550800007, 35.67163051600005], [111.20054651800007, 35.67981466100008], [111.11196464200009, 35.80688820300003], [111.05470106000007, 35.78608596400005], [111.04146835700004, 35.70312398100003], [111.00288717800004, 35.695252107000044], [110.96261375200004, 35.73352039100007], [110.91050925400003, 35.689145222000036], [110.80705556800007, 35.700441444000035], [110.80332517600004, 35.525430665000044], [110.71367445900006, 35.48573323000005]]]]}}, {"type": "Feature", "properties": {"id": "昭義", "name": "昭義", "color": "#3e6c9b", "owner": "澤潞沁", "units": ["沁", "泽", "潞"], "label_lon": 112.918, "label_lat": 36.111}, "geometry": {"type": "Polygon", "coordinates": [[[112.57769852000001, 35.20772092900006], [112.0466682010001, 35.270532407000076], [112.01473789600004, 35.35458460700005], [111.94337055300008, 35.40118794700004], [111.93030546700004, 35.598575561000075], [111.99499037800007, 35.68611571500003], [112.01816494400009, 35.80400206000007], [112.12069630100007, 35.85828409800007], [112.11654238300002, 35.90436515600004], [112.28242691800006, 35.87630717500008], [112.46819859700008, 35.92528654100005], [112.50118547600005, 35.95627702300004], [112.4751890230001, 36.05240576700004], [112.5642086690001, 36.22818545400003], [112.5629630740001, 36.255288773000075], [112.47694055000011, 36.25057439300008], [112.41324844100006, 36.32648255400005], [112.20917337500009, 36.40025157300005], [112.11333466400004, 36.52912684700004], [112.00326179700005, 36.593944296000075], [111.95817311600007, 36.77235333300007], [112.06220684000004, 36.854635992000055], [112.05067972000006, 36.94957526700006], [112.13550443800011, 37.009732900000074], [112.27679672300007, 36.94255940900007], [112.40560476500002, 36.92262122400007], [112.49690370400003, 36.94279739500007], [112.45534808000002, 37.111644557000034], [112.65753583000003, 37.108274652000034], [112.755898204, 36.99986409600007], [112.83088613400002, 36.983835303000035], [112.86697641700005, 36.871505082000056], [112.97236746300007, 36.907584135000036], [113.08772567500012, 36.899544287000026], [113.1778066380001, 36.959799313000076], [113.24347054900011, 36.929748990000064], [113.28428304500005, 36.958751490000054], [113.31083257000012, 36.880330736000076], [113.40480785500006, 36.85409967900006], [113.49295481100012, 36.742429722000054], [113.5667891600001, 36.762456771000075], [113.6657097640001, 36.883952280000074], [113.69969085000002, 36.84434996700003], [113.73271335600009, 36.855693717000065], [113.86898693500007, 36.710112716000026], [113.84814133700002, 36.51678300400005], [113.91863682600001, 36.51751483100003], [113.931891, 36.48037148800006], [113.89896814200006, 36.404283959000054], [113.90879712900005, 36.30865726500008], [113.83653126400009, 36.34350096400004], [113.76416890000007, 36.310533115000055], [113.70729618700011, 36.332291404000046], [113.6641252500001, 36.28702635900004], [113.63343813900008, 36.087226042000054], [113.65421552300006, 36.06733509500003], [113.62127251700008, 36.029197166000074], [113.65902547000007, 35.97802233400006], [113.60481316700009, 35.943880956000044], [113.60560555200004, 35.90058701100003], [113.62298520000002, 35.825540457000045], [113.74381755600007, 35.79207513000006], [113.75261631, 35.696989830000064], [113.85497368300003, 35.69225271700003], [113.85492258500005, 35.62338672300007], [113.9312804870001, 35.52293439300007], [113.92251158800002, 35.47742759300007], [113.8235278730001, 35.40767218900004], [113.71221237000009, 35.39736566400006], [113.67594689000009, 35.32583890700005], [113.53849155800003, 35.288769596000066], [113.44693519300006, 35.308586207000076], [113.42768894100004, 35.406832837000024], [113.35690228900012, 35.48369737400003], [113.33272942000008, 35.455734533000054], [113.25444123400007, 35.46166430000005], [113.26533277200008, 35.41286661400005], [113.233590563, 35.400223811000046], [113.21441809400005, 35.435035999000036], [113.15399995100006, 35.43791833500006], [113.08088237900006, 35.30407014900004], [112.969841244, 35.336900753000066], [112.97058984700004, 35.27858831400005], [112.88126836800006, 35.239422509000065], [112.80224993500008, 35.25391848900006], [112.71498699000006, 35.20134787000006], [112.6151972030001, 35.23812316600004], [112.57769852000001, 35.20772092900006]]]}}, {"type": "Feature", "properties": {"id": "鳳翔", "name": "鳳翔", "color": "#b39ad7", "owner": "興鳳隴", "units": ["秦"], "label_lon": 105.91, "label_lat": 35.054}, "geometry": {"type": "Polygon", "coordinates": [[[106.37843807000007, 34.52143633000003], [106.52276441400005, 34.47009354800008], [106.65382766000005, 34.33901394700007], [106.63702947700006, 34.26990662000003], [106.51920146000003, 34.25346508500007], [106.44833642400005, 34.12420465800005], [106.33378742200006, 34.10335359000004], [106.31501131000005, 34.24089813200004], [106.19593651400004, 34.11856153100007], [106.04458756000008, 34.16335326400008], [105.91859155900005, 34.13106226100007], [105.72586610100007, 34.16101349200005], [105.63312154200008, 34.08279779900005], [105.55731609500003, 34.10694149300008], [105.55307391800005, 34.25503969400006], [105.58456575300005, 34.335560179000026], [105.36673800600005, 34.44223571900005], [105.29965134800005, 34.514902767000024], [105.16597678600004, 34.55376741500004], [105.11228370300006, 34.80711774300005], [105.04771930500004, 34.89204472600005], [105.05685037400008, 34.93910565200008], [104.87664060300006, 34.950290030000076], [104.84365175000005, 35.102002724000045], [104.86878389200007, 35.12573323100003], [104.83352379900003, 35.17794543600007], [104.89117412200005, 35.24749415000008], [104.86693643000007, 35.28107737600004], [104.91540326700004, 35.28998827300006], [104.99608428400006, 35.429050604000054], [105.10046281100006, 35.40875785900005], [105.20941044300008, 35.455387261000055], [105.25502415600005, 35.443516282000076], [105.49029689500009, 35.56588682800003], [105.48205815400007, 35.66615478400007], [105.51567503100006, 35.73219341500004], [105.37758462500005, 35.77869734600006], [105.38359271000007, 35.83380076200007], [105.33313138200003, 35.859401148000074], [105.32349512300004, 35.902950486000066], [105.35776039800004, 35.99202217900006], [105.49301175600004, 36.07371143000006], [105.49739080200004, 36.19824691200006], [105.58410951700006, 36.21902920700006], [105.70604178200006, 36.15399890200007], [106.00660542300005, 36.19381396500006], [106.03784177800009, 36.107392419000064], [106.02904018000004, 35.79540545400005], [106.17391598600005, 35.76667664900003], [106.23455926200006, 35.58133074700004], [106.41076763500007, 35.61510606200005], [106.46260724900009, 35.39672204900006], [106.61252002100008, 35.36794885200004], [106.80772169700003, 35.261496273000034], [106.84128184700006, 35.271520932000044], [106.83210388300006, 35.16797534800003], [106.88396296800005, 35.09993104100005], [107.05816581800008, 35.002692180000054], [107.04976451000005, 34.960010397000076], [107.11797947200006, 34.92356059200006], [107.07456129300004, 34.89769627600003], [106.99877196300008, 34.75130696000008], [106.85647612900004, 34.71133565900004], [106.83122289500005, 34.60092324400006], [106.71479375600006, 34.59098906000003], [106.40059536100006, 34.68576737400008], [106.33525382500005, 34.59674931500007], [106.37843807000007, 34.52143633000003]]]}}, {"type": "Feature", "properties": {"id": "宣武", "name": "宣武", "color": "#7e8340", "owner": "滑衛", "units": ["亳", "宋", "汴", "滑", "颍"], "label_lon": 115.288, "label_lat": 34.146}, "geometry": {"type": "Polygon", "coordinates": [[[115.87842587700004, 32.57253255300003], [115.81871782600001, 32.434343288000036], [115.74432792200002, 32.478883121000024], [115.67777011700002, 32.47749020100002], [115.64945369800012, 32.38779791500008], [115.56686206000006, 32.39011457300006], [115.36197005000008, 32.56021954400006], [115.26016100100003, 32.52831543600007], [115.25911364100011, 32.56828274500003], [115.15363024300007, 32.59660727700003], [115.16725076700004, 32.63696800500003], [115.12307393100002, 32.67950968700006], [115.15895917300008, 32.76597746700003], [115.11598476400002, 32.880023822000055], [114.99863442100002, 32.87876197200006], [114.98040652000009, 32.92722104300003], [114.91254415000003, 32.91709843700005], [114.85788564000006, 32.95522797800004], [114.87194667200004, 33.06637312400005], [114.84649541800002, 33.125664294000046], [115.02012515100012, 33.069378124000025], [115.22589638700003, 33.090522357000054], [115.26723684600006, 33.13066487000003], [115.27398707200007, 33.25708250100007], [115.31643368000005, 33.295395599000074], [115.27672523300009, 33.38982536700007], [115.31941014400002, 33.49188014600003], [115.39229205400011, 33.503376365000065], [115.40434440100012, 33.56313849000003], [115.56990463500006, 33.57359835300008], [115.544259065, 33.61542769400006], [115.57879138700002, 33.682279392000055], [115.53325611500009, 33.72758252600005], [115.1959390400001, 33.799301781000054], [115.08403183100006, 33.795483586000046], [115.05111288400008, 33.89962187400005], [115.01125549200003, 33.920501570000056], [115.07635370800006, 33.94901252100004], [115.06212890800009, 34.00294050100007], [115.11650711400011, 34.06386636800005], [115.088514282, 34.21717611300005], [114.85801401700007, 34.28219465300003], [114.74909723500002, 34.23993477700003], [114.62873088600008, 34.24890772700007], [114.47122999900012, 34.33085151700004], [114.4044956780001, 34.321839425000064], [114.37451862500006, 34.26798233300008], [114.26561348700011, 34.28628026500007], [114.11879511000006, 34.22228159100007], [113.9786933790001, 34.26533727800006], [113.84607534100007, 34.35164252900006], [113.83572987800005, 34.528080826000064], [113.76508179500001, 34.61560895100007], [113.69361616200001, 34.65013199600003], [113.579261975, 34.61374970800006], [113.48469753100005, 34.63100505800003], [113.4939095100001, 34.70957658900005], [113.4375910550001, 34.74528057800006], [113.4290313890001, 34.79394712800007], [113.4719975700001, 34.87375483100004], [113.4692876580001, 34.94822231200004], [113.55373466000003, 34.928257590000044], [113.59021721300007, 34.99577911400007], [113.581121359, 35.070690986000045], [113.66024792400003, 35.06434941900005], [113.72306458800006, 35.10865864900006], [113.67594689000009, 35.32583890700005], [113.71221237000009, 35.39736566400006], [113.8235278730001, 35.40767218900004], [113.92251158800002, 35.47742759300007], [113.9312804870001, 35.52293439300007], [113.85492258500005, 35.62338672300007], [113.85497368300003, 35.69225271700003], [113.97526152600005, 35.717834964000076], [114.05098183200005, 35.798179696000034], [114.28105933800009, 35.780721217000064], [114.6284833420001, 35.86312681600003], [114.71870338000008, 35.76032261700004], [114.73468847600009, 35.66450723100007], [114.90808519000007, 35.62334130100004], [114.9528460140001, 35.413853507000056], [114.93561669000007, 35.383557385000074], [114.70299452900008, 35.32445756000004], [114.5096545340001, 35.216370479000034], [114.54172926500007, 35.145432852000056], [114.6251272400001, 35.121314168000026], [114.77504744400005, 35.00542797400004], [114.7047410450001, 34.94026030500004], [114.73765649000006, 34.90885353300007], [114.70662186400011, 34.82131500700007], [114.73438452000005, 34.726907794000056], [114.90241929800004, 34.77150367200005], [115.21344056200007, 34.78709046500006], [115.23118524000006, 34.854560132000074], [115.11774961700007, 34.978439012000024], [115.16647933200011, 35.051348037000025], [115.3248758200001, 35.071394274000056], [115.39477138400002, 35.004356114000075], [115.75786331600011, 34.964901644000065], [115.72929778500009, 34.87801406900007], [115.79557766900007, 34.82789257600007], [115.96889779700007, 34.80817091700004], [116.00876773300001, 34.921422892000066], [116.13645957300002, 34.89407910400007], [116.14235392700004, 34.93134289100004], [116.38231306800003, 34.83757280300006], [116.33391048400006, 34.626925467000035], [116.61800813800005, 34.470403420000025], [116.59038597000006, 34.396519768000076], [116.6068512600001, 34.33208661900005], [116.51567281000007, 34.24873172800005], [116.51258617300005, 34.140556358000026], [116.53342401900011, 34.04397108200004], [116.6192402690001, 33.91689528200004], [116.6004646560001, 33.88500353300003], [116.52052818000004, 33.906417332000046], [116.46810817700009, 33.88047835300006], [116.37466376300006, 33.78917678900007], [116.44984133600008, 33.740895710000075], [116.48419748700007, 33.64221780400004], [116.53956559100004, 33.590871494000055], [116.52271324700007, 33.46603142400005], [116.41161084200007, 33.46717865900007], [116.36197134100007, 33.38531005400006], [116.25996037800007, 33.384436538000045], [116.31454183100004, 33.302818185000035], [116.38039868300007, 33.27981508600004], [116.4395954470001, 33.17950643100005], [116.35206665700002, 33.092686127000036], [116.3653474670001, 32.84363889900004], [116.42549295100002, 32.827285388000064], [116.44722417800006, 32.724703230000046], [116.58189774900006, 32.582533315000035], [116.43886876900001, 32.434606830000064], [116.35132480800007, 32.44836920200004], [116.27791126800003, 32.502301155000055], [116.23996058700004, 32.44053915000006], [116.12379016500006, 32.44195868200006], [116.07431582900006, 32.52185097000006], [115.94592402500007, 32.60242026700007], [115.87842587700004, 32.57253255300003]], [[114.01934084800007, 35.259524182000064], [113.95765005600003, 35.18592359100006], [113.99203017100001, 35.163657185000034], [114.1885041920001, 35.11667186100004], [114.24900427300008, 35.13825870900007], [114.3793976720001, 35.25972494700005], [114.41576374500005, 35.42643755300003], [114.3742971260001, 35.481935417000045], [114.18028423700002, 35.36623906900007], [113.98388093400001, 35.344556719000025], [113.92432018700003, 35.30923387800004], [114.01934084800007, 35.259524182000064]]]}}, {"type": "Feature", "properties": {"id": "河中", "name": "河中", "color": "#d4ace6", "owner": "河中", "units": ["河中", "绛", "蒲"], "label_lon": 111.008, "label_lat": 35.252}, "geometry": {"type": "Polygon", "coordinates": [[[110.33206105500005, 34.50892526900003], [110.39256722600004, 34.408377803000064], [110.28870690300005, 34.386635399000056], [110.15888207800003, 34.440874594000036], [110.20228963700004, 34.61015054200004], [110.25891585000005, 34.617570613000055], [110.23088000200005, 34.73812949100005], [110.26618363700004, 34.98153454200008], [110.07684100200004, 34.98800700500004], [109.98170571700007, 35.07130047000004], [109.97189731500004, 35.386486396000066], [110.10616304200005, 35.42638421300006], [110.23824535500006, 35.299784009000064], [110.37168609400004, 35.28491960000008], [110.44819278700004, 35.35993742000005], [110.52851480800007, 35.517690293000044], [110.67437159800005, 35.47416713900003], [110.80332517600004, 35.525430665000044], [110.80705556800007, 35.700441444000035], [110.91050925400003, 35.689145222000036], [110.96261375200004, 35.73352039100007], [111.00288717800004, 35.695252107000044], [111.04146835700004, 35.70312398100003], [111.05470106000007, 35.78608596400005], [111.11196464200009, 35.80688820300003], [111.20054651800007, 35.67981466100008], [111.29478550800007, 35.67163051600005], [111.52397760700006, 35.84246931500007], [111.64225075500008, 35.83140873600007], [111.66024774900006, 35.86601811300005], [111.68662361300005, 35.83790486200007], [111.83367096200004, 35.82357316500003], [111.86119436300004, 35.85545456400007], [112.0403196630001, 35.83104717600003], [111.99499037800007, 35.68611571500003], [111.93030546700004, 35.598575561000075], [111.94337055300008, 35.40118794700004], [112.01473789600004, 35.35458460700005], [112.0466682010001, 35.270532407000076], [112.01971086200001, 35.257399973000076], [112.03762690400004, 35.096466914000075], [112.00248232400008, 35.04332334500003], [111.95603529900006, 35.084235026000044], [111.82294655000004, 35.076218804000064], [111.65321512700007, 34.97568918300004], [111.58851612500007, 35.054574022000054], [111.57904550800004, 35.098987617000034], [111.61370810400007, 35.14395961800005], [111.51548156700005, 35.189546172000064], [111.46011683000006, 35.166121125000075], [111.24450777600003, 35.30238882800006], [111.02930912200009, 35.28065284200005], [110.97924816800008, 35.34742466400007], [110.85565720400007, 35.25290671100004], [110.83514047700004, 35.15616067700006], [110.89690470100004, 35.078857407000044], [110.84237140500005, 35.030257720000066], [110.75508194100007, 35.025376160000064], [110.71730826700008, 34.86701087200004], [110.76620278000007, 34.81218973600005], [110.91605056700007, 34.85268172800005], [110.90210499100004, 34.77365910000003], [111.00505759000004, 34.714271807000046], [110.59828789600004, 34.57366408300004], [110.34060816700008, 34.594764971000075], [110.36374008200005, 34.56275073900008], [110.33206105500005, 34.50892526900003]]]}}, {"type": "Feature", "properties": {"id": "東都畿", "name": "東都畿", "color": "#859c5e", "owner": "東畿", "units": ["卫", "怀", "汝", "陕"], "label_lon": 112.273, "label_lat": 34.435}, "geometry": {"type": "MultiPolygon", "coordinates": [[[[112.80814717500004, 33.52223367100004], [112.67026882000005, 33.355217003000064], [112.62801150400003, 33.21093758600006], [112.58257246200003, 33.23745255500006], [112.51296591500011, 33.22464269000005], [112.49075925500006, 33.26381844100007], [112.44116375100009, 33.27261776200004], [112.33799764600008, 33.21521261100003], [112.25729244700005, 33.20841364200004], [112.19966899000008, 33.35353133900003], [112.07690663700009, 33.36358795700005], [111.98186583700004, 33.42011823200005], [111.91459881500003, 33.58365461100004], [111.80879830600009, 33.59356167000004], [111.74910187200004, 33.66822783500004], [111.56731392600005, 33.72858357700005], [111.45851690300009, 33.71776358200003], [111.23479006100007, 33.79993879400007], [111.19002525700006, 33.78505633800006], [111.17562423800007, 33.68933896800007], [111.13323040400007, 33.684380127000054], [111.12134901000007, 33.59219605100003], [110.98004059600004, 33.55243284000005], [110.80545297200007, 33.67198374700007], [110.76352977100004, 33.78868804900003], [110.66783855700004, 33.84870484000004], [110.60751662100006, 33.82914088800004], [110.58536182900008, 33.87065524600007], [110.63887163400005, 33.94945223600007], [110.56609778000006, 33.990850472000034], [110.54603214000008, 34.042077180000035], [110.63931556500006, 34.11212153200006], [110.56845072900006, 34.18269359200008], [110.39372042700006, 34.251102693000064], [110.39355263300007, 34.27496723400003], [110.48718684400006, 34.308871864000025], [110.35468592300003, 34.44804194500006], [110.34060816700008, 34.594764971000075], [110.59828789600004, 34.57366408300004], [111.00505759000004, 34.714271807000046], [110.90210499100004, 34.77365910000003], [110.91605056700007, 34.85268172800005], [110.76620278000007, 34.81218973600005], [110.71730826700008, 34.86701087200004], [110.75508194100007, 35.025376160000064], [110.84237140500005, 35.030257720000066], [110.89690470100004, 35.078857407000044], [110.83514047700004, 35.15616067700006], [110.85565720400007, 35.25290671100004], [110.97924816800008, 35.34742466400007], [111.02930912200009, 35.28065284200005], [111.24450777600003, 35.30238882800006], [111.46011683000006, 35.166121125000075], [111.51548156700005, 35.189546172000064], [111.61370810400007, 35.14395961800005], [111.57904550800004, 35.098987617000034], [111.58851612500007, 35.054574022000054], [111.65321512700007, 34.97568918300004], [111.82294655000004, 35.076218804000064], [111.95603529900006, 35.084235026000044], [112.00248232400008, 35.04332334500003], [112.03762690400004, 35.096466914000075], [112.0180544100001, 35.21678122000003], [112.04001632000006, 35.27045594100008], [112.31981581100001, 35.22070224200007], [112.57769852000001, 35.20772092900006], [112.6151972030001, 35.23812316600004], [112.71498699000006, 35.20134787000006], [112.80224993500008, 35.25391848900006], [112.84197861500002, 35.232094233000055], [112.938754, 35.257916016000024], [112.98636170000009, 35.30224040100006], [112.969841244, 35.336900753000066], [113.08088237900006, 35.30407014900004], [113.13121232172998, 35.40582512915835], [113.16165132200001, 35.35866930900005], [113.17747458100007, 35.31877799700004], [113.19579747500006, 35.289336552000066], [113.23078536800006, 35.291606182000066], [113.19638382900007, 35.28940782600006], [113.1622381630001, 35.35874073900004], [113.13154374700002, 35.40629289700007], [113.15399995100006, 35.43791833500006], [113.21441809400005, 35.435035999000036], [113.233590563, 35.400223811000046], [113.26533277200008, 35.41286661400005], [113.25444123400007, 35.46166430000005], [113.33272942000008, 35.455734533000054], [113.35690228900012, 35.48369737400003], [113.42768894100004, 35.406832837000024], [113.44693519300006, 35.308586207000076], [113.49467392100007, 35.28441208300006], [113.67594689000009, 35.32583890700005], [113.72431013700009, 35.147444274000065], [113.69835871100008, 35.079677487000026], [113.581121359, 35.070690986000045], [113.59021721300007, 34.99577911400007], [113.55373466000003, 34.928257590000044], [113.4692876580001, 34.94822231200004], [113.4719975700001, 34.87375483100004], [113.4290313890001, 34.79394712800007], [113.4375910550001, 34.74528057800006], [113.4939095100001, 34.70957658900005], [113.48469753100005, 34.63100505800003], [113.579261975, 34.61374970800006], [113.6550648650001, 34.52031942900004], [113.6451620360001, 34.48277317900005], [113.48781518800001, 34.358798327000045], [113.60640047700008, 34.290972346000046], [113.56252062300007, 34.25404782100003], [113.60266246300012, 34.20716524200003], [113.587972078, 34.04746762100007], [113.37727795800004, 34.014717853000036], [113.32901291500002, 33.87973541200006], [113.37226482300002, 33.76157862100007], [113.34068456500006, 33.69843849200004], [113.121837647, 33.66292079900006], [113.14125294400003, 33.581773680000026], [113.0164579420001, 33.56735667700008], [112.89871136400006, 33.62244147800004], [112.7654242100001, 33.59033255600008], [112.80814717500004, 33.52223367100004]], [[113.37318632900008, 35.36161994100007], [113.40920754900003, 35.35634237900007], [113.39710832500009, 35.28958707700008], [113.28408392339887, 35.22542340123454], [113.3976948620001, 35.289657410000075], [113.4097945960001, 35.35641265300006], [113.37318632900008, 35.36161994100007]]], [[[115.11774961700007, 34.978439012000024], [115.23118524000006, 34.854560132000074], [115.21344056200007, 34.78709046500006], [114.90241929800004, 34.77150367200005], [114.73438452000005, 34.726907794000056], [114.70662186400011, 34.82131500700007], [114.73765649000006, 34.90885353300007], [114.7047410450001, 34.94026030500004], [114.77504744400005, 35.00542797400004], [115.11774961700007, 34.978439012000024]]], [[[114.95146972900011, 35.24729861900005], [114.80652260900001, 35.16000213900003], [114.814011735, 35.07428399600008], [114.77504744400005, 35.00542797400004], [114.50991381600011, 35.17258760000004], [114.5096545340001, 35.216370479000034], [114.8659898840001, 35.38199162300003], [114.93561669000007, 35.383557385000074], [114.97661482400008, 35.34429018000003], [114.95146972900011, 35.24729861900005]]], [[[114.41576374500005, 35.42643755300003], [114.31668540400005, 35.17644510900004], [114.1885041920001, 35.11667186100004], [113.95765005600003, 35.18592359100006], [114.01934084800007, 35.259524182000064], [113.92432018700003, 35.30923387800004], [113.98388093400001, 35.344556719000025], [114.18028423700002, 35.36623906900007], [114.3742971260001, 35.481935417000045], [114.41576374500005, 35.42643755300003]]]]}}, {"type": "Feature", "properties": {"id": "武寧", "name": "武寧", "color": "#6d5e97", "owner": "徐海沂密", "units": ["徐", "濠"], "label_lon": 117.365, "label_lat": 33.72}, "geometry": {"type": "Polygon", "coordinates": [[[118.0143944030001, 32.40365557400003], [117.92248683500009, 32.336131366000075], [117.87143657900003, 32.24374810300003], [117.46884325700012, 32.21366451600005], [117.39212603200008, 32.29758951000008], [117.42239148200008, 32.36492757000008], [117.34743930700006, 32.38418953000007], [117.36731631500004, 32.478996976000076], [117.24746144500011, 32.454001239000036], [117.21324588200002, 32.481765868000025], [117.17852918500012, 32.62003566100003], [117.13666174200011, 32.65027831000003], [117.11798603900002, 32.773548110000036], [117.01118470600011, 32.758765459000074], [116.73429890500006, 32.93261638400003], [116.79695070100001, 33.01857646700006], [116.72906173900003, 33.08243979200006], [116.80755735200012, 33.19767668700007], [116.78845090800007, 33.392982053000026], [116.6898830240001, 33.46065956600006], [116.52271324700007, 33.46603142400005], [116.53956559100004, 33.590871494000055], [116.48419748700007, 33.64221780400004], [116.44984133600008, 33.740895710000075], [116.37466376300006, 33.78917678900007], [116.46810817700009, 33.88047835300006], [116.52052818000004, 33.906417332000046], [116.6004646560001, 33.88500353300003], [116.6192402690001, 33.91689528200004], [116.53342401900011, 34.04397108200004], [116.51258617300005, 34.140556358000026], [116.51567281000007, 34.24873172800005], [116.6068512600001, 34.33208661900005], [116.59038597000006, 34.396519768000076], [116.61800813800005, 34.470403420000025], [116.33391048400006, 34.626925467000035], [116.36563086000001, 34.69154360300007], [116.33933149100005, 34.72986854900006], [116.38096309900004, 34.785546983000074], [116.38253581800006, 34.85715169500003], [116.59182395800008, 34.91761678700004], [116.92495227200004, 34.84767144400007], [116.57743686700007, 35.09089922700008], [116.54927815600001, 35.20392515100008], [116.56963104300007, 35.29827723100004], [116.6334869530001, 35.23789636300006], [116.72445426000002, 35.31505761100004], [116.78234225000006, 35.16241237100007], [116.971804, 34.95540437900007], [117.14820633300008, 34.88711083900006], [117.18864056900009, 34.82579626000006], [117.43562793900003, 35.00422570300003], [117.6141424330001, 35.01722584100003], [117.66034671800003, 35.08049219500003], [117.74020423800005, 35.04116181400008], [117.68596292600012, 34.93302159900003], [117.77965034200008, 34.82969473500003], [117.79220330800001, 34.63269018600005], [117.90826782700003, 34.66859624400007], [118.0643079460001, 34.63484977000007], [118.06121288200006, 34.56326477400006], [118.14067515500005, 34.532934477000026], [118.11626534100003, 34.49626533600008], [118.15614747500001, 34.39871598000008], [118.02115409600003, 34.35460680400007], [117.9786163010001, 34.30909558900004], [118.03813811300006, 34.15006775200004], [117.98362626500011, 34.121103736000066], [118.02345934100003, 34.06932343900007], [118.02522453100005, 33.99744153200004], [118.153596751, 33.82564591900007], [118.1325637110001, 33.646122579000064], [118.08213362100003, 33.59766824900004], [118.08317918600005, 33.48586302600006], [118.01432871800012, 33.47571657700007], [118.00091162400008, 33.39756511200005], [117.94441458500012, 33.33965581600006], [117.91524035700002, 33.21716456400003], [118.0224605630001, 33.131952141000056], [118.19645431100002, 33.19667699900003], [118.24897882500011, 32.89381685300003], [118.2877610490001, 32.79652136300007], [118.33602315000007, 32.72962969300005], [118.38411540800007, 32.73354385500005], [118.4083116170001, 32.66084133500004], [118.28616725800009, 32.47435327000005], [118.116375919, 32.446817328000066], [118.04361221500005, 32.48661799200005], [118.0143944030001, 32.40365557400003]]]}}, {"type": "Feature", "properties": {"id": "山南西道", "name": "山南西道", "color": "#74afdc", "owner": "山南西道", "units": ["兴", "凤", "利", "壁", "巴", "开", "文", "果", "梁", "洋", "渠", "蓬", "通", "阆", "集"], "label_lon": 106.93, "label_lat": 32.35}, "geometry": {"type": "Polygon", "coordinates": [[[106.20582758200004, 30.20227639600006], [106.17627316500005, 30.31790647200006], [106.06358856800006, 30.33358025800004], [105.95539833000004, 30.43583492500005], [106.00694272500004, 30.492019261000053], [105.85754384500007, 30.47812376400003], [105.87271671100007, 30.60173118700004], [105.81646862300005, 30.632242606000034], [105.74759211400004, 30.89990722700003], [105.65571151000006, 30.915297300000077], [105.62646656700008, 30.966181489000064], [105.72599479100006, 31.025442360000056], [105.72419502700006, 31.137773758000037], [105.60410170000006, 31.307142674000033], [105.65406353700007, 31.35725725900005], [105.64088515100008, 31.389366367000036], [105.53442481300004, 31.381094484000073], [105.45805301900003, 31.503708605000043], [105.50400171700005, 31.575913768000078], [105.61525234600003, 31.562165107000055], [105.65336497800007, 31.610543703000076], [105.70925606000009, 31.60569256200006], [105.79695423300006, 31.869979837000074], [105.83833873900005, 31.91301671900004], [105.70321489400004, 31.91207111800003], [105.68660318200006, 32.004363011000066], [105.72092749300003, 32.05426871800006], [105.69702418300005, 32.077995663000024], [105.71997158700009, 32.14022594800008], [105.57831134000008, 32.28294882200004], [105.30641247800008, 32.14242319500005], [105.26609168400006, 32.15843971500004], [105.27395582000008, 32.26561584500007], [105.24623280600008, 32.31939391000003], [105.30223954900003, 32.36482555600003], [105.38195782800005, 32.33533560700005], [105.42551085000008, 32.451106914000036], [105.58104316200007, 32.52879782300005], [105.56348878200004, 32.59020583500006], [105.63923740200005, 32.71747605200005], [105.57480496600004, 32.70851115200003], [105.50453687100008, 32.80277403500003], [105.50447797200007, 32.90407064500005], [105.43374652300008, 32.903193060000035], [105.40311292200005, 32.85052058800005], [105.41659936600007, 32.77404630600006], [105.46897301000007, 32.762774629000035], [105.29833295900005, 32.63985338500004], [105.20076230800004, 32.651923629000066], [105.10881995700004, 32.603610512000046], [105.04591510000006, 32.64106087600004], [104.92372230300003, 32.58714600500008], [104.85171370300009, 32.64722269500004], [104.74321442200005, 32.63369804200005], [104.65653044600003, 32.67687180100006], [104.66177872700007, 32.58726090000005], [104.77163043900003, 32.51408009600004], [104.78010580800009, 32.40438722700003], [104.92791655000008, 32.35460346800005], [104.98363354900005, 32.293318390000024], [104.95334368800007, 32.17018404000004], [104.83384927800006, 32.00481754300006], [104.72855380200008, 31.98496734200006], [104.65193797300009, 32.06590930600004], [104.49544148000007, 32.111547649000045], [104.42095572300008, 32.06331904600006], [104.27725646400006, 32.14521810700006], [104.21827077000006, 32.301287245000026], [104.18340244500007, 32.29599892900006], [104.15385832600003, 32.24023710100005], [104.07822281300008, 32.23086446100007], [103.90942376600003, 32.35040822900004], [103.91522334200005, 32.49853331800006], [103.85002801000007, 32.57151300100003], [103.85148544500004, 32.607849059000046], [103.89549429500005, 32.63411231900005], [104.04774482700009, 32.645233279000024], [104.12648151400003, 32.53291558900003], [104.11120114100004, 32.46826588700003], [104.16151265200006, 32.46515595900007], [104.17573932600004, 32.49439681700005], [104.18419543300007, 32.66044248400004], [104.13995234900005, 32.72570944700004], [104.13991234100007, 32.79691248000006], [104.09557208400008, 32.844696390000024], [103.99566257900005, 32.814111086000025], [103.96895670200007, 32.83420597700007], [103.99299086000008, 32.862285203000056], [103.98018889200006, 33.03608189200003], [104.11511410600008, 32.99988198300008], [104.24434793500006, 32.89498691000006], [104.29269337300008, 32.89238068700007], [104.36553880400004, 32.95544698400005], [104.39163232900006, 32.939760299000056], [104.42515673100007, 32.989283733000036], [104.35499403900008, 33.058928980000076], [104.38413613100005, 33.109138347000055], [104.32156300800006, 33.28482993200004], [104.43646271400007, 33.312299307000046], [104.32822041700007, 33.32955052800003], [104.22702718800008, 33.399453116000075], [104.19003008900006, 33.517673724000076], [104.26671453200004, 33.53019836500005], [104.36010906300004, 33.47916680800006], [104.43428899400004, 33.48647886400005], [104.56114599000006, 33.23524924900005], [104.63494612500006, 33.22729030900007], [104.74298408000004, 33.338723694000066], [104.70254321800007, 33.430367389000025], [104.57232724900007, 33.52052836400003], [104.56641337900004, 33.56085318300006], [104.62199976200009, 33.63287832700007], [104.71044279500006, 33.57874800400003], [104.78324532600004, 33.67347620800007], [104.90935521200004, 33.69732339900003], [105.02560609700004, 33.58874644000008], [105.21491424200008, 33.65851082300003], [105.37980790700004, 33.64866377000004], [105.45355631900009, 33.71423133400003], [105.50265147600004, 33.92343404700006], [105.65282405400006, 33.960941959000024], [105.63267175400006, 34.03188185600004], [105.59102655100008, 34.05860261500004], [105.59643019500004, 34.10772668300007], [105.63312154200008, 34.08279779900005], [105.72586610100007, 34.16101349200005], [105.91859155900005, 34.13106226100007], [106.04458756000008, 34.16335326400008], [106.19593651400004, 34.11856153100007], [106.31501131000005, 34.24089813200004], [106.33378742200006, 34.10335359000004], [106.44833642400005, 34.12420465800005], [106.51920146000003, 34.25346508500007], [106.63702947700006, 34.26990662000003], [106.65382766000005, 34.33901394700007], [106.59418735400004, 34.42189648800007], [106.34134155800007, 34.56117064100005], [106.33525382500005, 34.59674931500007], [106.40059536100006, 34.68576737400008], [106.77853734700005, 34.588628490000076], [106.83122289500005, 34.60092324400006], [106.85647612900004, 34.71133565900004], [106.94420373400004, 34.715716146000034], [107.06790727000003, 34.59477895100002], [107.17966752700005, 34.56406901500003], [107.19527076800006, 34.49477324500003], [107.26279917400007, 34.422467002000076], [107.42538423700006, 34.41784086800004], [107.56355587800005, 34.361841610000056], [107.56084474600004, 34.17524834100004], [107.66312779100008, 34.15286949100005], [107.65676078800004, 34.25792700900007], [107.73245092800005, 34.34392194700007], [107.80002007800005, 34.316242154000065], [107.88490468000003, 34.198475604000066], [108.04803201600004, 34.252171746000045], [108.21836012100005, 34.18358746900003], [108.32763440900004, 34.23989577800006], [108.38560831100006, 34.19001375000005], [108.51564890000009, 34.231185878000076], [108.45825439400005, 34.11006805200003], [108.43312543900004, 33.92376064000007], [108.36765805800007, 33.794431029000066], [108.38295416900007, 33.765767511000035], [108.42338346300005, 33.75783919600008], [108.47859677000008, 33.79738489700003], [108.59102458000007, 33.770390346000056], [108.70352689800006, 33.856160629000044], [108.76169513800005, 33.81203067100006], [108.82120261300008, 33.82015420300007], [108.93812394400004, 33.72302117500004], [108.92953325100007, 33.69106204700006], [108.77952805500007, 33.63736450000005], [108.77735854200006, 33.59701725900004], [108.71204660900008, 33.54858917800004], [108.61473444000006, 33.53048376800007], [108.55293324200005, 33.32402998800006], [108.63629995000008, 33.319003501000054], [108.69360600100003, 33.27673116500006], [108.58145982400004, 33.21707176600006], [108.62192198400004, 33.155811278000044], [108.45288329300007, 33.12175094300005], [108.42253532000007, 33.00420501100007], [108.35972472200007, 32.93808052300005], [108.36873075100004, 32.851614244000075], [108.17372088300004, 32.78080002400003], [108.16554798800007, 32.74966916600005], [108.22209980200006, 32.732397201000026], [108.25284600900005, 32.67089231700004], [108.19515966300008, 32.597698276000074], [108.27066198700004, 32.47999161800004], [108.18169630000006, 32.429715884000075], [108.13866063700004, 32.43715758900004], [108.10836572300008, 32.34287856800006], [108.19257287700009, 32.27169413800004], [108.26563506800005, 32.28454805000007], [108.29502057500008, 32.24263956100003], [108.45484866300006, 32.26366135500007], [108.44836924600008, 32.228968767000026], [108.89818893800003, 31.982773938000037], [109.02463629500005, 31.94665671000007], [109.29907407700006, 31.693420746000072], [109.39895320500005, 31.728380349000076], [109.63855763900006, 31.73284551100005], [109.70972409400008, 31.62713733100003], [109.69170399800004, 31.548031215000037], [109.83373672700009, 31.545789267000032], [109.92773503500007, 31.487587507000057], [109.92902691300009, 31.42969346700005], [109.47184885300004, 31.23761625000003], [109.38663227100005, 31.251155332000053], [109.27056441200006, 31.350504448000038], [109.01259040700006, 31.36474946900006], [109.07526772800009, 31.193575276000047], [109.03988434500008, 31.146418218000065], [109.12669174300004, 31.045128370000043], [109.21779232600005, 31.05604949900004], [109.23851601700005, 31.022425714000065], [109.20732402900006, 30.922231323000062], [109.14483478500006, 30.941555574000063], [109.11680544000006, 30.853700736000064], [109.04839615600008, 30.832099516000028], [108.99566730800007, 30.642301059000033], [108.94733610600008, 30.635579017000055], [108.82707957000008, 30.505609242000048], [108.78092933300007, 30.495913985000072], [108.61397384500003, 30.62169303400003], [108.56592568700006, 30.492802469000026], [108.40870218700007, 30.496416785000065], [108.38232443800007, 30.543558077000057], [108.31040950100004, 30.42708030600005], [108.25182847900004, 30.39379541200003], [108.20054932200009, 30.411101932000065], [108.21117384700005, 30.501769834000072], [108.08863985700003, 30.581734195000024], [107.95376845600003, 30.527591999000038], [107.93933889700008, 30.481202659000076], [107.85240178400005, 30.55682455300007], [107.81908142500004, 30.55118200900006], [107.79861462400004, 30.481331349000072], [107.73508084200006, 30.50039864200005], [107.68120423600004, 30.447898078000037], [107.40117793900004, 30.50546296500005], [107.26514349700005, 30.320974207000063], [107.23688198600007, 30.23472841800003], [107.01773189400006, 30.033871495000028], [106.94492262700004, 30.054401996000024], [106.80697784500006, 30.027509612000074], [106.70951027700005, 30.073305590000075], [106.59761818000004, 30.297015762000058], [106.46700225900008, 30.286964005000073], [106.43790201500008, 30.241569475000063], [106.29099505400006, 30.185932217000072], [106.20582758200004, 30.20227639600006]]]}}, {"type": "Feature", "properties": {"id": "忠武", "name": "忠武", "color": "#d79776", "owner": "鄭陳", "units": ["许", "陈"], "label_lon": 114.383, "label_lat": 33.806}, "geometry": {"type": "Polygon", "coordinates": [[[114.84421652700007, 33.08061896000004], [114.74617388100012, 33.11451456000003], [114.71185844400009, 33.16627206600003], [114.71701508100011, 33.30695207000008], [114.59879159000002, 33.34674635500005], [114.57173165600011, 33.43021715800006], [114.455083596, 33.47299364100007], [114.34385728400002, 33.45207977300004], [114.28631982900004, 33.48778444800007], [114.30799641600004, 33.55835781900004], [114.20155418700006, 33.71040127100002], [114.13639991500008, 33.662053892000074], [114.09682524400012, 33.67024284200005], [114.08398386700003, 33.71892175100004], [114.00390101900007, 33.72975506500006], [113.56992324200007, 33.70087515200004], [113.5502048830001, 33.606662828000026], [113.36157665000007, 33.35335147500007], [113.23375182900008, 33.35738220400003], [113.18352946800007, 33.40463682800004], [113.09388366200005, 33.42640064700004], [113.09402900300006, 33.48393564400004], [113.0164579420001, 33.56735667700008], [113.14125294400003, 33.581773680000026], [113.121837647, 33.66292079900006], [113.34068456500006, 33.69843849200004], [113.37226482300002, 33.76157862100007], [113.32901291500002, 33.87973541200006], [113.37727795800004, 34.014717853000036], [113.587972078, 34.04746762100007], [113.60266246300012, 34.20716524200003], [113.56252062300007, 34.25404782100003], [113.60640047700008, 34.290972346000046], [113.48781518800001, 34.358798327000045], [113.6451620360001, 34.48277317900005], [113.64280211200003, 34.54693867700007], [113.579261975, 34.61374970800006], [113.69361616200001, 34.65013199600003], [113.76508179500001, 34.61560895100007], [113.83572987800005, 34.528080826000064], [113.84607534100007, 34.35164252900006], [113.9786933790001, 34.26533727800006], [114.11879511000006, 34.22228159100007], [114.26561348700011, 34.28628026500007], [114.37451862500006, 34.26798233300008], [114.4044956780001, 34.321839425000064], [114.47122999900012, 34.33085151700004], [114.62873088600008, 34.24890772700007], [114.74909723500002, 34.23993477700003], [114.85801401700007, 34.28219465300003], [115.05581812300011, 34.239980299000024], [115.088514282, 34.21717611300005], [115.11650711400011, 34.06386636800005], [115.06212890800009, 34.00294050100007], [115.07635370800006, 33.94901252100004], [115.01125549200003, 33.920501570000056], [115.05111288400008, 33.89962187400005], [115.08403183100006, 33.795483586000046], [115.42056329700006, 33.758663987000034], [115.44754129400008, 33.72963360700004], [115.53325611500009, 33.72758252600005], [115.57879138700002, 33.682279392000055], [115.55100464500003, 33.65678266800006], [115.55647962800003, 33.56094656800008], [115.40434440100012, 33.56313849000003], [115.39229205400011, 33.503376365000065], [115.31941014400002, 33.49188014600003], [115.27672523300009, 33.38982536700007], [115.31643368000005, 33.295395599000074], [115.27398707200007, 33.25708250100007], [115.26723684600006, 33.13066487000003], [115.22589638700003, 33.090522357000054], [115.02012515100012, 33.069378124000025], [114.8740666010001, 33.13273127800005], [114.84649541800002, 33.125664294000046], [114.84421652700007, 33.08061896000004]]]}}, {"type": "Feature", "properties": {"id": "淮南", "name": "淮南", "color": "#e9b082", "owner": "淮南", "units": ["和", "寿", "庐", "扬", "楚", "滁", "舒"], "label_lon": 118.077, "label_lat": 32.032}, "geometry": {"type": "Polygon", "coordinates": [[[116.60955157100011, 30.063879816000053], [116.4113855270001, 30.157287116000077], [116.34364721600002, 30.263374017000046], [116.24972044900005, 30.30784338600006], [116.17894399800002, 30.38628186300008], [116.04401668100002, 30.36719426600007], [115.99901171300007, 30.419874719000063], [115.8926066350001, 30.435199822000072], [115.87315091100004, 30.547144986000035], [115.78035170600003, 30.604428248000033], [115.74130560100002, 30.716327410000076], [115.82273519800003, 30.76983950400006], [115.80372299200008, 30.843546398000058], [115.8259270310001, 30.879063364000046], [115.90134628300007, 30.88120482000005], [116.02403774100003, 30.980811109000058], [115.83660474300007, 31.12655312000004], [115.94686960100012, 31.17621960100007], [116.05329940500008, 31.31154842600006], [116.05970602800005, 31.42034762800006], [116.16647497400004, 31.560137266000027], [116.13788719000001, 31.604317071000025], [116.00155197000004, 31.668081209000036], [116.10380220700006, 31.700870400000042], [116.14275507800005, 31.75921756500003], [116.02175817800003, 31.775504256000033], [115.86050988300008, 31.855879317000074], [115.88845382600005, 32.01661229200005], [115.85806173100002, 32.20936467400003], [115.83604774800006, 32.21043824700007], [115.86611710700004, 32.32278994700005], [115.81871782600001, 32.434343288000036], [115.87842587700004, 32.57253255300003], [115.94592402500007, 32.60242026700007], [115.98992708700007, 32.58069242100004], [116.12379016500006, 32.44195868200006], [116.23996058700004, 32.44053915000006], [116.27791126800003, 32.502301155000055], [116.35132480800007, 32.44836920200004], [116.43886876900001, 32.434606830000064], [116.58189774900006, 32.582533315000035], [116.44722417800006, 32.724703230000046], [116.42549295100002, 32.827285388000064], [116.3653474670001, 32.84363889900004], [116.35206665700002, 33.092686127000036], [116.4395954470001, 33.17950643100005], [116.38039868300007, 33.27981508600004], [116.31454183100004, 33.302818185000035], [116.25996037800007, 33.384436538000045], [116.36197134100007, 33.38531005400006], [116.41161084200007, 33.46717865900007], [116.64113218700004, 33.47305217100006], [116.76201742900003, 33.42783742700004], [116.80755735200012, 33.19767668700007], [116.73534776000008, 33.11650984000005], [116.74358072500002, 33.055718554000066], [116.79695070100001, 33.01857646700006], [116.73429890500006, 32.93261638400003], [117.01118470600011, 32.758765459000074], [117.11798603900002, 32.773548110000036], [117.13666174200011, 32.65027831000003], [117.17852918500012, 32.62003566100003], [117.21324588200002, 32.481765868000025], [117.24746144500011, 32.454001239000036], [117.36731631500004, 32.478996976000076], [117.34743930700006, 32.38418953000007], [117.42239148200008, 32.36492757000008], [117.39212603200008, 32.29758951000008], [117.43105722300004, 32.23624252700006], [117.51163019, 32.20958759800004], [117.87143657900003, 32.24374810300003], [117.92248683500009, 32.336131366000075], [118.0143944030001, 32.40365557400003], [118.04361221500005, 32.48661799200005], [118.116375919, 32.446817328000066], [118.28616725800009, 32.47435327000005], [118.4083116170001, 32.66084133500004], [118.38411540800007, 32.73354385500005], [118.33602315000007, 32.72962969300005], [118.2877610490001, 32.79652136300007], [118.24897882500011, 32.89381685300003], [118.19645431100002, 33.19667699900003], [118.0224605630001, 33.131952141000056], [117.91524035700002, 33.21716456400003], [118.01432871800012, 33.47571657700007], [118.08317918600005, 33.48586302600006], [118.08213362100003, 33.59766824900004], [118.1325637110001, 33.646122579000064], [118.12405864900006, 33.73529911800006], [118.15209281400007, 33.76549054900005], [118.14481286300008, 33.85669390400005], [118.06477258100006, 33.928183844000046], [117.98362626500011, 34.121103736000066], [118.03813811300006, 34.15006775200004], [118.18317501600006, 34.150884122000036], [118.28391313300006, 34.095656907000034], [118.5034206040001, 34.11928818900003], [118.53759631800006, 34.08472378500005], [118.55375155700006, 33.963318213000036], [118.82298849300003, 33.97075788400008], [118.92262284200001, 33.89248405700005], [119.01894185100002, 33.89036154200005], [119.05103692600005, 33.98387403100003], [119.15795489800007, 34.067023247000066], [119.23285747800003, 34.02957970700004], [119.35380189300008, 34.02830472900007], [119.42330930900005, 33.98216090000005], [119.544331897, 34.03043910100007], [119.579870002, 33.965551574000074], [119.62810641100009, 33.958019096000044], [119.61336584100002, 33.93307587100003], [119.68066023600011, 33.90169890900006], [119.7889329520001, 33.93199611800003], [119.83514136800011, 33.81026778200004], [119.94784945800006, 33.84005100400003], [119.98537120800006, 33.92966471400007], [120.0603748850001, 33.95359056800004], [120.09229151500006, 33.90221175500005], [120.13413841400006, 33.901062575000026], [120.1638119590001, 34.01214603500006], [120.13338443400005, 34.03712485400007], [120.31355884900006, 34.11328824200007], [120.37294757400002, 34.03542423300007], [120.41531254300003, 33.89727724900007], [120.47024959900011, 33.84305949800006], [120.4469022830001, 33.78166201300007], [120.47453380000002, 33.78754296500006], [120.52464460600004, 33.69569433100003], [120.52486233900004, 33.626028305000034], [120.58861525800012, 33.52847064600007], [120.65122665800004, 33.29068735200008], [120.74353346900011, 33.21954322300007], [120.71659357500005, 33.17384978500007], [120.77803517000007, 33.03645398900005], [120.85447287300008, 33.026293329000055], [120.87581564300001, 32.99366901700006], [120.90410680700006, 32.84269555100008], [120.8382651280001, 32.813049962000036], [120.83035765900001, 32.76844499500004], [120.88206544800005, 32.73137561300007], [120.89480785900003, 32.63243181100006], [120.84918681500005, 32.647246016000054], [120.79860731500003, 32.60597289300006], [120.64706549400012, 32.592062706000036], [120.57792857900006, 32.64374592300004], [120.41878348400007, 32.65016139000005], [120.36634788000003, 32.70191516400007], [120.24493091200009, 32.681334535000076], [120.17633162000004, 32.627528002000076], [120.24532635300011, 32.57278407000007], [120.2621686980001, 32.34992164600004], [120.02427150200003, 32.35053863100006], [119.859376569, 32.38545659500005], [119.83336155300003, 32.266759824000076], [119.743837256, 32.30306240500005], [119.63510506400007, 32.20535873500006], [119.587101888, 32.250374056000055], [119.44300370500002, 32.257898469000054], [119.27927993700007, 32.20514073100003], [119.22761327900002, 32.22540555000006], [119.02033932100005, 32.13508365200005], [119.09932272300011, 32.05760677200004], [119.07795851600008, 31.96669903000003], [119.10332828600008, 31.892932038000026], [119.07866184400007, 31.86138667800003], [118.95565917500005, 31.84946171400003], [118.96002860600004, 31.821848931000034], [119.16822074000004, 31.706684180000025], [119.1799574160001, 31.60034114900003], [119.1203471120001, 31.45605929000004], [119.194583953, 31.344487402000027], [119.17668981100007, 31.25793315900006], [119.14049827800011, 31.28979378300005], [119.0861762510001, 31.269532061000064], [119.01713341100003, 31.23682673600007], [118.97278317200005, 31.16303207900006], [118.98170377200006, 31.016202570000075], [119.02196029800007, 30.920666787000073], [118.99313821300007, 30.858933052000054], [119.04885692000005, 30.78327051200006], [118.98461610400011, 30.736681843000042], [118.8390493060001, 30.72627549200007], [118.78472402900002, 30.60473391900007], [118.69370006200006, 30.557530263000046], [118.652989638, 30.577662618000033], [118.60804340000004, 30.539406077000024], [118.58350923100011, 30.444366596000066], [118.5056917920001, 30.404231309000068], [118.39339788200004, 30.43214027700003], [118.25991362700006, 30.38907851400006], [118.19382411600009, 30.465694237000037], [118.098228833, 30.451259090000065], [118.10395818200004, 30.52291087800006], [118.03201851500012, 30.502347693000047], [117.95887167700005, 30.52204836900006], [117.93011472300009, 30.451304339000046], [117.952706508, 30.333934716000044], [117.83014576900007, 30.258097923000037], [117.84438513600003, 30.22599863100004], [117.7956143780001, 30.184754491000035], [117.89765764700007, 30.173232745000064], [117.94754779400012, 30.06056749800007], [118.06967830400004, 30.081745812000065], [118.09166509200008, 30.028613650000068], [118.01589827200007, 29.986619045000054], [118.04684529500003, 29.897126894000053], [117.98985617100004, 29.86285095200003], [117.97744023500002, 29.796276705000025], [117.90985150600011, 29.78642299200004], [117.93323252400012, 29.853046403000064], [117.87159580800005, 29.877390612000056], [117.71396903100003, 30.07713304500004], [117.66450321600007, 30.11010913800004], [117.53330760500012, 30.108623367000064], [117.51693766100004, 30.05253397100006], [117.25018816800002, 29.99949613700005], [117.1867094260001, 29.92410194400003], [117.10624996500007, 29.902860314000066], [117.04856843800007, 29.830176051000024], [117.0811763370001, 29.788321418000066], [117.06649619200005, 29.68657478600005], [116.94346631300004, 29.66276749900004], [116.78977024100004, 29.57174049200006], [116.75516628500009, 29.600256710000053], [116.70086130300001, 29.585165965000044], [116.65261126000007, 29.722200229000066], [116.80558523600007, 29.846400911000046], [116.86560114600002, 29.940455747000044], [116.69745598800012, 30.059462874000076], [116.60955157100011, 30.063879816000053]]]}}, {"type": "Feature", "properties": {"id": "劍南西川", "name": "劍南西川", "color": "#8cb57d", "owner": "劍南", "units": ["剑", "古", "姚", "干", "当", "恭", "悉", "扶", "普", "松", "柘", "梓", "泸", "渝", "环", "益", "真", "简", "绵", "翼", "荣", "资", "遂", "陵", "霸", "静", "龙"], "label_lon": 103.012, "label_lat": 28.17}, "geometry": {"type": "MultiPolygon", "coordinates": [[[[101.12254024000003, 23.302724304000037], [100.88545520900004, 23.219216123000024], [100.60897163500005, 22.959271578000028], [100.61432250400009, 22.84743693100006], [100.52063685100006, 22.802685788000076], [100.32146742300006, 22.878462069000022], [100.32207805200005, 22.931046395000067], [100.15840481400005, 23.071229349000077], [100.12567446400004, 23.17496256000004], [100.08444581000003, 23.202378043000067], [100.11159985700004, 23.223217588000068], [100.12775554900009, 23.410346381000068], [100.20959702300007, 23.56348770200003], [100.03594327100006, 23.55071523600003], [100.01326596700005, 23.57830358600006], [100.03317725100004, 23.71231266800004], [99.97360008400005, 23.80782884300004], [99.92926803200004, 23.82138604000005], [99.90603003000007, 24.02373082300005], [99.83288287800008, 24.034455044000026], [99.65685527200009, 23.955134776000023], [99.59677026400004, 23.862044858000047], [99.48861139500008, 23.778713881000044], [99.38617128000004, 23.76383741500007], [99.32201272400005, 23.83954055600003], [99.22712352700006, 23.82963191700003], [99.20116453500003, 23.850495742000078], [99.19010718200008, 24.00924135500003], [99.09897664600004, 24.086133811000025], [99.15118288500008, 24.21543749700004], [99.11462738400007, 24.34928443900003], [98.98543560200005, 24.427759483000045], [99.06360747600007, 24.572803992000047], [99.04718842500006, 24.686676658000067], [98.96449945000006, 24.752388922000023], [98.95531446900009, 24.82657884100007], [98.74471164400006, 24.849776017000067], [98.76634226500005, 24.88196861700004], [98.74406511700005, 25.34815962500005], [98.80606684400004, 25.55579169500004], [98.76079582100004, 25.62539440300003], [98.71156865700004, 25.841357199000072], [98.73674631100005, 25.881604577000076], [98.62010165500004, 26.004456937000043], [98.57906296200008, 26.157398215000057], [98.69702951200009, 26.149754763000033], [98.70784307000008, 26.09938889600005], [98.74655428100004, 26.147644866000064], [98.74847695000005, 26.210389288000044], [98.70223366500005, 26.256991242000026], [98.76006966800009, 26.38430059600006], [98.86906336800007, 26.327141581000035], [98.88148627800007, 26.222558967000055], [99.01581408400006, 26.199913777000063], [99.02215439500009, 26.76869282100006], [98.96562148500004, 26.866448992000073], [98.99696434800006, 26.941694978000044], [99.24849127800007, 27.001939994000054], [99.25929489000004, 27.043105584000045], [99.37449793400003, 26.887780752000026], [99.44669080300008, 26.96309695000008], [99.41286152700008, 27.04465695500005], [99.42463838600008, 27.107356078000066], [99.37691326700008, 27.17767092200006], [99.40571256500004, 27.294938815000023], [99.39279417800009, 27.397972055000025], [99.40219292900008, 27.426936841000042], [99.52078093900008, 27.47178683900006], [99.56302885400004, 27.579560267000033], [99.68907792800007, 27.30760951600007], [99.83070465900005, 27.201059111000063], [99.98212189300006, 27.000998484000036], [99.96717432900004, 26.938913855000067], [100.00150954900005, 26.884754327000053], [100.07903380200008, 26.98098315900006], [100.10611078200009, 27.19908734100005], [100.25161732900006, 27.30531336400003], [100.19696616800007, 27.487218074000054], [100.30917518400008, 27.690954125000076], [100.48580339500006, 27.88118482300007], [100.53055715200009, 27.81024145300006], [100.67715331800008, 27.896173137000062], [100.73646961500003, 27.810528755000064], [100.84231826700005, 27.87478967900006], [100.92312248700006, 27.862436110000033], [101.02643322200004, 27.764823705000026], [101.19738362000004, 27.80535356300004], [101.22285211400003, 27.69523546100004], [101.25144563400005, 27.67946310600007], [101.35847910300004, 27.751088237000033], [101.43985115700008, 27.760836979000032], [101.45946957400008, 27.789178508000077], [101.41089361500008, 27.88414173800004], [101.42526183600006, 27.925944155000025], [101.53127029800004, 27.987298886000076], [101.55687919300004, 28.092943638000065], [101.65867771000006, 28.144923078000033], [101.65206956100008, 28.177541011000073], [101.69086650000008, 28.195847542000024], [101.65835490100005, 28.339149888000065], [101.79998379700004, 28.41412729700005], [101.80461457100006, 28.560045608000053], [101.92141176200005, 28.622959834000028], [102.02173869000006, 28.73446467200006], [101.98018102500004, 28.813828639000064], [101.99539456400004, 28.886197904000028], [102.16770388900005, 29.035978785000054], [102.15186943200007, 29.139469704000078], [102.06942739700008, 29.185296879000077], [102.13121234900007, 29.225172582000027], [102.11812721800004, 29.25611930100007], [102.05733213800005, 29.29398112000007], [101.90007153000005, 29.287225438000064], [101.75488887200004, 29.206286439000053], [101.71683237500008, 29.217176907000066], [101.70262533400006, 29.282727967000028], [101.51428620200005, 29.291243381000072], [101.47224129300008, 29.323614875000032], [101.36658799400004, 29.256419097000048], [101.33494513400007, 29.196677788000045], [101.26654456900008, 29.234256204000076], [101.18435397400003, 29.169804165000073], [101.02816201700006, 29.142462539000064], [100.94089817600008, 29.072468143000037], [100.88016489400007, 29.29443331400006], [100.93145945800006, 29.375158459000033], [100.92555261200005, 29.48589822300005], [100.80384164600008, 29.525669150000056], [100.70617095700004, 29.69742194500003], [100.49943786600005, 29.914238185000045], [100.52894997500005, 30.013310730000057], [100.44273212500008, 30.07857975400003], [100.37805313600006, 30.06498709300007], [100.35960598000008, 30.149959214000035], [100.42686671600006, 30.22884832400007], [100.54110068800009, 30.236205863000066], [100.58971805200008, 30.182811268000023], [100.71515573100004, 30.157317083000066], [100.74421423700005, 30.08069190200007], [100.78443197800004, 30.07669575400007], [100.82732080400007, 30.018756874000076], [100.85979990400006, 30.019896489000075], [100.92049034300004, 30.161930405000078], [100.82171307200008, 30.198201953000023], [100.64448763200005, 30.459134516000063], [100.51023560200008, 30.464492848000077], [100.46321453200005, 30.54131976700006], [100.38748885200005, 30.535151727000027], [100.34590987400009, 30.564005699000063], [100.19181234300004, 30.539113975000078], [100.11827802700009, 30.66161108500006], [99.95536352100004, 30.725947132000044], [99.87564416700008, 30.644300265000027], [99.76238579200003, 30.682571521000057], [99.77575465600006, 30.982527167000057], [99.84954873900006, 30.996459360000074], [99.95265395700005, 31.08213936100003], [99.91550613300006, 31.120191738000074], [99.88089131800007, 31.315693674000045], [99.63780324100009, 31.44469764200005], [99.67328278800005, 31.511803129000043], [99.73298855100006, 31.53324641000006], [99.82101122900008, 31.471882820000076], [99.93602997300007, 31.47745894800005], [99.98397596700005, 31.426638209000032], [100.09663604400004, 31.528298474000053], [100.26581047300004, 31.484859458000074], [100.29847584800007, 31.53961134800005], [100.21566054300007, 31.613568212000075], [100.19105615800004, 31.695217694000064], [100.25736429200003, 31.696915872000034], [100.31809595200008, 31.840677795000033], [100.43975312800006, 31.84331615900004], [100.44270850700008, 31.875258890000055], [100.35697525000006, 31.99151783800005], [100.28694664500006, 31.99291637700003], [100.23675314800005, 32.159773768000036], [100.20432536800007, 32.147461564000025], [100.20230056000008, 32.08424901600006], [100.16684153000006, 32.08327514800004], [100.16843789300003, 31.98845902100004], [100.13454012900007, 31.975116985000057], [100.06081044600006, 32.01580885300007], [100.02689315200007, 31.863276067000072], [99.99141753300006, 31.863623852000046], [99.96472898900004, 32.02619353600005], [99.89089232700007, 32.05341414800006], [99.82965659300004, 32.17437227200003], [99.85273732100006, 32.195019365000064], [99.92042221100007, 32.17208180600005], [99.89036915100007, 32.26806099400005], [99.89583865600008, 32.47560724900006], [99.85438963600006, 32.45994433000004], [99.75833461000008, 32.55261666100006], [99.61847958900006, 32.59112393600003], [99.52268259600004, 32.728826670000046], [99.63270671000004, 32.69569025900006], [99.64318416100008, 32.74120115900007], [99.69487967200007, 32.76256146600008], [99.79254750200005, 32.66196993900007], [99.84590455800009, 32.67002526300007], [99.87626672200008, 32.69665669400007], [99.88999265600006, 32.83875134900006], [99.98411245100004, 32.861713321000025], [100.01840843800005, 32.927856674000054], [100.06539076900003, 32.92724436100008], [100.04632988600008, 32.887341125000034], [100.10916044700008, 32.863931595000054], [100.15180110100005, 32.72917199500006], [100.11855466000009, 32.68097599500004], [100.16388079000006, 32.61241467700006], [100.24015367200008, 32.619483901000024], [100.28132168000008, 32.74675424700007], [100.35043918400004, 32.72374074700008], [100.41945546900007, 32.747040525000045], [100.50433418800009, 32.69130689200006], [100.57305275600004, 32.587003182000046], [100.47140427000005, 32.46399549600005], [100.57348659400009, 32.415813815000035], [100.65125599100008, 32.50211669300006], [100.66475343200005, 32.601239486000054], [100.73240936000008, 32.61713458600008], [100.73385914600004, 32.67073207800007], [100.94442407700006, 32.60464316800005], [101.11279987000006, 32.68216602000007], [101.12972397600004, 32.65666909000004], [101.21584569000004, 32.68343594900006], [101.26648326600008, 32.75747434700003], [101.22535798000007, 32.83558121200008], [101.11078288600004, 32.91723770400006], [101.16751576600007, 33.104850826000074], [101.21855764000009, 33.17710630700003], [101.27043802600008, 33.19240262500006], [101.40708353600007, 33.151341950000074], [101.44309708000009, 33.22331539000004], [101.50850969000004, 33.21452140500003], [101.55621430200006, 33.14571907100003], [101.62540014000007, 33.121105543000056], [101.66283979000008, 33.14948581500005], [101.74200098300008, 33.25010142300005], [101.66993230200006, 33.33332434700003], [101.72183146800006, 33.42405043100007], [101.79761741900006, 33.46645028700004], [101.80556647000009, 33.57591821900007], [101.84537954800004, 33.637702266000076], [101.91532132500004, 33.55518920800006], [101.94965754500004, 33.36759218000003], [101.90541843600005, 33.274393787000065], [101.82615299800005, 33.225529952000045], [101.92770460500009, 33.12954036100007], [101.98847695500007, 33.133548534000056], [102.01331064300007, 33.19121379200004], [102.09511181500005, 33.21521412300007], [102.15567103100005, 33.30004296200008], [102.19947507700005, 33.24371176200003], [102.22791100100005, 33.305370389000075], [102.33875619200006, 33.243632657000035], [102.45758981100005, 33.245438927000066], [102.56476882400005, 33.18339917900005], [102.83509516100008, 33.326124607000054], [103.05534259600006, 33.259714], [103.19433314800006, 33.32613278300005], [103.22870032500003, 33.31377085100007], [103.26963441600009, 33.14406310600003], [103.39330036000007, 33.06241802900007], [103.51177184500006, 33.136676125000065], [103.48076351400005, 33.20523330800006], [103.53366251800009, 33.28923132500006], [103.53215997500007, 33.38469480900005], [103.64274394100005, 33.52514688400004], [103.52535923800008, 33.61726590200004], [103.54196739900004, 33.67807564800006], [104.05168578900003, 33.68331883400003], [104.18161649400008, 33.572293898000055], [104.22702718800008, 33.399453116000075], [104.32822041700007, 33.32955052800003], [104.43646271400007, 33.312299307000046], [104.32156300800006, 33.28482993200004], [104.38413613100005, 33.109138347000055], [104.35499403900008, 33.058928980000076], [104.42515673100007, 32.989283733000036], [104.39163232900006, 32.939760299000056], [104.36553880400004, 32.95544698400005], [104.29269337300008, 32.89238068700007], [104.24434793500006, 32.89498691000006], [104.11511410600008, 32.99988198300008], [103.98018889200006, 33.03608189200003], [103.99299086000008, 32.862285203000056], [103.96895670200007, 32.83420597700007], [103.99566257900005, 32.814111086000025], [104.09557208400008, 32.844696390000024], [104.13991234100007, 32.79691248000006], [104.13995234900005, 32.72570944700004], [104.18419543300007, 32.66044248400004], [104.17573932600004, 32.49439681700005], [104.16151265200006, 32.46515595900007], [104.11120114100004, 32.46826588700003], [104.12648151400003, 32.53291558900003], [104.04774482700009, 32.645233279000024], [103.89549429500005, 32.63411231900005], [103.85148544500004, 32.607849059000046], [103.85002801000007, 32.57151300100003], [103.91522334200005, 32.49853331800006], [103.90942376600003, 32.35040822900004], [104.07822281300008, 32.23086446100007], [104.15385832600003, 32.24023710100005], [104.18340244500007, 32.29599892900006], [104.21827077000006, 32.301287245000026], [104.27725646400006, 32.14521810700006], [104.42095572300008, 32.06331904600006], [104.49544148000007, 32.111547649000045], [104.65193797300009, 32.06590930600004], [104.72855380200008, 31.98496734200006], [104.83384927800006, 32.00481754300006], [104.95334368800007, 32.17018404000004], [104.98363354900005, 32.293318390000024], [104.92791655000008, 32.35460346800005], [104.78010580800009, 32.40438722700003], [104.77163043900003, 32.51408009600004], [104.66177872700007, 32.58726090000005], [104.65653044600003, 32.67687180100006], [104.74321442200005, 32.63369804200005], [104.85171370300009, 32.64722269500004], [104.92372230300003, 32.58714600500008], [105.04591510000006, 32.64106087600004], [105.10881995700004, 32.603610512000046], [105.20076230800004, 32.651923629000066], [105.29833295900005, 32.63985338500004], [105.46897301000007, 32.762774629000035], [105.41659936600007, 32.77404630600006], [105.40311292200005, 32.85052058800005], [105.43374652300008, 32.903193060000035], [105.50447797200007, 32.90407064500005], [105.50453687100008, 32.80277403500003], [105.57480496600004, 32.70851115200003], [105.63923740200005, 32.71747605200005], [105.56348878200004, 32.59020583500006], [105.58104316200007, 32.52879782300005], [105.42551085000008, 32.451106914000036], [105.38195782800005, 32.33533560700005], [105.30223954900003, 32.36482555600003], [105.24623280600008, 32.31939391000003], [105.27395582000008, 32.26561584500007], [105.26609168400006, 32.15843971500004], [105.30641247800008, 32.14242319500005], [105.57831134000008, 32.28294882200004], [105.71997158700009, 32.14022594800008], [105.69702418300005, 32.077995663000024], [105.72092749300003, 32.05426871800006], [105.68660318200006, 32.004363011000066], [105.70321489400004, 31.91207111800003], [105.83833873900005, 31.91301671900004], [105.79695423300006, 31.869979837000074], [105.70925606000009, 31.60569256200006], [105.65336497800007, 31.610543703000076], [105.61525234600003, 31.562165107000055], [105.50400171700005, 31.575913768000078], [105.45600937200004, 31.53359387300003], [105.53442481300004, 31.381094484000073], [105.64088515100008, 31.389366367000036], [105.65406353700007, 31.35725725900005], [105.60410170000006, 31.307142674000033], [105.72419502700006, 31.137773758000037], [105.72599479100006, 31.025442360000056], [105.62646656700008, 30.966181489000064], [105.65571151000006, 30.915297300000077], [105.74759211400004, 30.89990722700003], [105.81646862300005, 30.632242606000034], [105.87271671100007, 30.60173118700004], [105.85754384500007, 30.47812376400003], [106.00694272500004, 30.492019261000053], [105.95539833000004, 30.43583492500005], [106.06358856800006, 30.33358025800004], [106.17627316500005, 30.31790647200006], [106.20582758200004, 30.20227639600006], [106.29099505400006, 30.185932217000072], [106.43790201500008, 30.241569475000063], [106.46700225900008, 30.286964005000073], [106.59761818000004, 30.297015762000058], [106.70951027700005, 30.073305590000075], [106.80697784500006, 30.027509612000074], [106.87015232200008, 30.03864578400004], [106.86107998600005, 29.976851055000054], [106.92292296700003, 29.984544990000074], [106.98094095100004, 29.950233832000038], [106.93542346600009, 29.81285947600003], [106.98887347500005, 29.714385771000025], [106.90783119700006, 29.376415596000072], [106.94104801600008, 29.194750267000074], [106.87496017500007, 29.129961038000033], [106.78324078800006, 29.171728298000062], [106.67477726300007, 29.174147280000057], [106.55805745000004, 29.12516574500006], [106.54552661000008, 29.20187220100007], [106.45908018200004, 29.328850295000052], [106.39664352000005, 29.346307412000044], [106.37292728700004, 29.277886971000044], [106.30183183900004, 29.256463637000024], [106.26137718400008, 29.39378110000007], [106.12934614900007, 29.262345534000076], [106.04078554900008, 29.295668527000032], [106.08759399800005, 29.531455074000064], [106.15320661600003, 29.630540008000025], [106.18019145800008, 29.756206641000063], [106.33469786100005, 29.879640979000044], [106.21382079800009, 29.92430311800007], [106.13849069400004, 29.913871216000075], [106.08877880400007, 29.990251879000027], [105.98256894400004, 30.03816611900004], [105.99174975100004, 30.070047626000076], [105.92474291500008, 30.055832370000076], [105.88426598800004, 30.008073377000073], [105.92329914600003, 29.97832255000003], [105.93725475000008, 29.875046989000055], [105.86757534700007, 29.884775725000054], [105.71699126800007, 29.777110535000077], [105.72183937900007, 29.83062368900005], [105.61701100900007, 29.81772429600005], [105.59915148300007, 29.740951452000047], [105.45120421100006, 29.67402989800007], [105.42173500100006, 29.689892186000066], [105.30980099500005, 29.53863619300006], [105.40678489600003, 29.501345642000047], [105.43499547600004, 29.387550840000074], [105.41305983600006, 29.322646390000045], [105.52508179700004, 29.265067776000024], [105.63864131100007, 29.26937567500005], [105.64955431100009, 29.239823929000067], [105.71103327700007, 29.260809234000078], [105.73145365800008, 29.064384365000024], [105.79715684500007, 28.922007870000073], [105.91178597400005, 28.89177071200004], [105.98423302300006, 28.952758190000054], [106.06278396000005, 28.89766805900007], [106.17659018800003, 28.895836488000043], [106.25341115300006, 28.841064962000075], [106.32429520700003, 28.54211738200007], [106.37789342500008, 28.521774631000028], [106.37438516500004, 28.49807800900004], [106.33958204100009, 28.46923572000003], [106.25290066500008, 28.537187594000045], [106.23933398600008, 28.468658077000043], [106.11639124100009, 28.42570822700003], [106.11788288900004, 28.385908033000078], [105.95279258300008, 28.264954273000058], [105.81891355000005, 28.280351464000034], [105.77980823500008, 28.317548772000066], [105.66615308400009, 28.26181410600003], [105.61728264100009, 28.18680312300006], [105.62231723400004, 28.11816833000006], [105.50041973100008, 27.92056946200006], [105.53162333800009, 27.82219596400006], [105.51546651000007, 27.749342815000034], [105.47680453200007, 27.769120523000026], [105.33242968600007, 27.711927133000074], [105.32983751100005, 27.653742153000053], [105.24683086400006, 27.567748063000067], [105.26976978400006, 27.521137881000072], [105.22058548400008, 27.415843938000023], [105.14252800300005, 27.42868639900007], [104.94026606400007, 27.35427687200007], [104.89959810300007, 27.285086041000056], [104.86445599400008, 27.306271751000054], [104.87300384800005, 27.219735628000024], [105.03566463800007, 27.07415933200008], [104.95759964400008, 26.993678901000067], [104.96687984200008, 26.966431369000077], [105.03001967000006, 26.96218185400005], [104.92104084600004, 26.858630529000038], [104.82701348200004, 26.89504483500008], [104.75615593200007, 26.80158], [104.75597664700007, 26.685544766000078], [104.69197155200004, 26.603649542000028], [104.70324077500004, 26.576926123000078], [104.56382958200004, 26.585609942000076], [104.46717161600009, 26.638855741000043], [104.48281228900004, 26.710720526000046], [104.40756055600008, 26.734882329000072], [104.29376134200004, 26.62114852900004], [104.19971151000004, 26.63971168100005], [104.10775692600004, 26.611505801000078], [104.08332860500008, 26.539984150000066], [103.92026099900005, 26.51768237300007], [103.85130200900005, 26.43435321000004], [103.76945781900008, 26.458175908000044], [103.67363333200007, 26.361082915000054], [103.64035856000004, 26.269856121000032], [103.67961962600003, 26.210098999000024], [103.52749195200005, 26.063973803000067], [103.56697479000007, 25.985742525000035], [103.53486483800003, 25.91115017100003], [103.53427355000008, 25.725610234000044], [103.49569578900008, 25.678449672000056], [103.57268461800004, 25.60884678700006], [103.71430529100007, 25.605853206000063], [103.69126473100005, 25.530537911000067], [103.74198099900008, 25.51622151500004], [103.75989797900007, 25.35219558500006], [103.80048344900007, 25.343884149000075], [103.83028954200006, 25.211840491000032], [103.99281859200005, 25.16711820200004], [104.01390801800005, 25.096746662000044], [104.00516317700004, 25.054972699000075], [103.89333903900007, 24.995331234000048], [103.68292494500008, 24.77886007400008], [103.61066886600008, 24.633035260000042], [103.52955177200005, 24.548473280000053], [103.58197022700006, 24.461406542000077], [103.63622109500005, 24.434261983000056], [103.59154348600003, 24.340658293000047], [103.61955016800005, 24.325112215000047], [103.67881776900003, 24.361336547000064], [103.70945405200007, 24.311061254000037], [103.81502568500008, 24.28179557900006], [103.80419834600008, 24.209886657000027], [103.73402224200004, 24.19737709700007], [103.61547562600003, 24.100393712000027], [103.66316169800007, 23.978263066000068], [103.62971837900005, 23.881339207000053], [103.46389933700004, 23.88305685100005], [103.41552188800006, 23.83069097200007], [103.27323566500007, 23.850870419000046], [103.15104611200007, 24.02385001300007], [103.12456629800005, 24.221304282000062], [103.03258097800006, 24.100921714000037], [102.93205880600004, 24.083566696000048], [102.88036767100004, 24.009799116000067], [102.80469968900007, 24.074305605000063], [102.70444407100007, 23.971817540000075], [102.73027024400005, 23.924945035000064], [102.68049853700006, 23.86845519700006], [102.69947953300004, 23.806448405000026], [102.63659266100007, 23.783792281000046], [102.70762525700007, 23.671666980000055], [102.61949930700007, 23.609070990000077], [102.62951402300007, 23.34509461400006], [102.46953495900004, 23.407161767000048], [102.40278369600009, 23.401262419000034], [102.36032667200004, 23.45303167700007], [102.29448881800005, 23.43349636100004], [102.22485622000005, 23.464111623000065], [102.102029, 23.35140000800004], [102.03210611800006, 23.348166654000067], [101.93410713500003, 23.39693468300004], [101.88336355000007, 23.383279240000036], [101.82657571700008, 23.22829467300005], [101.88044759500008, 23.180947523000043], [102.00330351300005, 23.19377263800004], [102.04627043600004, 23.142596507000064], [102.04756226200004, 23.080261058000076], [102.00591007200006, 23.01484021400006], [101.90200123500006, 23.05393704100004], [101.86008635700006, 23.032207994000032], [101.80306526000004, 22.851198106000027], [101.71548554900005, 22.897148707000042], [101.60493134200004, 22.825325020000037], [101.54306372300005, 22.857656403000078], [101.49000452000007, 22.967039], [101.50872820800004, 23.060127747000024], [101.45893478000005, 23.10452986000007], [101.37010766700007, 23.07206049000007], [101.35541564800008, 23.23071264600003], [101.25360439700006, 23.263474529000064], [101.29225534100004, 23.381295007000062], [101.24339387000003, 23.562820444000067], [101.18205297800006, 23.59265047200006], [101.03351619000006, 23.589294203000065], [101.13632303400004, 23.331016646000023], [101.12254024000003, 23.302724304000037]], [[103.64650138600007, 27.202185202000067], [103.57292907600004, 27.265680325000062], [103.48083155100005, 27.24990901600006], [103.46417018300008, 27.28553988300007], [103.49703490100006, 27.38820408400005], [103.43184381900005, 27.50239780800007], [103.37192532000006, 27.478124765000075], [103.39241794600008, 27.321520858000042], [103.31803860400004, 27.321275515000025], [103.25119132800006, 27.408715133000044], [103.18559761100005, 27.395524098000067], [103.24744942200005, 27.34707759300005], [103.23317780800005, 27.217026415000078], [103.32173245200005, 27.121806958000036], [103.29383051600007, 27.062697035000042], [103.32885702300007, 27.028874262000045], [103.40899976200006, 27.040790024000046], [103.42568647600007, 27.00073093900005], [103.63008018100004, 27.010461837000037], [103.61263911100008, 27.03614171600003], [103.67151264300009, 27.077243254000052], [103.64777375000006, 27.12447510800007], [103.74166960300005, 27.188279849000025], [103.64650138600007, 27.202185202000067]], [[101.88122628800005, 27.950516855000046], [101.95780676400005, 27.923573486000066], [101.96532982200006, 27.843116519000034], [101.91171832500004, 27.823106446000054], [101.95146818500007, 27.79353554900007], [101.95895260900005, 27.713052898000058], [102.01846269400005, 27.668650866000064], [102.03531224900007, 27.686042112000052], [102.01185899900008, 27.534080156000073], [102.19948754500007, 27.56347664200007], [102.30639041200004, 27.538730919000045], [102.35531781600008, 27.599432982000053], [102.36714011800007, 27.484081597000056], [102.45632564600004, 27.378230874000053], [102.46044575400003, 27.224976867000066], [102.73572522400008, 27.294389669000054], [102.71624889200007, 27.384237179000024], [102.76488718800005, 27.475441131000025], [102.72675487700008, 27.595130061000077], [102.72997690400007, 27.81850131500005], [102.66323213300007, 27.820386737000035], [102.62550704000006, 27.761673914000028], [102.52983435800007, 27.793362640000055], [102.43871724300004, 27.749348072000032], [102.41163342200008, 27.888621616000023], [102.34686046500008, 27.879509271000074], [102.23787265200008, 27.960317838000037], [102.21746721100004, 28.14229921100008], [102.13676496200009, 28.136472078000054], [102.11035013100008, 28.106400231000066], [101.94018862000007, 28.15696050400004], [101.88684547000008, 28.07224892200003], [101.83312823500006, 28.113677289000066], [101.81993288200005, 28.010899986000027], [101.89354843300003, 28.016173310000056], [101.88122628800005, 27.950516855000046]]], [[[107.52721776100009, 24.267669183000066], [107.44947028300004, 24.301638670000045], [107.40089439000008, 24.241312014000073], [107.34465202300004, 24.276545], [107.29508583000006, 24.24688560800007], [107.25174493700007, 24.39386593100005], [107.12781153200007, 24.404861014000062], [107.09456960500006, 24.437763334000067], [107.12789724400005, 24.49617720200007], [107.26603708100004, 24.57664563800006], [107.21799633300009, 24.781536174000053], [107.08070461400007, 24.791452884000023], [107.03131924600007, 24.829570817000047], [106.97461659600003, 24.80800985700006], [106.99456381700008, 24.768244233000075], [106.91676937300008, 24.773345991000042], [106.95474492300008, 24.674758721000046], [106.94415231300007, 24.643104872000038], [106.90912736100006, 24.643333289000054], [106.80668555100004, 24.667575009000075], [106.79915940200004, 24.708232074000023], [106.64711097300005, 24.80274963000005], [106.68940315600008, 24.84044162600003], [106.77610267100005, 24.82778741900006], [106.86239446200005, 24.90175419800005], [106.71333829300005, 25.017228041000067], [106.74282566200009, 25.090373947000046], [106.71108799200005, 25.116423309000027], [106.61154374800009, 25.089600977000032], [106.49015331100009, 25.16870078200003], [106.49712024300004, 25.27552135800005], [106.38390349200006, 25.43899822000003], [106.34516156600006, 25.403805470000066], [106.30528547900008, 25.41308117500006], [106.14792824500006, 25.516440861000035], [106.13064608800005, 25.591286715000024], [105.97924438600006, 25.62420435000007], [105.93951478500009, 25.676795277000053], [105.95487468400006, 25.730798053000058], [105.91341595300008, 25.812842242000045], [105.98978086500006, 25.927260283000066], [105.99266886400005, 26.02068629000007], [106.04825137600005, 26.057759376000035], [106.14763815000003, 26.03183546300005], [106.15712550800004, 25.98594658600007], [106.19531783600007, 25.991497898000034], [106.22525841700008, 26.07134846500003], [106.29645916800007, 26.03891120800006], [106.29316258700004, 25.908630733000052], [106.23013241600006, 25.814479148000032], [106.34112276700006, 25.685343904000035], [106.37936990200006, 25.671917257000075], [106.56395652200007, 25.738096518000077], [106.59425969600005, 25.715660240000034], [106.62151186600005, 25.76073313200004], [106.69087732800006, 25.710290885000063], [106.88593763300008, 25.799360381000042], [106.85393366100004, 25.932545696000034], [106.97509787800004, 26.047730884000032], [107.03196261400007, 26.06423697300005], [106.99603300700005, 26.12198323100006], [107.04913779800006, 26.158919809000054], [107.18007934300005, 26.044363245000056], [107.20366046600009, 25.977396589000023], [107.25477194600006, 26.023618568000074], [107.34267326600008, 25.99795828200007], [107.34130646500006, 25.927252360000068], [107.42266191500005, 25.870654797000043], [107.45458938100006, 25.89172706000005], [107.43977242200003, 25.957745872000032], [107.47736544000009, 25.956527919000052], [107.52317582900008, 26.01140868300007], [107.66486108100008, 26.02041134800004], [107.74987379700008, 26.08609169300007], [107.72368716000005, 26.18116953200007], [107.80137409200006, 26.130493026000067], [107.86079135700004, 26.14612012400005], [107.94628009800005, 26.08348214800003], [108.12656077800006, 26.11144332500004], [108.20309783000005, 26.058585208000068], [108.20093153700009, 26.19749124300006], [108.27724278900007, 26.24399847600006], [108.30108618300005, 26.33598709200004], [108.28151316200007, 26.372662181000067], [108.52888096800007, 26.405849749000026], [108.59303003100007, 26.450845435000076], [108.69301851400007, 26.46582107300003], [108.69902478100005, 26.52212528700005], [108.78430125000006, 26.486303744000054], [108.84296892200007, 26.50584686700006], [108.88998315700007, 26.55782928600007], [108.88043486300006, 26.674746913000035], [108.93429198300004, 26.712320917000056], [109.00715059000004, 26.684287914000038], [109.09544869200005, 26.713712643000065], [109.19151593200007, 26.77897876700007], [109.33012845100006, 26.71239739500004], [109.49712526000008, 26.779688407000037], [109.56462389300009, 26.727526003000037], [109.64505197400007, 26.795522377000054], [109.80603667300005, 26.730782743000077], [109.91392625400005, 26.730876485000067], [109.81202706900007, 26.642665529000055], [109.83341341200008, 26.549280487000033], [109.87409305300008, 26.48761216200006], [109.90388013000006, 26.504286144000048], [109.99589534900008, 26.39045274700004], [110.05261058300005, 26.368013207000047], [110.14608696600004, 26.388310532000048], [110.17703026100008, 26.524334999000075], [110.21615216300006, 26.555411965000076], [110.25805810300005, 26.494971470000053], [110.29365003900006, 26.50039455800004], [110.32526833800006, 26.612973793000037], [110.43063303900004, 26.71735194100006], [110.50851624200004, 26.65416078800007], [110.57722637800003, 26.673342925000043], [110.60501583000007, 26.634154357000057], [110.58794811200005, 26.53029382300008], [110.44779469100007, 26.428992764000043], [110.47101986000007, 26.360118283000077], [110.54022845100008, 26.301754695000056], [110.51469655600005, 26.221837735000065], [110.38778080300006, 26.145967314000075], [110.33250498100006, 26.02450787300006], [110.27439102800008, 25.98223564400007], [110.34016336100007, 25.87879980100007], [110.26907355800006, 25.862091172000078], [110.08739276400007, 25.68980750700007], [109.89520855100005, 25.697977216000027], [109.92164081900006, 25.58546609900003], [109.84291202900005, 25.58903218300003], [109.82542830300008, 25.549102326000025], [109.76304615300006, 25.53624885100004], [109.72782266300004, 25.613918471000034], [109.62936205000005, 25.577263665000032], [109.46564366800004, 25.412689125000043], [109.42844171100006, 25.410084122000058], [109.43423187000008, 25.592401677000055], [109.27184649900005, 25.62288732500008], [109.05050205900005, 25.726086486000042], [108.92244647400008, 25.696934009000074], [108.87800713500008, 25.72041574900004], [109.10337694700007, 25.82311673600003], [109.15801936200006, 25.771728334000045], [109.14427096100007, 25.877989978000073], [109.09359610400008, 25.96446116100003], [109.02036641500007, 26.00266318200005], [108.97605700200006, 25.935874196000043], [108.90142683900007, 25.910997209000072], [108.83591349100004, 25.985262539000075], [108.76731911200005, 25.95955787500003], [108.69622984300008, 26.05921129400008], [108.58947327200008, 25.955866351000054], [108.550332, 25.840447365000045], [108.46011566500005, 25.84899450900008], [108.36414883500004, 25.700664138000036], [108.27835122400006, 25.72630423700008], [108.22701026400006, 25.65306492800005], [108.30411178800006, 25.523221960000058], [108.52980613900007, 25.42486261700003], [108.69111925000004, 25.22486010800003], [108.59948299600006, 25.039582687000063], [108.47749358100003, 25.00705279300007], [108.46801719800004, 24.892167482000048], [108.38872535800004, 24.860369416000026], [108.40894344100008, 24.797359872000072], [108.34989845700005, 24.76750906700005], [108.20475695400006, 24.78129716500007], [108.21505853700006, 24.722492376000048], [108.17212795900008, 24.65215525900004], [108.20617710700009, 24.58941800300005], [108.08618064200004, 24.562320021000062], [107.92698439000009, 24.610942935000025], [107.91313065100007, 24.500199449000036], [107.85080440100006, 24.50955173400007], [107.86639273400004, 24.42257190600003], [107.79090722200004, 24.42838039800006], [107.73345648100008, 24.36248392500005], [107.56017875800006, 24.327767822000055], [107.52721776100009, 24.267669183000066]]]]}}, {"type": "Feature", "properties": {"id": "山南東道", "name": "山南東道", "color": "#a76e49", "owner": "南陽", "units": ["唐", "均", "房", "襄", "邓", "隋"], "label_lon": 111.896, "label_lat": 32.33}, "geometry": {"type": "Polygon", "coordinates": [[[111.93529600300008, 31.477003499000034], [111.92611630500005, 31.27363061400007], [111.81085480800004, 31.23827361000008], [111.71850374000007, 31.307885729000077], [111.70698226600007, 31.370476522000047], [111.61270935400006, 31.379929326000024], [111.52334439100008, 31.31323505900008], [111.45677168800006, 31.30735194600004], [111.38813977100006, 31.38000162900005], [111.29640818600006, 31.37027147400005], [111.22841126400004, 31.46377530700005], [111.13677530500007, 31.459563941000056], [111.03682435900004, 31.43273406700007], [111.10389737500009, 31.342300385000044], [111.07048136100008, 31.282604052000067], [111.07506929300007, 31.167623132000074], [110.95116239300006, 31.08653330900006], [110.72682788000009, 31.123900572000025], [110.71518938100007, 31.166629619000048], [110.67035805600005, 31.18328787300004], [110.60855522000008, 31.18990649500006], [110.57971032100005, 31.13095789600004], [110.54217953600005, 31.134015141000077], [110.41817026300004, 31.286953405000077], [110.44500469500008, 31.33105069900006], [110.33956292100004, 31.39905215700003], [110.11538252200006, 31.30489509800003], [110.04978534800006, 31.412628952000034], [110.00609180500004, 31.412324389000048], [109.83373672700009, 31.545789267000032], [109.69170399800004, 31.548031215000037], [109.70972409400008, 31.62713733100003], [109.63855763900006, 31.73284551100005], [109.53922008900008, 31.722922638000057], [109.59788814300003, 31.798035569000035], [109.55713378300004, 31.864978773000075], [109.58113724900005, 31.966294326000025], [109.56651308000005, 32.19567194200005], [109.50904243000008, 32.22074001200008], [109.44219402600004, 32.342235568000035], [109.54521636300007, 32.43198829700003], [109.51897192700005, 32.483662511000034], [109.53776082100006, 32.54971318100007], [109.74082275000006, 32.545497425000065], [109.88209067400004, 32.58309501100007], [109.99806821500005, 32.55741482800005], [110.08073649800008, 32.60933610700005], [110.14667831100007, 32.61240096600005], [110.10456459100004, 32.70777495300007], [110.10748177400006, 32.80837276500006], [110.23442783400009, 32.75226099300005], [110.34568268200007, 32.83372151400005], [110.38999477700008, 32.806331270000044], [110.50899622900005, 32.830726137000056], [110.60771924700003, 32.918503791000035], [110.59187785200004, 33.03941447900007], [110.64716963300003, 33.12223701900007], [110.72381599500005, 33.114582760000076], [110.84556651100007, 33.21288414900005], [110.92402468900008, 33.20755653600003], [110.98723615500006, 33.28537315900007], [111.02003794800004, 33.408305908000045], [110.98004059600004, 33.55243284000005], [111.12134901000007, 33.59219605100003], [111.13323040400007, 33.684380127000054], [111.17562423800007, 33.68933896800007], [111.19002525700006, 33.78505633800006], [111.23479006100007, 33.79993879400007], [111.45851690300009, 33.71776358200003], [111.56731392600005, 33.72858357700005], [111.74910187200004, 33.66822783500004], [111.80879830600009, 33.59356167000004], [111.91459881500003, 33.58365461100004], [111.98186583700004, 33.42011823200005], [112.07690663700009, 33.36358795700005], [112.19966899000008, 33.35353133900003], [112.25729244700005, 33.20841364200004], [112.33799764600008, 33.21521261100003], [112.44116375100009, 33.27261776200004], [112.49075925500006, 33.26381844100007], [112.51296591500011, 33.22464269000005], [112.58257246200003, 33.23745255500006], [112.62801150400003, 33.21093758600006], [112.67026882000005, 33.355217003000064], [112.79996929000004, 33.47841703900008], [112.80814717500004, 33.52223367100004], [112.7654242100001, 33.59033255600008], [112.84551711000006, 33.62334251600004], [112.94341272300005, 33.605494951000026], [113.09402900300006, 33.48393564400004], [113.11972442000001, 33.40018885400008], [113.14530678500012, 33.419077841000046], [113.23375182900008, 33.35738220400003], [113.36157665000007, 33.35335147500007], [113.35790105700005, 33.17137573700006], [113.58867091400009, 33.163906508000025], [113.64275871100006, 33.10174073700006], [113.73461543200006, 32.96159611500008], [113.7190412110001, 32.90203821400007], [113.60894050200011, 32.85857633400008], [113.59554984400006, 32.79268174600003], [113.63136993300009, 32.72256658500004], [113.73558884300007, 32.67135873600006], [113.77476889400009, 32.61401058600006], [113.83822849700005, 32.64618827700008], [113.96130272800008, 32.553545335000024], [114.06874980200007, 32.52920187400008], [114.10914003300002, 32.438726845000076], [114.19212470600007, 32.45422784200008], [114.20391375100007, 32.51115056400005], [114.2392872260001, 32.49582938900005], [114.31771358300011, 32.302014298000074], [114.41499838900006, 32.26207786300006], [114.33332349800003, 32.20048464700005], [114.29592341700004, 32.08504676100006], [114.2092380360001, 32.01738356300007], [114.19336296300003, 31.92663851100008], [114.10220410000011, 31.763928990000068], [114.12868967300005, 31.681319924000036], [114.083894912, 31.50905043100005], [113.99168153500011, 31.433179223000025], [113.68318485200007, 31.467109924000056], [113.62096160600004, 31.417262409000045], [113.54924433200006, 31.45206668800006], [113.53423553000005, 31.411935843000037], [113.39216019500009, 31.452350051000053], [113.32186375000003, 31.432268606000036], [113.3144383120001, 31.364481891000025], [113.24112089800008, 31.350458606000075], [113.11462482600007, 31.44492860400004], [112.87542183300002, 31.47907686900004], [112.86154290600007, 31.57004947300004], [112.72725024300007, 31.617366264000054], [112.68158038400009, 31.561948140000027], [112.68418405700004, 31.49197545100003], [112.48060221600008, 31.565572436000025], [112.39501816900008, 31.51118765600006], [112.27857419500003, 31.55380167900006], [112.19873395500008, 31.538438806000045], [112.14875890500002, 31.482031609000046], [112.01979126900005, 31.44405193700004], [111.93529600300008, 31.477003499000034]]]}}, {"type": "Feature", "properties": {"id": "淮西", "name": "淮西", "color": "#5ab9bc", "owner": "淮南西道", "units": ["仙", "光", "蔡", "豫"], "label_lon": 114.767, "label_lat": 32.416}, "geometry": {"type": "Polygon", "coordinates": [[[116.02175817800003, 31.775504256000033], [116.14275507800005, 31.75921756500003], [116.13729907400011, 31.724561686000072], [116.00155197000004, 31.668081209000036], [116.13788719000001, 31.604317071000025], [116.16382903300007, 31.527135070000043], [116.05970602800005, 31.42034762800006], [116.05329940500008, 31.31154842600006], [115.94686960100012, 31.17621960100007], [115.78776826900003, 31.11707910000007], [115.72320991900006, 31.122410959000035], [115.69219737800006, 31.193873370000063], [115.63019683400012, 31.22658362100003], [115.56963225000004, 31.17125707300005], [115.523882866, 31.171285168000054], [115.40933581400009, 31.336503506000042], [115.32978811400005, 31.343960413000048], [115.33388122000008, 31.37742778300003], [115.23706111700005, 31.406014850000076], [115.18656919900002, 31.398982989000046], [115.14915937900003, 31.608073954000076], [115.04629093500012, 31.53894013400003], [115.0240871530001, 31.478460959000074], [114.78960461100007, 31.463339635000068], [114.71834913000009, 31.539342634000036], [114.66287584100007, 31.51715663400006], [114.61703348600008, 31.591386003000025], [114.59287997800004, 31.601018646000057], [114.56776523300005, 31.564525316000072], [114.53126088300007, 31.58517755200006], [114.54880765500002, 31.767425537000065], [114.3530891900001, 31.748456658000066], [114.23195535200011, 31.79894758200004], [114.15804257400009, 31.859295451000037], [114.19858736100002, 31.990758613000025], [114.29592341700004, 32.08504676100006], [114.33332349800003, 32.20048464700005], [114.41499838900006, 32.26207786300006], [114.31771358300011, 32.302014298000074], [114.2392872260001, 32.49582938900005], [114.20391375100007, 32.51115056400005], [114.19212470600007, 32.45422784200008], [114.10914003300002, 32.438726845000076], [114.06874980200007, 32.52920187400008], [113.96130272800008, 32.553545335000024], [113.83822849700005, 32.64618827700008], [113.77476889400009, 32.61401058600006], [113.73558884300007, 32.67135873600006], [113.63136993300009, 32.72256658500004], [113.59575142800009, 32.822529331000055], [113.60894050200011, 32.85857633400008], [113.7190412110001, 32.90203821400007], [113.73461543200006, 32.96159611500008], [113.7095445760001, 33.01094773300008], [113.58867091400009, 33.163906508000025], [113.35790105700005, 33.17137573700006], [113.36157665000007, 33.35335147500007], [113.5502048830001, 33.606662828000026], [113.56992324200007, 33.70087515200004], [114.00390101900007, 33.72975506500006], [114.08398386700003, 33.71892175100004], [114.09682524400012, 33.67024284200005], [114.13639991500008, 33.662053892000074], [114.20155418700006, 33.71040127100002], [114.30799641600004, 33.55835781900004], [114.28631982900004, 33.48778444800007], [114.34385728400002, 33.45207977300004], [114.455083596, 33.47299364100007], [114.57173165600011, 33.43021715800006], [114.59879159000002, 33.34674635500005], [114.71701508100011, 33.30695207000008], [114.71185844400009, 33.16627206600003], [114.74617388100012, 33.11451456000003], [114.8099655210001, 33.081449658000054], [114.86096432900001, 33.09253567300004], [114.85788564000006, 32.95522797800004], [114.91254415000003, 32.91709843700005], [114.98040652000009, 32.92722104300003], [114.99863442100002, 32.87876197200006], [115.11598476400002, 32.880023822000055], [115.15895917300008, 32.76597746700003], [115.12307393100002, 32.67950968700006], [115.16725076700004, 32.63696800500003], [115.16326154400008, 32.57345284100006], [115.25911364100011, 32.56828274500003], [115.26016100100003, 32.52831543600007], [115.36197005000008, 32.56021954400006], [115.56686206000006, 32.39011457300006], [115.64945369800012, 32.38779791500008], [115.67777011700002, 32.47749020100002], [115.8086428040001, 32.44848497500004], [115.86611710700004, 32.32278994700005], [115.83604774800006, 32.21043824700007], [115.85806173100002, 32.20936467400003], [115.88845382600005, 32.01661229200005], [115.86050988300008, 31.855879317000074], [116.02175817800003, 31.775504256000033]]]}}, {"type": "Feature", "properties": {"id": "浙西", "name": "浙西", "color": "#006555", "owner": "江東", "units": ["台", "处", "婺", "常", "明", "杭", "润", "温", "湖", "睦", "苏", "衢", "越", "饶"], "label_lon": 119.721, "label_lat": 29.809}, "geometry": {"type": "MultiPolygon", "coordinates": [[[[119.71715469000003, 27.181623547000072], [119.77511654300008, 27.298299832000055], [119.72818563800001, 27.36228716200003], [119.58942768800011, 27.364368830000046], [119.59195438900008, 27.231029575000036], [119.46061696400011, 27.233907853000062], [119.40559718400004, 27.178531560000067], [119.37738595200005, 27.19536847100005], [119.40948517000004, 27.25161626000005], [119.39229504500008, 27.276605534000055], [119.32957277000003, 27.31982485800006], [119.25019726500011, 27.31950889500007], [119.22165139000003, 27.411261103000072], [119.3515526870001, 27.51446433600006], [119.45449238900005, 27.532688608000058], [119.492193186, 27.648772449000035], [119.30206511500012, 27.709599897000032], [119.276727219, 27.72538680200006], [119.285427292, 27.78996367900004], [119.16222653900002, 27.833261461000063], [119.12987504800003, 27.830066053000053], [119.14116592700009, 27.745910792000075], [119.04878621400007, 27.727849486000025], [118.88640870300003, 27.839120991000073], [118.8013794100001, 27.838717848000044], [118.70951560300011, 28.012895728000046], [118.69914853900002, 28.069164143000023], [118.75361020200012, 28.114668873000028], [118.76074090300006, 28.227930268000023], [118.70430277000003, 28.28736162200005], [118.672740083, 28.302964212000063], [118.56056531600007, 28.246131800000057], [118.52187771400008, 28.274710173000074], [118.40176232500005, 28.243332568000028], [118.39797378000003, 28.282977981000045], [118.43549192100011, 28.311824628000068], [118.44468592400005, 28.46516534700004], [118.39690606400006, 28.545281310000064], [118.34868970700006, 28.80157057300005], [118.26313929500009, 28.855401237000024], [118.25906214800011, 28.904831383000044], [118.17534144600006, 28.908405083000048], [118.15641541800005, 28.97932154700004], [118.02938036000012, 29.03734562900007], [118.00157268900011, 29.128412449000052], [118.005375737, 29.21213460900003], [118.05108711800005, 29.236091161000047], [118.05300772200007, 29.29669918500008], [118.16328958600002, 29.31925005000005], [118.19476507600007, 29.407445164000023], [118.10293132200002, 29.444478221000054], [118.12234120000005, 29.501287365000053], [118.07342787000005, 29.540938657000027], [117.7345727180001, 29.57092145400003], [117.5078087060001, 29.410880467000027], [117.35524249700006, 29.182174302000078], [117.38944225900002, 29.129560768000033], [117.49297760600007, 29.146203684000056], [117.45818440300002, 28.950574333000077], [117.522928062, 28.904339917000073], [117.53851621400008, 28.82108856800005], [117.50938860500003, 28.80340989700005], [117.44681272100001, 28.844386093000026], [117.38407746400003, 28.770849190000035], [117.2524512010001, 28.735849448000067], [117.18442346800009, 28.54430726100003], [117.09449137000001, 28.611547748000078], [117.0605117980001, 28.590677178000078], [117.05256951100012, 28.519025921000036], [116.90811383700009, 28.50346300700005], [116.89657624400002, 28.467154936000043], [116.86000003700008, 28.46885816200006], [116.87552423700004, 28.439009635000048], [116.84423769400007, 28.38803512800007], [116.77330071100005, 28.355292435000024], [116.63885009500007, 28.363616912000055], [116.57202583700007, 28.398398792000023], [116.45099435300006, 28.683913928000038], [116.29732479300003, 28.770256300000028], [116.25211065400003, 28.83014914200004], [116.24224770500007, 28.860078260000023], [116.32224903500003, 28.85914668600003], [116.34085808200007, 28.894422328000076], [116.25426786100002, 28.878437348000034], [116.23568623200003, 28.89846911500007], [116.29222464000009, 28.95069271500006], [116.1933513570001, 28.95953201900005], [116.1786472340001, 29.04327787300008], [116.11946093800009, 29.010158899000032], [116.14357924400008, 29.095267806000038], [116.08904484300001, 29.08089583900005], [116.08996466200006, 29.12231188800007], [116.02619702600009, 29.167132898000034], [116.02423580700008, 29.19660053000007], [116.0767477920001, 29.19095962800003], [116.06290066300005, 29.231993616000068], [115.97169615300004, 29.259789323000064], [115.96707329800006, 29.193246690000024], [115.90416335400005, 29.193614856000067], [115.85973336400002, 29.278780511000036], [116.008101968, 29.30106683300005], [116.00502709400007, 29.381808285000034], [115.96607255000004, 29.41030323500007], [116.06548403200009, 29.46784589400005], [116.06077614800006, 29.515276028000073], [116.09607121800002, 29.552670490000025], [116.07722954600001, 29.586708991000023], [116.11192844800007, 29.639412965000076], [116.03088592400002, 29.696531049000043], [116.09706288500001, 29.810352228000056], [116.20733983000002, 29.78137688000004], [116.17097813900011, 29.707323538000026], [116.2318317050001, 29.692502207000075], [116.19171452500007, 29.628559820000078], [116.22339395000006, 29.585548353000036], [116.18131175100007, 29.582847426000058], [116.19694282900002, 29.540693435000037], [116.15662273800001, 29.57094586900007], [116.12225828900011, 29.519516512000052], [116.14552037300007, 29.49698910400008], [116.12897205600007, 29.44434887700004], [116.05495827900006, 29.38552635900004], [116.13469586400004, 29.355413463000048], [116.24260192200006, 29.427325507000035], [116.21912327000007, 29.38139702500007], [116.23755065500006, 29.339530506000074], [116.11123421900004, 29.31809316500005], [116.17699144300002, 29.234564085000045], [116.21628519500007, 29.249719820000053], [116.27626967600008, 29.199246249000055], [116.30798956300009, 29.238971179000032], [116.32586163400003, 29.20862248000003], [116.37031266100007, 29.238994062000074], [116.328008253, 29.137671029000046], [116.41503548000003, 29.17373832100003], [116.42727427700004, 29.28362105800005], [116.47827654100001, 29.26636681900004], [116.48098449800011, 29.186740202000067], [116.5043358800001, 29.22976979500004], [116.52610782800002, 29.189949821000027], [116.5598335090001, 29.201854240000046], [116.51952453100012, 29.609999396000035], [116.64046959300003, 29.580455245000053], [116.75516628500009, 29.600256710000053], [116.78977024100004, 29.57174049200006], [116.94346631300004, 29.66276749900004], [117.06649619200005, 29.68657478600005], [117.0811763370001, 29.788321418000066], [117.04856843800007, 29.830176051000024], [117.25018816800002, 29.99949613700005], [117.51693766100004, 30.05253397100006], [117.53330760500012, 30.108623367000064], [117.66450321600007, 30.11010913800004], [117.8459707180001, 29.937260433000063], [117.87159580800005, 29.877390612000056], [117.93323252400012, 29.853046403000064], [117.90985150600011, 29.78642299200004], [117.97744023500002, 29.796276705000025], [117.98985617100004, 29.86285095200003], [118.04684529500003, 29.897126894000053], [118.01589827200007, 29.986619045000054], [118.09166509200008, 30.028613650000068], [118.06967830400004, 30.081745812000065], [117.94754779400012, 30.06056749800007], [117.89765764700007, 30.173232745000064], [117.7956143780001, 30.184754491000035], [117.84438513600003, 30.22599863100004], [117.83014576900007, 30.258097923000037], [117.952706508, 30.333934716000044], [117.93011472300009, 30.451304339000046], [117.95887167700005, 30.52204836900006], [118.03201851500012, 30.502347693000047], [118.10395818200004, 30.52291087800006], [118.098228833, 30.451259090000065], [118.19382411600009, 30.465694237000037], [118.25991362700006, 30.38907851400006], [118.39339788200004, 30.43214027700003], [118.5056917920001, 30.404231309000068], [118.58350923100011, 30.444366596000066], [118.60804340000004, 30.539406077000024], [118.652989638, 30.577662618000033], [118.69370006200006, 30.557530263000046], [118.78472402900002, 30.60473391900007], [118.8390493060001, 30.72627549200007], [118.98461610400011, 30.736681843000042], [119.04885692000005, 30.78327051200006], [118.99313821300007, 30.858933052000054], [119.02196029800007, 30.920666787000073], [118.98170377200006, 31.016202570000075], [118.97278317200005, 31.16303207900006], [119.01713341100003, 31.23682673600007], [119.0861762510001, 31.269532061000064], [119.14049827800011, 31.28979378300005], [119.17668981100007, 31.25793315900006], [119.194583953, 31.344487402000027], [119.1203471120001, 31.45605929000004], [119.1799574160001, 31.60034114900003], [119.16822074000004, 31.706684180000025], [118.96002860600004, 31.821848931000034], [118.95565917500005, 31.84946171400003], [119.07866184400007, 31.86138667800003], [119.10332828600008, 31.892932038000026], [119.07795851600008, 31.96669903000003], [119.09932272300011, 32.05760677200004], [119.02033932100005, 32.13508365200005], [119.22761327900002, 32.22540555000006], [119.27927993700007, 32.20514073100003], [119.44300370500002, 32.257898469000054], [119.587101888, 32.250374056000055], [119.63510506400007, 32.20535873500006], [119.743837256, 32.30306240500005], [119.83336155300003, 32.266759824000076], [119.859376569, 32.38545659500005], [120.02427150200003, 32.35053863100006], [120.2621686980001, 32.34992164600004], [120.24532635300011, 32.57278407000007], [120.17633162000004, 32.627528002000076], [120.24493091200009, 32.681334535000076], [120.36634788000003, 32.70191516400007], [120.41878348400007, 32.65016139000005], [120.57792857900006, 32.64374592300004], [120.64706549400012, 32.592062706000036], [120.8542546860001, 32.63532390900008], [120.86911724700008, 32.595696857000064], [121.27373605700006, 32.43942118000007], [121.35556970100004, 32.37489400900006], [121.36761191200003, 32.250472097000056], [121.3359619900001, 32.19439588200004], [121.40066356500006, 32.17670048600007], [121.434746, 32.11098555600006], [121.53326566600003, 32.10007897700007], [121.79600301300002, 31.94199202300007], [121.88278164700012, 31.69034259400007], [121.8589179810001, 31.66811107500007], [121.75713318400005, 31.683286214000077], [121.3352375710001, 31.866051259000074], [121.17961868300006, 31.832364836000067], [121.0826989200001, 31.85255721300007], [120.97306364700012, 31.816930651000064], [120.92271317400002, 31.851301054000032], [120.96340186700002, 31.861321933000056], [120.78292905100011, 32.002236527000036], [120.60230871800002, 32.066677457000026], [120.44897233400002, 32.06871813400005], [120.30130175400006, 31.95319698800006], [120.42720737000002, 31.952712400000053], [120.44035151000003, 32.00690356000007], [120.74427895400004, 31.97384352100005], [120.7996182920001, 31.86477122100007], [120.760731673, 31.81645010300008], [120.85998173000007, 31.753392267000038], [121.00981383700002, 31.736563672000045], [121.15583785000001, 31.66543561800006], [121.25516894600003, 31.572937328000023], [121.28065055200011, 31.49253948100005], [121.48890294500006, 31.410667481000075], [121.70842595400006, 31.27006510600006], [121.8527264060001, 31.02170014400008], [121.8748607340001, 30.866784651000046], [121.79785374900007, 30.826043646000073], [121.47906775800004, 30.804576995000048], [121.343825089, 30.69628457500005], [121.14602169400007, 30.62721890100005], [121.11160822400007, 30.58580555800006], [121.01733314400008, 30.573442666000062], [120.92547639600002, 30.485330084000054], [120.93745503000002, 30.42606728100003], [120.89411361200007, 30.406307432000062], [120.88242831900004, 30.355524651000053], [120.78196862400011, 30.32535893100004], [120.671252879, 30.386925131000055], [120.47576354600005, 30.388411491000056], [120.38264311000012, 30.355466963000026], [120.32239192300005, 30.290593154000078], [120.2155044110001, 30.26686561300005], [120.1849307760001, 30.225191798000026], [120.288196674, 30.26439407400005], [120.32795876400007, 30.23739975600006], [120.4195549420001, 30.340506005000066], [120.5475269960001, 30.35041605500004], [120.5992890770001, 30.32502075600007], [120.5817412770001, 30.23289635100008], [120.62033691800002, 30.12586623800007], [120.7666866300001, 30.112985757000047], [120.91957477500011, 30.15864476300004], [121.1273958160001, 30.277885617000038], [121.28174600900002, 30.30004589200007], [121.4404783550001, 30.231500940000046], [121.56599530200003, 30.05936500100006], [121.67957359000002, 29.978322286000036], [121.97611279900002, 29.874532145000046], [122.1224863440001, 29.872643124000035], [121.88204534700003, 29.764469473000077], [121.68155742500005, 29.558075076000023], [121.52845712200008, 29.511800237000045], [121.49690315200007, 29.54763701400003], [121.42421021900009, 29.479836361000025], [121.42205751400002, 29.40529410700003], [121.4944359220001, 29.48771828300005], [121.498640582, 29.454500031000066], [121.52878177500008, 29.457075496000073], [121.48030784900004, 29.395173905000036], [121.56828836000011, 29.48244343400006], [121.70862658400006, 29.529000844000052], [121.77023948500005, 29.527529393000066], [121.77587292700002, 29.465886925000063], [121.84118770700002, 29.524191287000065], [121.73161791000007, 29.55774826700008], [121.81580933100008, 29.613307682000027], [121.94404264900004, 29.630703668000024], [121.97984491400007, 29.587927192000052], [121.94642527100007, 29.53016430200006], [121.90396646800002, 29.52344686200007], [121.97324469000012, 29.452709167000023], [121.9543409150001, 29.415373509000062], [121.88304773100003, 29.39967008600007], [121.90716282500011, 29.341628164000042], [121.93759841700012, 29.338597073000074], [121.90736666900011, 29.311506761000032], [121.92498778700008, 29.268692804000068], [121.98077086900003, 29.280448422000063], [121.9520936880001, 29.217619341000045], [121.8613294700001, 29.158239224000056], [121.79682010800002, 29.18379553300008], [121.82858324300003, 29.29469636600004], [121.79241028900003, 29.286413564000043], [121.81297116000007, 29.329079], [121.78095044100007, 29.34409346600006], [121.79027261800002, 29.374186894000047], [121.7563999030001, 29.367485720000047], [121.76706774400009, 29.239645557000074], [121.73943964500006, 29.19127521400003], [121.64954134800007, 29.193693304000078], [121.64753941600009, 29.30790107400003], [121.61297986200009, 29.279344067000068], [121.61331587400002, 29.184447695000074], [121.5882655150001, 29.285386205000066], [121.56470054500005, 29.259394584000063], [121.50002706200007, 29.26836525300007], [121.53660718900005, 29.247513624000078], [121.52027378700006, 29.170649816000036], [121.49756714000011, 29.159154147000038], [121.47812037900007, 29.19750816800007], [121.46986393200007, 29.15816410800005], [121.41398712800003, 29.160781237000037], [121.453107756, 29.135145540000053], [121.44415695200007, 29.106815356000027], [121.6340129130001, 29.099408469000025], [121.61764995800002, 29.047168218000024], [121.52359949400011, 29.04899701900007], [121.52043569300008, 28.991816399000072], [121.54846030600004, 29.028342810000026], [121.61622149700008, 29.028144608000048], [121.65417083200009, 29.05911833400006], [121.69670054300002, 29.00384400200005], [121.66671663300008, 28.993095762000053], [121.68859343200006, 28.909712298000045], [121.5593186970001, 28.932379355000023], [121.5328581340001, 28.965062475000025], [121.49127498900009, 28.94626482500007], [121.504160135, 28.898475637000047], [121.63236758000005, 28.875973738000027], [121.62556797700006, 28.831901628000026], [121.66544279800007, 28.829826180000055], [121.62759432300004, 28.72578946400006], [121.43234476700002, 28.684486244000027], [121.48594762300002, 28.650089152000078], [121.52676316600002, 28.524655978000055], [121.61537838800007, 28.526043436000066], [121.55733580100002, 28.484219239000026], [121.58133859600002, 28.35211356800005], [121.63919686200006, 28.336372288000064], [121.6133775620001, 28.25847629900005], [121.56796818600003, 28.240082834000077], [121.5743625, 28.297961128000054], [121.45046666000007, 28.322832979000054], [121.43054334500005, 28.281811455000025], [121.4008079350001, 28.287426769000035], [121.41606836800008, 28.242083255000068], [121.37280602900012, 28.21518577300003], [121.35418608900011, 28.125570966000055], [121.30472744300005, 28.174198025000067], [121.26229359700005, 28.16180700800004], [121.2632567390001, 28.06024703500003], [121.14102311600004, 28.019763004000026], [121.12723168000002, 28.128926104000072], [121.19859703600002, 28.19169051600005], [121.21541320800009, 28.170151099000066], [121.23242360200004, 28.210294004000048], [121.27509420600006, 28.197145656000032], [121.2273239210001, 28.310438893000025], [121.26393352000002, 28.326138988000025], [121.13893127200004, 28.389117277000025], [121.07567661400003, 28.31026532900006], [121.02740267400009, 28.304120054000066], [121.05190007200008, 28.230024253000067], [121.11382805400001, 28.226201552000077], [121.07285421600011, 28.146838178000053], [120.99840491600003, 28.129123726000046], [120.96434861300008, 27.977833777000058], [120.71922863800012, 28.026877244000048], [120.68253673200002, 28.008275517000072], [120.82056609400001, 27.93811131600006], [120.8369012280001, 27.856162162000032], [120.71219552600007, 27.71031649400004], [120.60979303300007, 27.761660323000058], [120.66707656200003, 27.62754082600003], [120.5371516670001, 27.566103749000035], [120.58408603700002, 27.55822194900003], [120.60717037200004, 27.479290607000053], [120.637649183, 27.491166460000045], [120.66583304400001, 27.456580631000065], [120.61846342600006, 27.352900485000077], [120.52886748100002, 27.394857263000063], [120.51520496, 27.32104424700003], [120.53845732900004, 27.28874760800005], [120.46783142100003, 27.160529035000025], [120.4371228650001, 27.19990027800003], [120.38745545600011, 27.16546152500007], [120.36901465500011, 27.229762004000065], [120.29835585300009, 27.218617136000034], [120.30208244000005, 27.279606496000042], [120.20267063100005, 27.261780032000047], [120.17404687900012, 27.218512884000063], [120.1801674190001, 27.189613834000056], [120.24222616300005, 27.235446049000075], [120.29230746000007, 27.201759087000028], [120.36944091500004, 27.205926176000048], [120.34649396900011, 27.14937683200003], [120.42079576000003, 27.147343145000036], [120.42928436600005, 27.121866160000025], [120.3635249670001, 27.098426105000044], [120.36947796700008, 27.068594545000053], [120.24173785900007, 27.11008843600007], [120.27479961900008, 27.049045431000025], [120.16126594800005, 27.059303070000055], [120.15229078200002, 27.118597778000037], [120.10002570600011, 27.083563123000033], [119.93612074700002, 27.101630085000068], [119.93225404400005, 27.132451365000065], [119.73573580300001, 27.124579485000027], [119.71715469000003, 27.181623547000072]]], [[[121.93397649500002, 30.171115652000026], [122.30001274500012, 30.02330678000004], [122.293577346, 29.93919763300005], [122.10498214600011, 30.001144710000062], [122.0049979150001, 30.001459502000046], [121.93397649500002, 30.171115652000026]]], [[[122.06612984000003, 30.274894861000064], [122.07859156600011, 30.302792836000037], [122.17623650200005, 30.323954151000066], [122.22508132100006, 30.29624456600004], [122.21158373000003, 30.22291573900003], [122.06612984000003, 30.274894861000064]]], [[[122.41244574200005, 30.735204946000067], [122.51775382400001, 30.715278443000045], [122.51665588500009, 30.692631575000064], [122.44331449000003, 30.68652297600005], [122.41244574200005, 30.735204946000067]]], [[[121.33401047400002, 31.82368978100004], [121.43887118400005, 31.723285399000076], [121.87221198300006, 31.52706590300005], [121.80908007700009, 31.456826845000023], [121.57500637500004, 31.51628900600008], [121.34051829300006, 31.624319356000058], [121.22396786800005, 31.74781411200007], [121.20512984100003, 31.708366196000043], [121.13707889200009, 31.765325209000025], [121.24240946300006, 31.83475641700005], [121.33401047400002, 31.82368978100004]]]]}}, {"type": "Feature", "properties": {"id": "鄂岳", "name": "鄂岳", "color": "#a7bbf9", "owner": "鄂岳沔", "units": ["安", "岳", "沔", "蕲", "鄂", "黄"], "label_lon": 114.141, "label_lat": 30.161}, "geometry": {"type": "Polygon", "coordinates": [[[112.90879172900009, 29.046002946000044], [112.72011127500002, 28.92746754800004], [112.82025087700003, 28.93400286800005], [112.6793391120001, 28.903252303000045], [112.6137418830001, 28.77052776100004], [112.55600779300005, 28.804325757000072], [112.54034370600004, 28.904732421000062], [112.51470444200004, 28.79516046400005], [112.42562892500007, 28.775810990000025], [112.30533016000004, 28.881351477000067], [112.33780135900008, 28.99677348000006], [112.29836828900011, 29.061011526000073], [112.17630824600008, 29.128711146000057], [112.18899634800005, 29.206550926000034], [112.21531056200001, 29.294824418000076], [112.25050377000002, 29.314827457000035], [112.23041781300003, 29.365792199000055], [112.29658997600006, 29.536427760000038], [112.42716345500003, 29.63410808100008], [112.61445087200002, 29.60562067500007], [112.73379319600008, 29.713665977000062], [112.73980736200008, 29.825900356000034], [112.56765969600008, 29.870146689000023], [112.58169211300003, 29.978909504000057], [112.65620342700004, 30.038443160000043], [112.769240104, 30.06148535600005], [112.83682663500008, 30.155685521000066], [112.92141183000001, 30.112521771000047], [112.98682183800008, 30.13823923800004], [112.96669188200008, 30.298972244000026], [112.92161213100007, 30.349791027000038], [112.95130134200008, 30.42259733700007], [112.950109214, 30.465758237000045], [112.92655031200002, 30.500013730000035], [112.9243486690001, 30.53677194900007], [113.0583025840001, 30.483080767000047], [113.03525359200012, 30.44263737500006], [113.1220307970001, 30.45403165400006], [113.141586619, 30.39877340000004], [113.31511021500012, 30.42134234200006], [113.39917013000002, 30.36418599700005], [113.46437464400003, 30.375954501000024], [113.40883020600006, 30.542790827000033], [113.43204820300002, 30.60506543100007], [113.404525207, 30.74170384400003], [113.29362133300003, 30.945255185000065], [113.50408686600008, 31.137219539000057], [113.439202808, 31.248520129000042], [113.31743737800002, 31.333373980000033], [113.32186375000003, 31.432268606000036], [113.39216019500009, 31.452350051000053], [113.53423553000005, 31.411935843000037], [113.54924433200006, 31.45206668800006], [113.62096160600004, 31.417262409000045], [113.68318485200007, 31.467109924000056], [113.82577409500004, 31.469402072000037], [113.94123612400006, 31.424221431000035], [114.05453478800007, 31.462026442000024], [114.12868967300005, 31.681319924000036], [114.10220410000011, 31.763928990000068], [114.15804257400009, 31.859295451000037], [114.3530891900001, 31.748456658000066], [114.54880765500002, 31.767425537000065], [114.53126088300007, 31.58517755200006], [114.56776523300005, 31.564525316000072], [114.59287997800004, 31.601018646000057], [114.61703348600008, 31.591386003000025], [114.66287584100007, 31.51715663400006], [114.71834913000009, 31.539342634000036], [114.78960461100007, 31.463339635000068], [115.0240871530001, 31.478460959000074], [115.04629093500012, 31.53894013400003], [115.14915937900003, 31.608073954000076], [115.18656919900002, 31.398982989000046], [115.23706111700005, 31.406014850000076], [115.33388122000008, 31.37742778300003], [115.32978811400005, 31.343960413000048], [115.40933581400009, 31.336503506000042], [115.523882866, 31.171285168000054], [115.66276917000005, 31.219052814000065], [115.72320991900006, 31.122410959000035], [115.83203955500005, 31.128561818000037], [116.02150145000007, 30.991588199000034], [115.95184747100006, 30.91015679900005], [115.8259270310001, 30.879063364000046], [115.80372299200008, 30.843546398000058], [115.82273519800003, 30.76983950400006], [115.74130560100002, 30.716327410000076], [115.78035170600003, 30.604428248000033], [115.87315091100004, 30.547144986000035], [115.90338929500001, 30.397270555000034], [115.86159385200006, 30.313630643000067], [115.89208858100005, 30.300582612000028], [115.75803601500002, 30.197647672000073], [115.78993377000006, 30.074295169000038], [115.76814348300002, 30.02114666400007], [115.8007952590001, 29.95865328800005], [115.72595658700004, 29.804539678000026], [115.43583019700009, 29.816543565000075], [115.41565339500005, 29.728212357000075], [115.27877780400001, 29.627482817000043], [115.09417198900007, 29.67533446300007], [115.13558677900005, 29.561566861000074], [115.12389595800005, 29.514774137000074], [114.95960049700011, 29.568805927000028], [114.92738416700001, 29.504901335000056], [114.87374740900009, 29.51746001400005], [114.85608045600009, 29.473519638000027], [114.90825191700003, 29.452106979000064], [114.8466660040001, 29.40434053000007], [114.7364927970001, 29.38579823400005], [114.6011855160001, 29.410742766000055], [114.42032894800002, 29.31663697600004], [114.27155642000002, 29.34250462800003], [114.22953840700006, 29.332149361000063], [114.20757521500002, 29.247238073000062], [114.13223819200005, 29.20572298700006], [114.03458085900002, 29.204881401000023], [114.00220297100009, 29.14158753600003], [113.93832650500008, 29.125480519000064], [113.91153147400007, 29.04060818100004], [113.9538548270001, 28.94674711700003], [114.08653853300007, 28.836967809000043], [114.13805265000008, 28.83194675200008], [114.12936360000003, 28.680518305000078], [114.07827618100009, 28.581118917000026], [114.10337034400004, 28.539769344000035], [113.82010711300006, 28.467380823000042], [113.72369239700004, 28.412041307000038], [113.62119782200011, 28.420090122000033], [113.5930672500001, 28.48124228200004], [113.46822863800003, 28.506057128000066], [113.35019310000007, 28.59909163900005], [113.21776553000007, 28.596175077000055], [113.16729439800008, 28.65460952500007], [113.1783215150001, 28.78430935800003], [113.24288918800005, 28.779046079000068], [113.27094297700012, 28.798179336000032], [113.25967803100002, 28.828513137000073], [113.40468371300005, 28.835233586000072], [113.42606804400009, 28.870200656000065], [113.37457025600008, 28.911875790000067], [113.3775432760001, 28.974460536000038], [113.26013756200007, 28.994058196000026], [113.14828214300007, 28.968817740000077], [112.90879172900009, 29.046002946000044]]]}}, {"type": "Feature", "properties": {"id": "荊南", "name": "荊南", "color": "#af8c4f", "owner": "荊南", "units": ["峡", "朗", "涪", "澧", "荆", "连", "郢", "郴"], "label_lon": 111.702, "label_lat": 28.334}, "geometry": {"type": "MultiPolygon", "coordinates": [[[[112.34096648000002, 23.85271168500003], [112.32162871800006, 23.78718116700003], [112.13906736100012, 23.740812050000045], [112.11257783200006, 23.667543110000054], [112.141107766, 23.578693286000032], [112.01786875700009, 23.49066047100007], [111.95319834700007, 23.52791690600003], [111.94789377500007, 23.650669578000077], [111.86748248400005, 23.71232145600004], [111.92060601700007, 23.800102567000067], [111.94702724500007, 23.993275350000033], [111.81506437500008, 23.933377719000077], [111.79073410300003, 23.839571572000068], [111.64029261700006, 23.852753992000032], [111.62439043000006, 23.97012190600003], [111.53419622200005, 24.028275264000058], [111.56746359800007, 24.155417819000036], [111.49813462500003, 24.21219337200006], [111.46191218800004, 24.202138698000056], [111.45836772300004, 24.12888874400005], [111.37399329400006, 24.07070255600007], [111.37004912800006, 23.91282247600003], [111.25828054400006, 23.89646727300004], [111.17810458300005, 23.974659734000056], [111.29397944800007, 24.189604350000025], [111.25836074900008, 24.23643465200007], [111.28063200800005, 24.34815829400003], [111.17229400300005, 24.390039064000064], [111.09691060200004, 24.363820144000044], [111.00781172700005, 24.380008566000072], [111.02658724600008, 24.517904456000053], [110.95390598100005, 24.647826344000066], [111.13305018900007, 24.775910687000078], [111.23410097000004, 24.66355926400007], [111.28907716900005, 24.688660380000044], [111.38096200500007, 24.647988319000035], [111.46273979100005, 24.686170366000056], [111.40791572100005, 24.691814829000066], [111.44088002900008, 24.769174532000022], [111.41682702100007, 25.055934470000068], [111.52557853500008, 25.127139440000064], [111.46656326600004, 25.147698294000065], [111.49436076500007, 25.23880372600007], [111.63589787500007, 25.275123156000063], [111.78394265800006, 25.17934192900003], [111.88746820500006, 25.202751808000073], [111.89699285900008, 25.23339711600005], [111.95981939300009, 25.210338724000053], [111.94691132200006, 25.15042154100007], [111.89095844100007, 25.114869697000074], [111.89938122700005, 25.06663528100006], [111.97407173600004, 25.030938539000033], [112.13174628500008, 25.070697376000055], [112.14271115100007, 25.145171126000037], [112.180788817, 25.17623056000008], [112.37769030000004, 25.14756260200005], [112.30860361900011, 25.30842752600006], [112.44797492200007, 25.388330789000065], [112.37860942400005, 25.513881660000038], [112.225212757, 25.585683180000046], [112.21722104300011, 25.725657254000055], [112.3477814790001, 25.721950872000036], [112.36459034000006, 25.796093817000042], [112.32987018600011, 25.899938036000037], [112.24677656900008, 25.903652131000058], [112.3235083620001, 26.082689866000067], [112.19472397700008, 26.11410953400008], [112.2512311800001, 26.165447203000042], [112.33048386700011, 26.190260742000078], [112.51960895400009, 26.15191362300004], [112.65149549900002, 26.174796874000037], [112.70819199900006, 26.128977743000064], [112.75249027500001, 26.153762934000042], [112.75779027600004, 26.20275921500007], [112.83867971400002, 26.159733940000024], [112.93255802300007, 26.179483342000026], [112.95478578900008, 26.151849081000023], [112.99646324600008, 26.203514943000073], [112.9709251700001, 26.29270595400004], [113.13530376900007, 26.356845548000024], [113.19500477000008, 26.501912170000026], [113.27236598000002, 26.417032538000058], [113.3547770030001, 26.419513331000076], [113.36463787200012, 26.377160639000067], [113.53619580600002, 26.313098617000037], [113.566397101, 26.32258760700006], [113.56333325600008, 26.516906623000068], [113.73966897800005, 26.562937641000076], [113.83209099800001, 26.63664800400005], [113.9740200980001, 26.630094185000075], [114.06499459500003, 26.57907780000005], [114.10004491400002, 26.48744764500003], [114.03604642500011, 26.41300966500006], [114.02557043500008, 26.313675774000046], [113.93666435500006, 26.17880515300004], [114.21499922900011, 26.218323431000044], [114.22591299800001, 26.187459598000032], [114.21240171000011, 26.147451138000065], [113.99117795100005, 26.04164262200004], [114.00433183400003, 25.928050849000044], [113.88149323200003, 25.720230007000055], [113.94547602700004, 25.573646385000075], [113.93206748000011, 25.469649058000073], [113.97318724200011, 25.439285977000054], [113.8868421310001, 25.42590825800005], [113.78001890700011, 25.31808985400005], [113.54325887900006, 25.34579560700007], [113.5206747200001, 25.312897048000025], [113.53787013800002, 25.248195512000052], [113.47412097900008, 25.173930703000053], [113.47502995500008, 25.112164567000036], [113.40548769300005, 25.097875714000054], [113.37994037500005, 25.048657954000078], [113.2656520170001, 25.04753314800007], [113.1310294970001, 25.15336893600005], [113.11662568100007, 25.113428096000064], [113.0348488940001, 25.105360443000052], [113.05310547600004, 25.02220264500005], [112.98147529000005, 24.978034102000038], [112.98025302700012, 24.882306222000068], [112.93077934900009, 24.785830416000067], [112.8676542820001, 24.73953408600005], [112.862553552, 24.628105343000072], [112.93945907000011, 24.566936557000076], [112.90477070800011, 24.480487932000074], [112.844379666, 24.52451880700005], [112.826338598, 24.502476800000068], [112.86423612500005, 24.411330692000035], [112.74926570600007, 24.327806546000033], [112.8197319410001, 24.281631856000047], [112.78791316000002, 24.186098818000062], [112.87452674400004, 24.080835513000068], [112.97038621500008, 24.074418640000033], [112.9683826810001, 23.98488568700003], [113.03026870200006, 23.96746671300008], [113.10982354400005, 23.88146936000004], [113.2094725751262, 23.874854711249156], [113.12716068100008, 23.798343097000043], [112.893036757, 23.829479571000036], [112.85457961300006, 23.709233392000044], [112.7476283630001, 23.601678269000047], [112.637646141, 23.831834022000066], [112.65652276100002, 23.934403133000046], [112.62793060800004, 23.965393193000068], [112.48992847300008, 24.019269864000023], [112.34096648000002, 23.85271168500003]]], [[[112.17333052200001, 28.382178905000046], [112.26378685700001, 28.319486038000036], [112.2819165950001, 28.26332654400005], [112.18281351200005, 28.18797548200007], [112.09336151100001, 28.25309090500008], [111.93111102400007, 28.242854989000023], [111.91344423100008, 28.30254448100004], [111.83943634900004, 28.371187271000053], [111.63265752100006, 28.339826493000032], [111.62239793600008, 28.47995055800004], [111.65108291300004, 28.555870694000077], [111.59957214300005, 28.606871290000072], [111.47839247100006, 28.59957051500004], [111.42262189000007, 28.529375006000066], [111.28547711400006, 28.496073538000076], [111.18351318200007, 28.506162355000072], [111.09328118900004, 28.440409174000024], [110.85349777200008, 28.409027512000023], [110.97530610900009, 28.505988313000046], [111.04519284100007, 28.51656648200003], [111.00528312600005, 28.575442128000077], [110.91278943000009, 28.561023660000046], [110.92753022500005, 28.595769732000065], [111.01476118500005, 28.618731491000062], [111.10485814800006, 28.72099214700006], [111.05828265200006, 28.81689882300003], [110.95263251100005, 28.890556807000053], [110.93518990200005, 28.984569529000055], [110.83433274700008, 29.098579968000024], [110.60518745900004, 29.08187487200007], [110.63271698000005, 29.193306861000053], [110.57288964500009, 29.289116989000036], [110.48961759300005, 29.286330977000034], [110.45489611900007, 29.346648859000027], [110.47925565400004, 29.390696853000065], [110.57887598900004, 29.441486164000025], [110.60037194900008, 29.549048602000028], [110.74884424800007, 29.627276961000064], [110.75620809100008, 29.662200506000033], [110.72763111800003, 29.704160929000068], [110.68326575000009, 29.692236843000046], [110.62358832500007, 29.725365917000033], [110.58652684500004, 29.75985031600004], [110.58040529800007, 29.830285853000078], [110.47338333000005, 29.890471313000035], [110.48339567600004, 29.970557468000038], [110.51679715600005, 29.992896071000075], [110.48625555600006, 30.019153034000055], [110.34675509800007, 29.963052925000056], [110.30120424000006, 30.024515602000065], [110.24600750300004, 30.254695980000065], [110.33040449200007, 30.248355150000066], [110.34100042500006, 30.476838332000057], [110.44890086900006, 30.530099827000072], [110.42825118600007, 30.761783481000066], [110.39671007900006, 30.789996365000036], [110.34088927000005, 30.782830610000076], [110.42052931700005, 30.89524889300003], [110.40788863600005, 30.932065312000077], [110.50381609800007, 31.102211729000032], [110.49854636600008, 31.160437399000045], [110.57971032100005, 31.13095789600004], [110.60855522000008, 31.18990649500006], [110.67035805600005, 31.18328787300004], [110.71518938100007, 31.166629619000048], [110.72682788000009, 31.123900572000025], [110.95116239300006, 31.08653330900006], [111.07506929300007, 31.167623132000074], [111.07048136100008, 31.282604052000067], [111.10389737500009, 31.342300385000044], [111.03682435900004, 31.43273406700007], [111.22841126400004, 31.46377530700005], [111.29640818600006, 31.37027147400005], [111.38813977100006, 31.38000162900005], [111.45677168800006, 31.30735194600004], [111.52334439100008, 31.31323505900008], [111.61270935400006, 31.379929326000024], [111.70698226600007, 31.370476522000047], [111.71850374000007, 31.307885729000077], [111.81085480800004, 31.23827361000008], [111.92611630500005, 31.27363061400007], [111.90274051700004, 31.332208930000036], [111.93529600300008, 31.477003499000034], [112.01979126900005, 31.44405193700004], [112.14875890500002, 31.482031609000046], [112.19873395500008, 31.538438806000045], [112.27857419500003, 31.55380167900006], [112.39501816900008, 31.51118765600006], [112.48060221600008, 31.565572436000025], [112.68418405700004, 31.49197545100003], [112.68158038400009, 31.561948140000027], [112.72725024300007, 31.617366264000054], [112.76346959000011, 31.614561722000076], [112.86154290600007, 31.57004947300004], [112.87542183300002, 31.47907686900004], [113.11462482600007, 31.44492860400004], [113.24112089800008, 31.350458606000075], [113.3144383120001, 31.364481891000025], [113.34076941100011, 31.308965056000034], [113.439202808, 31.248520129000042], [113.50408686600008, 31.137219539000057], [113.29362133300003, 30.945255185000065], [113.404525207, 30.74170384400003], [113.43204820300002, 30.60506543100007], [113.40883020600006, 30.542790827000033], [113.46437464400003, 30.375954501000024], [113.39917013000002, 30.36418599700005], [113.31511021500012, 30.42134234200006], [113.141586619, 30.39877340000004], [113.1220307970001, 30.45403165400006], [113.03525359200012, 30.44263737500006], [113.0583025840001, 30.483080767000047], [112.9243486690001, 30.53677194900007], [112.95130134200008, 30.42259733700007], [112.92161213100007, 30.349791027000038], [112.96669188200008, 30.298972244000026], [112.98682183800008, 30.13823923800004], [112.92141183000001, 30.112521771000047], [112.83682663500008, 30.155685521000066], [112.769240104, 30.06148535600005], [112.65620342700004, 30.038443160000043], [112.56143159400006, 29.938469575000056], [112.56765969600008, 29.870146689000023], [112.60420586700002, 29.84365623700006], [112.73980736200008, 29.825900356000034], [112.73379319600008, 29.713665977000062], [112.61445087200002, 29.60562067500007], [112.42716345500003, 29.63410808100008], [112.26787089900006, 29.495639011000037], [112.23041781300003, 29.365792199000055], [112.25050377000002, 29.314827457000035], [112.21531056200001, 29.294824418000076], [112.17630824600008, 29.128711146000057], [112.29836828900011, 29.061011526000073], [112.33780135900008, 28.99677348000006], [112.31728726600011, 28.826602956000045], [112.284565788, 28.81457025700007], [112.31079475600006, 28.76064815500007], [112.2673563400001, 28.767120886000043], [112.2478580940001, 28.68456112100006], [112.21230512400007, 28.66683340800006], [112.30295516600006, 28.649141507000024], [112.31200342000011, 28.614432790000023], [112.23134491100006, 28.57868975100007], [112.17333052200001, 28.382178905000046]]], [[[107.50504551600005, 29.48554520500005], [107.36731076300003, 29.519783809000046], [107.21639983900008, 29.387373941000078], [107.14354764400008, 29.388954213000034], [107.08661614500005, 29.345320122000032], [107.02441578700007, 29.39175742200007], [107.00959671100009, 29.45693236900007], [106.94358467800004, 29.49178364200003], [106.98887347500005, 29.714385771000025], [106.93542346600009, 29.81285947600003], [106.98094095100004, 29.950233832000038], [106.92292296700003, 29.984544990000074], [106.86107998600005, 29.976851055000054], [106.87015232200008, 30.03864578400004], [107.05453407400006, 30.05541454100006], [107.23688198600007, 30.23472841800003], [107.26514349700005, 30.320974207000063], [107.40117793900004, 30.50546296500005], [107.68120423600004, 30.447898078000037], [107.73508084200006, 30.50039864200005], [107.79861462400004, 30.481331349000072], [107.81908142500004, 30.55118200900006], [107.85240178400005, 30.55682455300007], [107.93933889700008, 30.481202659000076], [107.95376845600003, 30.527591999000038], [108.02139819400008, 30.568737904000045], [108.11852519100006, 30.570754116000046], [108.22054398000006, 30.46661056000005], [108.12939610200004, 30.347961577000035], [108.12249573000008, 30.19310501900003], [108.06517268300007, 30.157857877000026], [108.09043635000006, 30.09942598300006], [108.00837583500004, 30.053845482000042], [108.02138260900006, 30.014934995000033], [107.98869384900007, 29.96964984400006], [108.04632911300007, 29.842049161000034], [108.17611795900007, 29.815908382000032], [108.14632597700006, 29.72767943200006], [108.16052325900006, 29.644386946000054], [108.11547858500006, 29.604349549000062], [107.97026888700009, 29.625080913000033], [107.93645750000007, 29.597305641000048], [107.91029853700007, 29.663166905000026], [107.87629198900004, 29.657541234000064], [107.79668296800008, 29.559111191000056], [107.69233960900004, 29.59615433700003], [107.57400050700005, 29.503000625000027], [107.50504551600005, 29.48554520500005]]]]}}, {"type": "Feature", "properties": {"id": "黔中", "name": "黔中", "color": "#155c81", "owner": "黔州", "units": ["南", "夷", "奖", "思", "播", "施", "溆", "溪", "溱", "珍", "费", "辰", "锦", "黔"], "label_lon": 108.311, "label_lat": 28.073}, "geometry": {"type": "MultiPolygon", "coordinates": [[[[107.55796136800006, 26.01635170000003], [107.43977242200003, 25.957745872000032], [107.45458938100006, 25.89172706000005], [107.38729845000006, 25.878245495000044], [107.34130646500006, 25.927252360000068], [107.34267326600008, 25.99795828200007], [107.25477194600006, 26.023618568000074], [107.20366046600009, 25.977396589000023], [107.18007934300005, 26.044363245000056], [107.04913779800006, 26.158919809000054], [106.99603300700005, 26.12198323100006], [107.03196261400007, 26.06423697300005], [106.97509787800004, 26.047730884000032], [106.85393366100004, 25.932545696000034], [106.88593763300008, 25.799360381000042], [106.85202060400007, 25.763613794000037], [106.76392820100006, 25.758711100000028], [106.69087732800006, 25.710290885000063], [106.62151186600005, 25.76073313200004], [106.59425969600005, 25.715660240000034], [106.50406173600004, 25.729816107000033], [106.48624446100007, 25.69937524900007], [106.37936990200006, 25.671917257000075], [106.26609492800009, 25.751425769000036], [106.23013241600006, 25.814479148000032], [106.29316258700004, 25.908630733000052], [106.29645916800007, 26.03891120800006], [106.22525841700008, 26.07134846500003], [106.19531783600007, 25.991497898000034], [106.15712550800004, 25.98594658600007], [106.14763815000003, 26.03183546300005], [106.04825137600005, 26.057759376000035], [105.99266886400005, 26.02068629000007], [105.98978086500006, 25.927260283000066], [105.91341595300008, 25.812842242000045], [105.98444118500004, 25.593539882000073], [105.91089374000006, 25.53055177600004], [105.92319798300008, 25.45815613600007], [105.85304510600008, 25.45030402900005], [105.67257050900008, 25.67057148400005], [105.59122599000005, 25.703351100000077], [105.53621966100008, 25.686744348000047], [105.40406330900004, 25.77491470900003], [105.38288241800007, 25.874800078000078], [105.30237918200004, 25.885806030000026], [105.23316566100004, 25.983588132000023], [105.22849790100008, 26.069715994000035], [105.15293349200005, 26.204236023000078], [105.02930947500005, 26.172865260000037], [104.96838237300005, 26.091646241000035], [104.89045580800007, 26.131835455000044], [104.73529056900009, 26.095435862000045], [104.68282021800007, 26.129907228000036], [104.63664493100003, 26.178727483000046], [104.61232999300006, 26.314661191000027], [104.67786484000004, 26.433008131000065], [104.64899018800008, 26.510683527000026], [104.56382958200004, 26.585609942000076], [104.70324077500004, 26.576926123000078], [104.69197155200004, 26.603649542000028], [104.75597664700007, 26.685544766000078], [104.75615593200007, 26.80158], [104.82701348200004, 26.89504483500008], [104.92104084600004, 26.858630529000038], [105.01858735900004, 26.934122665000075], [105.03001967000006, 26.96218185400005], [104.96687984200008, 26.966431369000077], [104.95759964400008, 26.993678901000067], [105.03566463800007, 27.07415933200008], [104.87300384800005, 27.219735628000024], [104.86445599400008, 27.306271751000054], [104.89959810300007, 27.285086041000056], [104.94026606400007, 27.35427687200007], [105.14252800300005, 27.42868639900007], [105.22058548400008, 27.415843938000023], [105.26976978400006, 27.521137881000072], [105.24683086400006, 27.567748063000067], [105.32983751100005, 27.653742153000053], [105.33242968600007, 27.711927133000074], [105.47680453200007, 27.769120523000026], [105.51546651000007, 27.749342815000034], [105.53162333800009, 27.82219596400006], [105.50041973100008, 27.92056946200006], [105.62231723400004, 28.11816833000006], [105.61728264100009, 28.18680312300006], [105.66615308400009, 28.26181410600003], [105.77980823500008, 28.317548772000066], [105.81891355000005, 28.280351464000034], [105.95279258300008, 28.264954273000058], [106.11788288900004, 28.385908033000078], [106.11639124100009, 28.42570822700003], [106.23933398600008, 28.468658077000043], [106.25290066500008, 28.537187594000045], [106.33958204100009, 28.46923572000003], [106.37438516500004, 28.49807800900004], [106.37789342500008, 28.521774631000028], [106.32429520700003, 28.54211738200007], [106.25341115300006, 28.841064962000075], [106.17659018800003, 28.895836488000043], [106.06278396000005, 28.89766805900007], [105.98423302300006, 28.952758190000054], [105.91178597400005, 28.89177071200004], [105.83304408000004, 28.903754622000065], [105.75015964200009, 29.011362679000058], [105.84485738700005, 29.07410292900005], [105.86351252200006, 29.016903598000056], [105.89465369800007, 29.009703615000035], [106.04078554900008, 29.295668527000032], [106.12934614900007, 29.262345534000076], [106.26137718400008, 29.39378110000007], [106.30183183900004, 29.256463637000024], [106.37292728700004, 29.277886971000044], [106.39664352000005, 29.346307412000044], [106.45908018200004, 29.328850295000052], [106.54552661000008, 29.20187220100007], [106.55805745000004, 29.12516574500006], [106.67477726300007, 29.174147280000057], [106.78324078800006, 29.171728298000062], [106.87496017500007, 29.129961038000033], [106.94104801600008, 29.194750267000074], [106.90617347500006, 29.342234787000052], [106.94358467800004, 29.49178364200003], [107.00959671100009, 29.45693236900007], [107.02441578700007, 29.39175742200007], [107.08661614500005, 29.345320122000032], [107.14354764400008, 29.388954213000034], [107.21639983900008, 29.387373941000078], [107.36731076300003, 29.519783809000046], [107.54673565700006, 29.48752230300005], [107.69233960900004, 29.59615433700003], [107.79668296800008, 29.559111191000056], [107.87629198900004, 29.657541234000064], [107.91029853700007, 29.663166905000026], [107.93645750000007, 29.597305641000048], [107.97026888700009, 29.625080913000033], [108.11547858500006, 29.604349549000062], [108.16052325900006, 29.644386946000054], [108.14632597700006, 29.72767943200006], [108.18657380900004, 29.78714693200004], [108.15085993900004, 29.83701641700003], [108.04632911300007, 29.842049161000034], [107.98869384900007, 29.96964984400006], [108.02138260900006, 30.014934995000033], [108.00837583500004, 30.053845482000042], [108.09043635000006, 30.09942598300006], [108.06517268300007, 30.157857877000026], [108.12249573000008, 30.19310501900003], [108.12939610200004, 30.347961577000035], [108.20054932200009, 30.411101932000065], [108.28200736600007, 30.40259056900004], [108.38232443800007, 30.543558077000057], [108.40870218700007, 30.496416785000065], [108.56592568700006, 30.492802469000026], [108.61397384500003, 30.62169303400003], [108.78092933300007, 30.495913985000072], [108.82707957000008, 30.505609242000048], [108.94733610600008, 30.635579017000055], [108.99566730800007, 30.642301059000033], [109.04839615600008, 30.832099516000028], [109.11680544000006, 30.853700736000064], [109.14483478500006, 30.941555574000063], [109.20732402900006, 30.922231323000062], [109.23851601700005, 31.022425714000065], [109.21779232600005, 31.05604949900004], [109.12669174300004, 31.045128370000043], [109.03988434500008, 31.146418218000065], [109.07526772800009, 31.193575276000047], [109.01259040700006, 31.36474946900006], [109.27056441200006, 31.350504448000038], [109.43345985200006, 31.23531495700007], [109.56848824500008, 31.262413895000066], [109.60232164500007, 31.301165990000072], [109.89132125400005, 31.406338686000026], [109.92833003000004, 31.461016676000042], [110.04978534800006, 31.412628952000034], [110.11538252200006, 31.30489509800003], [110.30377237000005, 31.39740431900003], [110.37005673000004, 31.389344186000073], [110.44500469500008, 31.33105069900006], [110.41817026300004, 31.286953405000077], [110.49854636600008, 31.160437399000045], [110.50381609800007, 31.102211729000032], [110.40788863600005, 30.932065312000077], [110.42052931700005, 30.89524889300003], [110.34088927000005, 30.782830610000076], [110.39671007900006, 30.789996365000036], [110.42825118600007, 30.761783481000066], [110.44890086900006, 30.530099827000072], [110.34100042500006, 30.476838332000057], [110.33040449200007, 30.248355150000066], [110.24600750300004, 30.254695980000065], [110.32144418000007, 29.983712903000026], [110.38408488400006, 29.96554449300004], [110.48625555600006, 30.019153034000055], [110.51679715600005, 29.992896071000075], [110.48339567600004, 29.970557468000038], [110.47338333000005, 29.890471313000035], [110.58040529800007, 29.830285853000078], [110.58652684500004, 29.75985031600004], [110.62358832500007, 29.725365917000033], [110.68326575000009, 29.692236843000046], [110.72763111800003, 29.704160929000068], [110.75620809100008, 29.662200506000033], [110.74884424800007, 29.627276961000064], [110.60037194900008, 29.549048602000028], [110.57887598900004, 29.441486164000025], [110.47925565400004, 29.390696853000065], [110.45489611900007, 29.346648859000027], [110.48961759300005, 29.286330977000034], [110.57288964500009, 29.289116989000036], [110.63271698000005, 29.193306861000053], [110.60518745900004, 29.08187487200007], [110.83433274700008, 29.098579968000024], [110.93518990200005, 28.984569529000055], [110.95263251100005, 28.890556807000053], [111.09591375600007, 28.758401827000057], [111.09212083900007, 28.687518269000066], [110.91278943000009, 28.561023660000046], [111.00528312600005, 28.575442128000077], [111.04519284100007, 28.51656648200003], [110.97530610900009, 28.505988313000046], [110.85349777200008, 28.409027512000023], [111.09328118900004, 28.440409174000024], [111.18351318200007, 28.506162355000072], [111.28547711400006, 28.496073538000076], [111.42262189000007, 28.529375006000066], [111.47839247100006, 28.59957051500004], [111.59957214300005, 28.606871290000072], [111.65108291300004, 28.555870694000077], [111.62239793600008, 28.47995055800004], [111.63265752100006, 28.339826493000032], [111.83943634900004, 28.371187271000053], [111.96542590800004, 28.227133344000038], [111.89779449400004, 28.177198213000054], [111.87473677500009, 28.013066449000064], [111.74336343600004, 28.01496584800003], [111.68210351200008, 27.97603652400005], [111.65035634400004, 28.019585457000062], [111.57813813400008, 27.994963744000074], [111.60545980700005, 27.948126568000077], [111.56431805600005, 27.89398727200006], [111.63093368900007, 27.826128845000028], [111.61785812300008, 27.756246972000042], [111.54898755500005, 27.754253752000068], [111.50486337300003, 27.828537049000033], [111.46454395000006, 27.829795094000076], [111.25234722900007, 27.532547297000065], [111.20774068500003, 27.513965404000032], [110.93617847600007, 27.65058864200006], [110.84690371600004, 27.65646209700003], [110.77510566100005, 27.54456664500003], [110.70508849500004, 27.603898533000063], [110.62898696400003, 27.585672741000053], [110.59853881200007, 27.511003069000026], [110.64846662600007, 27.469878023000035], [110.63186978900006, 27.385375728000042], [110.69439233000008, 27.34713418800004], [110.75542069400007, 27.380060901000036], [110.75502981800008, 27.25781210100007], [110.80446358100005, 27.200035313000058], [110.74526331700008, 27.154233824000073], [110.83947441400005, 27.109727461000034], [110.86403382700007, 27.04078019600007], [110.91684490700004, 27.02237982200006], [110.92019822500004, 26.95116994400007], [110.85576215200007, 26.934562210000024], [110.80007673700004, 26.983861896000064], [110.68464776800005, 26.89186604400004], [110.63728443000008, 26.883248180000066], [110.58255433000005, 26.92745388700007], [110.53333983400006, 26.90346835500003], [110.47048171600005, 26.771057979000034], [110.32526833800006, 26.612973793000037], [110.29365003900006, 26.50039455800004], [110.25805810300005, 26.494971470000053], [110.21615216300006, 26.555411965000076], [110.17703026100008, 26.524334999000075], [110.14608696600004, 26.388310532000048], [110.05261058300005, 26.368013207000047], [109.99589534900008, 26.39045274700004], [109.90388013000006, 26.504286144000048], [109.87409305300008, 26.48761216200006], [109.81202706900007, 26.642665529000055], [109.89969682800006, 26.70609883800006], [109.91392625400005, 26.730876485000067], [109.87927549100004, 26.746883058000037], [109.80603667300005, 26.730782743000077], [109.64505197400007, 26.795522377000054], [109.56462389300009, 26.727526003000037], [109.49712526000008, 26.779688407000037], [109.33012845100006, 26.71239739500004], [109.19151593200007, 26.77897876700007], [109.09544869200005, 26.713712643000065], [109.00715059000004, 26.684287914000038], [108.93429198300004, 26.712320917000056], [108.88043486300006, 26.674746913000035], [108.88998315700007, 26.55782928600007], [108.84296892200007, 26.50584686700006], [108.78430125000006, 26.486303744000054], [108.69902478100005, 26.52212528700005], [108.69301851400007, 26.46582107300003], [108.59303003100007, 26.450845435000076], [108.52888096800007, 26.405849749000026], [108.28151316200007, 26.372662181000067], [108.30108618300005, 26.33598709200004], [108.27724278900007, 26.24399847600006], [108.20093153700009, 26.19749124300006], [108.20309783000005, 26.058585208000068], [108.12656077800006, 26.11144332500004], [107.94628009800005, 26.08348214800003], [107.86079135700004, 26.14612012400005], [107.80137409200006, 26.130493026000067], [107.72368716000005, 26.18116953200007], [107.74987379700008, 26.08609169300007], [107.66486108100008, 26.02041134800004], [107.55796136800006, 26.01635170000003]]], [[[109.73628927700008, 24.222474528000077], [109.70999434600009, 24.138278532000072], [109.60364380400006, 24.13445315000007], [109.47170305600008, 23.97609580900007], [109.38293827400008, 23.930096580000054], [109.25673408800009, 24.08506846800003], [109.11668308300005, 24.05359938500004], [109.11942240800005, 24.124234220000062], [108.95178308400006, 24.14297502100004], [108.92643962500006, 24.16852981900007], [108.95117351300007, 24.267309733000047], [108.89934318000007, 24.365823247000037], [109.00838608600009, 24.458797825000033], [108.85446533400005, 24.49016608900007], [108.82682155500004, 24.55991354100007], [108.93192028600004, 24.661239290000026], [108.94709240800006, 24.78488716100003], [109.03073929900006, 24.854306739000037], [109.11485040500008, 24.83296258300004], [109.15375067600007, 24.868668402000026], [109.25447470800009, 24.78579610500003], [109.32833721600008, 24.807821600000068], [109.44261364600004, 24.779685549000078], [109.49584483700005, 24.806528599000046], [109.51245352200004, 24.769002791000048], [109.45691082500008, 24.670763647000058], [109.48172824300008, 24.64556598300004], [109.54379565400006, 24.664494001000037], [109.58042892500004, 24.600687937000032], [109.53663200200003, 24.54287499800006], [109.56862501600006, 24.523669711000025], [109.51906618200007, 24.482615846000044], [109.52245520700006, 24.379468390000056], [109.46327797900005, 24.23269417000006], [109.57678593800006, 24.18694526200005], [109.62973618700005, 24.24321095700003], [109.73628927700008, 24.222474528000077]]]]}}, {"type": "Feature", "properties": {"id": "江西", "name": "江西", "color": "#ab6673", "owner": "洪吉", "units": ["信", "吉", "抚", "江", "洪", "虔", "袁"], "label_lon": 115.686, "label_lat": 27.455}, "geometry": {"type": "Polygon", "coordinates": [[[115.36066123400008, 24.778497129000073], [115.17467494300001, 24.710253477000037], [115.15532283100003, 24.675824670000054], [115.0216431230001, 24.688258028000064], [114.89856732700002, 24.649593134000042], [114.8372080260001, 24.552575524000076], [114.7983652040001, 24.586027070000057], [114.80859187800002, 24.656141519000073], [114.84431382100001, 24.716058478000036], [114.98058945500009, 24.794039026000064], [114.97366662400009, 24.91417188400004], [114.93868529300005, 25.021209243000044], [114.85521003100007, 25.000093054000047], [114.82092913000008, 25.06676439200004], [114.70342827800005, 25.132884684000032], [114.669281049, 25.21959072100003], [114.71216158100003, 25.272132428000077], [114.67570709900008, 25.327445484000066], [114.63762558000008, 25.31975955200005], [114.52378667200003, 25.406467376000023], [114.26524532400003, 25.30046702900006], [114.12364735100005, 25.31378216400003], [114.01609993900001, 25.277319694000028], [114.02767871100002, 25.384124728000074], [113.93206748000011, 25.469649058000073], [113.94547602700004, 25.573646385000075], [113.88149323200003, 25.720230007000055], [114.00433183400003, 25.928050849000044], [113.99117795100005, 26.04164262200004], [114.21240171000011, 26.147451138000065], [114.22591299800001, 26.187459598000032], [114.21499922900011, 26.218323431000044], [113.93666435500006, 26.17880515300004], [114.02557043500008, 26.313675774000046], [114.03604642500011, 26.41300966500006], [114.10004491400002, 26.48744764500003], [114.06499459500003, 26.57907780000005], [113.9740200980001, 26.630094185000075], [113.82610754400002, 26.63950778900005], [113.81939726200005, 26.743707165000046], [113.89031082600002, 26.93363192000004], [113.74794085600001, 27.102244125000027], [113.83494671800008, 27.252219765000063], [113.82195396800012, 27.32060644200004], [113.86135715400007, 27.375064415000054], [113.63050996400011, 27.340698047000046], [113.58702134000009, 27.382036278000044], [113.60203365900009, 27.40762416900003], [113.56703401400011, 27.46216623300006], [113.59226846800004, 27.52240461100007], [113.55902244800006, 27.534834756000066], [113.54770046700003, 27.59951626700007], [113.58780595100006, 27.611078667000072], [113.72176439600003, 27.817033319000075], [113.69779474600011, 27.86450586500007], [113.72929662400009, 27.957189976000052], [114.00583721200007, 28.049073168000064], [114.02789448500005, 28.09314214500006], [113.97226701500006, 28.174191662000055], [114.19497546000002, 28.284023319000028], [114.24726435900004, 28.361967501000038], [114.1576968490001, 28.443167265000056], [114.19999271400002, 28.499971989000073], [114.08138635500006, 28.553362075000052], [114.12936360000003, 28.680518305000078], [114.13805265000008, 28.83194675200008], [114.08653853300007, 28.836967809000043], [113.9228607770001, 28.978786890000038], [113.93832650500008, 29.125480519000064], [114.00220297100009, 29.14158753600003], [114.03458085900002, 29.204881401000023], [114.13223819200005, 29.20572298700006], [114.20757521500002, 29.247238073000062], [114.22953840700006, 29.332149361000063], [114.42032894800002, 29.31663697600004], [114.6011855160001, 29.410742766000055], [114.7364927970001, 29.38579823400005], [114.8466660040001, 29.40434053000007], [114.90825191700003, 29.452106979000064], [114.85608045600009, 29.473519638000027], [114.87374740900009, 29.51746001400005], [114.92738416700001, 29.504901335000056], [114.95960049700011, 29.568805927000028], [115.12389595800005, 29.514774137000074], [115.13558677900005, 29.561566861000074], [115.09417198900007, 29.67533446300007], [115.27877780400001, 29.627482817000043], [115.41565339500005, 29.728212357000075], [115.43583019700009, 29.816543565000075], [115.72595658700004, 29.804539678000026], [115.8007952590001, 29.95865328800005], [115.76814348300002, 30.02114666400007], [115.78993377000006, 30.074295169000038], [115.75803601500002, 30.197647672000073], [115.89208858100005, 30.300582612000028], [115.86159385200006, 30.313630643000067], [115.8926066350001, 30.435199822000072], [115.95542009200005, 30.429527422000035], [116.04401668100002, 30.36719426600007], [116.17894399800002, 30.38628186300008], [116.24972044900005, 30.30784338600006], [116.34364721600002, 30.263374017000046], [116.4113855270001, 30.157287116000077], [116.60955157100011, 30.063879816000053], [116.69745598800012, 30.059462874000076], [116.86560114600002, 29.940455747000044], [116.80558523600007, 29.846400911000046], [116.65261126000007, 29.722200229000066], [116.69284105200006, 29.604357552000067], [116.64046959300003, 29.580455245000053], [116.51952453100012, 29.609999396000035], [116.55007346800005, 29.188012939000032], [116.5043358800001, 29.22976979500004], [116.48098449800011, 29.186740202000067], [116.47827654100001, 29.26636681900004], [116.42727427700004, 29.28362105800005], [116.41503548000003, 29.17373832100003], [116.328008253, 29.137671029000046], [116.3763257490001, 29.211596971000063], [116.37031266100007, 29.238994062000074], [116.32586163400003, 29.20862248000003], [116.30798956300009, 29.238971179000032], [116.27626967600008, 29.199246249000055], [116.21628519500007, 29.249719820000053], [116.17699144300002, 29.234564085000045], [116.11123421900004, 29.31809316500005], [116.23755065500006, 29.339530506000074], [116.21912327000007, 29.38139702500007], [116.24260192200006, 29.427325507000035], [116.13469586400004, 29.355413463000048], [116.05495827900006, 29.38552635900004], [116.12897205600007, 29.44434887700004], [116.14552037300007, 29.49698910400008], [116.12225828900011, 29.519516512000052], [116.15662273800001, 29.57094586900007], [116.19694282900002, 29.540693435000037], [116.18131175100007, 29.582847426000058], [116.22339395000006, 29.585548353000036], [116.19171452500007, 29.628559820000078], [116.2318317050001, 29.692502207000075], [116.17097813900011, 29.707323538000026], [116.20733983000002, 29.78137688000004], [116.1501798050001, 29.81250376500003], [116.07815679400005, 29.800123625000026], [116.03977658200006, 29.749480465000033], [116.03088592400002, 29.696531049000043], [116.11740740500011, 29.625904524000077], [116.07722954600001, 29.586708991000023], [116.09607121800002, 29.552670490000025], [116.06077614800006, 29.515276028000073], [116.06548403200009, 29.46784589400005], [115.96607255000004, 29.41030323500007], [116.00502709400007, 29.381808285000034], [116.008101968, 29.30106683300005], [115.85973336400002, 29.278780511000036], [115.90416335400005, 29.193614856000067], [115.96707329800006, 29.193246690000024], [115.97169615300004, 29.259789323000064], [116.06290066300005, 29.231993616000068], [116.0767477920001, 29.19095962800003], [116.02423580700008, 29.19660053000007], [116.02619702600009, 29.167132898000034], [116.08996466200006, 29.12231188800007], [116.08904484300001, 29.08089583900005], [116.14357924400008, 29.095267806000038], [116.11946093800009, 29.010158899000032], [116.1786472340001, 29.04327787300008], [116.1933513570001, 28.95953201900005], [116.29222464000009, 28.95069271500006], [116.23568623200003, 28.89846911500007], [116.25426786100002, 28.878437348000034], [116.34085808200007, 28.894422328000076], [116.32224903500003, 28.85914668600003], [116.24224770500007, 28.860078260000023], [116.25211065400003, 28.83014914200004], [116.29732479300003, 28.770256300000028], [116.45099435300006, 28.683913928000038], [116.49622971200006, 28.539025432000074], [116.6013087450001, 28.37327490000007], [116.77330071100005, 28.355292435000024], [116.84423769400007, 28.38803512800007], [116.87552423700004, 28.439009635000048], [116.86000003700008, 28.46885816200006], [116.89657624400002, 28.467154936000043], [116.90811383700009, 28.50346300700005], [117.05256951100012, 28.519025921000036], [117.0605117980001, 28.590677178000078], [117.09449137000001, 28.611547748000078], [117.18442346800009, 28.54430726100003], [117.2524512010001, 28.735849448000067], [117.38407746400003, 28.770849190000035], [117.44681272100001, 28.844386093000026], [117.50938860500003, 28.80340989700005], [117.53851621400008, 28.82108856800005], [117.522928062, 28.904339917000073], [117.45818440300002, 28.950574333000077], [117.49297760600007, 29.146203684000056], [117.38944225900002, 29.129560768000033], [117.35524249700006, 29.182174302000078], [117.5078087060001, 29.410880467000027], [117.75827754300008, 29.571716536000054], [118.07342787000005, 29.540938657000027], [118.12234120000005, 29.501287365000053], [118.10293132200002, 29.444478221000054], [118.19476507600007, 29.407445164000023], [118.16328958600002, 29.31925005000005], [118.05300772200007, 29.29669918500008], [118.05108711800005, 29.236091161000047], [118.005375737, 29.21213460900003], [118.00157268900011, 29.128412449000052], [118.02938036000012, 29.03734562900007], [118.15641541800005, 28.97932154700004], [118.17534144600006, 28.908405083000048], [118.25906214800011, 28.904831383000044], [118.26313929500009, 28.855401237000024], [118.34868970700006, 28.80157057300005], [118.39690606400006, 28.545281310000064], [118.44468592400005, 28.46516534700004], [118.44313198100008, 28.352492445000053], [118.39439432200004, 28.267632684000034], [118.33624478400009, 28.271827855000026], [118.28979448200005, 28.222046944000056], [118.33422403100008, 28.18780130400006], [118.34226195300005, 28.101298504000056], [118.1666012930001, 28.065269431000047], [118.06790177900007, 27.97664211600005], [117.91463132500007, 27.984486683000057], [117.740631828, 27.845601766000073], [117.60761018000005, 27.847337740000057], [117.5498496780001, 27.97703249800003], [117.49654069500002, 27.99090532400004], [117.33401810200007, 27.873157069000058], [117.26810078500012, 27.882276257000058], [117.261330186, 27.760863193000034], [117.18376179100005, 27.706110140000078], [117.05492671500008, 27.676518100000067], [117.09866137900008, 27.644550156000037], [116.99121573900004, 27.627141636000033], [117.08734867300006, 27.49822702800003], [117.10509570500005, 27.446161536000034], [117.0771921270001, 27.367923370000028], [117.13742080200007, 27.32692303400006], [117.12978529200007, 27.276241508000055], [117.0043051670001, 27.124472697000044], [117.05025803800004, 27.03917738100006], [117.03240599700007, 26.98330468100005], [116.91504383300003, 26.90527985400007], [116.9604531230001, 26.783116121000035], [116.87925932200005, 26.722470670000064], [116.89415038000004, 26.58751237900003], [116.77901325800008, 26.586521333000064], [116.77146831100004, 26.549045481000064], [116.88074835000009, 26.452248547000067], [117.01507827300009, 26.484290567000073], [117.02526381700011, 26.368744953000032], [116.79687535300002, 26.306139761000054], [116.75144536700009, 26.198077819000048], [116.81606952100003, 26.147020631000032], [116.8108603820001, 26.115264281000066], [116.63967756700004, 26.04651414600005], [116.6293724090001, 26.011776944000076], [116.6516062280001, 25.94657264700004], [116.7235202380001, 25.91326940500005], [116.72168866000004, 25.87776146300007], [116.82408340600011, 25.788269764000063], [116.92932772900008, 25.87516222200003], [117.01654100200005, 25.858621795000033], [117.05302892200007, 25.704396076000023], [117.16210199000011, 25.583144709000067], [117.1399415620001, 25.544388681000044], [117.11473972200008, 25.521984987000053], [116.92575155600002, 25.541362348000064], [116.91072527200004, 25.39177942500004], [116.8576743970001, 25.405595090000077], [116.8094723370001, 25.360104998000054], [116.71925956300004, 25.358139831000074], [116.68186866100007, 25.288722585000073], [116.61681062200012, 25.27129403500004], [116.57294364400002, 25.30899690600006], [116.60467158300003, 25.326330718000065], [116.58699354200007, 25.38065885700007], [116.52625011700002, 25.400908187000027], [116.5336641670001, 25.470085521000044], [116.43240976100003, 25.427251242000068], [116.40019632100007, 25.37877369000006], [116.331429221, 25.398288362000073], [116.27996433800001, 25.313944594000077], [116.2745892590001, 25.236484002000054], [116.35556543500002, 25.172797546000027], [116.27388168700008, 25.12504580800004], [116.26261742200006, 25.031538151000063], [116.26281502600011, 25.00399353000006], [116.32600424100008, 24.99822205600003], [116.35927121800012, 24.946949290000077], [116.32442565200006, 24.84719141900007], [116.24447957400002, 24.798722757000064], [116.17721126900005, 24.84987426400005], [116.02116436100005, 24.854691552000077], [115.96771034400001, 24.907747138000047], [115.89345765300004, 24.925642682000046], [115.858491995, 24.865004618000057], [115.79583003200003, 24.89583575300003], [115.72389065000004, 24.75109467900006], [115.76706455100009, 24.614639974000056], [115.74063012800002, 24.543589277000024], [115.56528799900002, 24.604631701000073], [115.4199271120001, 24.757976855000038], [115.36066123400008, 24.778497129000073]]]}}, {"type": "Feature", "properties": {"id": "劍南東川", "name": "劍南東川", "color": "#d291b2", "owner": "東川", "units": ["昌"], "label_lon": 105.822, "label_lat": 29.548}, "geometry": {"type": "Polygon", "coordinates": [[[106.18019145800008, 29.756206641000063], [106.01483144100007, 29.221607316000075], [105.89465369800007, 29.009703615000035], [105.86351252200006, 29.016903598000056], [105.84485738700005, 29.07410292900005], [105.75969304500006, 29.04009675100008], [105.73145365800008, 29.064384365000024], [105.71103327700007, 29.260809234000078], [105.64955431100009, 29.239823929000067], [105.63864131100007, 29.26937567500005], [105.52508179700004, 29.265067776000024], [105.41305983600006, 29.322646390000045], [105.43499547600004, 29.387550840000074], [105.40678489600003, 29.501345642000047], [105.30980099500005, 29.53863619300006], [105.42173500100006, 29.689892186000066], [105.45120421100006, 29.67402989800007], [105.59915148300007, 29.740951452000047], [105.61701100900007, 29.81772429600005], [105.72183937900007, 29.83062368900005], [105.71699126800007, 29.777110535000077], [105.86757534700007, 29.884775725000054], [105.93725475000008, 29.875046989000055], [105.92329914600003, 29.97832255000003], [105.88426598800004, 30.008073377000073], [105.92474291500008, 30.055832370000076], [105.99174975100004, 30.070047626000076], [105.98256894400004, 30.03816611900004], [106.08877880400007, 29.990251879000027], [106.13849069400004, 29.913871216000075], [106.21382079800009, 29.92430311800007], [106.33469786100005, 29.879640979000044], [106.18019145800008, 29.756206641000063]]]}}, {"type": "Feature", "properties": {"id": "湖南", "name": "湖南", "color": "#2f8aa1", "owner": "衡州", "units": ["永", "潭", "衡", "道", "邵"], "label_lon": 112.214, "label_lat": 26.98}, "geometry": {"type": "Polygon", "coordinates": [[[111.43910216600005, 24.99536125900005], [111.44088002900008, 24.769174532000022], [111.40791572100005, 24.691814829000066], [111.45222137600007, 24.675775228000077], [111.38096200500007, 24.647988319000035], [111.28907716900005, 24.688660380000044], [111.23410097000004, 24.66355926400007], [111.13305018900007, 24.775910687000078], [111.15834532400004, 24.918643802000076], [111.07365734300004, 24.952819599000065], [110.98980702600005, 24.91393701900006], [110.95321975300004, 24.961723196000037], [110.93341095400007, 25.05721370200007], [110.96312463500004, 25.142736398000068], [111.08908744500008, 25.20646602200003], [111.10144561100009, 25.28418696700004], [110.94620246900007, 25.240656365000063], [110.87169896100005, 25.253109102000053], [110.79660098300008, 25.191615300000024], [110.73973133200008, 25.20344338800004], [110.71332270300007, 25.270112125000026], [110.72409236100009, 25.354900928000063], [110.85521406900006, 25.38944490700004], [110.88755074000005, 25.51534104900003], [110.79983372900006, 25.57128685200007], [110.82201052000005, 25.670944629000076], [110.78405371000008, 25.757877164000035], [110.74039281500006, 25.779505475000065], [110.67144223300005, 25.752725114000043], [110.62737294400006, 25.870552721000024], [110.88883484300004, 26.277403629000048], [110.74733926400006, 26.26449956700003], [110.71403411000006, 26.32996659400004], [110.54022845100008, 26.301754695000056], [110.47101986000007, 26.360118283000077], [110.44779469100007, 26.428992764000043], [110.58794811200005, 26.53029382300008], [110.60501583000007, 26.634154357000057], [110.57722637800003, 26.673342925000043], [110.47408908600005, 26.665420890000064], [110.43063303900004, 26.71735194100006], [110.51002850800006, 26.876246454000068], [110.58255433000005, 26.92745388700007], [110.63728443000008, 26.883248180000066], [110.80007673700004, 26.983861896000064], [110.85576215200007, 26.934562210000024], [110.92019822500004, 26.95116994400007], [110.91684490700004, 27.02237982200006], [110.86403382700007, 27.04078019600007], [110.83947441400005, 27.109727461000034], [110.74526331700008, 27.154233824000073], [110.80446358100005, 27.200035313000058], [110.75502981800008, 27.25781210100007], [110.75542069400007, 27.380060901000036], [110.69439233000008, 27.34713418800004], [110.63186978900006, 27.385375728000042], [110.64846662600007, 27.469878023000035], [110.59853881200007, 27.511003069000026], [110.62898696400003, 27.585672741000053], [110.70508849500004, 27.603898533000063], [110.77510566100005, 27.54456664500003], [110.84690371600004, 27.65646209700003], [110.93617847600007, 27.65058864200006], [111.20774068500003, 27.513965404000032], [111.25234722900007, 27.532547297000065], [111.46454395000006, 27.829795094000076], [111.50486337300003, 27.828537049000033], [111.54898755500005, 27.754253752000068], [111.61785812300008, 27.756246972000042], [111.63093368900007, 27.826128845000028], [111.56431805600005, 27.89398727200006], [111.60545980700005, 27.948126568000077], [111.57813813400008, 27.994963744000074], [111.65035634400004, 28.019585457000062], [111.68210351200008, 27.97603652400005], [111.74336343600004, 28.01496584800003], [111.87473677500009, 28.013066449000064], [111.86964583100007, 28.082002806000048], [111.93001182500007, 28.205693953000036], [112.09336151100001, 28.25309090500008], [112.18281351200005, 28.18797548200007], [112.2819165950001, 28.26332654400005], [112.26378685700001, 28.319486038000036], [112.16266140100004, 28.41039167200006], [112.23134491100006, 28.57868975100007], [112.31200342000011, 28.614432790000023], [112.30295516600006, 28.649141507000024], [112.21230512400007, 28.66683340800006], [112.2478580940001, 28.68456112100006], [112.2673563400001, 28.767120886000043], [112.31079475600006, 28.76064815500007], [112.284565788, 28.81457025700007], [112.31728726600011, 28.826602956000045], [112.30533016000004, 28.881351477000067], [112.44533749300001, 28.770533985000043], [112.51470444200004, 28.79516046400005], [112.54034370600004, 28.904732421000062], [112.55600779300005, 28.804325757000072], [112.6137418830001, 28.77052776100004], [112.6793391120001, 28.903252303000045], [112.82025087700003, 28.93400286800005], [112.72011127500002, 28.92746754800004], [112.82013074000008, 28.957149558000026], [112.90879172900009, 29.046002946000044], [113.14828214300007, 28.968817740000077], [113.26013756200007, 28.994058196000026], [113.3775432760001, 28.974460536000038], [113.37457025600008, 28.911875790000067], [113.42606804400009, 28.870200656000065], [113.40468371300005, 28.835233586000072], [113.25967803100002, 28.828513137000073], [113.27094297700012, 28.798179336000032], [113.24288918800005, 28.779046079000068], [113.1783215150001, 28.78430935800003], [113.16729439800008, 28.65460952500007], [113.21776553000007, 28.596175077000055], [113.35019310000007, 28.59909163900005], [113.46822863800003, 28.506057128000066], [113.5930672500001, 28.48124228200004], [113.62119782200011, 28.420090122000033], [113.72369239700004, 28.412041307000038], [113.82010711300006, 28.467380823000042], [114.10337034400004, 28.539769344000035], [114.19999271400002, 28.499971989000073], [114.1576968490001, 28.443167265000056], [114.24726435900004, 28.361967501000038], [114.19497546000002, 28.284023319000028], [113.97226701500006, 28.174191662000055], [114.02789448500005, 28.09314214500006], [114.00583721200007, 28.049073168000064], [113.72929662400009, 27.957189976000052], [113.69779474600011, 27.86450586500007], [113.72176439600003, 27.817033319000075], [113.58780595100006, 27.611078667000072], [113.54770046700003, 27.59951626700007], [113.55902244800006, 27.534834756000066], [113.59226846800004, 27.52240461100007], [113.56703401400011, 27.46216623300006], [113.60203365900009, 27.40762416900003], [113.58702134000009, 27.382036278000044], [113.63050996400011, 27.340698047000046], [113.86135715400007, 27.375064415000054], [113.82195396800012, 27.32060644200004], [113.83494671800008, 27.252219765000063], [113.74794085600001, 27.102244125000027], [113.89031082600002, 26.93363192000004], [113.81939726200005, 26.743707165000046], [113.83209099800001, 26.63664800400005], [113.73966897800005, 26.562937641000076], [113.56333325600008, 26.516906623000068], [113.566397101, 26.32258760700006], [113.53619580600002, 26.313098617000037], [113.36463787200012, 26.377160639000067], [113.3547770030001, 26.419513331000076], [113.27236598000002, 26.417032538000058], [113.19500477000008, 26.501912170000026], [113.13530376900007, 26.356845548000024], [112.9709251700001, 26.29270595400004], [112.99646324600008, 26.203514943000073], [112.95478578900008, 26.151849081000023], [112.93255802300007, 26.179483342000026], [112.83867971400002, 26.159733940000024], [112.75779027600004, 26.20275921500007], [112.75249027500001, 26.153762934000042], [112.70819199900006, 26.128977743000064], [112.65149549900002, 26.174796874000037], [112.51960895400009, 26.15191362300004], [112.33048386700011, 26.190260742000078], [112.2512311800001, 26.165447203000042], [112.19472397700008, 26.11410953400008], [112.3235083620001, 26.082689866000067], [112.24677656900008, 25.903652131000058], [112.32987018600011, 25.899938036000037], [112.36459034000006, 25.796093817000042], [112.3477814790001, 25.721950872000036], [112.21722104300011, 25.725657254000055], [112.225212757, 25.585683180000046], [112.37860942400005, 25.513881660000038], [112.44797492200007, 25.388330789000065], [112.30860361900011, 25.30842752600006], [112.37769030000004, 25.14756260200005], [112.180788817, 25.17623056000008], [112.14271115100007, 25.145171126000037], [112.13174628500008, 25.070697376000055], [111.97407173600004, 25.030938539000033], [111.89938122700005, 25.06663528100006], [111.89095844100007, 25.114869697000074], [111.94691132200006, 25.15042154100007], [111.95981939300009, 25.210338724000053], [111.89699285900008, 25.23339711600005], [111.88746820500006, 25.202751808000073], [111.78394265800006, 25.17934192900003], [111.63589787500007, 25.275123156000063], [111.49436076500007, 25.23880372600007], [111.46656326600004, 25.147698294000065], [111.52557853500008, 25.127139440000064], [111.41682702100007, 25.055934470000068], [111.43910216600005, 24.99536125900005]]]}}, {"type": "Feature", "properties": {"id": "福建", "name": "福建", "color": "#804039", "owner": "福建", "units": ["建", "泉", "福"], "label_lon": 118.58, "label_lat": 26.089}, "geometry": {"type": "MultiPolygon", "coordinates": [[[[120.78329716000007, 23.622108367000067], [120.83742296100002, 23.49695717700007], [120.92085893100011, 23.48966768400004], [120.70895984000003, 23.304318326000043], [120.64434791500003, 23.320566254000028], [120.62561910300008, 23.236440558000027], [120.53899173600007, 23.242885845000046], [120.53135451100002, 23.357004123000024], [120.47323186900007, 23.40711237100004], [120.36205474500002, 23.42429534100006], [120.20359534600004, 23.31815679700003], [120.15814090900005, 23.347495094000067], [120.13837834600008, 23.409940978000066], [120.13538620200006, 23.66649280100006], [120.2126116710001, 23.794404619000034], [120.31268214700003, 23.82583091400005], [120.26873268000008, 23.83452542400005], [120.26728952600001, 23.867932164000024], [120.48942817400007, 24.188942841000028], [120.50158225200005, 24.268253078000043], [120.66862780000008, 24.480426712000053], [120.70201689100008, 24.589805443000046], [120.83235994800009, 24.67413999000007], [120.89971564100006, 24.760767547000057], [120.902904239, 24.832384440000055], [121.08422147200008, 25.053402111000025], [121.41060252500006, 25.158120927000027], [121.42878464000012, 25.232759776000023], [121.51472974600006, 25.296803295000075], [121.57298126600006, 25.300056764000033], [121.67249500300011, 25.210536366000042], [121.69152636400008, 25.17808426600004], [121.60607912600005, 25.11095764600003], [121.67789553400007, 25.046735244000047], [121.75562697300006, 25.107506588000035], [121.76680087900002, 25.155135908000034], [121.91421330900005, 25.116962536000074], [121.91830957600007, 25.045508151000035], [121.98725056800004, 24.998490693000065], [121.90579382100009, 24.94887711900003], [121.80761241800008, 24.947410965000074], [121.7273019800001, 24.851902203000066], [121.57840511500001, 24.782896424000057], [121.5358294880001, 24.722427353000057], [121.42451033900011, 24.683997588000068], [121.4053257270001, 24.61494345500006], [121.33728342800009, 24.55525333500003], [121.35168120800006, 24.534879527000044], [121.27795814400008, 24.431252691000054], [121.3151220530001, 24.38840753200003], [121.41983372100003, 24.375761529000044], [121.33141980200003, 24.244105672000046], [121.11917523900001, 24.204845332000048], [120.96378539800003, 24.11813188700006], [120.87838014200008, 24.12133110600007], [120.7449637740001, 23.997022876000074], [120.61906481900007, 24.003113196000072], [120.61691715200004, 23.851223020000077], [120.65934593600002, 23.82213659400003], [120.61869689800005, 23.667814312000075], [120.78329716000007, 23.622108367000067]]], [[[118.373410121, 24.45448664500003], [118.42564331300002, 24.51324203300004], [118.485669948, 24.46547233800004], [118.47455417900005, 24.40734510900006], [118.36808977900012, 24.416191369000046], [118.33810233600002, 24.36658738400007], [118.29812064400005, 24.406603347000043], [118.30644520100009, 24.468628644000034], [118.373410121, 24.45448664500003]]], [[[117.85636214500005, 24.41105486300006], [117.91799335200005, 24.36811718000007], [118.09103243000004, 24.390033378000055], [118.02447785600009, 24.32381748100005], [118.11746749000008, 24.34670041100003], [118.143710327, 24.265590463000024], [117.95237031400006, 24.322032696000065], [117.85403727300002, 24.301079707000042], [117.77157114400006, 24.360323090000065], [117.63614122100012, 24.34457601300005], [117.59729889700009, 24.280287845000032], [117.57056808200002, 24.334957479000025], [117.49423638700011, 24.35158845500007], [117.51930695800002, 24.516083043000037], [117.58681996500002, 24.53107285300007], [117.58488123300003, 24.564189331000023], [117.50377942500006, 24.595053138000026], [117.51387883400002, 24.63168093200005], [117.47619901400003, 24.629323249000038], [117.46306893400003, 24.65795453900006], [117.50402418200008, 24.731616184000075], [117.31383460300003, 24.89782178100006], [117.29200012500007, 24.957507471000042], [117.31586481600004, 25.001643702000024], [117.23365593100004, 24.99480273900008], [117.09103150100009, 24.801562598000032], [117.03668221800001, 24.834548125000026], [117.05459164000001, 24.885765363000075], [116.98131174700006, 24.977751196000042], [116.90102658700005, 24.97826002100004], [116.91675783800008, 25.012861189000034], [116.82979805200011, 25.094407069000056], [116.74395808000008, 25.095011533000047], [116.683402666, 25.13387397100007], [116.67590423800004, 25.162140261000047], [116.90217837600005, 25.222920816000055], [116.89203215000009, 25.284241716000054], [116.93584897100004, 25.349731332000033], [116.91072527200004, 25.39177942500004], [116.92575155600002, 25.541362348000064], [117.11473972200008, 25.521984987000053], [117.16210199000011, 25.583144709000067], [117.05302892200007, 25.704396076000023], [117.01654100200005, 25.858621795000033], [116.92932772900008, 25.87516222200003], [116.82408340600011, 25.788269764000063], [116.72168866000004, 25.87776146300007], [116.7235202380001, 25.91326940500005], [116.6516062280001, 25.94657264700004], [116.6293724090001, 26.011776944000076], [116.63967756700004, 26.04651414600005], [116.8108603820001, 26.115264281000066], [116.81606952100003, 26.147020631000032], [116.75144536700009, 26.198077819000048], [116.79687535300002, 26.306139761000054], [117.02526381700011, 26.368744953000032], [117.01507827300009, 26.484290567000073], [116.88074835000009, 26.452248547000067], [116.77146831100004, 26.549045481000064], [116.77901325800008, 26.586521333000064], [116.89415038000004, 26.58751237900003], [116.87925932200005, 26.722470670000064], [116.9604531230001, 26.783116121000035], [116.91504383300003, 26.90527985400007], [117.03240599700007, 26.98330468100005], [117.05025803800004, 27.03917738100006], [117.0043051670001, 27.124472697000044], [117.12978529200007, 27.276241508000055], [117.13742080200007, 27.32692303400006], [117.0771921270001, 27.367923370000028], [117.10509570500005, 27.446161536000034], [117.08734867300006, 27.49822702800003], [116.99121573900004, 27.627141636000033], [117.09866137900008, 27.644550156000037], [117.05492671500008, 27.676518100000067], [117.18376179100005, 27.706110140000078], [117.261330186, 27.760863193000034], [117.26810078500012, 27.882276257000058], [117.33401810200007, 27.873157069000058], [117.49654069500002, 27.99090532400004], [117.5498496780001, 27.97703249800003], [117.60761018000005, 27.847337740000057], [117.740631828, 27.845601766000073], [117.91463132500007, 27.984486683000057], [118.06790177900007, 27.97664211600005], [118.1666012930001, 28.065269431000047], [118.34226195300005, 28.101298504000056], [118.33422403100008, 28.18780130400006], [118.28979448200005, 28.222046944000056], [118.33624478400009, 28.271827855000026], [118.37418551300004, 28.28186561800004], [118.44050443100002, 28.23896994000006], [118.52187771400008, 28.274710173000074], [118.56056531600007, 28.246131800000057], [118.672740083, 28.302964212000063], [118.76074090300006, 28.227930268000023], [118.75361020200012, 28.114668873000028], [118.69914853900002, 28.069164143000023], [118.8013794100001, 27.838717848000044], [118.88640870300003, 27.839120991000073], [119.04878621400007, 27.727849486000025], [119.14116592700009, 27.745910792000075], [119.12987504800003, 27.830066053000053], [119.16222653900002, 27.833261461000063], [119.285427292, 27.78996367900004], [119.276727219, 27.72538680200006], [119.30206511500012, 27.709599897000032], [119.492193186, 27.648772449000035], [119.45449238900005, 27.532688608000058], [119.3515526870001, 27.51446433600006], [119.22165139000003, 27.411261103000072], [119.25019726500011, 27.31950889500007], [119.32957277000003, 27.31982485800006], [119.39229504500008, 27.276605534000055], [119.40948517000004, 27.25161626000005], [119.37738595200005, 27.19536847100005], [119.40559718400004, 27.178531560000067], [119.49333307800009, 27.239768137000056], [119.59195438900008, 27.231029575000036], [119.58942768800011, 27.364368830000046], [119.65721916500001, 27.37974493100006], [119.72818563800001, 27.36228716200003], [119.77511654300008, 27.298299832000055], [119.71715469000003, 27.181623547000072], [119.73573580300001, 27.124579485000027], [119.93225404400005, 27.132451365000065], [119.93612074700002, 27.101630085000068], [120.10002570600011, 27.083563123000033], [120.15229078200002, 27.118597778000037], [120.16126594800005, 27.059303070000055], [120.27307581800005, 27.03866692500003], [120.24124676800011, 27.040553361000036], [120.25589387900004, 26.985975947000043], [120.17618378500003, 26.97289361000003], [120.23800879200007, 26.95091231500004], [120.22745368000005, 26.916300402000047], [120.12203101600005, 26.933753374000048], [120.09593306800002, 26.883814852000057], [120.03088864500012, 26.873861445000045], [120.04382195100004, 26.831532689000028], [120.13154802300005, 26.794614126000056], [120.10456513600002, 26.74565421500006], [120.15226476100008, 26.72042366000005], [120.11214553900004, 26.673522258000048], [120.14790731000005, 26.64290993000003], [119.96045916100002, 26.59315569300003], [119.87163767000004, 26.511842186000024], [119.81925126800002, 26.51170352300005], [119.8384159960001, 26.58614907200007], [119.98281363500007, 26.648056473000054], [119.97860947800007, 26.695145943000057], [120.06783393, 26.77724254700007], [119.92085309200002, 26.780704436000065], [119.93358779200003, 26.72648743800005], [119.86411340400002, 26.64444385300004], [119.83681975500008, 26.70722759000006], [119.79333130700002, 26.685243306000075], [119.79139066700009, 26.744948711000063], [119.84449922800002, 26.799090042000046], [119.79068510000002, 26.816447238000023], [119.84310014500011, 26.844084529000042], [119.7797728170001, 26.830182492000063], [119.75551256500012, 26.726894095000034], [119.6507438110001, 26.89769349000005], [119.68757398100001, 26.815901969000038], [119.67761742100004, 26.75995], [119.73153238000009, 26.714244974000053], [119.61839201500004, 26.754780229000062], [119.61657440800002, 26.786982298000055], [119.5591769350001, 26.769725333000054], [119.62819808300003, 26.73015831600003], [119.56220896500008, 26.719109110000034], [119.6086277920001, 26.67040860900005], [119.54947061100006, 26.66519838200003], [119.58270966000009, 26.598346938000077], [119.77401874200007, 26.589749161000043], [119.80583088000003, 26.54033260500006], [119.76101205700002, 26.550523689000045], [119.82621181900004, 26.44144697100006], [119.75673232400004, 26.405145108000056], [119.76005876600004, 26.436951918000034], [119.72074233600006, 26.433835824000028], [119.65599963300008, 26.492401932000064], [119.55787890600004, 26.46661169400005], [119.5805177420001, 26.42716802900003], [119.64546190500005, 26.440120207000064], [119.669555639, 26.415199432000065], [119.69099590200005, 26.315307818000065], [119.73866269300004, 26.320480501000077], [119.83528422100005, 26.42051071700007], [119.87421660700011, 26.352096337000035], [119.96445276600002, 26.361787029000027], [119.89692109300006, 26.305215822000036], [119.78672569800005, 26.299917294000068], [119.79354942300006, 26.267243251000025], [119.76508404200001, 26.288907566000034], [119.63786484500008, 26.247296899000048], [119.67168381300007, 26.217878335000023], [119.50606827400009, 26.05824272900003], [119.71617572200012, 25.98568466000006], [119.6872588980001, 25.893567629000074], [119.641856931, 25.89830015800004], [119.61375659900011, 25.842812968000032], [119.57739039900002, 25.87613794200007], [119.63238650000005, 25.765957009000033], [119.61418874700007, 25.677469968000025], [119.44112772100004, 25.68631447200005], [119.44070988600004, 25.63123715100005], [119.48975438900004, 25.61341720000007], [119.488292827, 25.558414011000025], [119.52117314100008, 25.531799096000043], [119.53729720500007, 25.570889015000034], [119.59390681500008, 25.568002573000058], [119.57601187600005, 25.521716087000073], [119.60079895400008, 25.495746840000038], [119.5507175460001, 25.46225510900007], [119.59721904900005, 25.48042328200006], [119.6439137320001, 25.44065269300006], [119.64154084800009, 25.32776454800006], [119.59385552600008, 25.327181675000077], [119.57896021400006, 25.430478660000063], [119.53020303100004, 25.39961973100003], [119.56044936100011, 25.36767700200005], [119.47691091900003, 25.343373257000053], [119.51118157000008, 25.442564520000076], [119.46801215100004, 25.447062825000046], [119.42769466800007, 25.409027175000062], [119.45774260900009, 25.496618469000055], [119.3626232040001, 25.50993792500003], [119.3860771520001, 25.56222675300006], [119.32701511700009, 25.601948105000076], [119.333973452, 25.414864902000033], [119.28248442600011, 25.41721068700008], [119.31770984200011, 25.53839954600005], [119.28499299300006, 25.546561980000035], [119.28145369200001, 25.49999384800003], [119.12421005300007, 25.405013997000026], [119.14822943100012, 25.34988384500008], [119.21305826500009, 25.339176674000043], [119.22965167900009, 25.290957165000066], [119.1915751250001, 25.263684795000074], [119.21359378700004, 25.229735108000057], [119.25080661600009, 25.300278947000038], [119.29948287700006, 25.300932055000033], [119.36551303800002, 25.241294340000024], [119.35250735800003, 25.212013736000074], [119.290189026, 25.21617720100005], [119.30781812900011, 25.16876218500005], [119.283634935, 25.138540398000032], [119.23580950500002, 25.156213137000066], [119.24439789100006, 25.182189442000038], [119.16282829400006, 25.16484954200007], [119.17202567900006, 25.21836505400006], [119.12025034100009, 25.227100101000076], [119.09746848600003, 25.15811392100005], [119.16825746300003, 25.10555313800006], [119.10080066300009, 25.08703121700006], [119.07179642000006, 25.132566836000024], [119.07123845400008, 25.09490437200003], [119.0300635750001, 25.129433667000058], [119.07638184300004, 25.202086327000075], [118.9701735760001, 25.191154831000063], [118.9900408520001, 25.241078085000026], [119.07046777800008, 25.256798883000044], [118.89057922400002, 25.237808409000024], [118.88861649900002, 25.205786990000036], [118.92842697100002, 25.199014457000033], [118.91841668200004, 25.167615734000037], [118.98006267700009, 25.167394201000036], [118.99036653400003, 25.13715762700008], [118.943436646, 25.121530843000073], [118.97719232000009, 25.083017056000074], [118.85280979800007, 25.059609339000076], [118.96347221100007, 24.96911369600008], [118.96563252500005, 25.00298377200005], [119.01295617000005, 25.023173522000036], [119.01406040300003, 24.970643351000035], [118.9855615670001, 24.957256362000066], [119.02223160400001, 24.939640344000054], [118.89129348600011, 24.919557112000064], [118.99584909200007, 24.862586707000048], [118.87407646400004, 24.885936109000056], [118.82616073000008, 24.847324164000042], [118.71147809800004, 24.837735234000036], [118.66637046700009, 24.940531469000064], [118.68329438, 24.860126473000037], [118.64004160500008, 24.849608077000028], [118.63609011500012, 24.816781606000063], [118.67837538200001, 24.772160189000033], [118.72491976600008, 24.797139094000045], [118.7969570680001, 24.75938526400006], [118.74284124100006, 24.717526478000025], [118.7367699890001, 24.672882250000043], [118.65034262900008, 24.661988746000077], [118.68301362900002, 24.60057500100004], [118.65150045300004, 24.540353467000045], [118.58228379000002, 24.506919997000068], [118.582827629, 24.569503128000065], [118.46654398400005, 24.62885088300004], [118.46173407300012, 24.700087936000045], [118.436845102, 24.70285143600006], [118.42802319600003, 24.590277128000025], [118.30065266400004, 24.58029639700004], [118.23404432600012, 24.528966123000032], [118.20785145000002, 24.57504446300004], [118.22700315800012, 24.61140828200007], [118.18639269900007, 24.618011134000028], [118.21636577700008, 24.651751293000075], [118.15915669100002, 24.676100016000078], [118.12818837600003, 24.59455561900006], [118.14176590600005, 24.52915145700007], [118.19550968600004, 24.488468535000038], [118.18160571100009, 24.442504319000022], [118.09499825600005, 24.42567017300007], [118.11000420300002, 24.545220940000036], [118.00891708900008, 24.572610522000048], [117.96645090700008, 24.544282637000038], [118.062751552, 24.520034289000023], [118.07389590600008, 24.485179538000068], [118.02362646600011, 24.471232868000072], [118.05261938100011, 24.446169386000065], [117.88262327000007, 24.475536482000052], [117.91984299, 24.427843806000055], [117.85636214500005, 24.41105486300006]]], [[[119.71159770000008, 25.552378657000077], [119.70039441600011, 25.581818686000076], [119.77249051700005, 25.639999601000056], [119.7871337150001, 25.604747874000054], [119.83825978700008, 25.597596320000036], [119.84108598400007, 25.546801970000047], [119.88428556800011, 25.542146737000053], [119.81396823300008, 25.491225453000027], [119.85513138500005, 25.43802456800006], [119.76840599700006, 25.40412038000005], [119.76778142100011, 25.378429372000028], [119.70684901200002, 25.397430107000048], [119.73060945500004, 25.460679835000064], [119.68338397900004, 25.455508070000064], [119.735869567, 25.482293037000034], [119.74093705300004, 25.560909671000047], [119.71159770000008, 25.552378657000077]]]]}}, {"type": "Feature", "properties": {"id": "桂管", "name": "桂管", "color": "#607db3", "owner": "桂管", "units": ["严", "宾", "山", "岩", "桂", "横", "淳", "澄", "瀼", "田", "笼", "融", "贵", "钦", "龚"], "label_lon": 107.817, "label_lat": 23.932}, "geometry": {"type": "MultiPolygon", "coordinates": [[[[107.17469002100006, 20.778519951000078], [107.16992628000008, 20.775674734000063], [107.17066160900004, 20.77828697600006], [107.17469002100006, 20.778519951000078]]], [[[107.16949240700006, 20.80967061700005], [107.17433755500008, 20.807832474000065], [107.17376911700006, 20.805687222000074], [107.16949240700006, 20.80967061700005]]], [[[107.16814742500009, 20.808301201000063], [107.16643039200005, 20.810560793000036], [107.16873194500005, 20.810147048000033], [107.16814742500009, 20.808301201000063]]], [[[107.17261804000009, 20.820290498000077], [107.16674962100006, 20.812060298000063], [107.16529269300008, 20.820802712000045], [107.17261804000009, 20.820290498000077]]], [[[107.16859550200007, 20.839795958000025], [107.17143975400006, 20.841466601000036], [107.17518920600008, 20.832435386000043], [107.16663578900005, 20.82748674100003], [107.15817144900006, 20.83499609100005], [107.16604351800004, 20.835168848000023], [107.16859550200007, 20.839795958000025]]], [[[107.16629666500006, 20.836706294000066], [107.16491028100006, 20.83740444500006], [107.16688148900005, 20.838160897000023], [107.16629666500006, 20.836706294000066]]], [[[107.16581104300008, 20.842182576000027], [107.16265984500006, 20.835920401000067], [107.16100156600004, 20.836395051000068], [107.16131699300007, 20.841558747000022], [107.16581104300008, 20.842182576000027]]], [[[107.15378252300007, 20.839678007000032], [107.15936132300004, 20.83907827200005], [107.15647755400005, 20.838408620000052], [107.15378252300007, 20.839678007000032]]], [[[107.15392370500007, 20.845828288000064], [107.15232713700004, 20.841234345000032], [107.15082344800004, 20.845117753000068], [107.15392370500007, 20.845828288000064]]], [[[107.16532661400004, 20.84296142000005], [107.16451083100009, 20.84602251000007], [107.16671663000005, 20.844355724000025], [107.16532661400004, 20.84296142000005]]], [[[107.15951914200008, 20.84825382300005], [107.15883024000004, 20.845161346000054], [107.15559193800004, 20.847899899000026], [107.15951914200008, 20.84825382300005]]], [[[107.14785809200004, 20.86180155200003], [107.15235898100008, 20.859303668000052], [107.14965545500007, 20.85533978600006], [107.14785809200004, 20.86180155200003]]], [[[107.13041152200009, 20.859868643000027], [107.13142912100005, 20.86353838900004], [107.13872669800008, 20.858773491000022], [107.13041152200009, 20.859868643000027]]], [[[107.15229786100008, 20.863919085000077], [107.15145325200007, 20.862530453000034], [107.15132212800006, 20.864467243000036], [107.15229786100008, 20.863919085000077]]], [[[107.16474068500008, 20.866083657000047], [107.16808738900005, 20.862754125000038], [107.16082399500004, 20.864913159000025], [107.16474068500008, 20.866083657000047]]], [[[107.13651358000004, 20.864023945000042], [107.13697096300007, 20.866287199000055], [107.13779921600008, 20.864701151000077], [107.13651358000004, 20.864023945000042]]], [[[107.14591307200004, 20.873400441000058], [107.14908201800006, 20.86309614000004], [107.13847996500004, 20.86827960900007], [107.14591307200004, 20.873400441000058]]], [[[107.11843465100009, 20.869241835000025], [107.11595634000008, 20.872884528000043], [107.11895578600007, 20.87307944300005], [107.11843465100009, 20.869241835000025]]], [[[107.11229887100006, 20.870865717000072], [107.11154728000008, 20.87216502700005], [107.11316590700005, 20.87191279800004], [107.11229887100006, 20.870865717000072]]], [[[107.15744671800007, 20.872108972000035], [107.15689702500003, 20.87289277800005], [107.15847717300005, 20.87319870300007], [107.15744671800007, 20.872108972000035]]], [[[107.11066573800008, 20.87204687800005], [107.11003057000005, 20.873809037000058], [107.11303265800007, 20.87614560700007], [107.11066573800008, 20.87204687800005]]], [[[107.14205659900006, 20.875046696000027], [107.13671496900008, 20.871340649000047], [107.13667313700006, 20.87847682000006], [107.14205659900006, 20.875046696000027]]], [[[107.13152286800005, 20.874991333000025], [107.13529630300008, 20.87572898700006], [107.13417617900006, 20.87289838600003], [107.13152286800005, 20.874991333000025]]], [[[107.13066521100006, 20.875950277000072], [107.12804879900006, 20.87820623500005], [107.13125028800005, 20.877904778000072], [107.13066521100006, 20.875950277000072]]], [[[107.16808340200004, 20.877278524000076], [107.16704554200004, 20.878131119000045], [107.16791893300007, 20.879361009000036], [107.16808340200004, 20.877278524000076]]], [[[107.16872256300007, 20.875737454000046], [107.17163843500003, 20.881065630000023], [107.17291556500004, 20.877910617000055], [107.16872256300007, 20.875737454000046]]], [[[107.11006037900006, 20.87791089600006], [107.10886024100006, 20.878596497000046], [107.11059711900003, 20.878936330000045], [107.11006037900006, 20.87791089600006]]], [[[107.11482922900007, 20.878780737000056], [107.11395920000007, 20.879488111000057], [107.11555828100006, 20.87980377200006], [107.11482922900007, 20.878780737000056]]], [[[107.16946655300006, 20.88149473200008], [107.16830762900008, 20.882056870000042], [107.16987215700004, 20.882657589000075], [107.16946655300006, 20.88149473200008]]], [[[107.13862697700006, 20.88243465200003], [107.14034310600005, 20.88361875800007], [107.13999603900004, 20.882534177000025], [107.13862697700006, 20.88243465200003]]], [[[107.12471188500007, 20.88629601200006], [107.12610285500006, 20.887790944000074], [107.12595967300007, 20.886204832000033], [107.12471188500007, 20.88629601200006]]], [[[107.10646370000006, 20.890789349000045], [107.10918668300008, 20.89463396800005], [107.10972105300004, 20.890990341000077], [107.10646370000006, 20.890789349000045]]], [[[107.12615192200008, 20.891268509000042], [107.12486715900008, 20.894460184000025], [107.12819655700008, 20.89339798700007], [107.12615192200008, 20.891268509000042]]], [[[107.16767036500005, 20.892223521000062], [107.16893914700006, 20.894139019000022], [107.17032472500006, 20.893638458000055], [107.16767036500005, 20.892223521000062]]], [[[107.16007670900007, 20.890473220000047], [107.15582180800004, 20.897798859000034], [107.16383559000008, 20.892925382000044], [107.16007670900007, 20.890473220000047]]], [[[107.13085543500006, 20.894126921000066], [107.12912521300007, 20.894874353000034], [107.13136989400004, 20.89533900600003], [107.13085543500006, 20.894126921000066]]], [[[107.15074125200005, 20.892971242000044], [107.14918367800004, 20.893585683000026], [107.15001464300008, 20.896934540000075], [107.15074125200005, 20.892971242000044]]], [[[107.12857740700008, 20.895218242000055], [107.12740155100005, 20.896088502000055], [107.12969269300004, 20.895930297000064], [107.12857740700008, 20.895218242000055]]], [[[107.10663127500004, 20.896662520000064], [107.10475957300008, 20.895506080000075], [107.10471342100004, 20.89731604700006], [107.10663127500004, 20.896662520000064]]], [[[107.16946724500008, 20.897171599000046], [107.16742679300006, 20.89844739700004], [107.16939523300005, 20.898479205000058], [107.16946724500008, 20.897171599000046]]], [[[107.16573392400005, 20.898876260000065], [107.16405540300008, 20.902664481000045], [107.16768830300003, 20.902539140000044], [107.16573392400005, 20.898876260000065]]], [[[107.13834092800005, 20.90220947100005], [107.13960129700007, 20.903013904000034], [107.14100422900009, 20.901566909000053], [107.13834092800005, 20.90220947100005]]], [[[107.15082098600004, 20.901771525000072], [107.14989537400004, 20.903400936000025], [107.15220434700007, 20.904215905000058], [107.15082098600004, 20.901771525000072]]], [[[107.10904478200007, 20.90451592100004], [107.10780245100005, 20.911592037000048], [107.10991079000007, 20.910482476000027], [107.10904478200007, 20.90451592100004]]], [[[107.11648286200005, 20.908863091000057], [107.11797582100007, 20.90905433200004], [107.11888060100006, 20.907155531000058], [107.11648286200005, 20.908863091000057]]], [[[107.14079309600004, 20.906970113000057], [107.14019907600004, 20.911183188000052], [107.14257565700007, 20.90918203700005], [107.14079309600004, 20.906970113000057]]], [[[107.14868213100004, 20.911146719000044], [107.15242847400003, 20.91292703700003], [107.15483977000008, 20.907781517000046], [107.14868213100004, 20.911146719000044]]], [[[107.11323797800009, 20.908623728000066], [107.11295267500009, 20.912192582000046], [107.11528051300007, 20.910800513000027], [107.11323797800009, 20.908623728000066]]], [[[107.12606758700008, 20.907191356000055], [107.12831596700005, 20.91370442500005], [107.12925078500007, 20.910343546000036], [107.12606758700008, 20.907191356000055]]], [[[107.10230475300006, 20.912215480000043], [107.10277089600004, 20.91366735400004], [107.10388643800007, 20.913248103000058], [107.10230475300006, 20.912215480000043]]], [[[107.14902656000004, 20.91428182900006], [107.14850448300007, 20.912695291000034], [107.14674774700006, 20.913841972000057], [107.14902656000004, 20.91428182900006]]], [[[107.11823603800008, 20.914234383000064], [107.11691875300005, 20.917689805000066], [107.11934975300005, 20.91676059400004], [107.11823603800008, 20.914234383000064]]], [[[107.14942151100007, 20.916579025000033], [107.14846966900006, 20.916958403000024], [107.15057373300004, 20.91803419100006], [107.14942151100007, 20.916579025000033]]], [[[107.09608584300008, 20.91734118000005], [107.09499259900008, 20.917561102000036], [107.09665125000004, 20.91810318100005], [107.09608584300008, 20.91734118000005]]], [[[107.16606202700007, 20.92142416400003], [107.16494792700007, 20.920175146000076], [107.16479853300007, 20.92210231000007], [107.16606202700007, 20.92142416400003]]], [[[107.10925606200004, 20.919673955000064], [107.10941948800007, 20.922668685000076], [107.11030828100007, 20.921002349000048], [107.10925606200004, 20.919673955000064]]], [[[107.09858011300008, 20.920962023000072], [107.10118489100006, 20.92397847600006], [107.10075452400008, 20.92153004100004], [107.09858011300008, 20.920962023000072]]], [[[107.08757702500009, 20.923861308000028], [107.08563002800008, 20.92311083800007], [107.08555163100004, 20.92662596400004], [107.08757702500009, 20.923861308000028]]], [[[107.13902821600004, 20.930922085000077], [107.13794052300005, 20.92815553300005], [107.13689958000003, 20.930530615000066], [107.13902821600004, 20.930922085000077]]], [[[107.13572690800004, 20.932858040000042], [107.13293422800007, 20.928144323000026], [107.12895876600004, 20.927810226000076], [107.13572690800004, 20.932858040000042]]], [[[107.10627561000007, 20.92755518900003], [107.10725453600008, 20.933306986000048], [107.11031563400007, 20.928651279000064], [107.10627561000007, 20.92755518900003]]], [[[107.10511819600003, 20.932153585000037], [107.09984298800003, 20.935252279000053], [107.09816565300008, 20.94123916700005], [107.10511819600003, 20.932153585000037]]], [[[107.07960444500009, 20.934981808000032], [107.08064677500005, 20.938053109000066], [107.07735962300006, 20.935634900000025], [107.07960444500009, 20.934981808000032]]], [[[107.07730284800004, 20.93725954200005], [107.07581059700004, 20.937247909000064], [107.07655117100006, 20.940307921000056], [107.07730284800004, 20.93725954200005]]], [[[107.07790416700004, 20.939580635000027], [107.07944793400009, 20.942162008000025], [107.08130203800005, 20.938581261000024], [107.07790416700004, 20.939580635000027]]], [[[107.08455000200007, 20.94754707000004], [107.08491406000007, 20.93746767300007], [107.08298669600003, 20.941143941000064], [107.08455000200007, 20.94754707000004]]], [[[107.09670002100006, 20.941962294000064], [107.09653292900003, 20.940227367000034], [107.09392034000007, 20.945241877000058], [107.09670002100006, 20.941962294000064]]], [[[107.09222076600008, 20.94287265500003], [107.09243400300005, 20.94450878500004], [107.09359380200004, 20.943451655000047], [107.09222076600008, 20.94287265500003]]], [[[106.06280312200005, 22.761488288000066], [105.98748996600006, 22.68131661500007], [105.95728710100008, 22.691729423000027], [105.91673169200004, 22.718261573000063], [105.93457059400004, 22.745123574000047], [105.85070395100007, 22.800617372000033], [105.80922785200005, 22.73441557800004], [105.66567760200007, 22.722610859000042], [105.58733013300008, 22.675827604000062], [105.57637381800004, 22.716581485000063], [105.64772670600007, 22.76684898800005], [105.61491142500006, 22.790967161000026], [105.62840409200004, 22.903561371000023], [105.54525952600005, 22.969692461000022], [105.58474643600005, 23.008996567000054], [105.56046997600004, 23.064697642000056], [105.58424088653197, 23.068942440370808], [105.58234055174266, 23.13292219430706], [105.52901727000005, 23.107502918000023], [105.48877021000004, 23.008519845000023], [105.37600634900008, 22.988798932000066], [105.37654076600006, 23.026567529000033], [105.32939036600004, 23.052732475000028], [105.33037508800004, 23.11969557200007], [105.27196385000008, 23.09215156700003], [105.19792432600008, 23.12815685700008], [105.12229375700008, 23.25092428100004], [105.17490924300006, 23.288431330000037], [105.22739203800006, 23.27139777000008], [105.25671375500008, 23.340756662000047], [105.28501830800008, 23.342952769000078], [105.25519605900007, 23.505407494000053], [105.13739365900005, 23.502100425000037], [104.97110500500008, 23.55242554800003], [104.95146188700005, 23.527585972000054], [104.85428544500007, 23.615737616000047], [104.76745399000004, 23.595960210000044], [104.70276342700004, 23.705168937000053], [104.65638671000005, 23.729304226000068], [104.72058366200008, 23.783507624000038], [104.65378923100008, 23.861187589000053], [104.53700254200004, 23.90094982900007], [104.53225735500007, 23.929658516000075], [104.60913575500007, 24.016044919000024], [104.52618665700004, 24.272008329000073], [104.51402244200005, 24.440267593000044], [104.54072359200006, 24.445444912000028], [104.54294941000006, 24.493977261000055], [104.50517074800007, 24.548225084000023], [104.50779053700006, 24.683260553000025], [104.56312138500004, 24.742300344000057], [104.70476499100005, 24.640515105000077], [104.70683897700007, 24.605310712000062], [104.89592422000004, 24.679513506000035], [104.91213522900006, 24.74180750800008], [105.02418471700008, 24.82296797300006], [105.08677311500008, 24.923878272000024], [104.99281012600005, 25.000149709000027], [105.11014597700006, 25.069612930000062], [105.17861722300006, 25.31494699700005], [105.28190564100004, 25.370812267000076], [105.39958814200008, 25.366941949000022], [105.54589121100008, 25.590585214000043], [105.53726330700005, 25.687264201000062], [105.56734287100005, 25.702395199000023], [105.67257050900008, 25.67057148400005], [105.85304510600008, 25.45030402900005], [105.92319798300008, 25.45815613600007], [105.91089374000006, 25.53055177600004], [106.00760320000006, 25.63534089500007], [106.05966902500006, 25.586688713000058], [106.13064608800005, 25.591286715000024], [106.14792824500006, 25.516440861000035], [106.30528547900008, 25.41308117500006], [106.34516156600006, 25.403805470000066], [106.38390349200006, 25.43899822000003], [106.49712024300004, 25.27552135800005], [106.49015331100009, 25.16870078200003], [106.61154374800009, 25.089600977000032], [106.71108799200005, 25.116423309000027], [106.74282566200009, 25.090373947000046], [106.71333829300005, 25.017228041000067], [106.86239446200005, 24.90175419800005], [106.77610267100005, 24.82778741900006], [106.68940315600008, 24.84044162600003], [106.64711097300005, 24.80274963000005], [106.79915940200004, 24.708232074000023], [106.80668555100004, 24.667575009000075], [106.94415231300007, 24.643104872000038], [106.91676937300008, 24.773345991000042], [106.99456381700008, 24.768244233000075], [106.97461659600003, 24.80800985700006], [107.03131924600007, 24.829570817000047], [107.08070461400007, 24.791452884000023], [107.21799633300009, 24.781536174000053], [107.26603708100004, 24.57664563800006], [107.12789724400005, 24.49617720200007], [107.09456960500006, 24.437763334000067], [107.12781153200007, 24.404861014000062], [107.25174493700007, 24.39386593100005], [107.29508583000006, 24.24688560800007], [107.34465202300004, 24.276545], [107.40089439000008, 24.241312014000073], [107.44947028300004, 24.301638670000045], [107.52721776100009, 24.267669183000066], [107.56017875800006, 24.327767822000055], [107.73345648100008, 24.36248392500005], [107.75463150500008, 24.41527337800005], [107.86639273400004, 24.42257190600003], [107.87254440500004, 24.45037142700005], [107.90322049900004, 24.365734598000074], [107.78303390700006, 24.146557951000034], [107.82270197200006, 24.125673997000035], [107.79246148300007, 24.08168293800003], [107.84027517000004, 24.04649183500004], [107.83403461400007, 23.981277157000022], [107.91471274400004, 23.87434791000004], [107.91777964900007, 23.70788807300005], [107.99110504700008, 23.709643958000072], [108.10562069600007, 23.83810242900006], [108.20768779100007, 23.846861165000064], [108.31163377200005, 23.957316696000078], [108.43550312900004, 24.029331828000068], [108.41647249000005, 23.827773884000067], [108.50953314500003, 23.675327066000023], [108.72056879100006, 23.823457199000075], [108.74587140800008, 23.882133104000047], [108.77556585800005, 23.85717132900004], [108.85174998000008, 23.88691497700006], [108.86973562200006, 23.963448194000023], [108.92002191700004, 23.920914398000036], [109.00994514700005, 23.936423340000033], [109.06025523900007, 24.079338860000064], [109.10246231600007, 24.08625678100003], [109.15161880900007, 24.04768645100006], [109.25673408800009, 24.08506846800003], [109.34729683700004, 23.94557471400003], [109.41210706800007, 23.93573224900007], [109.48281464300004, 23.818719568000063], [109.57896816200008, 23.762490566000054], [109.55341472100008, 23.59384391900005], [109.46946364100006, 23.56798517200008], [109.42759638400008, 23.441529916000036], [109.50720850000005, 23.34759027000007], [109.55227495900004, 23.35127796000006], [109.68685739900008, 23.455616968000072], [109.86103240200003, 23.48884314000003], [109.91649562100008, 23.690075642000068], [109.89777648600005, 23.727324219000025], [110.09420047100008, 23.87326096000004], [110.23339357300006, 23.92653529100005], [110.28778512900004, 23.918724820000023], [110.27681854800005, 24.012220187000025], [110.31172191700006, 24.085984604000032], [110.37834876000005, 24.053878359000066], [110.35818456300007, 23.916537512000048], [110.47131194600007, 23.837912218000042], [110.53065360200009, 23.851764755000033], [110.55498419900005, 23.824445828000023], [110.54034731500008, 23.758636177000028], [110.61246077200008, 23.55703750600003], [110.61896074600008, 23.511354063000056], [110.55198570300007, 23.368277152000076], [110.63424213900004, 23.32071402200006], [110.63276498800008, 23.287142999000025], [110.54155747000004, 23.219428206000032], [110.54635626100008, 23.13011358500006], [110.28441119000007, 23.01232226700006], [110.25109938100007, 22.95419105600007], [110.26826342100009, 22.885883980000074], [110.10450917300005, 22.90834872000005], [109.88199605500006, 23.049795881000023], [109.83794707400006, 23.00632215400003], [109.82518477800005, 22.906659140000045], [109.73947393200007, 22.830994357000066], [109.73342939500009, 22.73820044200005], [109.65099667300007, 22.67520093400003], [109.59223407800005, 22.707093522000037], [109.49947451200006, 22.661538731000064], [109.50552646800008, 22.59484968000004], [109.55291498200006, 22.587694620000036], [109.55556509600007, 22.55956280600003], [109.46467264200004, 22.481183214000055], [109.42990483900007, 22.308378160000075], [109.35207721400008, 22.25501016000004], [109.30084906500008, 22.14526789400003], [109.24894539600007, 22.12726637800006], [109.27539860000007, 22.074482103000037], [109.25675307700004, 21.922255586000063], [109.21499763500009, 21.860146021000048], [109.10719116800004, 21.852389929000026], [109.06498631100004, 21.90462324400005], [108.91154015600006, 21.762711204000027], [108.87004912300006, 21.754460080000058], [108.82371992800006, 21.793629374000034], [108.84829177100005, 21.72168378300006], [108.80542118800008, 21.730301033000046], [108.79618924900007, 21.70419444600003], [108.86861344700009, 21.611622590000025], [108.75040216300005, 21.607938731000047], [108.70409584900005, 21.647074017000023], [108.75899362900009, 21.668368220000048], [108.71829997500004, 21.665855728000054], [108.72501073200004, 21.722536069000057], [108.64520134800006, 21.73326511500005], [108.70296936500006, 21.810252313000035], [108.64095569800008, 21.80179890000005], [108.60380584700005, 21.715860044000067], [108.57531245300004, 21.78119183900003], [108.62107814100005, 21.873757999000077], [108.58264962600003, 21.850845440000057], [108.59072743200005, 21.884351586000037], [108.53307780800009, 21.898153540000067], [108.47679162700007, 21.847075072000052], [108.47870947200005, 21.80262037700004], [108.51177696900004, 21.80044660300007], [108.50605438300005, 21.74934966400008], [108.55372428500004, 21.744649279000043], [108.48372357000005, 21.703500860000077], [108.51078858100004, 21.66226292400006], [108.55117006000006, 21.697598757000037], [108.56806744000005, 21.659586727000033], [108.50663361400007, 21.58240795300003], [108.48311826400004, 21.59403377600006], [108.47909656900003, 21.555918071000065], [108.40481628000003, 21.540587412000036], [108.40204029300008, 21.578580376000048], [108.44704482500003, 21.603563346000044], [108.41162331300006, 21.620769771000028], [108.46047116300008, 21.656692271000054], [108.42033306900004, 21.672624607000046], [108.36237879100008, 21.618621865000023], [108.34609642200007, 21.69528847600003], [108.31058795200005, 21.55171239400005], [108.21381711200007, 21.50608671200007], [108.27140909000008, 21.569466731000034], [108.22127806600008, 21.63985903300005], [108.13939003700006, 21.578719875000047], [108.18882926300006, 21.538033032000044], [108.14091950900007, 21.51657754300004], [108.10896341800009, 21.554849841000078], [108.02969058984391, 21.547847161219007], [108.04716395600008, 21.524416316000043], [108.00919965500009, 21.538704980000034], [108.04010885400004, 21.517825209000023], [108.00846202200006, 21.522334288000025], [108.01491036200008, 21.50639189900005], [108.05448198800008, 21.511692545000074], [108.01740641600009, 21.48860047100004], [108.08693988000005, 21.484577674000036], [107.96931160600008, 21.433496775000037], [107.96771736700003, 21.445679616000064], [107.96014045400005, 21.450160821000054], [107.91678834100009, 21.442882647000033], [107.95195888500007, 21.401824753000028], [107.88428701400005, 21.438182917000063], [107.92496023400008, 21.489084116000072], [107.88955805600006, 21.505323001000022], [107.88170583500005, 21.49896984000003], [107.89057170700005, 21.486915490000058], [107.88286284800006, 21.469128186000034], [107.85045931000008, 21.50459820100008], [107.78900214600009, 21.472281912000028], [107.75437072200003, 21.403823750000072], [107.67376767100006, 21.390303652000057], [107.60569583100005, 21.291644733000055], [107.48366956600006, 21.296328127000038], [107.48004759900005, 21.264721528000052], [107.53451013000006, 21.18993602000006], [107.60879270700008, 21.211001129000067], [107.51453059700003, 21.14964720300003], [107.47143124700006, 21.089743352000028], [107.46760507400006, 21.090257316000077], [107.46630588800008, 21.089429264000046], [107.45589812600008, 21.07924992900007], [107.45220044300004, 21.07827910900005], [107.45705454400007, 21.08389463700007], [107.45391365500006, 21.08741624000004], [107.43607524000004, 21.076570754000045], [107.42759603100006, 21.058304821000036], [107.42754983000003, 21.059850380000057], [107.42494432000007, 21.061944306000044], [107.42042334400008, 21.058196655000074], [107.41886003800005, 21.063065032000054], [107.41178828000005, 21.05130097700004], [107.37848296400006, 21.044181630000026], [107.37277523200004, 21.04197408500005], [107.36915639100005, 21.03646062000007], [107.41231610500006, 21.182849143000055], [107.36996967000005, 21.186341364000043], [107.33217793700004, 21.307260848000055], [107.25151863400004, 21.333502275000058], [107.26496235800005, 21.400321053000027], [107.20433584100005, 21.54209928100005], [107.29556595300005, 21.592937798000037], [107.38312727900006, 21.596034936000024], [107.54592124400006, 21.726491877000058], [107.53598153400009, 21.899909406000063], [107.64242761500009, 22.053770631000077], [107.64543786200005, 22.10402329300007], [107.61009330400009, 22.202724570000044], [107.54960609300008, 22.204826867000065], [107.53756642200005, 22.25204109300006], [107.63551907100003, 22.379387946000065], [107.52484977100005, 22.462781], [107.66886020500004, 22.577753870000038], [107.69574137000006, 22.68705234400005], [107.67201260000007, 22.91203303700007], [107.64216895400006, 22.929946791000077], [107.49381830100003, 22.874920431000078], [107.46802304400006, 22.88886141100005], [107.47804573900004, 23.03374818700007], [107.32068818700009, 23.091237869000054], [107.24562947900006, 23.012630901000023], [107.14446497600005, 22.99277286100005], [107.10450017800008, 22.913298102000056], [106.88891927100008, 22.85529795900004], [106.84503828400005, 22.888703811000028], [106.88293728100007, 23.02000061900003], [106.83120511900006, 23.106622693000077], [106.80043839700005, 23.110066595000035], [106.67821641100005, 22.942800214000044], [106.68104748000007, 22.868175122000025], [106.51621412900005, 22.923288159000037], [106.48727918900005, 22.887123449000057], [106.34942049600005, 22.84775505300007], [106.27764482400005, 22.869925326000043], [106.27642861400005, 22.896665677000044], [106.24796433749368, 22.93786633864337], [106.26305745300004, 22.896246494000025], [106.21384003400004, 22.857686478000062], [106.20748865300004, 22.79209404900007], [106.16587034200006, 22.822231466000062], [106.11988422300004, 22.807684246000065], [106.05759197300006, 22.860013824000077], [106.03149883200007, 22.823120607000078], [106.06280312200005, 22.761488288000066]], [[106.23023223900009, 22.960433628000033], [106.21264476338617, 22.97043439766237], [106.23501872610235, 22.953994255424625], [106.23023223900009, 22.960433628000033]], [[106.24490382400006, 22.94069560300005], [106.23804404900005, 22.94652436900003], [106.24717658340165, 22.938594570875985], [106.24490382400006, 22.94069560300005]], [[105.29598154429115, 23.363266484431904], [105.28990391174317, 23.35853124569308], [105.29517740600005, 23.361888388000068], [105.29598154429115, 23.363266484431904]], [[105.34714992200009, 23.37162550900007], [105.3467247519103, 23.37173918258676], [105.3474128412919, 23.37118021890642], [105.34714992200009, 23.37162550900007]], [[105.42801282229998, 23.298704072138698], [105.35183368682601, 23.363692907084097], [105.42559944400006, 23.294333834000042], [105.42801282229998, 23.298704072138698]], [[105.44851017196281, 23.284707579327996], [105.47576269828768, 23.258652923956042], [105.46789921800007, 23.297013736000054], [105.44851017196281, 23.284707579327996]], [[105.48763189053216, 23.23998794208743], [105.48088379658869, 23.25022858832923], [105.47815253200008, 23.247133226000074], [105.48763189053216, 23.23998794208743]], [[105.49160882356028, 23.23395270241687], [105.50118743600007, 23.200942088000033], [105.51746280600008, 23.202394707000053], [105.49160882356028, 23.23395270241687]], [[105.74012665400005, 23.031967357000042], [105.75196276305108, 23.033328965252057], [105.73121076467872, 23.047574779522964], [105.74012665400005, 23.031967357000042]], [[105.8575207151982, 22.95746250257751], [105.85813630200005, 22.955396216000054], [105.86244280622367, 22.953437243779547], [105.8575207151982, 22.95746250257751]], [[105.86350206700007, 22.93986954500008], [105.88013863034203, 22.92781106884211], [105.8645856529847, 22.95168483555855], [105.86350206700007, 22.93986954500008]], [[105.56953952800006, 23.161036783000043], [105.57627108166551, 23.16077076436233], [105.5661956511469, 23.167249002555], [105.56953952800006, 23.161036783000043]], [[107.96136761700006, 23.05227015400004], [107.86081243400008, 22.96998775700007], [107.72661477800006, 22.962161276000074], [107.73609273300008, 22.934359691000054], [107.95623995000005, 22.854474036000056], [108.00558348300007, 22.80718263700004], [108.00121453900005, 22.681103445000076], [108.10403078000007, 22.70341234600005], [108.06176514500004, 22.640076281000063], [107.95981863000009, 22.599099830000057], [108.06023450200007, 22.489910560000055], [108.07947237400003, 22.384562191000043], [108.14560093800009, 22.294937253000057], [108.25683245800008, 22.214528703000042], [108.39446238700003, 22.28195278900006], [108.48681200700008, 22.278551305000065], [108.55960100500005, 22.418750829000032], [108.70328212300006, 22.45085949500003], [108.84214052400006, 22.54494031200005], [108.77864717600005, 22.686356102000047], [108.82760969200007, 22.75183985900003], [108.78140127300009, 22.905907842000033], [108.81936717100007, 22.971025130000044], [108.69904874400004, 23.106482724000045], [108.58095522700006, 23.12972878000005], [108.59233395300004, 23.04710178700003], [108.43531436700005, 23.037224971000057], [108.23153210200007, 22.950155679000034], [108.18014437400006, 22.952496375000067], [108.17260107900006, 23.079841094000074], [108.14777321800005, 23.094877133000068], [108.12527039600008, 23.076389859000074], [108.07739345300007, 23.116356404000044], [107.96302644100007, 23.138597247000064], [107.93412840900004, 23.12301672800004], [107.96136761700006, 23.05227015400004]], [[107.50611863600005, 21.597783795000055], [107.54305359500006, 21.589575225000033], [107.5523748534738, 21.60422750878764], [107.52125563000004, 21.601518896000073], [107.51189579500004, 21.621667675000026], [107.48541217372926, 21.65238911481188], [107.50611863600005, 21.597783795000055]], [[107.60830520100006, 21.60853041300004], [107.58944041500007, 21.608185797000033], [107.61721492618197, 21.606489162598763], [107.60830520100006, 21.60853041300004]], [[107.7075004210765, 21.619242525893128], [107.71671433700004, 21.62305793300004], [107.71793684907756, 21.624400038241898], [107.7075004210765, 21.619242525893128]], [[107.74784947200004, 21.643721387000028], [107.73025603809515, 21.63059659598086], [107.77288486588667, 21.64805648554473], [107.74784947200004, 21.643721387000028]], [[107.77973531522159, 21.64924270107131], [107.77376560454918, 21.648208993186966], [107.77955263400008, 21.648495738000065], [107.77973531522159, 21.64924270107131]], [[107.79414849805299, 21.654907064938], [107.80241827240205, 21.655120499885687], [107.80172931100009, 21.658992590000025], [107.79414849805299, 21.654907064938]], [[107.84201348600004, 21.642160423000064], [107.84246652678539, 21.642321600883054], [107.84030143456543, 21.642453917390743], [107.84201348600004, 21.642160423000064]], [[107.89923952300006, 21.592518918000053], [107.89840192700007, 21.636252157000058], [107.87130476802554, 21.644972886718936], [107.88288072800009, 21.608907455000065], [107.89923952300006, 21.592518918000053]], [[107.94252905700006, 21.564124809000077], [107.95494984300007, 21.536984677000078], [108.013641867764, 21.54707364644393], [108.00814725800006, 21.556271596000045], [107.94252905700006, 21.564124809000077]]], [[[107.19372474000005, 20.746561979000035], [107.19249105100005, 20.747095814000033], [107.19337113700004, 20.74834757700006], [107.19372474000005, 20.746561979000035]]], [[[107.18772199000006, 20.777109133000067], [107.18070126200007, 20.77345642800003], [107.18149691700006, 20.77620526800007], [107.18772199000006, 20.777109133000067]]], [[[107.17529564600005, 20.775322808000055], [107.17330533400008, 20.774430382000048], [107.17451634900004, 20.776140974000043], [107.17529564600005, 20.775322808000055]]], [[[107.17203631500007, 20.79415535800007], [107.17600163900005, 20.799300661000075], [107.17970933700008, 20.796437928000046], [107.17203631500007, 20.79415535800007]]], [[[107.18429237200007, 20.80468912400005], [107.18319980000007, 20.802462642000023], [107.18246568700005, 20.80388892900004], [107.18429237200007, 20.80468912400005]]], [[[107.18651269600008, 20.808674894000035], [107.18974136800006, 20.809663272000023], [107.18661170900003, 20.80505241900005], [107.18651269600008, 20.808674894000035]]], [[[107.17751108700008, 20.81241349100003], [107.17765841300007, 20.809719221000023], [107.17365453900004, 20.81081904200005], [107.17751108700008, 20.81241349100003]]], [[[107.17596275800008, 20.813447127000074], [107.17797038000003, 20.817180547000078], [107.17955095600007, 20.815502254000023], [107.17596275800008, 20.813447127000074]]], [[[107.22423642500007, 20.818889971000033], [107.22369752000009, 20.81987064300006], [107.22557857600003, 20.82081990100005], [107.22423642500007, 20.818889971000033]]], [[[107.23431147400004, 20.820598087000064], [107.23129032500009, 20.82048604000005], [107.23322102500003, 20.821672653000064], [107.23431147400004, 20.820598087000064]]], [[[107.22408027200004, 20.82081777700006], [107.22345180500008, 20.82197278500007], [107.22526907700006, 20.821711101000062], [107.22408027200004, 20.82081777700006]]], [[[107.18038007200005, 20.82289486600007], [107.17609601100008, 20.818980660000022], [107.17096850800004, 20.824157193000076], [107.18038007200005, 20.82289486600007]]], [[[107.25556111500003, 20.824486918000048], [107.25427351900004, 20.822151688000076], [107.25342070200008, 20.823127992000025], [107.25556111500003, 20.824486918000048]]], [[[107.21487242200004, 20.825585243000035], [107.21442283900006, 20.824181363000037], [107.21164221100008, 20.824740870000028], [107.21487242200004, 20.825585243000035]]], [[[107.18173188600008, 20.824539918000028], [107.18044244000004, 20.82470170000005], [107.18090732400009, 20.82569323000007], [107.18173188600008, 20.824539918000028]]], [[[107.17858586400007, 20.82896431000006], [107.17834969000006, 20.824853104000056], [107.17628961600008, 20.827829825000038], [107.17858586400007, 20.82896431000006]]], [[[107.22753764800007, 20.82676480500004], [107.22575267100007, 20.827373712000053], [107.22732487300004, 20.828195223000023], [107.22753764800007, 20.82676480500004]]], [[[107.18355350300004, 20.830337230000055], [107.18666437300004, 20.83094682600006], [107.18498078100004, 20.829020555000056], [107.18355350300004, 20.830337230000055]]], [[[107.22439203100004, 20.830320003000054], [107.22008585100008, 20.831876838000028], [107.22481793500003, 20.832767173000036], [107.22439203100004, 20.830320003000054]]], [[[107.25862769600008, 20.83192539500004], [107.26184390800006, 20.83215444500007], [107.26009317300009, 20.831091852000043], [107.25862769600008, 20.83192539500004]]], [[[107.22250679900009, 20.834737493000034], [107.21834736600005, 20.835669937000034], [107.22186274200004, 20.836027054000056], [107.22250679900009, 20.834737493000034]]], [[[107.26167764900003, 20.83607691800006], [107.26237024800008, 20.837274098000023], [107.26375611100008, 20.83541618000004], [107.26167764900003, 20.83607691800006]]], [[[107.20356932400006, 20.83902160200006], [107.20614694900007, 20.842170046000035], [107.21481516700004, 20.83339909800003], [107.20356932400006, 20.83902160200006]]], [[[107.18714313900006, 20.83962605200003], [107.18983714500007, 20.839299349000044], [107.18878756800007, 20.83849437400005], [107.18714313900006, 20.83962605200003]]], [[[107.19225281400008, 20.839953561000073], [107.19374571400004, 20.84231097600008], [107.19571416500008, 20.841407488000073], [107.19225281400008, 20.839953561000073]]], [[[107.21314573200004, 20.842692783000075], [107.21204427600009, 20.844720477000067], [107.21325006000006, 20.844485306000024], [107.21314573200004, 20.842692783000075]]], [[[107.20975733700004, 20.843029452000053], [107.20855911800004, 20.843777163000027], [107.20927809500006, 20.844939304000036], [107.20975733700004, 20.843029452000053]]], [[[107.17319282900007, 20.845671528000025], [107.18400675700008, 20.848039294000046], [107.18639677600004, 20.84036558400004], [107.17319282900007, 20.845671528000025]]], [[[107.24414479800004, 20.84834803800004], [107.25292523200005, 20.842756476000034], [107.24649528800006, 20.843840186000023], [107.24414479800004, 20.84834803800004]]], [[[107.24816149000009, 20.855602861000023], [107.24666211500005, 20.85675033900003], [107.24891162800009, 20.85644477900007], [107.24816149000009, 20.855602861000023]]], [[[107.18942931100008, 20.856573894000064], [107.18888263300005, 20.85747395100003], [107.19053205000006, 20.857916214000056], [107.18942931100008, 20.856573894000064]]], [[[107.25278190300008, 20.85844213100006], [107.25180106400006, 20.859824615000036], [107.25357505000005, 20.859828073000074], [107.25278190300008, 20.85844213100006]]], [[[107.22561876900005, 20.860518257000024], [107.22713842300004, 20.858781011000076], [107.22448548600005, 20.858128514000043], [107.22561876900005, 20.860518257000024]]], [[[107.26334374600003, 20.86012708100003], [107.26089586800003, 20.859210078000046], [107.26250414700007, 20.861057850000066], [107.26334374600003, 20.86012708100003]]], [[[107.18320834800005, 20.85961356000007], [107.18129641800004, 20.859739613000045], [107.18109745800007, 20.860962160000042], [107.18320834800005, 20.85961356000007]]], [[[107.21990357500005, 20.857247933000053], [107.21774909200008, 20.865484326000058], [107.21903190800003, 20.866756656000064], [107.22378603000004, 20.860928527000056], [107.21990357500005, 20.857247933000053]]], [[[107.24646366900004, 20.860727234000024], [107.24813391700008, 20.863363727000035], [107.24836578300005, 20.861642052000036], [107.24646366900004, 20.860727234000024]]], [[[107.21047128100008, 20.861779512000055], [107.21311892800009, 20.865001568000025], [107.21410797000004, 20.86102019300006], [107.21047128100008, 20.861779512000055]]], [[[107.22290293300006, 20.866660073000048], [107.22861775700005, 20.86532627200006], [107.23206723700008, 20.862075422000032], [107.22865574200006, 20.859639129000072], [107.22290293300006, 20.866660073000048]]], [[[107.17646302800006, 20.86261391200003], [107.17482356400006, 20.86412573900003], [107.17720269200004, 20.86382442200005], [107.17646302800006, 20.86261391200003]]], [[[107.19874514200006, 20.865085174000058], [107.19918600800008, 20.86311217900004], [107.19664625900003, 20.86480677800006], [107.19874514200006, 20.865085174000058]]], [[[107.23451595400007, 20.865895065000075], [107.23233230500006, 20.863426020000077], [107.23272140400007, 20.865540734000035], [107.23451595400007, 20.865895065000075]]], [[[107.25708896700007, 20.867877452000073], [107.26186385800008, 20.864195937000034], [107.25883325400008, 20.861695573000077], [107.25708896700007, 20.867877452000073]]], [[[107.20968722100008, 20.86250193500007], [107.20959579800007, 20.863656384000024], [107.20995167700005, 20.86946895500006], [107.21142412600005, 20.866431098000078], [107.20968722100008, 20.86250193500007]]], [[[107.21618518900004, 20.862282175000075], [107.21133227800004, 20.868789740000068], [107.21722666700003, 20.870494198000074], [107.21618518900004, 20.862282175000075]]], [[[107.20261544200008, 20.865476356000045], [107.20113631400005, 20.868073263000042], [107.20264674300006, 20.86761284100004], [107.20261544200008, 20.865476356000045]]], [[[107.24251424400006, 20.864538370000048], [107.23940884500007, 20.869305182000062], [107.24433148300005, 20.865508155000043], [107.24251424400006, 20.864538370000048]]], [[[107.22895964200006, 20.867895403000034], [107.22718486900004, 20.868690400000048], [107.23087855200004, 20.86834295500006], [107.22895964200006, 20.867895403000034]]], [[[107.19377799700004, 20.866268277000074], [107.19602010700004, 20.870191139000042], [107.19619344900008, 20.86596595800006], [107.19377799700004, 20.866268277000074]]], [[[107.22254665500009, 20.869821925000053], [107.22099589800007, 20.870456485000034], [107.22252477400008, 20.871759806000057], [107.22254665500009, 20.869821925000053]]], [[[107.25812290100004, 20.871431502000064], [107.26218878000009, 20.87060581000003], [107.26753034000006, 20.86947600600007], [107.25812290100004, 20.871431502000064]]], [[[107.23581905500004, 20.870263699000077], [107.23925928800008, 20.874389634000067], [107.23807088100006, 20.867868245000068], [107.23581905500004, 20.870263699000077]]], [[[107.18054530300009, 20.871605902000056], [107.17949461900008, 20.873890200000062], [107.18257787200008, 20.873534766000034], [107.18054530300009, 20.871605902000056]]], [[[107.18521416500005, 20.87601117300005], [107.18650337100007, 20.87772456600004], [107.18939714200008, 20.870530493000047], [107.18521416500005, 20.87601117300005]]], [[[107.23452829600006, 20.872622104000072], [107.23353979200004, 20.878727130000073], [107.23695133300004, 20.87300521000003], [107.23452829600006, 20.872622104000072]]], [[[107.21356665300004, 20.87337380300005], [107.20058560800004, 20.873660079000047], [107.18283992400006, 20.881672110000068], [107.21356665300004, 20.87337380300005]]], [[[107.22534469300007, 20.874733178000042], [107.22415995200004, 20.875480924000044], [107.22556001600009, 20.877000503000033], [107.22534469300007, 20.874733178000042]]], [[[107.21846942300004, 20.881323593000047], [107.21945401500005, 20.87376663300006], [107.21790424000005, 20.871843811000076], [107.21451742800008, 20.87537394900005], [107.21846942300004, 20.881323593000047]]], [[[107.21389806100007, 20.878464621000035], [107.21311152600003, 20.877881695000042], [107.21237445800006, 20.879009015000065], [107.21389806100007, 20.878464621000035]]], [[[107.17380224100003, 20.877351910000073], [107.17280783700005, 20.88123334100004], [107.17535351500004, 20.879741052000043], [107.17380224100003, 20.877351910000073]]], [[[107.20443367000007, 20.879194565000034], [107.20600579400008, 20.885911236000027], [107.20855517900009, 20.87815974600005], [107.20443367000007, 20.879194565000034]]], [[[107.17953776000007, 20.88129366900006], [107.17947118700005, 20.88476177000007], [107.18125157800006, 20.881454287000054], [107.17953776000007, 20.88129366900006]]], [[[107.21181594100005, 20.883293062000064], [107.20872063000007, 20.882976172000042], [107.20895130700006, 20.885739384000033], [107.21181594100005, 20.883293062000064]]], [[[107.17539347000007, 20.882514369000035], [107.17396926600009, 20.883554400000037], [107.17512757900005, 20.885656625000024], [107.17539347000007, 20.882514369000035]]], [[[107.18409909000007, 20.884702787000037], [107.18281214000007, 20.884463615000072], [107.18377178000009, 20.88627630800005], [107.18409909000007, 20.884702787000037]]], [[[107.20035421300008, 20.889642535000064], [107.20083698800005, 20.88361318500006], [107.19782232600005, 20.88557054300003], [107.20035421300008, 20.889642535000064]]], [[[107.18826615300009, 20.88638902200006], [107.18591074300008, 20.88624896500005], [107.18729099900008, 20.88754521100003], [107.18826615300009, 20.88638902200006]]], [[[107.19106982000005, 20.889275072000032], [107.19247094500008, 20.889330148000056], [107.18980124200004, 20.888590500000078], [107.19106982000005, 20.889275072000032]]], [[[107.18225595800004, 20.92228603700005], [107.18017986600006, 20.92307895400006], [107.18233738400005, 20.923732528000073], [107.18225595800004, 20.92228603700005]]], [[[107.33857977100007, 20.78933444000006], [107.33660774900005, 20.788274561000037], [107.33752262300004, 20.79066040500004], [107.33857977100007, 20.78933444000006]]], [[[107.33255219300008, 20.810400370000025], [107.33589734900005, 20.81071784900007], [107.33478469300007, 20.80924774600004], [107.33255219300008, 20.810400370000025]]], [[[107.27417429400003, 20.816735941000047], [107.27379390000004, 20.819215662000033], [107.27563694900005, 20.820006034000073], [107.27417429400003, 20.816735941000047]]], [[[107.26541593200005, 20.81858726300004], [107.26345436700007, 20.82060501500007], [107.26515217800005, 20.820280839000077], [107.26541593200005, 20.81858726300004]]], [[[107.38017457400008, 20.823871931000042], [107.38412360100006, 20.795310494000034], [107.34461102300008, 20.804680700000063], [107.33513563100007, 20.85436602900006], [107.35012948700006, 20.821204996000063], [107.38017457400008, 20.823871931000042]]], [[[107.27089559300003, 20.82516915800005], [107.27438901200009, 20.826752492000026], [107.27214147200004, 20.822557252000024], [107.27089559300003, 20.82516915800005]]], [[[107.28211402300008, 20.827791971000067], [107.28077812100008, 20.825101618000076], [107.28065271900005, 20.828502395000044], [107.28211402300008, 20.827791971000067]]], [[[107.26875860100006, 20.828419005000057], [107.27026421100004, 20.828097408000076], [107.26781527600008, 20.827647263000074], [107.26875860100006, 20.828419005000057]]], [[[107.37085844000006, 20.827305438000053], [107.36767479000008, 20.82600543800004], [107.37072173000007, 20.833464753000044], [107.37085844000006, 20.827305438000053]]], [[[107.31192585900004, 20.832298571000024], [107.31002961800004, 20.83257921200004], [107.31362180100007, 20.83272917000005], [107.31192585900004, 20.832298571000024]]], [[[107.30666816800004, 20.837668483000073], [107.30687805800005, 20.839564172000053], [107.30390016900009, 20.836175592000075], [107.30666816800004, 20.837668483000073]]], [[[107.36068352200004, 20.83152556600004], [107.35866645000004, 20.84396388300007], [107.35811551800003, 20.848224688000073], [107.36068352200004, 20.83152556600004]]], [[[107.30338206400006, 20.842762467000057], [107.30250866700004, 20.840877139000042], [107.30110859500007, 20.842056851000052], [107.30338206400006, 20.842762467000057]]], [[[107.33208288900005, 20.841177822000077], [107.32998476400007, 20.842903097000033], [107.33185767500004, 20.84302638400004], [107.33208288900005, 20.841177822000077]]], [[[107.29637062400008, 20.845188646000054], [107.26901388600004, 20.834882340000036], [107.27811777300008, 20.843677451000076], [107.26835384200007, 20.83836487700006], [107.26969555500006, 20.843802142000072], [107.28107108300009, 20.846044075000066], [107.28111117400005, 20.841437493000058], [107.28380473800007, 20.848966304000044], [107.28011818900006, 20.851044098000045], [107.27958276900006, 20.854244206000033], [107.28660395300005, 20.84968417400006], [107.28522918100003, 20.843104424000046], [107.29637062400008, 20.845188646000054]]], [[[107.28732335200004, 20.844375764000063], [107.28651942700009, 20.84552347700003], [107.28769552300008, 20.846116832000064], [107.28732335200004, 20.844375764000063]]], [[[107.32401200300006, 20.844294037000054], [107.32300575000005, 20.846927205000043], [107.32498516200008, 20.845709661000058], [107.32401200300006, 20.844294037000054]]], [[[107.28095507100005, 20.847842952000065], [107.27076795300007, 20.847934975000044], [107.27919977300007, 20.851213158000064], [107.28095507100005, 20.847842952000065]]], [[[107.28873031200004, 20.849071151000032], [107.28972033200006, 20.851702473000046], [107.29225348900007, 20.852375860000052], [107.28873031200004, 20.849071151000032]]], [[[107.34707143000009, 20.850653161000025], [107.34136457300008, 20.852948871000024], [107.34260156800008, 20.855570473000057], [107.34707143000009, 20.850653161000025]]], [[[107.27023577200004, 20.849506704000078], [107.26709050600005, 20.854404567000074], [107.27117622500003, 20.853536636000058], [107.27023577200004, 20.849506704000078]]], [[[107.28689799100005, 20.85140190900006], [107.28644754400005, 20.854113979000033], [107.28844858800005, 20.854271865000044], [107.28689799100005, 20.85140190900006]]], [[[107.27342290600006, 20.85202890100004], [107.27406993000005, 20.85501944400005], [107.27477883500006, 20.852880252000034], [107.27342290600006, 20.85202890100004]]], [[[107.29481046200004, 20.854617059000077], [107.29611625600006, 20.85429212100007], [107.29380627600005, 20.853216019000058], [107.29481046200004, 20.854617059000077]]], [[[107.29146234300003, 20.85638412700007], [107.28884593200007, 20.85454327800005], [107.28913834700006, 20.85653820300007], [107.29146234300003, 20.85638412700007]]], [[[107.28418147600007, 20.858111232000056], [107.28674117800006, 20.85511277200004], [107.28206607100009, 20.85472610000005], [107.28418147600007, 20.858111232000056]]], [[[107.27113595500003, 20.856968064000057], [107.26798438200007, 20.85760323200003], [107.26904924000007, 20.85904282100006], [107.27113595500003, 20.856968064000057]]], [[[107.29582367900008, 20.859548407000034], [107.29416869500005, 20.85667226000004], [107.29325006200008, 20.85807072800003], [107.29582367900008, 20.859548407000034]]], [[[107.28248538600008, 20.861878304000072], [107.28181134200008, 20.86281056200005], [107.28321684800005, 20.862576295000054], [107.28248538600008, 20.861878304000072]]], [[[107.27405669800004, 20.859895907000066], [107.26638841000005, 20.86711777200003], [107.27494978700008, 20.862524461000078], [107.27405669800004, 20.859895907000066]]], [[[107.29971059800005, 20.862698352000052], [107.30105616600008, 20.86309845900007], [107.30444360300004, 20.860241202000054], [107.29971059800005, 20.862698352000052]]], [[[107.28602844900007, 20.866253650000033], [107.27987140400006, 20.862914164000074], [107.27806499900004, 20.864996847000043], [107.28602844900007, 20.866253650000033]]], [[[107.31903689900008, 20.864811385000053], [107.32125078800004, 20.867232573000024], [107.32168142800003, 20.863776966000046], [107.31903689900008, 20.864811385000053]]], [[[107.30719288500006, 20.866314901000067], [107.30721794900006, 20.867956304000074], [107.30966070400007, 20.86795439200006], [107.30719288500006, 20.866314901000067]]], [[[107.27843816400008, 20.867373178000037], [107.27984800600007, 20.87035785000006], [107.27679234600004, 20.867483483000058], [107.27843816400008, 20.867373178000037]]], [[[107.28237310700007, 20.867609989000073], [107.28156927600008, 20.869345450000026], [107.28298515500006, 20.868881355000042], [107.28237310700007, 20.867609989000073]]], [[[107.31111471000008, 20.86805871100006], [107.30928494400007, 20.86929143800006], [107.31184, 20.870155340000053], [107.31111471000008, 20.86805871100006]]], [[[107.30253667300008, 20.870528684000078], [107.30428915300007, 20.870721855000056], [107.30519386200007, 20.86727115900004], [107.30253667300008, 20.870528684000078]]], [[[107.30085262600005, 20.86832094700003], [107.29931720100006, 20.874807824000072], [107.30089102600004, 20.87193463600005], [107.30085262600005, 20.86832094700003]]], [[[107.27699022600007, 20.871235225000078], [107.27493437200008, 20.87537016400006], [107.27871028900006, 20.87293479400006], [107.27699022600007, 20.871235225000078]]], [[[107.31079336500005, 20.872957566000025], [107.31322260400009, 20.87365097000003], [107.31319140700003, 20.87160870300005], [107.31079336500005, 20.872957566000025]]], [[[107.30563819300005, 20.875838807000036], [107.30706991500006, 20.872316442000056], [107.30321740800008, 20.872957305000057], [107.30563819300005, 20.875838807000036]]], [[[107.29462906900005, 20.874777809000022], [107.29806210000004, 20.874762762000046], [107.29506858400003, 20.873283917000037], [107.29462906900005, 20.874777809000022]]], [[[107.37583238200006, 20.891424783000048], [107.38144516800008, 20.885945942000035], [107.38674478100006, 20.890509920000056], [107.39464367300008, 20.87637514100004], [107.37653735500004, 20.878780642000038], [107.37262725400007, 20.875894663000054], [107.39109238200007, 20.864725538000073], [107.35486102700008, 20.856764016000056], [107.32938885500005, 20.893331473000046], [107.34754860300006, 20.884065304000046], [107.37583238200006, 20.891424783000048]]], [[[107.28050853400003, 20.879174508000062], [107.28223916900004, 20.875247537000064], [107.27836817500008, 20.878385868000066], [107.28050853400003, 20.879174508000062]]], [[[107.32317950300006, 20.872443404000023], [107.29735109600006, 20.90216863200004], [107.29121883200008, 20.907284138000023], [107.30866746500004, 20.894540305000078], [107.32371279100005, 20.876142136000055], [107.32317950300006, 20.872443404000023]]], [[[107.34802656800008, 20.88741978400003], [107.34755837500006, 20.89380631800003], [107.35440942900004, 20.89429057600006], [107.34802656800008, 20.88741978400003]]], [[[107.33604625800007, 20.894978262000052], [107.33463543900007, 20.898132002000068], [107.33801539600006, 20.896472867000057], [107.33604625800007, 20.894978262000052]]], [[[107.35005900800007, 20.896117934000074], [107.34836909900008, 20.895928105000053], [107.35189040100005, 20.89913651300003], [107.35005900800007, 20.896117934000074]]], [[[107.35916278800005, 20.89676428100006], [107.35712578300007, 20.89944777900007], [107.35940367500007, 20.89876070200006], [107.35916278800005, 20.89676428100006]]], [[[107.31637960100005, 20.885311611000077], [107.31381733600006, 20.91435014800004], [107.32371244600006, 20.88318330100003], [107.31637960100005, 20.885311611000077]]], [[[107.35603906700004, 20.899216843000033], [107.35351543500008, 20.898710841000025], [107.35475911000009, 20.90003773500007], [107.35603906700004, 20.899216843000033]]], [[[107.37001825000004, 20.902269442000033], [107.37366431000004, 20.89722092200003], [107.36263341900008, 20.89982382100004], [107.37001825000004, 20.902269442000033]]], [[[107.30793418200005, 20.898833223000054], [107.30817264600006, 20.900828811000054], [107.30914690000009, 20.900248115000068], [107.30793418200005, 20.898833223000054]]], [[[107.32641036900009, 20.90051006500005], [107.32742377000005, 20.90136244000007], [107.32869745400006, 20.899143335000076], [107.32641036900009, 20.90051006500005]]], [[[107.33504545300008, 20.90377966500006], [107.33776803300009, 20.90341685900006], [107.33632488200004, 20.90216803800007], [107.33504545300008, 20.90377966500006]]], [[[107.34156707900007, 20.903788604000056], [107.34131640500004, 20.902270503000068], [107.33918852900007, 20.905190611000023], [107.34156707900007, 20.903788604000056]]], [[[107.28696372300004, 20.90579296100003], [107.28918892100006, 20.905443899000034], [107.29103365500004, 20.902439836000042], [107.28742031400009, 20.90352456200003], [107.28696372300004, 20.90579296100003]]], [[[107.32470571200008, 20.902229615000067], [107.32229239200007, 20.907892996000044], [107.32705138600005, 20.902161559000035], [107.32470571200008, 20.902229615000067]]], [[[107.29449409900008, 20.911224986000036], [107.29551575200009, 20.91128212800004], [107.29521502700004, 20.908909867000034], [107.29449409900008, 20.911224986000036]]], [[[107.36300186900007, 20.91567907900003], [107.36806242800009, 20.912983024000027], [107.36234882300005, 20.913526860000047], [107.36300186900007, 20.91567907900003]]], [[[107.30334986600008, 20.91552924800004], [107.30167625600006, 20.912392848000025], [107.30395067600006, 20.92020627900007], [107.30334986600008, 20.91552924800004]]], [[[107.30959297000004, 20.914610759000027], [107.30716265100006, 20.920092019000037], [107.31115602600005, 20.91792606100006], [107.30959297000004, 20.914610759000027]]], [[[107.31843375100004, 20.927843191000022], [107.34029521000008, 20.91423028500003], [107.31064643000008, 20.923449239000036], [107.31843375100004, 20.927843191000022]]], [[[107.31411377800003, 20.938955302000068], [107.35069892800004, 20.934396984000045], [107.39033791800006, 20.961844274000043], [107.35156550700003, 20.92525994700003], [107.31411377800003, 20.938955302000068]]], [[[107.32917415700007, 20.94771180500004], [107.32611667300006, 20.94897850900003], [107.33591711000008, 20.94877734100004], [107.32917415700007, 20.94771180500004]]], [[[107.33175576700006, 20.953784072000076], [107.33148615600004, 20.952427646000046], [107.32933858500007, 20.952884406000067], [107.33175576700006, 20.953784072000076]]], [[[107.35070026000005, 20.953109743000027], [107.35009783600009, 20.95432250400006], [107.35304194500009, 20.957156824000037], [107.35070026000005, 20.953109743000027]]], [[[107.33369082200005, 20.955661745000043], [107.33344010000008, 20.95819102100006], [107.33500707300004, 20.957703340000023], [107.33369082200005, 20.955661745000043]]], [[[107.37648570400006, 20.751351666000062], [107.37811890800003, 20.749285703000055], [107.37638575800008, 20.748401439000077], [107.37648570400006, 20.751351666000062]]], [[[107.39477459600005, 20.758956368000042], [107.39513788100004, 20.748181337000062], [107.38662025700006, 20.745410468000046], [107.39477459600005, 20.758956368000042]]], [[[107.38617909400006, 20.789239895000037], [107.38346559300004, 20.788784589000045], [107.38461451800003, 20.78992540200005], [107.38617909400006, 20.789239895000037]]], [[[107.40010065600006, 20.786202556000035], [107.42187018700008, 20.79734720700003], [107.41031611000005, 20.768764556000065], [107.40010065600006, 20.786202556000035]]], [[[107.43109741500007, 20.786673089000033], [107.43036835300006, 20.79166910600003], [107.43443632200007, 20.787797028000057], [107.43109741500007, 20.786673089000033]]], [[[107.38708702800005, 20.844803986000045], [107.38995682500007, 20.846829572000047], [107.38939453700004, 20.844228299000065], [107.38708702800005, 20.844803986000045]]], [[[107.41030778400005, 20.85187921000005], [107.41565936600006, 20.850184584000033], [107.41390821900006, 20.84855843500003], [107.41030778400005, 20.85187921000005]]], [[[107.39493127900005, 20.873214002000054], [107.39370552400004, 20.875737085000026], [107.39570103100004, 20.875028419000046], [107.39493127900005, 20.873214002000054]]], [[[107.37812269400007, 20.87761951600004], [107.38431732600009, 20.875700707000078], [107.37309158400006, 20.875914220000027], [107.37812269400007, 20.87761951600004]]], [[[107.39702374700005, 20.88012896200007], [107.39716114900006, 20.88343373500004], [107.39896036600004, 20.881775049000055], [107.39702374700005, 20.88012896200007]]], [[[107.39617213800005, 20.885320019000062], [107.39799545100004, 20.887844233000067], [107.39899719100003, 20.88675448300006], [107.39617213800005, 20.885320019000062]]], [[[107.39134555800007, 20.886184440000022], [107.39146952100003, 20.88865269200005], [107.39241433800004, 20.88664751700003], [107.39134555800007, 20.886184440000022]]], [[[107.38902976700007, 20.892151884000043], [107.39317717000006, 20.89336273500004], [107.39147687900004, 20.891616772000077], [107.38902976700007, 20.892151884000043]]], [[[107.43130332700008, 20.88387150500006], [107.44505195700003, 20.90562969000007], [107.45277085900005, 20.897808760000032], [107.43130332700008, 20.88387150500006]]], [[[107.42115268100008, 20.894539258000066], [107.41867761300006, 20.89526161300006], [107.42221053400004, 20.895591272000047], [107.42115268100008, 20.894539258000066]]], [[[107.39712305200004, 20.927680863000035], [107.39669262800004, 20.925548535000075], [107.39528382900005, 20.92733482700004], [107.39712305200004, 20.927680863000035]]], [[[107.43081162000004, 20.92563050900003], [107.43274536800004, 20.92860343800004], [107.43545803700005, 20.92954994200005], [107.43081162000004, 20.92563050900003]]], [[[107.42189533500004, 20.921950328000037], [107.34482372100007, 20.905398174000027], [107.40693202700004, 20.920159712000043], [107.45452494800008, 20.966684301000043], [107.42189533500004, 20.921950328000037]]], [[[107.39738786200007, 20.937155362000055], [107.39638453200007, 20.937960495000027], [107.39744214100006, 20.939015809000068], [107.39738786200007, 20.937155362000055]]], [[[107.39485892200008, 20.94255361300003], [107.39060590100007, 20.939297930000066], [107.39350447100009, 20.943107630000043], [107.39485892200008, 20.94255361300003]]], [[[107.39054704400007, 20.945731669000054], [107.39188706200008, 20.942711515000042], [107.37991935900004, 20.939051419000066], [107.39054704400007, 20.945731669000054]]], [[[107.39216907800005, 20.95197471700004], [107.39342105600008, 20.954305687000044], [107.39469818600008, 20.951985791000027], [107.39216907800005, 20.95197471700004]]], [[[107.38879054100005, 20.95311502800007], [107.38763954800004, 20.95401481700003], [107.38966584500008, 20.955149048000067], [107.38879054100005, 20.95311502800007]]], [[[107.43153217600008, 20.961870890000057], [107.43233446300007, 20.966124169000068], [107.43519322900005, 20.96601453900007], [107.43153217600008, 20.961870890000057]]], [[[107.39794083100008, 20.97172743300007], [107.39683087500003, 20.973584127000038], [107.39858190300004, 20.973186080000062], [107.39794083100008, 20.97172743300007]]], [[[107.43045215800004, 20.973096550000037], [107.43438778600006, 20.973900808000053], [107.43156574500006, 20.97184971300004], [107.43045215800004, 20.973096550000037]]], [[[107.41997501600008, 20.975364410000054], [107.41749463600007, 20.974743583000077], [107.41878496000004, 20.97671545000003], [107.41997501600008, 20.975364410000054]]], [[[107.37671480700004, 20.975359354000034], [107.37421113200008, 20.978027402000066], [107.37866491100004, 20.97793013000006], [107.37671480700004, 20.975359354000034]]], [[[107.41518337900004, 20.977073763000078], [107.41467216700005, 20.978502349000053], [107.41792608000009, 20.976610677000053], [107.41518337900004, 20.977073763000078]]], [[[107.40498196400006, 20.976311486000043], [107.40310926400008, 20.979560892000052], [107.40783086800008, 20.97822649400007], [107.40498196400006, 20.976311486000043]]], [[[107.38293206700007, 20.980222725000033], [107.38264189800009, 20.983175790000075], [107.38618571600006, 20.982353814000078], [107.38293206700007, 20.980222725000033]]], [[[107.41515519800004, 20.982512335000024], [107.41618312500009, 20.981584345000044], [107.41402257400006, 20.98237432700006], [107.41515519800004, 20.982512335000024]]], [[[107.38726551400003, 20.98669215900003], [107.38948980300006, 20.98764391900005], [107.38908535000007, 20.98575371900006], [107.38726551400003, 20.98669215900003]]], [[[107.41201609400008, 20.985673449000046], [107.41058841700004, 20.986230243000023], [107.41068121600006, 20.98793631700005], [107.41201609400008, 20.985673449000046]]], [[[107.40233287700005, 20.993484506000073], [107.40498359700007, 20.99199972200006], [107.40121928900004, 20.993103792000056], [107.40233287700005, 20.993484506000073]]], [[[107.42296420000008, 20.99454304900007], [107.42493320400007, 20.998255008000058], [107.42703307800008, 20.993674546000022], [107.42296420000008, 20.99454304900007]]], [[[107.38133718800009, 20.99578340200003], [107.37860752400007, 20.995091624000054], [107.38108139500008, 20.997490666000033], [107.38133718800009, 20.99578340200003]]], [[[107.40881429100006, 20.996301708000033], [107.40948054000006, 20.99753307900005], [107.41117590600004, 20.999531827000055], [107.40881429100006, 20.996301708000033]]], [[[107.39269970900006, 20.997481148000077], [107.39112926400009, 20.999983151000038], [107.39450928900004, 20.997573947000035], [107.39269970900006, 20.997481148000077]]], [[[107.425133, 20.999817045000043], [107.42461546700008, 20.99937684500003], [107.42415742100007, 21.000750983000046], [107.425133, 20.999817045000043]]], [[[107.38431443300004, 21.006618597000056], [107.38437749700006, 21.005168629000025], [107.38320628400004, 21.00193089800007], [107.37947008900005, 21.007220619000066], [107.38431443300004, 21.006618597000056]]], [[[107.38493661800004, 21.008626717000027], [107.38787763200008, 21.008091338000042], [107.38625721900007, 21.006692215000044], [107.38493661800004, 21.008626717000027]]], [[[107.43762896800007, 21.00879550800005], [107.43602170700007, 21.010250245000066], [107.43823373800006, 21.009737098000073], [107.43762896800007, 21.00879550800005]]], [[[107.40433193200005, 21.008838196000056], [107.40422570600003, 21.012425757000074], [107.40804489300007, 21.011278897000068], [107.40433193200005, 21.008838196000056]]], [[[107.42278960600004, 21.010296707000066], [107.42203465100005, 21.011578395000072], [107.42480384900006, 21.013102636000042], [107.42278960600004, 21.010296707000066]]], [[[107.43521697600005, 21.01157945700004], [107.43363567400007, 21.012785089000033], [107.43591381400006, 21.01241907800005], [107.43521697600005, 21.01157945700004]]], [[[107.40543026900008, 21.013946713000053], [107.40808191400004, 21.01545520800005], [107.40859770900005, 21.014322850000042], [107.40543026900008, 21.013946713000053]]], [[[107.41229006900005, 21.020669089000023], [107.41430120400008, 21.020192036000026], [107.41213942600007, 21.019749212000022], [107.41229006900005, 21.020669089000023]]], [[[107.42886063500004, 21.019026993000068], [107.42760233900009, 21.023012849000054], [107.42993178500006, 21.021261495000033], [107.42886063500004, 21.019026993000068]]], [[[107.42387083000006, 21.02163898400005], [107.42287604200004, 21.022052915000074], [107.42418570600006, 21.02371124600006], [107.42387083000006, 21.02163898400005]]], [[[107.43139317000004, 21.02504796100004], [107.42906758300006, 21.024769664000075], [107.43189280900003, 21.02694133400007], [107.43139317000004, 21.02504796100004]]], [[[107.40634039500009, 21.028129445000047], [107.40908610400004, 21.030040476000067], [107.41142049800004, 21.03048701800003], [107.40958221400007, 21.02790900800005], [107.40634039500009, 21.028129445000047]]], [[[107.41711162200005, 21.030906670000036], [107.41865618000008, 21.029487732000064], [107.41688580200008, 21.028122092000046], [107.41711162200005, 21.030906670000036]]], [[[107.42316647400008, 21.034999130000074], [107.42854327900005, 21.032980948000045], [107.42160813700008, 21.030597280000052], [107.42316647400008, 21.034999130000074]]], [[[107.40502769700004, 21.031954357000075], [107.40358575500005, 21.034747039000024], [107.40585728200006, 21.033344371000055], [107.40502769700004, 21.031954357000075]]], [[[107.43352453100005, 21.034668647000046], [107.43365463100008, 21.03607646300003], [107.43468650800008, 21.035262455000066], [107.43352453100005, 21.034668647000046]]], [[[107.37118674600003, 21.036105699000075], [107.37618431000004, 21.038292194000064], [107.37443149600006, 21.033554263000042], [107.37118674600003, 21.036105699000075]]], [[[107.41734418200008, 21.039193055000055], [107.41649048400006, 21.039703536000047], [107.41776013100008, 21.040320937000047], [107.41734418200008, 21.039193055000055]]], [[[107.41010773800008, 21.039445370000067], [107.40939393700006, 21.041031665000048], [107.41095701700004, 21.04133340800007], [107.41010773800008, 21.039445370000067]]], [[[107.42060492200005, 21.04299038700003], [107.41954672900005, 21.04378420000006], [107.42075837600004, 21.044078395000042], [107.42060492200005, 21.04299038700003]]], [[[107.41884022200009, 21.04622382100007], [107.41795041000006, 21.04696539500003], [107.41987468200006, 21.048071787000026], [107.41884022200009, 21.04622382100007]]], [[[107.43746914700006, 21.049004516000025], [107.43659823300004, 21.045508580000046], [107.43550838000004, 21.04749080700003], [107.43746914700006, 21.049004516000025]]], [[[107.42379974700003, 21.048657508000076], [107.42459446800007, 21.04634119600007], [107.42241223800005, 21.047119834000057], [107.42379974700003, 21.048657508000076]]], [[[107.41776676000006, 21.04729192600007], [107.41596939700008, 21.049117919000025], [107.41837112300004, 21.049195860000054], [107.41776676000006, 21.04729192600007]]], [[[107.42674341700007, 21.049039051000022], [107.42544496100004, 21.05013533300007], [107.42694548200006, 21.050861482000073], [107.42674341700007, 21.049039051000022]]], [[[107.42249541600006, 21.052454239000042], [107.42181495300008, 21.05329666700004], [107.42340631800005, 21.05448368200007], [107.42249541600006, 21.052454239000042]]], [[[107.43115206400006, 21.05316666400006], [107.43770656100008, 21.057817731000057], [107.43799989300004, 21.05525850300006], [107.43115206400006, 21.05316666400006]]], [[[107.43019002100004, 21.05689651800003], [107.42971077300007, 21.055709369000056], [107.42766099600004, 21.05668913200003], [107.43019002100004, 21.05689651800003]]], [[[107.42600613400003, 21.058036436000066], [107.42443802600008, 21.06112637700005], [107.42661542800005, 21.06027834400004], [107.42600613400003, 21.058036436000066]]], [[[107.47122528400007, 20.731741845000045], [107.44640423100009, 20.718100727000035], [107.47233389000007, 20.740976588000024], [107.47122528400007, 20.731741845000045]]], [[[107.47245545700008, 20.762213305000046], [107.48970434900008, 20.76751475800006], [107.47964662000004, 20.756946389000063], [107.47245545700008, 20.762213305000046]]], [[[107.48946695600006, 20.777467320000028], [107.49331000500007, 20.775301771000045], [107.48886519400008, 20.77174943800003], [107.48946695600006, 20.777467320000028]]], [[[107.46100837100005, 20.862836869000034], [107.45829832700008, 20.86577573200003], [107.46075178900008, 20.867486593000024], [107.46100837100005, 20.862836869000034]]], [[[107.46317277400004, 20.867202305000035], [107.46815704400007, 20.86684589200007], [107.46770615600008, 20.864018784000052], [107.46317277400004, 20.867202305000035]]], [[[107.46215262300007, 20.870332554000072], [107.46204988700003, 20.875130011000067], [107.46470937400005, 20.871802355000057], [107.46215262300007, 20.870332554000072]]], [[[107.46342020600008, 20.89472485500005], [107.46751622600004, 20.896740573000045], [107.47117373100008, 20.889392541000063], [107.46342020600008, 20.89472485500005]]], [[[107.50439313100009, 20.894134722000047], [107.49175049200005, 20.901922770000056], [107.51791275000005, 20.913686159000065], [107.50439313100009, 20.894134722000047]]], [[[107.44687712400008, 20.907231526000032], [107.44555399600006, 20.905731557000024], [107.44515133100003, 20.907511372000045], [107.44687712400008, 20.907231526000032]]], [[[107.47670656900004, 20.90694013700005], [107.47576263200006, 20.908065216000068], [107.47705785900007, 20.90804643100006], [107.47670656900004, 20.90694013700005]]], [[[107.47029609700007, 20.974201209000057], [107.47345721000005, 20.95518521500003], [107.44327542900004, 20.932570533000046], [107.47029609700007, 20.974201209000057]]], [[[107.54255327400006, 21.00243047200007], [107.50921955700005, 20.91767574100004], [107.44252403200005, 20.912251639000033], [107.39469987900009, 20.89063668800003], [107.49087791400007, 20.956203027000072], [107.47763335400003, 20.98526504700004], [107.48701740300004, 20.98134334200006], [107.50931248100005, 21.01742396700007], [107.50436022000008, 20.998994809000067], [107.51012013500008, 21.001060428000073], [107.53686181800003, 21.04122907800007], [107.53712960000007, 21.00930343700003], [107.55135888800004, 21.031782801000077], [107.55122268000008, 21.044997932000058], [107.55549147600004, 21.037171897000064], [107.54255327400006, 21.00243047200007]]], [[[107.44489014300007, 20.97144720800003], [107.44782853000004, 20.97171456600006], [107.44565386100004, 20.968788054000072], [107.44489014300007, 20.97144720800003]]], [[[107.44200999300006, 20.98224272300007], [107.44290092900007, 20.975555562000068], [107.43623773500008, 20.979877720000047], [107.44093108900006, 20.98019869600006], [107.44200999300006, 20.98224272300007]]], [[[107.46605094400007, 20.978310171000032], [107.46915707500006, 20.979186336000055], [107.46786236800006, 20.97776899400003], [107.46605094400007, 20.978310171000032]]], [[[107.46979043600004, 20.980803019000064], [107.47499496700004, 20.980998363000026], [107.47052136100007, 20.976050585000053], [107.46979043600004, 20.980803019000064]]], [[[107.44045764300006, 20.981467019000036], [107.43731790400005, 20.984128506000047], [107.44112622400007, 20.98301011500007], [107.44045764300006, 20.981467019000036]]], [[[107.48659608800006, 20.987468426000078], [107.48603769700009, 20.988361999000062], [107.48826966500008, 20.988740498000027], [107.48659608800006, 20.987468426000078]]], [[[107.44831512800005, 20.99380426600004], [107.44703021900006, 20.99377571200006], [107.44792489700006, 20.994789363000052], [107.44831512800005, 20.99380426600004]]], [[[107.44575865600007, 21.00806816000005], [107.44274147900006, 21.009369054000047], [107.44767445600007, 21.00417350300006], [107.44575865600007, 21.00806816000005]]], [[[107.44023298000008, 21.007672676000027], [107.44132492700004, 21.011395019000076], [107.44179830500008, 21.007562102000065], [107.44023298000008, 21.007672676000027]]], [[[107.45483270400007, 21.010870167000064], [107.45463744900007, 21.009167664000074], [107.45385818400007, 21.011073088000046], [107.45483270400007, 21.010870167000064]]], [[[107.45283753200005, 21.01089428800003], [107.44949438900005, 21.011399924000045], [107.45135356500003, 21.01233011000005], [107.45283753200005, 21.01089428800003]]], [[[107.44559343900005, 21.011612196000044], [107.44404703800006, 21.013921953000022], [107.44623272200005, 21.013440676000073], [107.44559343900005, 21.011612196000044]]], [[[107.45394814500008, 21.014544976000025], [107.45995509500005, 21.014862634000053], [107.45634307300008, 21.010361884000076], [107.45394814500008, 21.014544976000025]]], [[[107.47832266700004, 21.01243799100007], [107.47709643300004, 21.013217240000074], [107.47794899500008, 21.01535706900006], [107.47832266700004, 21.01243799100007]]], [[[107.47889279200007, 21.016136199000073], [107.47870914900005, 21.018193538000048], [107.48037822200007, 21.019279941000036], [107.47889279200007, 21.016136199000073]]], [[[107.46013218100006, 21.01739042500003], [107.45902034500006, 21.021478052000077], [107.46134687500006, 21.01957531000005], [107.46013218100006, 21.01739042500003]]], [[[107.44439660800003, 21.022268712000027], [107.44612808100004, 21.021703409000054], [107.43644646000007, 21.011449362000064], [107.44439660800003, 21.022268712000027]]], [[[107.45487552500003, 21.019722410000043], [107.45395536400008, 21.02263365400006], [107.45551129100005, 21.021733340000026], [107.45487552500003, 21.019722410000043]]], [[[107.45033327000004, 21.01731634400005], [107.44741500500004, 21.021760357000062], [107.45204440400005, 21.026306501000022], [107.45033327000004, 21.01731634400005]]], [[[107.48633074000008, 21.021875325000053], [107.48353986600006, 21.022215021000022], [107.48509311300006, 21.02318353800007], [107.48633074000008, 21.021875325000053]]], [[[107.46209005600008, 21.026685242000042], [107.46241652500004, 21.02291086200006], [107.45977028300007, 21.02329538300006], [107.46209005600008, 21.026685242000042]]], [[[107.47570481800005, 21.02415747200007], [107.47487083300007, 21.025981983000065], [107.47607458500005, 21.027487394000048], [107.47570481800005, 21.02415747200007]]], [[[107.48743533600003, 21.024263090000034], [107.48640729900006, 21.02528505300006], [107.48747408500009, 21.027409043000034], [107.48743533600003, 21.024263090000034]]], [[[107.45593591000005, 21.023526953000044], [107.45526533400005, 21.02797326600006], [107.45501268600009, 21.030141740000033], [107.45593591000005, 21.023526953000044]]], [[[107.48868893600007, 21.031985148000047], [107.49025736600004, 21.026808132000042], [107.48643812700004, 21.031782030000045], [107.48868893600007, 21.031985148000047]]], [[[107.48451624800003, 21.030205417000047], [107.48372045500008, 21.028464454000073], [107.48314799200006, 21.030905093000058], [107.48451624800003, 21.030205417000047]]], [[[107.49141707500007, 21.031296910000037], [107.49380239100009, 21.03132484300005], [107.49267836800004, 21.03040058700003], [107.49141707500007, 21.031296910000037]]], [[[107.48239988800009, 21.03143826300004], [107.48150578000008, 21.03225377600006], [107.48318105300007, 21.03350678100003], [107.48239988800009, 21.03143826300004]]], [[[107.49046355300004, 21.03457376500006], [107.49224289200004, 21.036627508000038], [107.49332021500004, 21.033748471000024], [107.49046355300004, 21.03457376500006]]], [[[107.50187446300004, 21.03651925500003], [107.50096017200008, 21.034639405000064], [107.49988681300005, 21.03626974900004], [107.50187446300004, 21.03651925500003]]], [[[107.49712569200005, 21.033588681000026], [107.49676941300004, 21.038927217000037], [107.50334133200005, 21.038970246000076], [107.49875726400006, 21.03722404000007], [107.49712569200005, 21.033588681000026]]], [[[107.48642860900009, 21.039481597000076], [107.48936939300006, 21.04068449500005], [107.48896076400007, 21.036049476000073], [107.48642860900009, 21.039481597000076]]], [[[107.44581722000004, 21.046562306000055], [107.44302067900009, 21.049264545000028], [107.44458397800008, 21.04981467300007], [107.44581722000004, 21.046562306000055]]], [[[107.44444342000008, 21.05002758200004], [107.44382221200004, 21.053013124000074], [107.44585392000005, 21.054752205000057], [107.44444342000008, 21.05002758200004]]], [[[107.47194037100007, 21.052210418000072], [107.46792705300004, 21.05219955700005], [107.47049790500006, 21.053710300000034], [107.47194037100007, 21.052210418000072]]], [[[107.45910753800007, 21.053252663000023], [107.45858395500005, 21.05400908200005], [107.46051143200003, 21.053880504000063], [107.45910753800007, 21.053252663000023]]], [[[107.49523692100007, 21.05760350500003], [107.49737257100008, 21.05530342900005], [107.49260226100006, 21.055093593000038], [107.49523692100007, 21.05760350500003]]], [[[107.49192512800005, 21.055468421000057], [107.49089478300004, 21.056556630000046], [107.49357762600005, 21.05774118000005], [107.49192512800005, 21.055468421000057]]], [[[107.46244213600005, 21.05863206600003], [107.46272248400004, 21.05653865900007], [107.46035808000005, 21.05657926200007], [107.46244213600005, 21.05863206600003]]], [[[107.46539253400005, 21.05857976300007], [107.46398509300008, 21.059367990000055], [107.46676277700004, 21.06062075400007], [107.46539253400005, 21.05857976300007]]], [[[107.50511246200006, 21.058329379000043], [107.50458843000007, 21.061593276000053], [107.50574265600005, 21.060073459000023], [107.50511246200006, 21.058329379000043]]], [[[107.44631972800005, 21.06234126100003], [107.44580784500005, 21.064434745000028], [107.44992947500003, 21.06326770000004], [107.44631972800005, 21.06234126100003]]], [[[107.49269091000008, 21.064034838000055], [107.48913535500009, 21.065575283000044], [107.49360109900005, 21.065984927000045], [107.49269091000008, 21.064034838000055]]], [[[107.47736104700004, 21.067062874000044], [107.47437792100004, 21.065759676000027], [107.47596433400008, 21.06809650300005], [107.47736104700004, 21.067062874000044]]], [[[107.44056568900004, 21.064890905000027], [107.44634114100006, 21.06999638600007], [107.44554129700003, 21.064520377000065], [107.44056568900004, 21.064890905000027]]], [[[107.51465961900004, 21.069225525000036], [107.49683485300005, 21.071846701000027], [107.51422133200003, 21.074537987000042], [107.51465961900004, 21.069225525000036]]], [[[107.45020938600004, 21.072724598000036], [107.45352189700009, 21.07318489100004], [107.45083097700007, 21.070895293000035], [107.45020938600004, 21.072724598000036]]], [[[107.49908014600004, 21.078500118000022], [107.50000042600004, 21.07783207400007], [107.49841007000003, 21.077698157000043], [107.49908014600004, 21.078500118000022]]], [[[107.48072765900008, 21.079763799000034], [107.47984436800004, 21.08064515600006], [107.48120742400005, 21.082022400000028], [107.48072765900008, 21.079763799000034]]], [[[107.48757983400009, 21.084625722000055], [107.49153148900007, 21.083705504000022], [107.48518541000004, 21.08288612700005], [107.48757983400009, 21.084625722000055]]], [[[107.46381687300004, 21.085312300000055], [107.46203941500005, 21.082970911000075], [107.46214649100006, 21.08477692200006], [107.46381687300004, 21.085312300000055]]], [[[107.45445904700006, 21.08409540400004], [107.45224139000004, 21.084181065000053], [107.45405929800006, 21.087036418000025], [107.45445904700006, 21.08409540400004]]], [[[107.49187096000009, 21.084572109000078], [107.49031587600007, 21.08936520900005], [107.49575452900007, 21.089606255000035], [107.49187096000009, 21.084572109000078]]], [[[107.46829630700006, 21.087033444000042], [107.46684483600006, 21.089567570000042], [107.46964665100006, 21.08750933600004], [107.46829630700006, 21.087033444000042]]], [[[107.49921574200005, 21.09179322800003], [107.50249939800005, 21.095008474000053], [107.50288606100008, 21.093902025000034], [107.49921574200005, 21.09179322800003]]], [[[107.50477526500003, 21.102295534000064], [107.50388549100006, 21.10119011000006], [107.50314478400009, 21.10331380300005], [107.50477526500003, 21.102295534000064]]], [[[107.48990824600008, 21.292655429000035], [107.48860906000004, 21.288358122000034], [107.48475433300007, 21.29613420100003], [107.48990824600008, 21.292655429000035]]], [[[107.55796404300008, 20.969081437000057], [107.47091710600006, 20.814840317000062], [107.47473925800006, 20.885896350000053], [107.51091418000004, 20.889199834000067], [107.55796404300008, 20.969081437000057]]], [[[107.56767318200008, 20.98372280600006], [107.56582025400007, 20.98462339300005], [107.56730923700007, 20.98699591600007], [107.56767318200008, 20.98372280600006]]], [[[107.55196216300004, 21.01005762500006], [107.54970623700007, 21.011058992000073], [107.55117402300004, 21.012004599000022], [107.55196216300004, 21.01005762500006]]], [[[107.51435331100004, 21.031882132000078], [107.51317015900008, 21.02947778400005], [107.51155107900007, 21.032201525000062], [107.51435331100004, 21.031882132000078]]], [[[107.56034697500007, 21.036929803000078], [107.55372422600004, 21.030247234000058], [107.55642770800006, 21.036678924000057], [107.55703628700007, 21.045093120000047], [107.56034697500007, 21.036929803000078]]], [[[107.56268108000006, 21.03604534300007], [107.56126631200004, 21.03630779100007], [107.56146758600005, 21.038060521000034], [107.56268108000006, 21.03604534300007]]], [[[107.54084134200008, 21.040831079000043], [107.54716169600005, 21.03412738000003], [107.54517570900003, 21.031772528000033], [107.54084134200008, 21.040831079000043]]], [[[107.51077355400008, 21.039747498000054], [107.51123831000007, 21.042878888000075], [107.51226879600006, 21.042158614000073], [107.51077355400008, 21.039747498000054]]], [[[107.56987048700006, 20.983380474000057], [107.58691150800007, 21.06958774900005], [107.63159794800004, 21.125540573000023], [107.57618934700008, 20.979781306000064], [107.56396995900008, 20.97041074300006], [107.56987048700006, 20.983380474000057]]], [[[107.52395885000004, 21.04524938800006], [107.52513540100006, 21.052314859000035], [107.52784974600007, 21.048478068000065], [107.52395885000004, 21.04524938800006]]], [[[107.53680129800006, 21.05515694500008], [107.54121670100005, 21.054320533000066], [107.53976008100005, 21.053186852000067], [107.53680129800006, 21.05515694500008]]], [[[107.51722680500006, 21.045746592000057], [107.50717132600005, 21.050500360000058], [107.50728838700007, 21.04011736800004], [107.49356414200008, 21.040953375000072], [107.50187451200009, 21.041472486000032], [107.49725977400004, 21.046743693000053], [107.51911531000007, 21.057100452000043], [107.52573657700009, 21.07297755700006], [107.53302497700008, 21.070890407000036], [107.51722680500006, 21.045746592000057]]], [[[107.54270573600007, 21.062524498000073], [107.54384263100008, 21.056922460000067], [107.54135769900006, 21.05916067900006], [107.54270573600007, 21.062524498000073]]], [[[107.55627191200006, 21.057918571000073], [107.54751373900007, 21.05892108000006], [107.55778184000008, 21.070176245000027], [107.55627191200006, 21.057918571000073]]], [[[107.51462752200007, 21.06164326000004], [107.51501191500006, 21.067294154000024], [107.51694669300008, 21.064551958000038], [107.51462752200007, 21.06164326000004]]], [[[107.56848474600008, 21.063906890000055], [107.56743208000006, 21.06442056800006], [107.568087, 21.066822133000073], [107.56848474600008, 21.063906890000055]]], [[[107.57097787200007, 21.063767948000077], [107.57440392200004, 21.06719112600007], [107.57546643300009, 21.062253317000057], [107.57097787200007, 21.063767948000077]]], [[[107.53299420700006, 21.066850747000046], [107.53569913100006, 21.067177215000072], [107.53461512500007, 21.06554251800003], [107.53299420700006, 21.066850747000046]]], [[[107.54819967000009, 21.068445222000037], [107.54851769200008, 21.066483550000044], [107.54710582700005, 21.068708898000068], [107.54819967000009, 21.068445222000037]]], [[[107.51655172100004, 21.068427718000066], [107.51628175600007, 21.069806305000043], [107.51796490300006, 21.070523559000037], [107.51655172100004, 21.068427718000066]]], [[[107.52468844800006, 21.07111098000007], [107.52248404900007, 21.072518436000053], [107.52282690600003, 21.073722898000028], [107.52468844800006, 21.07111098000007]]], [[[107.57175823300008, 21.079859810000073], [107.57645677300007, 21.079593609000028], [107.57444835500007, 21.07613987900004], [107.57175823300008, 21.079859810000073]]], [[[107.57690416300005, 21.084891318000075], [107.57809703500004, 21.089429173000042], [107.57985320500006, 21.086581093000063], [107.57690416300005, 21.084891318000075]]], [[[107.51539122200006, 21.08846163800007], [107.51649287700008, 21.086167534000026], [107.51350509300005, 21.08734305400003], [107.51539122200006, 21.08846163800007]]], [[[107.58119080300008, 21.089173036000034], [107.58503703400004, 21.091183492000027], [107.58210499300009, 21.084038960000044], [107.58119080300008, 21.089173036000034]]], [[[107.52805881200004, 21.090199734000066], [107.52603890300009, 21.087791321000054], [107.52673067600006, 21.090586307000024], [107.52805881200004, 21.090199734000066]]], [[[107.54290306500008, 21.086467276000064], [107.56245356700003, 21.081756940000048], [107.53852966400007, 21.064530108000042], [107.53506611800009, 21.095004252000024], [107.55386402000005, 21.11824693500006], [107.55594604100008, 21.113001603000043], [107.57184482300005, 21.110793630000046], [107.57965309800005, 21.121061535000024], [107.57082612500005, 21.08402400600005], [107.54290306500008, 21.086467276000064]]], [[[107.58461364000004, 21.092475198000045], [107.58541863700009, 21.101637673000027], [107.58767710100005, 21.10204199900005], [107.58461364000004, 21.092475198000045]]], [[[107.53728086800004, 21.110402016000023], [107.53950090300003, 21.10578080700003], [107.53774383400008, 21.107104692000064], [107.53728086800004, 21.110402016000023]]], [[[107.52078127200008, 21.111467548000064], [107.51979497500008, 21.110252442000046], [107.51855914700008, 21.110981713000058], [107.52078127200008, 21.111467548000064]]], [[[107.59790497100005, 21.10920400200007], [107.60062467300008, 21.112997579000023], [107.59979085400005, 21.109563766000065], [107.59790497100005, 21.10920400200007]]], [[[107.56929577700004, 21.111619099000052], [107.56807231300007, 21.112631701000055], [107.57130829100004, 21.112356758000033], [107.56929577700004, 21.111619099000052]]], [[[107.61449385900005, 21.113347978000036], [107.61582709700008, 21.112099760000035], [107.61310861400005, 21.11249854600004], [107.61449385900005, 21.113347978000036]]], [[[107.54141177400004, 21.116387899000074], [107.54275404200007, 21.113934768000036], [107.54136400800007, 21.11358488600007], [107.54141177400004, 21.116387899000074]]], [[[107.60714566600006, 21.11817583000004], [107.60850049600003, 21.12143925400005], [107.60573354500008, 21.12569915800003], [107.60956478700007, 21.128130987000077], [107.61140106900007, 21.123815517000025], [107.60714566600006, 21.11817583000004]]], [[[107.57983768400004, 21.139098696000076], [107.56406103100005, 21.11870525300003], [107.55581302900003, 21.12769094400005], [107.57983768400004, 21.139098696000076]]], [[[107.59242991400004, 21.132787244000042], [107.58919798100004, 21.12988168800007], [107.58922341100003, 21.131345182000075], [107.59242991400004, 21.132787244000042]]], [[[107.50772354000009, 21.12330743700005], [107.52407516700003, 21.14443588300003], [107.53865056700005, 21.143804914000043], [107.50772354000009, 21.12330743700005]]], [[[107.64426188700008, 21.138559833000045], [107.65106809300005, 21.142060693000076], [107.64429377400006, 21.132403685000043], [107.64426188700008, 21.138559833000045]]], [[[107.52176851600007, 21.142419302000064], [107.52042704900003, 21.143448169000067], [107.52229518500008, 21.14377085600006], [107.52176851600007, 21.142419302000064]]], [[[107.52259707800005, 21.148975397000072], [107.52141401100005, 21.144935948000068], [107.51916226000009, 21.14720913900004], [107.52259707800005, 21.148975397000072]]], [[[107.52768044900006, 21.145314744000075], [107.52610405500008, 21.146898091000025], [107.52772448200005, 21.148805878000076], [107.52768044900006, 21.145314744000075]]], [[[107.58121191400005, 21.14959792700006], [107.58539812300006, 21.14907227200007], [107.58158692600006, 21.141892014000064], [107.58121191400005, 21.14959792700006]]], [[[107.65728586100005, 21.172769085000027], [107.68260602000004, 21.213316169000052], [107.65626844200006, 21.137913516000026], [107.65728586100005, 21.172769085000027]]], [[[107.62368366000004, 21.177122565000047], [107.62184864300008, 21.179158029000064], [107.62430111500004, 21.180759909000074], [107.62368366000004, 21.177122565000047]]], [[[107.62646205600004, 21.188345679000065], [107.62038146300006, 21.181669431000046], [107.62678435300006, 21.192413645000045], [107.62646205600004, 21.188345679000065]]], [[[107.57749516900009, 21.212827282000035], [107.58853545200009, 21.215850786000033], [107.56688298900008, 21.205889123000077], [107.57749516900009, 21.212827282000035]]], [[[107.58616631900009, 21.231251506000035], [107.60024448700005, 21.231176454000035], [107.57910289000006, 21.223711992000062], [107.58616631900009, 21.231251506000035]]], [[[107.61261028700005, 21.22869183100005], [107.61786323600006, 21.22850990300003], [107.61292063300004, 21.22683809700004], [107.61261028700005, 21.22869183100005]]], [[[107.59895155100008, 21.234187836000046], [107.59794123700004, 21.23548583200005], [107.59965817000005, 21.236147291000066], [107.59895155100008, 21.234187836000046]]], [[[107.58729902100004, 21.237423962000037], [107.59046715100004, 21.239004459000057], [107.59097505300008, 21.235712183000032], [107.58729902100004, 21.237423962000037]]], [[[107.64030007400004, 21.240971401000024], [107.62800252500006, 21.23778259900007], [107.64040761400008, 21.243538923000074], [107.64030007400004, 21.240971401000024]]], [[[107.59910424000009, 21.23828938300005], [107.59158945300004, 21.23732132500004], [107.64267107000006, 21.26071815800003], [107.61528419800004, 21.23370393600004], [107.59910424000009, 21.23828938300005]]], [[[107.54190279500006, 21.255610842000067], [107.54297233400007, 21.253673039000034], [107.53742755900004, 21.256374829000038], [107.54190279500006, 21.255610842000067]]], [[[107.54375252000006, 21.266840654000077], [107.54109704100006, 21.25771780100007], [107.53911257100003, 21.265034643000035], [107.54375252000006, 21.266840654000077]]], [[[107.53179357200008, 21.263402804000066], [107.53407071600009, 21.263802553000062], [107.53357816700009, 21.262553336000053], [107.53179357200008, 21.263402804000066]]], [[[107.58875207000006, 21.261769542000025], [107.54629653700005, 21.265422014000023], [107.56814593800004, 21.277289576000044], [107.58875207000006, 21.261769542000025]]], [[[107.64785582600007, 21.26701046200003], [107.64743573000004, 21.27441493400005], [107.64890136500009, 21.27274790100006], [107.64785582600007, 21.26701046200003]]], [[[107.52607597100007, 21.272814709000045], [107.52662324700009, 21.27467068800007], [107.52738467500006, 21.27367131500006], [107.52607597100007, 21.272814709000045]]], [[[107.53597809800004, 21.274476762000063], [107.53500014000008, 21.275112078000063], [107.53683470400006, 21.275304815000027], [107.53597809800004, 21.274476762000063]]], [[[107.65109036600006, 21.26973004200005], [107.66369830000008, 21.28385455800003], [107.67008355100006, 21.279387806000045], [107.65109036600006, 21.26973004200005]]], [[[107.55078584100005, 21.283304890000068], [107.55190418800004, 21.277992743000027], [107.54964370000005, 21.28085404500007], [107.55078584100005, 21.283304890000068]]], [[[107.53332714100009, 21.284437186000048], [107.53444786700004, 21.281860230000063], [107.52947955200005, 21.28396605300003], [107.53332714100009, 21.284437186000048]]], [[[107.67413316900007, 21.290819714000065], [107.70134087400004, 21.299712256000078], [107.69936484800007, 21.293810312000062], [107.65241728500007, 21.26596960200004], [107.67436757500008, 21.280828258000042], [107.67413316900007, 21.290819714000065]]], [[[107.65015304000008, 21.30194732700005], [107.65063867700007, 21.300678238000046], [107.647998, 21.301552972000025], [107.65015304000008, 21.30194732700005]]], [[[107.66406700100003, 21.304343393000067], [107.66059119900007, 21.307122566000032], [107.66460505700007, 21.305712912000047], [107.66406700100003, 21.304343393000067]]], [[[107.65460209500009, 21.307217232000028], [107.65854185100005, 21.307379378000064], [107.65743283900008, 21.305132745000037], [107.65460209500009, 21.307217232000028]]], [[[107.67074834000005, 21.33285466700005], [107.66995243800005, 21.334280920000026], [107.67103355300009, 21.335116077000066], [107.67074834000005, 21.33285466700005]]], [[[107.67298299600009, 21.341665808000073], [107.67806698100009, 21.346120547000055], [107.67760529200007, 21.342936071000054], [107.67298299600009, 21.341665808000073]]], [[[107.78522805600005, 20.974871147000044], [107.79042618700004, 20.97514364700004], [107.79023276700008, 20.97358028700006], [107.78522805600005, 20.974871147000044]]], [[[107.80349512800007, 20.981404433000023], [107.81177565200005, 20.98339128300006], [107.80554146400004, 20.976978635000023], [107.80349512800007, 20.981404433000023]]], [[[107.76462898800008, 20.99297388800005], [107.78079239100003, 20.97199108700005], [107.73828918100008, 20.943693642000028], [107.76250274500006, 20.972104269000056], [107.73897225800005, 21.017144941000026], [107.78680734100004, 20.98921946200005], [107.76462898800008, 20.99297388800005]]], [[[107.79986645000008, 20.987472058000037], [107.80331666800004, 20.98454532100004], [107.79822462200008, 20.984759473000054], [107.79986645000008, 20.987472058000037]]], [[[107.86282266500007, 21.02377000200005], [107.80474335300005, 20.995472500000062], [107.85459258500003, 21.04560964700005], [107.86282266500007, 21.02377000200005]]], [[[107.79616390800004, 21.034066075000055], [107.79409187600004, 21.03303503500007], [107.79567047600005, 21.03571291800006], [107.79616390800004, 21.034066075000055]]], [[[107.81886690900006, 21.037566592000076], [107.82487370600006, 21.03311889400004], [107.82166841000009, 21.03111837700004], [107.81886690900006, 21.037566592000076]]], [[[107.76459821700007, 21.04407959400004], [107.78321512000008, 21.037712157000044], [107.76209978300005, 21.032515414000045], [107.76459821700007, 21.04407959400004]]], [[[107.75706502400004, 21.050983398000028], [107.75192575800008, 21.04779800600005], [107.75558397700007, 21.053194261000044], [107.75706502400004, 21.050983398000028]]], [[[107.85298547300005, 21.051217714000074], [107.85021418000008, 21.050972110000032], [107.85218218600005, 21.052330962000042], [107.85298547300005, 21.051217714000074]]], [[[107.86636115900006, 21.05470110500005], [107.86348519500007, 21.06058833700007], [107.86578797900006, 21.06115939800003], [107.86636115900006, 21.05470110500005]]], [[[107.76931281800006, 21.06955371300006], [107.77529508400005, 21.069187369000076], [107.77284424000004, 21.066665141000044], [107.76931281800006, 21.06955371300006]]], [[[107.81292253800007, 21.114070310000045], [107.82106029400006, 21.109492227000032], [107.80238628400008, 21.103286593000064], [107.81292253800007, 21.114070310000045]]], [[[107.85884495000005, 21.128816019000055], [107.85537237000005, 21.13402639900005], [107.86147480000005, 21.13160498800005], [107.85884495000005, 21.128816019000055]]], [[[107.79749232800003, 21.13482515900006], [107.80288894500006, 21.128828917000078], [107.79235904500007, 21.129324263000058], [107.79749232800003, 21.13482515900006]]], [[[107.84980517100007, 21.14157963200006], [107.84866105200007, 21.13391486300003], [107.84634616100004, 21.14104733100004], [107.84980517100007, 21.14157963200006]]], [[[107.87134978600005, 21.14412418300003], [107.86451658500005, 21.146148250000067], [107.86257621900006, 21.146888141000034], [107.87134978600005, 21.14412418300003]]], [[[107.84223732700008, 21.146977066000034], [107.84644857300009, 21.149872987000037], [107.84478178200004, 21.145953590000033], [107.84223732700008, 21.146977066000034]]], [[[107.86113603000007, 21.154689976000043], [107.85356376900006, 21.15706777200006], [107.86438904800008, 21.15877813900005], [107.86113603000007, 21.154689976000043]]], [[[107.86826202700007, 21.166249288000074], [107.86717868800008, 21.16058247600006], [107.86040358700006, 21.161349236000035], [107.86826202700007, 21.166249288000074]]], [[[108.00994111400007, 21.19061097200006], [108.01564137300005, 21.196006349000072], [108.02140664800004, 21.191769043000022], [108.00994111400007, 21.19061097200006]]], [[[108.00842527200007, 21.203956447000053], [108.00783055600004, 21.204754966000053], [108.00950886800007, 21.205074559000025], [108.00842527200007, 21.203956447000053]]], [[[108.01315332900003, 21.202415835000068], [108.01085578700008, 21.20535736000005], [108.01560071200004, 21.206259447000036], [108.01315332900003, 21.202415835000068]]], [[[107.68687580000005, 21.220347281000045], [107.69267899100004, 21.233884853000063], [107.69662276500009, 21.23404269300005], [107.68687580000005, 21.220347281000045]]], [[[107.97802140300007, 21.22956339900003], [107.96230846400005, 21.24689956800006], [107.98020309700007, 21.240925807000053], [107.97802140300007, 21.22956339900003]]], [[[107.97866765100008, 21.24305160700004], [107.97757949900006, 21.244219843000053], [107.97859235700008, 21.245027778000065], [107.97866765100008, 21.24305160700004]]], [[[107.67991669900005, 21.25950252100006], [107.67462674100005, 21.26005109500005], [107.67978492900005, 21.260861171000045], [107.67991669900005, 21.25950252100006]]], [[[107.67936672600007, 21.262764961000073], [107.67878496700007, 21.26360571300006], [107.68039998400008, 21.26403872900005], [107.67936672600007, 21.262764961000073]]], [[[107.68091301300007, 21.26446779400004], [107.69186555300007, 21.268045440000037], [107.69608869400008, 21.271345348000068], [107.69238946100006, 21.26591889300005], [107.68091301300007, 21.26446779400004]]], [[[107.70218801900006, 21.276333958000066], [107.70472506200008, 21.277803007000045], [107.70334844200005, 21.27566328100005], [107.70218801900006, 21.276333958000066]]], [[[107.77452550400005, 21.294219804000022], [107.76747245300004, 21.296355591000065], [107.79517999600006, 21.296266372000048], [107.77452550400005, 21.294219804000022]]], [[[107.80599969700006, 21.31583166100006], [107.80320271000005, 21.316584401000057], [107.80595358300008, 21.31701188200003], [107.80599969700006, 21.31583166100006]]], [[[107.82374663600007, 21.353864474000034], [107.74672168200004, 21.30319688000003], [107.70402415200004, 21.301040647000036], [107.82374663600007, 21.353864474000034]]], [[[107.68670679800005, 21.339534592000064], [107.69027010900004, 21.342573774000073], [107.68971902800007, 21.34026893600003], [107.68670679800005, 21.339534592000064]]], [[[107.69021680100008, 21.34463312500003], [107.68993915800007, 21.343361641000058], [107.68837286600007, 21.344186352000065], [107.69021680100008, 21.34463312500003]]], [[[107.72315767900005, 21.34937691600004], [107.72824502000009, 21.350426518000063], [107.72527123400005, 21.345722951000027], [107.72315767900005, 21.34937691600004]]], [[[107.69098472400009, 21.35288250700006], [107.69135478800007, 21.347436448000053], [107.68751593200005, 21.350135564000027], [107.69098472400009, 21.35288250700006]]], [[[107.72525897400004, 21.354969482000058], [107.72788655500005, 21.355321496000045], [107.72698110400006, 21.35392943200003], [107.72525897400004, 21.354969482000058]]], [[[107.70797132400008, 21.35566848900004], [107.70804412500007, 21.357721724000044], [107.70946559300006, 21.358190516000036], [107.70797132400008, 21.35566848900004]]], [[[107.69490885800008, 21.36001243000004], [107.69455918100005, 21.358999905000076], [107.69144569700006, 21.35944819300005], [107.69490885800008, 21.36001243000004]]], [[[107.69814087400005, 21.359584194000035], [107.69701661900007, 21.360177770000064], [107.69784477200005, 21.361492372000043], [107.69814087400005, 21.359584194000035]]], [[[107.75686414400008, 21.37332572300005], [107.74430991200006, 21.362935883000034], [107.74291654300004, 21.369734795000056], [107.75686414400008, 21.37332572300005]]], [[[107.94426235500003, 21.35570782700006], [107.84566225000003, 21.339099585000042], [107.87581261700007, 21.37166230500003], [107.82797593300006, 21.364504886000077], [108.00547399000004, 21.396745201000044], [107.94426235500003, 21.35570782700006]]], [[[107.84742386700009, 21.37481889000003], [107.84775770400006, 21.377794426000037], [107.85062333500008, 21.376612888000068], [107.84742386700009, 21.37481889000003]]], [[[107.76110882400008, 21.388674035000065], [107.76508711900004, 21.381680438000046], [107.76237393800005, 21.383098603000064], [107.76110882400008, 21.388674035000065]]], [[[107.90861604500009, 21.409921346000033], [107.88533301900009, 21.40574539200003], [107.86239501500006, 21.395466121000027], [107.88009820500008, 21.413692792000063], [107.90861604500009, 21.409921346000033]]], [[[107.83432205600008, 21.411140302000035], [107.83257998700009, 21.412097755000048], [107.83514213100005, 21.412518384000066], [107.83432205600008, 21.411140302000035]]], [[[107.89888220700004, 21.41605772400004], [107.90190074600008, 21.416971813000032], [107.90044754700006, 21.414374097000064], [107.89888220700004, 21.41605772400004]]], [[[107.90547609400005, 21.416196568000032], [107.90590775300006, 21.41812165400006], [107.90895044500007, 21.415284926000027], [107.90547609400005, 21.416196568000032]]], [[[107.95832373600007, 21.430883142000027], [107.95624170800005, 21.42770061300007], [107.95621196400003, 21.431359034000025], [107.95832373600007, 21.430883142000027]]], [[[107.95662956000007, 21.438299208000046], [107.95855216400008, 21.440031456000042], [107.95803820100008, 21.433388001000026], [107.95662956000007, 21.438299208000046]]], [[[107.96481490600007, 21.44353402300004], [107.96656618900005, 21.44583734100007], [107.96523369100004, 21.441021312000032], [107.96481490600007, 21.44353402300004]]], [[[108.91279679700006, 24.390138309000065], [108.86064522600009, 24.28928325800007], [108.83434416400007, 24.35636495600005], [108.73600934000007, 24.415529151000044], [108.66301548400008, 24.298585224000078], [108.58790052600006, 24.264329064000037], [108.56398335400007, 24.287574708000022], [108.51148919000008, 24.24755036600004], [108.32610905300004, 24.358369797000023], [108.34862548700005, 24.410619437000037], [108.32077709500004, 24.43141900200004], [108.22003281900004, 24.430376323000075], [108.17824656300007, 24.466494058000023], [108.17543856200007, 24.42708009100005], [108.13877807700004, 24.421776412000042], [108.08678194000004, 24.454343531000063], [108.03102745100006, 24.583127158000025], [108.08618064200004, 24.562320021000062], [108.20617710700009, 24.58941800300005], [108.17212795900008, 24.65215525900004], [108.21505853700006, 24.722492376000048], [108.20475695400006, 24.78129716500007], [108.34989845700005, 24.76750906700005], [108.40894344100008, 24.797359872000072], [108.38872535800004, 24.860369416000026], [108.46801719800004, 24.892167482000048], [108.47749358100003, 25.00705279300007], [108.59948299600006, 25.039582687000063], [108.69111925000004, 25.22486010800003], [108.52980613900007, 25.42486261700003], [108.30411178800006, 25.523221960000058], [108.22701026400006, 25.65306492800005], [108.25514040700006, 25.70845231100003], [108.30945450800004, 25.73404905800004], [108.36414883500004, 25.700664138000036], [108.46011566500005, 25.84899450900008], [108.550332, 25.840447365000045], [108.58947327200008, 25.955866351000054], [108.69622984300008, 26.05921129400008], [108.76731911200005, 25.95955787500003], [108.83591349100004, 25.985262539000075], [108.93259770600008, 25.90506399000003], [109.02036641500007, 26.00266318200005], [109.09359610400008, 25.96446116100003], [109.14427096100007, 25.877989978000073], [109.15801936200006, 25.771728334000045], [109.10337694700007, 25.82311673600003], [108.87800713500008, 25.72041574900004], [108.92244647400008, 25.696934009000074], [109.05050205900005, 25.726086486000042], [109.27184649900005, 25.62288732500008], [109.43423187000008, 25.592401677000055], [109.42844171100006, 25.410084122000058], [109.46564366800004, 25.412689125000043], [109.62936205000005, 25.577263665000032], [109.72782266300004, 25.613918471000034], [109.76304615300006, 25.53624885100004], [109.82542830300008, 25.549102326000025], [109.84291202900005, 25.58903218300003], [109.92164081900006, 25.58546609900003], [109.89520855100005, 25.697977216000027], [110.08739276400007, 25.68980750700007], [110.26907355800006, 25.862091172000078], [110.34016336100007, 25.87879980100007], [110.27439102800008, 25.98223564400007], [110.33250498100006, 26.02450787300006], [110.38778080300006, 26.145967314000075], [110.49579937900006, 26.190364932000023], [110.54339707400004, 26.304484416000037], [110.71403411000006, 26.32996659400004], [110.74733926400006, 26.26449956700003], [110.88883484300004, 26.277403629000048], [110.62525338200004, 25.843547025000078], [110.67144223300005, 25.752725114000043], [110.74039281500006, 25.779505475000065], [110.78405371000008, 25.757877164000035], [110.82201052000005, 25.670944629000076], [110.79983372900006, 25.57128685200007], [110.88755074000005, 25.51534104900003], [110.85521406900006, 25.38944490700004], [110.72409236100009, 25.354900928000063], [110.73973133200008, 25.20344338800004], [110.79660098300008, 25.191615300000024], [110.87169896100005, 25.253109102000053], [110.94620246900007, 25.240656365000063], [111.10144561100009, 25.28418696700004], [111.08908744500008, 25.20646602200003], [110.98988879900008, 25.16971873500006], [110.93341095400007, 25.05721370200007], [110.98980702600005, 24.91393701900006], [111.07365734300004, 24.952819599000065], [111.15834532400004, 24.918643802000076], [111.15604484500005, 24.798159671000064], [110.95390598100005, 24.647826344000066], [111.02658724600008, 24.517904456000053], [110.99491367800005, 24.343315692000033], [110.86308876400005, 24.32551645600006], [110.84484582100004, 24.415260938000074], [110.81476298100006, 24.424923035000063], [110.72147504800006, 24.345863192000024], [110.62273387600004, 24.426967615000024], [110.45353394100005, 24.371287798000026], [110.41841863800005, 24.386652738000066], [110.36213900700005, 24.345698541000047], [110.27661902700004, 24.351290102000064], [110.16371013900005, 24.43451109500006], [110.18712129400006, 24.462924930000042], [110.10215753400007, 24.48374495300004], [110.15107465600005, 24.57256959700004], [110.13160138300009, 24.669276720000028], [110.06043925000006, 24.67317533000005], [110.07808146800005, 24.701893317000042], [110.05214905200006, 24.716822941000032], [109.98747563700005, 24.698151074000066], [109.84029871000007, 24.884194901000058], [109.77479185700008, 24.855920905000062], [109.59844183900009, 24.878634930000032], [109.44261364600004, 24.779685549000078], [109.32833721600008, 24.807821600000068], [109.25447470800009, 24.78579610500003], [109.15375067600007, 24.868668402000026], [109.11485040500008, 24.83296258300004], [108.99905936500005, 24.841308647000062], [108.94709240800006, 24.78488716100003], [108.93192028600004, 24.661239290000026], [108.82682155500004, 24.55991354100007], [108.85446533400005, 24.49016608900007], [109.00838608600009, 24.458797825000033], [108.91279679700006, 24.390138309000065]]]]}}, {"type": "Feature", "properties": {"id": "嶺南", "name": "嶺南", "color": "#c37c7b", "owner": "嶺南", "units": ["儋", "勤", "封", "崖", "广", "康", "循", "恩", "振", "新", "春", "泷", "潘", "潮", "琼", "端", "罗", "雷", "韶", "高"], "label_lon": 113.165, "label_lat": 22.737}, "geometry": {"type": "MultiPolygon", "coordinates": [[[[107.34801168300004, 17.15702002200004], [107.33156484900007, 17.158005118000062], [107.33430598800004, 17.165785956000036], [107.34801168300004, 17.15702002200004]]], [[[109.70620713800008, 18.25450537300003], [109.74581169800007, 18.22092951700006], [109.70572023700004, 18.199035512000023], [109.65859147600008, 18.238180845000045], [109.57501514500007, 18.16324718800007], [109.57706035800004, 18.246003433000055], [109.49044608300005, 18.20012388300006], [109.50494411000005, 18.24632173400005], [109.46807539800005, 18.279822350000074], [109.17193248300003, 18.288830435000023], [109.11182433700009, 18.36607007300006], [109.00408259700004, 18.360858051000037], [108.69845803700008, 18.513913057000025], [108.67773672700008, 18.568016213000078], [108.71300504500005, 18.696260520000067], [108.62199248000007, 18.830699029000073], [108.65433007600006, 18.914711516000068], [108.61721374700005, 19.08085940600006], [108.68079598400004, 19.16626074900006], [108.63440760500004, 19.21976223400003], [108.63893134300008, 19.27974999500003], [108.67735464200007, 19.300069681000025], [108.67067863100004, 19.353292897000074], [108.79218409200007, 19.391789446000075], [109.02614419000008, 19.583194207000076], [109.18098778900008, 19.644050509000067], [109.23877720200005, 19.728815246000067], [109.30866200800006, 19.68941860900003], [109.28373903500005, 19.782556795000062], [109.19704111000004, 19.721788997000033], [109.16438266100005, 19.746619673000055], [109.24909468400006, 19.886745888000064], [109.30581633000008, 19.920975696000028], [109.33390893800004, 19.881135095000047], [109.53715973000004, 19.836377759000072], [109.57020692300006, 19.862793122000028], [109.51389018100008, 19.878189146000068], [109.55443040100005, 19.91773898100007], [109.52473209600004, 19.935221623000075], [109.60139594900005, 19.98904000700003], [109.71750351500003, 20.01134028900003], [109.81338395800009, 19.934483928000077], [109.83300522500008, 19.99058350100006], [109.84018679200005, 19.91596862800003], [109.90922607400006, 19.994708686000024], [110.01364541300006, 19.892496407000067], [110.01153050000005, 19.935423958000058], [110.12953246300009, 19.963795963000052], [110.07897032900007, 19.977650090000054], [110.16635710800006, 20.062779057000057], [110.29711606600006, 20.022874382000055], [110.38666290700007, 20.08261999800004], [110.52784215500009, 20.002306390000058], [110.54784257300008, 19.960288994000052], [110.57835211300005, 19.98543034100004], [110.56689640400003, 19.938792782000064], [110.63066331700009, 19.894795139000053], [110.60600770000008, 20.002172426000072], [110.54979285300004, 20.046120205000022], [110.58986844200007, 20.08336216200007], [110.64710874700006, 20.080438038000068], [110.68441080900004, 20.13349658900006], [110.81376307600004, 19.984728890000042], [110.93673564200009, 19.989742714000045], [111.03391625800003, 19.631542108000076], [110.97976573600005, 19.62720060500004], [110.87301056500007, 19.518407944000046], [110.83436329200003, 19.592429460000062], [110.87232292300007, 19.59038580400005], [110.89245747300004, 19.639816843000062], [110.76890274700008, 19.606714372000056], [110.82844976900009, 19.524220263000075], [110.64032648300008, 19.29851473900004], [110.62508590000004, 19.210575282000036], [110.55791152300009, 19.153599254000028], [110.57392101800008, 19.071162078000043], [110.52104011500006, 18.985992174000046], [110.52008357100004, 18.908211558000062], [110.43717610200008, 18.841725275000044], [110.50971045600005, 18.80697393500003], [110.52102652300005, 18.87821572200005], [110.54737839800003, 18.792857742000024], [110.45981685700008, 18.773259132000078], [110.42695303200009, 18.67572051700006], [110.34795448700004, 18.679468516000043], [110.42221094900009, 18.71512402700006], [110.28026490500008, 18.666280142000062], [110.10039553000007, 18.498838472000045], [110.10159549400004, 18.437800329000027], [110.05376139200007, 18.433890657000063], [110.06802290000007, 18.39166945000005], [110.01467097500006, 18.370813689000045], [109.98918814000007, 18.403592510000067], [110.03774405200005, 18.447924284000067], [109.83179062800008, 18.379339479000066], [109.78107694000005, 18.390314962000048], [109.70620713800008, 18.25450537300003]]], [[[110.47379411900005, 20.560774596000044], [110.51023261000006, 20.451797342000077], [110.41268282300007, 20.312067996000053], [110.26847130800007, 20.23923533800007], [110.24447162700005, 20.277413892000027], [110.16623405800004, 20.23435713200007], [110.03221693500006, 20.283327858000064], [109.97584188500008, 20.276568223000027], [109.93314412600006, 20.223228858000027], [109.91774909400004, 20.24273058700004], [109.92784676300005, 20.309893971000065], [109.85933270900006, 20.402715391000072], [109.96179725900004, 20.39392362700005], [109.98698525700007, 20.33999107300008], [110.03369345600004, 20.371866734000037], [109.97814191800006, 20.38095420700006], [110.01026462700008, 20.46213802400007], [109.93565795000006, 20.445036594000044], [109.91615332300006, 20.502687043000037], [109.91274756000007, 20.43374517600006], [109.87985671000007, 20.483870680000052], [109.82325144300006, 20.49752143300003], [109.80957154300006, 20.532826901000078], [109.84787911000006, 20.536774783000055], [109.83311533500006, 20.592552392000073], [109.81414566400008, 20.56264858800006], [109.73663486300006, 20.664551192000033], [109.85344957700005, 20.70529225200005], [109.77000847500005, 20.69269009100003], [109.72910611000009, 20.764063288000045], [109.75686959500007, 20.778202947000068], [109.69580794600006, 20.838246033000075], [109.70293965100007, 20.790859442000055], [109.65389502200009, 20.90303361800005], [109.70850801600005, 20.996661826000036], [109.67642084700009, 21.12194676200005], [109.70973700300004, 21.17514482100006], [109.73116304100006, 21.14927163300007], [109.75962767000004, 21.21263411600006], [109.75677575600008, 21.332424305000075], [109.90937220200004, 21.34906380800004], [109.92633866200003, 21.425269198000024], [109.91542131000006, 21.467913053000075], [109.82532350800005, 21.48135915100005], [109.79163700900006, 21.455176003000076], [109.78629404600008, 21.522886748000076], [109.73354722100004, 21.581004390000032], [109.74893880100007, 21.470688992000078], [109.72002607700006, 21.45379467300006], [109.65281076000008, 21.50529034300007], [109.69672873100006, 21.653194132000067], [109.75604587700008, 21.69058911600007], [109.82989487600008, 21.66402012100008], [109.88695688200005, 21.683703168000022], [109.92632973900004, 21.837087659000076], [109.97443887400004, 21.902151077000042], [110.35703882400009, 21.937477925000053], [110.31785491700003, 22.208391540000036], [110.42922169400003, 22.20981756200007], [110.48221640800006, 22.175463474000026], [110.56166806100003, 22.224828784000067], [110.62131380900007, 22.194062322000036], [110.65650269200006, 22.295969151000065], [110.74618195400006, 22.279467828000065], [110.75498016100005, 22.207223979000048], [110.87981019600005, 22.196577774000048], [110.95254006900007, 22.214041766000037], [111.03201295500008, 22.281560338000077], [111.07748038400007, 22.243210859000044], [111.29922147800005, 22.30960473700003], [111.34846422000004, 22.264333484000076], [111.40984225000005, 22.275507574000073], [111.63011306100009, 22.448982269000055], [111.66936260300008, 22.519067930000062], [111.56961807100004, 22.549796065000066], [111.49090791900005, 22.49866488400005], [111.45996086400004, 22.53039087800005], [111.42428957200008, 22.451150701000074], [111.35936242600008, 22.53045929500007], [111.27218337500005, 22.515401084000075], [111.28624105900008, 22.598304392000045], [111.12258518600004, 22.64007680000003], [111.08862080700004, 22.74914818700006], [111.16880111000006, 22.75529793000004], [111.25201396700004, 22.808564148000073], [111.35882460100004, 22.929672371000038], [111.35064722500005, 22.977585071000078], [111.18153731100006, 23.10858900200003], [111.17351849800008, 23.143927477000034], [111.13052271500004, 23.13004727400005], [111.10653488700007, 23.15801764300005], [111.12982417100005, 23.32595701300005], [111.18085512600004, 23.379310324000073], [111.16261057400004, 23.41228975300004], [111.07421897900008, 23.461562154000035], [110.96189983000005, 23.462989038000046], [110.90917208300004, 23.527800239000044], [110.86822955200006, 23.49210537600004], [110.84324471500008, 23.548062344000073], [110.86581830500006, 23.57544352000008], [110.84795687300004, 23.60427301200008], [110.94110925900009, 23.682062407000046], [111.00578807100004, 23.842821855000068], [111.13906541000006, 23.95867097300004], [111.17810458300005, 23.974659734000056], [111.25828054400006, 23.89646727300004], [111.37004912800006, 23.91282247600003], [111.37399329400006, 24.07070255600007], [111.45836772300004, 24.12888874400005], [111.46191218800004, 24.202138698000056], [111.49813462500003, 24.21219337200006], [111.56746359800007, 24.155417819000036], [111.53419622200005, 24.028275264000058], [111.62439043000006, 23.97012190600003], [111.64029261700006, 23.852753992000032], [111.79073410300003, 23.839571572000068], [111.81506437500008, 23.933377719000077], [111.94702724500007, 23.993275350000033], [111.92060601700007, 23.800102567000067], [111.86748248400005, 23.71232145600004], [111.94789377500007, 23.650669578000077], [111.97605946100003, 23.497982775000025], [112.01786875700009, 23.49066047100007], [112.141107766, 23.578693286000032], [112.11217547000001, 23.70965172900003], [112.1786225730001, 23.760604372000046], [112.32162871800006, 23.78718116700003], [112.35777758200004, 23.896522705000052], [112.48992847300008, 24.019269864000023], [112.65652276100002, 23.934403133000046], [112.637646141, 23.831834022000066], [112.7476283630001, 23.601678269000047], [112.85457961300006, 23.709233392000044], [112.893036757, 23.829479571000036], [113.12716068100008, 23.798343097000043], [113.2094725751262, 23.874854711249156], [113.10982354400005, 23.88146936000004], [113.03026870200006, 23.96746671300008], [112.9683826810001, 23.98488568700003], [112.97038621500008, 24.074418640000033], [112.87452674400004, 24.080835513000068], [112.86321201200008, 24.12254773500007], [112.80428943200002, 24.15611172800004], [112.8197319410001, 24.281631856000047], [112.74926570600007, 24.327806546000033], [112.86423612500005, 24.411330692000035], [112.82443324600001, 24.459138112000062], [112.844379666, 24.52451880700005], [112.90477070800011, 24.480487932000074], [112.93945907000011, 24.566936557000076], [112.862553552, 24.628105343000072], [112.8676542820001, 24.73953408600005], [112.93077934900009, 24.785830416000067], [112.98025302700012, 24.882306222000068], [112.98147529000005, 24.978034102000038], [113.05310547600004, 25.02220264500005], [113.0348488940001, 25.105360443000052], [113.11662568100007, 25.113428096000064], [113.1310294970001, 25.15336893600005], [113.32572443000004, 25.030033458000048], [113.37994037500005, 25.048657954000078], [113.40548769300005, 25.097875714000054], [113.47502995500008, 25.112164567000036], [113.47412097900008, 25.173930703000053], [113.53787013800002, 25.248195512000052], [113.5206747200001, 25.312897048000025], [113.54325887900006, 25.34579560700007], [113.78001890700011, 25.31808985400005], [113.8868421310001, 25.42590825800005], [113.97318724200011, 25.439285977000054], [114.02767871100002, 25.384124728000074], [114.01609993900001, 25.277319694000028], [114.04785397400008, 25.276402045000054], [114.12364735100005, 25.31378216400003], [114.26524532400003, 25.30046702900006], [114.35859437800002, 25.325435250000055], [114.52378667200003, 25.406467376000023], [114.70314257100006, 25.29406447100007], [114.6682055230001, 25.19350031400006], [114.70342827800005, 25.132884684000032], [114.82092913000008, 25.06676439200004], [114.85521003100007, 25.000093054000047], [114.93868529300005, 25.021209243000044], [114.98058945500009, 24.794039026000064], [114.82442229100002, 24.692937461000042], [114.7983652040001, 24.586027070000057], [114.8372080260001, 24.552575524000076], [114.89856732700002, 24.649593134000042], [115.0216431230001, 24.688258028000064], [115.15532283100003, 24.675824670000054], [115.17467494300001, 24.710253477000037], [115.31634773300004, 24.74062243700007], [115.36066123400008, 24.778497129000073], [115.46044671800007, 24.738219188000073], [115.56528799900002, 24.604631701000073], [115.74063012800002, 24.543589277000024], [115.76706455100009, 24.614639974000056], [115.72389065000004, 24.75109467900006], [115.79583003200003, 24.89583575300003], [115.858491995, 24.865004618000057], [115.89345765300004, 24.925642682000046], [115.96771034400001, 24.907747138000047], [116.02116436100005, 24.854691552000077], [116.17721126900005, 24.84987426400005], [116.24447957400002, 24.798722757000064], [116.32442565200006, 24.84719141900007], [116.35927121800012, 24.946949290000077], [116.32600424100008, 24.99822205600003], [116.26281502600011, 25.00399353000006], [116.26261742200006, 25.031538151000063], [116.27388168700008, 25.12504580800004], [116.35556543500002, 25.172797546000027], [116.2745892590001, 25.236484002000054], [116.27996433800001, 25.313944594000077], [116.331429221, 25.398288362000073], [116.40019632100007, 25.37877369000006], [116.43240976100003, 25.427251242000068], [116.5336641670001, 25.470085521000044], [116.52625011700002, 25.400908187000027], [116.58699354200007, 25.38065885700007], [116.60467158300003, 25.326330718000065], [116.57294364400002, 25.30899690600006], [116.61681062200012, 25.27129403500004], [116.68186866100007, 25.288722585000073], [116.71925956300004, 25.358139831000074], [116.8094723370001, 25.360104998000054], [116.8576743970001, 25.405595090000077], [116.91072527200004, 25.39177942500004], [116.93584897100004, 25.349731332000033], [116.89203215000009, 25.284241716000054], [116.90217837600005, 25.222920816000055], [116.67590423800004, 25.162140261000047], [116.683402666, 25.13387397100007], [116.74395808000008, 25.095011533000047], [116.82979805200011, 25.094407069000056], [116.91675783800008, 25.012861189000034], [116.90102658700005, 24.97826002100004], [116.98131174700006, 24.977751196000042], [117.05459164000001, 24.885765363000075], [117.03668221800001, 24.834548125000026], [117.09103150100009, 24.801562598000032], [117.23365593100004, 24.99480273900008], [117.31586481600004, 25.001643702000024], [117.29200012500007, 24.957507471000042], [117.31383460300003, 24.89782178100006], [117.50402418200008, 24.731616184000075], [117.46306893400003, 24.65795453900006], [117.47619901400003, 24.629323249000038], [117.51387883400002, 24.63168093200005], [117.50377942500006, 24.595053138000026], [117.58488123300003, 24.564189331000023], [117.58681996500002, 24.53107285300007], [117.51930695800002, 24.516083043000037], [117.49423638700011, 24.35158845500007], [117.57056808200002, 24.334957479000025], [117.59729889700009, 24.280287845000032], [117.63614122100012, 24.34457601300005], [117.77157114400006, 24.360323090000065], [117.85403727300002, 24.301079707000042], [117.95237031400006, 24.322032696000065], [118.12053769300007, 24.251584999000045], [117.99686604900012, 24.20691149000004], [117.97515784000007, 24.14945510900003], [117.95832109600008, 24.212378926000042], [117.92256995800005, 24.166037265000057], [117.94695824900009, 24.15880427600007], [117.93588461400009, 24.120869920000075], [117.89935733700008, 24.10129387300003], [117.90695183800005, 24.022403843000063], [117.84989430200005, 24.019913436000024], [117.73652039300009, 23.897683980000068], [117.72843903500006, 23.93420179900005], [117.80641924200006, 24.037662020000027], [117.77433109200001, 24.010364722000077], [117.75668265900003, 24.039228329000025], [117.710997614, 24.029429786000037], [117.65934883000011, 23.763639574000024], [117.60802999700002, 23.71727384600007], [117.58203184100012, 23.728245945000026], [117.6229605630001, 23.781777141000077], [117.6370088970001, 23.885984165000025], [117.42369595900004, 23.94899653400006], [117.43586249600003, 23.912243657000033], [117.52230479900004, 23.870592945000055], [117.45084601000008, 23.781227337000075], [117.42362267200008, 23.78946906500005], [117.4429874440001, 23.742999162000046], [117.50607904800006, 23.76190437300005], [117.5255199390001, 23.730168625000033], [117.47481515200002, 23.716917478000028], [117.47001876800005, 23.653564432000053], [117.42407885700004, 23.650125734000028], [117.42023507400006, 23.585774324000056], [117.32587592200002, 23.58453478000007], [117.413084593, 23.675760612000033], [117.33553133100008, 23.69544117500004], [117.38293104800005, 23.804111196000065], [117.35105456100007, 23.749915773000055], [117.30780783600005, 23.79698027200004], [117.28357885600008, 23.79208109700005], [117.30424530000005, 23.762161407000065], [117.26960926000004, 23.68320332600007], [117.28864163600008, 23.645074227000066], [117.24769998300008, 23.62832174500005], [117.23561796100012, 23.707519835000028], [117.2332112580001, 23.633860393000077], [117.08367822200012, 23.569469450000042], [117.06757953100009, 23.635987727000042], [116.95029152100005, 23.60538825900005], [116.91201223300004, 23.640013666000073], [116.86151370800007, 23.45482080900007], [116.78035204000003, 23.353528725000047], [116.60778817500011, 23.37754373300004], [116.5417708970001, 23.427511799000058], [116.59441241400009, 23.324773307000044], [116.6801944560001, 23.350230918000022], [116.77021880500001, 23.320890827000028], [116.79196026400007, 23.26233230200006], [116.82543620600006, 23.26031920300005], [116.79683789700005, 23.217699484000036], [116.7503092390001, 23.27497889700004], [116.69978037600004, 23.288133806000076], [116.74174165400007, 23.250550704000034], [116.68852129800007, 23.237998746000073], [116.6504716290001, 23.170958711000026], [116.600705188, 23.255146541000045], [116.50457861600012, 23.26623280800004], [116.5297311270001, 23.212148424000077], [116.6074062130001, 23.206729522000046], [116.54360182500011, 23.12174161100006], [116.56032243200002, 23.030210985000053], [116.50875235, 23.010080319000053], [116.47629871200002, 22.950007017000075], [116.33917585100005, 22.930953456000054], [116.28234767100003, 22.983104878000063], [116.28127547200006, 22.949889506000034], [116.10428559900004, 22.82364261500004], [116.08120572900009, 22.848919950000038], [116.1228980620001, 22.904000792000033], [116.0222655450001, 22.933407599000077], [116.07693090600003, 22.892603372000053], [116.03364909400011, 22.876419387000055], [116.05647179400012, 22.84654378700003], [115.95046604400011, 22.833649484000034], [115.8013414940001, 22.753507197000033], [115.79470467700003, 22.826890285000047], [115.65392481600009, 22.877394448000075], [115.73184317300002, 22.933587016000047], [115.52601390400002, 22.85869030400005], [115.55396522700005, 22.90262361400005], [115.5110607900001, 22.89175737100004], [115.53231560600011, 22.82972889100006], [115.60277195300011, 22.85957872800003], [115.50688532700008, 22.758847693000064], [115.54718452100008, 22.722687175000033], [115.5515145810001, 22.748368377000077], [115.59277082500012, 22.74820535200007], [115.55274458200006, 22.698374838000063], [115.55352133100007, 22.64006722700003], [115.465279957, 22.697042594000038], [115.3867093, 22.67764670100007], [115.3323839200001, 22.70885456800005], [115.3453470500001, 22.750783624000064], [115.42118978400003, 22.754618314000027], [115.39078979300007, 22.77454152400003], [115.2172878770001, 22.782558575000053], [115.30423649500005, 22.868231923000053], [115.23297346200002, 22.820665292000058], [115.17006822300004, 22.820738283000026], [115.16383542500012, 22.77480076300003], [115.00471054200011, 22.81601954300004], [115.01233218100003, 22.709387169000024], [114.97040546200003, 22.69456100900004], [114.9371252090001, 22.758850230000064], [114.85462032100008, 22.75864890200006], [114.87567978600009, 22.705072311000038], [114.89787878000004, 22.717999422000048], [114.95224670000005, 22.663904828000057], [114.89796932600007, 22.615364741000064], [114.88098079600002, 22.54579055800008], [114.86008790900007, 22.602167791000056], [114.7481581940001, 22.57722816000006], [114.72457832000009, 22.59761215700007], [114.72260665400006, 22.728054808000024], [114.80163272900006, 22.781189333000043], [114.76005320900003, 22.817095839000046], [114.74523932800003, 22.772422883000047], [114.50027805900004, 22.740568384000028], [114.54533847300002, 22.69260202600003], [114.47758735500008, 22.64530725700007], [114.55305199500003, 22.64422769600003], [114.56467849100011, 22.61788378800003], [114.47956921200011, 22.553688348000037], [114.52685056300004, 22.55925792000005], [114.58770132200004, 22.493972605000067], [114.52059552800006, 22.481804424000075], [114.48656835500003, 22.441494584000054], [114.45621112200001, 22.557362279000074], [114.39188713600004, 22.589393107000035], [114.27377057600006, 22.577132474000052], [114.20036475400002, 22.529850182000075], [114.3157816050001, 22.501601717000028], [114.16690591100007, 22.45057907100005], [114.19617108600005, 22.39864895100004], [114.31657324500009, 22.472897096000054], [114.33799689600005, 22.422147262000067], [114.36281502000008, 22.454525971000066], [114.38647841700003, 22.435137826000073], [114.36517452400005, 22.369315542000038], [114.25960956000006, 22.370446154000035], [114.29272322200006, 22.318329660000074], [114.28271887000005, 22.24001640800003], [114.248588186, 22.31439549600003], [114.23467300400011, 22.284357143000022], [114.1496181770001, 22.30777280500007], [114.09455013800005, 22.375413045000073], [113.90730162600005, 22.36235550300006], [113.89517141300007, 22.40531641700005], [114.03076633900002, 22.499727551000035], [113.92875695500004, 22.521669649000046], [113.86968676300012, 22.485701446000064], [113.89563643200006, 22.526463801000034], [113.7758092680001, 22.656994798000028], [113.759003828, 22.73792349000007], [113.61733209600004, 22.786641432000067], [113.51881970900001, 23.050862837000068], [113.465975565, 23.060237979000078], [113.49479908100011, 23.008182418000047], [113.49252613700003, 22.906701260000034], [113.46765046700011, 22.897261412000034], [113.59801634200005, 22.737336079000045], [113.4740374800001, 22.78902508400006], [113.60131687600006, 22.629117458000053], [113.31872025100006, 22.81647915600007], [113.27832076000004, 22.778783298000064], [113.33743627800004, 22.785485777000076], [113.38598751500001, 22.736099112000034], [113.46976848000008, 22.71616307900007], [113.56096147000005, 22.594275711000023], [113.54803133700011, 22.377349406000064], [113.6119152220001, 22.357853202000058], [113.56958791900001, 22.288806398000077], [113.59192447500004, 22.22519863800005], [113.53314416600006, 22.160109899000076], [113.54109216900008, 22.18439462300006], [113.43951891100005, 22.15841263300007], [113.31935054000007, 22.34781263900004], [113.2580160980001, 22.38926235400004], [113.24816072700003, 22.285911102000057], [113.30137775900005, 22.170626066000068], [113.25150668100002, 22.09976832700005], [113.25885411800004, 22.050489605000053], [113.138054968, 22.05091154300004], [113.113975288, 22.095981233000032], [113.13544303900005, 22.20188947400004], [113.18487895300007, 22.258908211000062], [113.18290079600001, 22.36073637800007], [113.15224830500006, 22.244030096000074], [113.08314472900008, 22.216185078000024], [113.07306166700005, 22.419053993000034], [113.03152839200004, 22.43858586300007], [113.06879038800002, 22.226730475000068], [112.99697190600011, 22.09428981600007], [113.02683814400007, 21.935174510000024], [112.92457282600003, 21.85520444200006], [112.87889572600011, 21.855363555000054], [112.82979453700011, 21.95471570500007], [112.76224715800004, 21.937719854000022], [112.73077918100012, 21.881904363000046], [112.64815558400005, 21.840142640000067], [112.647661018, 21.775274765000063], [112.56448254700001, 21.746425722000026], [112.43002931500007, 21.81954004200003], [112.4178929200001, 21.892044892000058], [112.50781977000008, 21.959770784000057], [112.49263827000004, 21.978596174000074], [112.470487552, 21.942906607000054], [112.40212286100007, 21.930326527000034], [112.40254569100011, 22.04793730700004], [112.36056068500011, 21.99316305900004], [112.40158852900004, 21.806182086000035], [112.39029522600003, 21.726676688000055], [112.22945966800012, 21.68972013700005], [112.17627501900006, 21.755518540000025], [112.21278117800011, 21.842014160000076], [112.18970339100008, 21.800706562000073], [112.03004122100003, 21.779188584000053], [112.00449954100009, 21.822206163000033], [111.92023841300005, 21.840125429000068], [111.95908122300006, 21.77469547100003], [112.01229336800009, 21.762775043000033], [111.93128570300007, 21.734313533000034], [111.93299279800004, 21.654562052000074], [112.00651392400005, 21.642345368000065], [111.87067445600007, 21.570126755000047], [111.80461773600007, 21.55803723300005], [111.85682761800007, 21.61854487900007], [111.83778746800004, 21.642912500000023], [111.89686443500005, 21.63745944300007], [111.90506479100009, 21.66794021100003], [111.84499711400008, 21.67341247300004], [111.83470889000006, 21.769956464000074], [111.77462427400008, 21.779091621000077], [111.67630540800008, 21.760852809000028], [111.76007321700007, 21.706982641000025], [111.76701434300008, 21.645701546000055], [111.72905438200007, 21.634129229000052], [111.76755603900006, 21.612314596000033], [111.67032887500005, 21.589407006000044], [111.64039916200005, 21.51741254600006], [111.57814789100007, 21.57933826900006], [111.59691206500008, 21.52625960000006], [111.44569607100004, 21.51300759800006], [111.47896612500006, 21.54792487000003], [111.43293811800004, 21.595681166000077], [111.39781903100004, 21.570972718000064], [111.42550199200008, 21.528046395000047], [111.36096084400003, 21.565745020000065], [111.30995235500006, 21.493837339000038], [111.35284853900004, 21.525933403000067], [111.37884225600004, 21.509928870000067], [111.23770852600006, 21.414629768000054], [111.27698150200007, 21.486690716000055], [111.21627304400005, 21.525201928000058], [111.14068814200004, 21.51740026300007], [111.21112597000007, 21.483498159000078], [111.07836296900007, 21.461215923000054], [111.11435008100005, 21.487890415000038], [111.01587533800006, 21.539512115000036], [110.96053222900008, 21.511982232000037], [110.97376224700008, 21.44604548600006], [111.06195317900006, 21.466884781000033], [110.86513879700004, 21.379742346000057], [110.78589171500005, 21.39675018300005], [110.67068554800005, 21.326540942000065], [110.64352588700007, 21.26068495000004], [110.61369353500004, 21.353576367000073], [110.62610460900004, 21.22914916700006], [110.56423248300007, 21.09827847300005], [110.53145865300007, 21.092740298000024], [110.50927067600009, 21.15128811900007], [110.44946630100009, 21.162461218000033], [110.57297598500008, 21.191159731000027], [110.58942145900005, 21.223640312000043], [110.56239000600004, 21.24225046600003], [110.43015287100008, 21.18475664700003], [110.41172412600008, 21.271115145000067], [110.47644625300006, 21.27110789900007], [110.45131911800007, 21.291542950000064], [110.48030183700007, 21.32123802700005], [110.46675590100006, 21.34630827500007], [110.42425086600008, 21.307324744000027], [110.44158142400005, 21.402927507000072], [110.40098184800007, 21.37972207200005], [110.34868088100006, 21.429806995000035], [110.39717112300008, 21.331455211000048], [110.34694488000008, 21.31193447100003], [110.40986873300005, 21.196827037000048], [110.37328923900009, 21.13179174100003], [110.31450836000005, 21.104803109000045], [110.34927272000004, 21.07417447100005], [110.40130863300004, 21.08628185300006], [110.43218941400005, 21.04911866300006], [110.52470114000005, 21.055579977000036], [110.52276176300006, 20.91522685900003], [110.42164705300007, 20.989637109000057], [110.25419637300007, 20.943937197000025], [110.34255054100004, 21.05930214800003], [110.29629488500007, 21.05553476500006], [110.29040549600006, 21.101986081000064], [110.21829878500006, 21.035889075000057], [110.18149578400005, 21.091557676000036], [110.17125709600003, 20.98466267300006], [110.10179587200008, 21.015135377000036], [110.16365769700008, 20.954898196000045], [110.16120386500006, 20.838661456000068], [110.36219279500006, 20.819462646000034], [110.37485831400005, 20.703179702000057], [110.35759204600004, 20.68176767400007], [110.33450979900005, 20.713387139000076], [110.34209221700007, 20.763634101000036], [110.31416020600005, 20.80174553300003], [110.32010925800006, 20.707788796000045], [110.28183243100005, 20.653764697000042], [110.32787949300007, 20.66405863400007], [110.31738506200008, 20.632401639000022], [110.37779072000006, 20.656650697000032], [110.42681812200004, 20.565438003000054], [110.47379411900005, 20.560774596000044]]], [[[113.58217670700003, 22.099633208000057], [113.56738910600006, 22.12584856600006], [113.60035473200003, 22.118916451000075], [113.58217670700003, 22.099633208000057]]], [[[113.56652941800007, 22.13644643200007], [113.54496257700009, 22.156573415000025], [113.57854800300004, 22.143417788000022], [113.56652941800007, 22.13644643200007]]], [[[113.59462601300004, 22.147686859000032], [113.59275623400003, 22.14660780400004], [113.59278625700006, 22.14804391900003], [113.59462601300004, 22.147686859000032]]], [[[114.11541291600008, 22.165575476000072], [114.10275274800006, 22.216955231000043], [114.11302582300004, 22.230480356000044], [114.14529052500006, 22.20015459800004], [114.11541291600008, 22.165575476000072]]], [[[114.1637076720001, 22.20275177900004], [114.11077179100005, 22.27315106700007], [114.23382569500006, 22.272441034000053], [114.24261340600003, 22.208738134000043], [114.1637076720001, 22.20275177900004]]], [[[114.03935169700003, 22.32285375600003], [113.98714206500006, 22.20614785600003], [113.83150199600004, 22.193754839000064], [113.87131088400008, 22.27021609700006], [114.03935169700003, 22.32285375600003]]], [[[117.16500803600002, 23.469755510000027], [117.11890143000005, 23.407118559000025], [116.94057210300002, 23.426965782000025], [117.05740077300004, 23.489464394000038], [117.1200219540001, 23.491991153000072], [117.16500803600002, 23.469755510000027]]]]}}, {"type": "Feature", "properties": {"id": "容管", "name": "容管", "color": "#c6c17c", "owner": "容管", "units": ["义", "党", "容", "平琴", "廉", "汤", "牢", "白", "禺", "窦", "绣", "藤", "顺"], "label_lon": 109.059, "label_lat": 22.821}, "geometry": {"type": "MultiPolygon", "coordinates": [[[[109.23294590000006, 21.477229802000068], [109.14216769200004, 21.39447116200006], [109.03406861900004, 21.442289150000022], [109.15127836400006, 21.502252903000056], [109.14477896700004, 21.566286950000062], [109.02286075300009, 21.60359981000005], [108.93483890800007, 21.59217689600007], [108.85835781200007, 21.67406340100007], [108.86685153200006, 21.714540879000026], [109.06498631100004, 21.90462324400005], [109.14422368600009, 21.844683863000057], [109.24141255400008, 21.88952069100003], [109.27539860000007, 22.074482103000037], [109.24894539600007, 22.12726637800006], [109.30084906500008, 22.14526789400003], [109.35207721400008, 22.25501016000004], [109.42990483900007, 22.308378160000075], [109.46467264200004, 22.481183214000055], [109.55556509600007, 22.55956280600003], [109.55291498200006, 22.587694620000036], [109.50552646800008, 22.59484968000004], [109.49947451200006, 22.661538731000064], [109.59223407800005, 22.707093522000037], [109.65099667300007, 22.67520093400003], [109.73342939500009, 22.73820044200005], [109.73947393200007, 22.830994357000066], [109.82518477800005, 22.906659140000045], [109.83794707400006, 23.00632215400003], [109.88199605500006, 23.049795881000023], [110.10450917300005, 22.90834872000005], [110.26826342100009, 22.885883980000074], [110.25109938100007, 22.95419105600007], [110.28441119000007, 23.01232226700006], [110.54635626100008, 23.13011358500006], [110.54155747000004, 23.219428206000032], [110.63276498800008, 23.287142999000025], [110.63424213900004, 23.32071402200006], [110.55198570300007, 23.368277152000076], [110.61896074600008, 23.511354063000056], [110.54034731500008, 23.758636177000028], [110.55498419900005, 23.824445828000023], [110.53065360200009, 23.851764755000033], [110.47131194600007, 23.837912218000042], [110.35818456300007, 23.916537512000048], [110.37834876000005, 24.053878359000066], [110.31172191700006, 24.085984604000032], [110.27681854800005, 24.012220187000025], [110.28778512900004, 23.918724820000023], [110.23339357300006, 23.92653529100005], [110.09420047100008, 23.87326096000004], [109.89777648600005, 23.727324219000025], [109.91649562100008, 23.690075642000068], [109.86103240200003, 23.48884314000003], [109.68685739900008, 23.455616968000072], [109.55227495900004, 23.35127796000006], [109.50720850000005, 23.34759027000007], [109.44412782400008, 23.40518250300005], [109.42759638400008, 23.441529916000036], [109.46946364100006, 23.56798517200008], [109.55341472100008, 23.59384391900005], [109.57896816200008, 23.762490566000054], [109.48281464300004, 23.818719568000063], [109.41210706800007, 23.93573224900007], [109.60364380400006, 24.13445315000007], [109.70999434600009, 24.138278532000072], [109.73646597800007, 24.173401742000067], [109.73628927700008, 24.222474528000077], [109.62973618700005, 24.24321095700003], [109.57678593800006, 24.18694526200005], [109.46327797900005, 24.23269417000006], [109.52245520700006, 24.379468390000056], [109.51906618200007, 24.482615846000044], [109.56862501600006, 24.523669711000025], [109.53663200200003, 24.54287499800006], [109.58042892500004, 24.600687937000032], [109.54379565400006, 24.664494001000037], [109.48172824300008, 24.64556598300004], [109.45691082500008, 24.670763647000058], [109.51245352200004, 24.769002791000048], [109.51464206400004, 24.842117485000074], [109.59844183900009, 24.878634930000032], [109.77479185700008, 24.855920905000062], [109.84029871000007, 24.884194901000058], [109.98747563700005, 24.698151074000066], [110.05214905200006, 24.716822941000032], [110.07808146800005, 24.701893317000042], [110.06043925000006, 24.67317533000005], [110.13160138300009, 24.669276720000028], [110.15107465600005, 24.57256959700004], [110.10215753400007, 24.48374495300004], [110.18712129400006, 24.462924930000042], [110.16371013900005, 24.43451109500006], [110.27661902700004, 24.351290102000064], [110.36213900700005, 24.345698541000047], [110.41841863800005, 24.386652738000066], [110.45353394100005, 24.371287798000026], [110.62273387600004, 24.426967615000024], [110.72147504800006, 24.345863192000024], [110.78546193000005, 24.41064654300004], [110.84484582100004, 24.415260938000074], [110.86308876400005, 24.32551645600006], [110.91337194600004, 24.348990324000056], [110.95142565400005, 24.32445235000006], [111.00781172700005, 24.380008566000072], [111.09691060200004, 24.363820144000044], [111.17229400300005, 24.390039064000064], [111.28063200800005, 24.34815829400003], [111.25836074900008, 24.23643465200007], [111.29397944800007, 24.189604350000025], [111.24340959200003, 24.069997115000035], [111.17810458300005, 23.974659734000056], [111.00578807100004, 23.842821855000068], [110.94110925900009, 23.682062407000046], [110.84795687300004, 23.60427301200008], [110.86581830500006, 23.57544352000008], [110.84324471500008, 23.548062344000073], [110.86822955200006, 23.49210537600004], [110.90917208300004, 23.527800239000044], [110.96189983000005, 23.462989038000046], [111.07421897900008, 23.461562154000035], [111.16261057400004, 23.41228975300004], [111.18085512600004, 23.379310324000073], [111.12982417100005, 23.32595701300005], [111.10653488700007, 23.15801764300005], [111.13052271500004, 23.13004727400005], [111.17351849800008, 23.143927477000034], [111.18153731100006, 23.10858900200003], [111.35064722500005, 22.977585071000078], [111.35882460100004, 22.929672371000038], [111.25201396700004, 22.808564148000073], [111.16880111000006, 22.75529793000004], [111.08862080700004, 22.74914818700006], [111.12258518600004, 22.64007680000003], [111.28624105900008, 22.598304392000045], [111.27218337500005, 22.515401084000075], [111.35936242600008, 22.53045929500007], [111.42428957200008, 22.451150701000074], [111.45996086400004, 22.53039087800005], [111.49090791900005, 22.49866488400005], [111.56961807100004, 22.549796065000066], [111.66936260300008, 22.519067930000062], [111.63011306100009, 22.448982269000055], [111.40984225000005, 22.275507574000073], [111.34846422000004, 22.264333484000076], [111.29922147800005, 22.30960473700003], [111.07748038400007, 22.243210859000044], [111.03201295500008, 22.281560338000077], [110.95254006900007, 22.214041766000037], [110.87981019600005, 22.196577774000048], [110.75498016100005, 22.207223979000048], [110.74618195400006, 22.279467828000065], [110.65650269200006, 22.295969151000065], [110.62131380900007, 22.194062322000036], [110.56166806100003, 22.224828784000067], [110.48221640800006, 22.175463474000026], [110.42922169400003, 22.20981756200007], [110.31785491700003, 22.208391540000036], [110.35703882400009, 21.937477925000053], [109.97443887400004, 21.902151077000042], [109.92632973900004, 21.837087659000076], [109.90491105600006, 21.70026643600005], [109.82989487600008, 21.66402012100008], [109.75604587700008, 21.69058911600007], [109.61841623000004, 21.559776138000075], [109.59628356600007, 21.646797522000043], [109.55229559100007, 21.682608335000054], [109.60510330600005, 21.739593034000052], [109.57803946800004, 21.729181880000056], [109.57350496500004, 21.762428570000054], [109.49490514700005, 21.69695461300006], [109.51942523600007, 21.671204129000046], [109.45752227800006, 21.654887445000043], [109.54038708600007, 21.61109708600003], [109.55304648800006, 21.509150614000077], [109.50697511400006, 21.46885472100007], [109.45940049000006, 21.48234633800007], [109.35446277100004, 21.433992681000063], [109.31926444400005, 21.463328989000047], [109.24804005600004, 21.432849522000026], [109.23294590000006, 21.477229802000068]]], [[[106.62341040800004, 21.73879835400004], [106.48785976400006, 21.759828923000043], [106.45228868300006, 21.740032923000058], [106.45446696900007, 21.689572380000072], [106.40898610000005, 21.695950587000027], [106.38940113600006, 21.717764530000068], [106.41842729700005, 21.86601463200003], [106.38996907700005, 21.92695800100006], [106.31636751500008, 21.963366973000063], [106.27774032600007, 21.929424891000053], [106.18045333400005, 21.944030344000055], [106.17443656600005, 21.908855850000066], [106.09861330500007, 21.937575824000078], [106.10025079100006, 22.071585666000033], [106.15709653200008, 22.081526987000075], [106.23315561000004, 22.176507754000056], [106.24455887600004, 22.268253555000058], [106.19966232000007, 22.312733991000073], [106.21814344600006, 22.35604868300004], [106.17766929400005, 22.386554020000062], [106.10608232100009, 22.31572817400007], [105.90800351900003, 22.292316408000033], [105.85191892500006, 22.363839133000056], [105.90632506500003, 22.490877349000073], [105.76925095900003, 22.55451200500005], [105.72917381200006, 22.635399629000062], [105.77916849300004, 22.69072686100003], [105.75144625500008, 22.736506976000044], [105.80922785200005, 22.73441557800004], [105.85070395100007, 22.800617372000033], [105.98748996600006, 22.68131661500007], [106.06280312200005, 22.761488288000066], [106.03149883200007, 22.823120607000078], [106.05449510500006, 22.858881964000034], [106.20295657600008, 22.789170993000027], [106.21384003400004, 22.857686478000062], [106.26514950100005, 22.911736185000052], [106.28412909600007, 22.868672606000075], [106.35299017600005, 22.85518766100006], [106.37305702900005, 22.884358348000035], [106.50082849400007, 22.90559760700006], [106.52571053000008, 22.94720614700003], [106.56733496100009, 22.91835885100005], [106.59893843100008, 22.932427843000028], [106.65839917700004, 22.86897024700005], [106.67821641100005, 22.942800214000044], [106.80043839700005, 23.110066595000035], [106.83120511900006, 23.106622693000077], [106.88293728100007, 23.02000061900003], [106.84503828400005, 22.888703811000028], [106.88891927100008, 22.85529795900004], [107.10450017800008, 22.913298102000056], [107.14446497600005, 22.99277286100005], [107.24562947900006, 23.012630901000023], [107.32068818700009, 23.091237869000054], [107.47804573900004, 23.03374818700007], [107.46802304400006, 22.88886141100005], [107.49381830100003, 22.874920431000078], [107.64216895400006, 22.929946791000077], [107.67201260000007, 22.91203303700007], [107.69574137000006, 22.68705234400005], [107.66886020500004, 22.577753870000038], [107.52484977100005, 22.462781], [107.63551907100003, 22.379387946000065], [107.53756642200005, 22.25204109300006], [107.54960609300008, 22.204826867000065], [107.61009330400009, 22.202724570000044], [107.64242761500009, 22.053770631000077], [107.53598153400009, 21.899909406000063], [107.54592124400006, 21.726491877000058], [107.52346118500009, 21.695902361000037], [107.40326605300004, 21.59261766900005], [107.36994287400006, 21.603712974000075], [107.37386462200004, 21.661338081000054], [107.32299451100005, 21.731259914000077], [107.31144690340543, 21.729808880555723], [107.36020189100009, 21.663555082000073], [107.36225584100004, 21.59912748200003], [107.20433584100005, 21.54209928100005], [107.24638737500004, 21.48236909600007], [107.25268996800008, 21.366429037000046], [107.21655699000007, 21.38900354900005], [107.16815700100005, 21.36323410600005], [107.10201186300009, 21.376882860000023], [107.03241041500007, 21.325250581000034], [106.98750093700005, 21.35951532300004], [106.98603545100008, 21.439898269000025], [106.89654553500009, 21.443013663000045], [106.89021364100006, 21.489150567000024], [106.83907866100009, 21.50646286700004], [106.86501185800006, 21.528222904000074], [106.84388728900007, 21.55950312500005], [106.77109070700004, 21.571805479000034], [106.75239388700004, 21.651556431000074], [106.82817425700006, 21.75363143000004], [106.81818106500003, 21.79752667400004], [106.62341040800004, 21.73879835400004]], [[106.71134853300003, 22.86839217200003], [106.76744348100004, 22.810023174000037], [106.79806465020694, 22.815864272480017], [106.71134853300003, 22.86839217200003]], [[106.63070603000006, 22.604118237000023], [106.56016360300003, 22.446635996000055], [106.58238134000004, 22.339334182000073], [106.61580101500005, 22.37593650900004], [106.57915368300007, 22.456954965000023], [106.61758084000007, 22.568406261000064], [106.72992724600005, 22.55203776700006], [106.71812574348223, 22.581752245042736], [106.65508423000006, 22.57454467100007], [106.63070603000006, 22.604118237000023]], [[106.65844206053858, 22.325115990048083], [106.68665667353899, 22.283722887851866], [106.68233390100005, 22.302428296000073], [106.65844206053858, 22.325115990048083]], [[106.6902379719464, 22.272863356911124], [106.69240133200009, 22.243122981000056], [106.70293068544761, 22.22421544326701], [106.6902379719464, 22.272863356911124]], [[106.7022201929615, 22.22064508494797], [106.67006318800009, 22.186416506000057], [106.70648118400004, 22.15925817300007], [106.70834862500004, 22.026261848000047], [106.68333391700008, 21.996118290000027], [106.70391986600004, 21.967799119000063], [106.72565380400005, 22.076174913000045], [106.7022201929615, 22.22064508494797]], [[106.78966842300008, 22.009850993000043], [106.81221844600009, 21.97347762100003], [106.91318282550331, 21.975705251271567], [106.78966842300008, 22.009850993000043]], [[107.24055777500007, 21.704663390000064], [107.24883915369956, 21.706680670321656], [107.23188069201092, 21.707442774491682], [107.24055777500007, 21.704663390000064]], [[107.05684362100004, 21.86769288800008], [107.06129575686687, 21.928671814337914], [107.02757597600004, 21.859158974000025], [107.05684362100004, 21.86769288800008]], [[107.02139177200007, 21.827607338000064], [107.08511527200005, 21.809466610000072], [107.09101286500004, 21.799673168000027], [107.13065636314906, 21.775568468090253], [107.10081211100004, 21.807911472000058], [107.02139177200007, 21.827607338000064]], [[107.13991368300009, 21.762718149000023], [107.15365504825623, 21.758672737939172], [107.13531376972887, 21.772146955755538], [107.13991368300009, 21.762718149000023]], [[107.16247871784536, 21.752190526472493], [107.16368324000007, 21.74990447700003], [107.16578533455483, 21.74976135700581], [107.16247871784536, 21.752190526472493]], [[107.03959751900004, 21.93048627400003], [107.05436827448892, 21.930411384013762], [107.03680411064116, 21.933656951828965], [107.03959751900004, 21.93048627400003]], [[106.97169613500006, 21.93444104200006], [106.97967675200005, 21.927087710000023], [106.98426042428935, 21.935215706172528], [106.97169613500006, 21.93444104200006]], [[106.92851198500006, 21.944133676000035], [106.9235796582552, 21.962723038006356], [106.93541254666053, 21.93054698217772], [106.92851198500006, 21.944133676000035]], [[106.92168748300008, 21.96985442500005], [106.9194207308688, 21.971413849694788], [106.92344426556384, 21.96323331720781], [106.92168748300008, 21.96985442500005]], [[106.77410050688458, 22.701425254473254], [106.75898660300004, 22.67279318800007], [106.7292876347737, 22.614454510108327], [106.77410050688458, 22.701425254473254]], [[106.82349918700004, 22.781941490000065], [106.76664334900005, 22.740322837000065], [106.77052118600005, 22.713832393000075], [106.81075287900006, 22.73784799400005], [106.82349918700004, 22.781941490000065]]]]}}, {"type": "Feature", "properties": {"id": "安南", "name": "安南", "color": "#007974", "owner": "安南", "units": ["交", "峰", "演", "爱", "芝", "长", "陆", "驩"], "label_lon": 105.236, "label_lat": 21.04}, "geometry": {"type": "MultiPolygon", "coordinates": [[[[106.22896762100004, 18.22326128800006], [106.36349087800005, 18.108460998000055], [106.43513704300005, 18.122283981000066], [106.43822082500009, 18.05172344400006], [106.51563658900005, 17.941479447000063], [106.44706251300005, 17.859959185000037], [106.45841867300004, 17.773745504000033], [106.64579464700006, 17.462424158000033], [106.80059213700008, 17.309109569000043], [107.11680037300005, 17.085002273000043], [107.11201333500009, 17.015421495000055], [107.19317036400008, 16.905105503000073], [107.13020713100008, 16.859032351000053], [107.14797225200005, 16.803754061000063], [107.011057, 16.750806801000067], [106.98396342300003, 16.689556684000024], [106.91527958700004, 16.686832115000072], [106.78769776100006, 16.833428303000062], [106.71307663200008, 16.77611229000007], [106.79587611100004, 16.731410347000065], [106.76835694000005, 16.618461969000066], [106.81889538900003, 16.60330894200007], [106.83077452900005, 16.54875124700004], [106.80217699000008, 16.463546870000073], [106.77107876400004, 16.467816370000037], [106.74028150100008, 16.41082449000004], [106.66085485800005, 16.472930175000045], [106.66732896000008, 16.584131764000063], [106.58573756400006, 16.601207670000065], [106.56604760900007, 16.639629785000068], [106.55132543700006, 16.865156915000057], [106.51429532100008, 16.89588518000005], [106.54752255400007, 16.925768895000033], [106.54932251900004, 17.005153304000032], [106.51530847600009, 16.97151612500005], [106.43980459600004, 16.99492553400006], [106.40206802700004, 17.053230539000026], [106.41600735300005, 17.078680089000045], [106.30425056400009, 17.208018727000024], [106.33422105300008, 17.23397484700007], [106.30748879400005, 17.239154883000026], [106.30380039900007, 17.295246834000068], [106.24972823600007, 17.243756654000038], [106.14586787900004, 17.309095503000037], [105.86183444100004, 17.62734493800002], [105.75071697900006, 17.66850160900003], [105.73009622500007, 17.74460938800007], [105.67566789400007, 17.795361365000076], [105.68339810700007, 17.833366802000057], [105.60792432900007, 17.877006652000034], [105.64346931300008, 17.992529473000047], [105.58110453200004, 18.01421543200007], [105.57108839000006, 18.08400822300007], [105.50576866100005, 18.12445219500006], [105.49111400800007, 18.202920388000052], [105.36793406000004, 18.160901611000043], [105.31990628100004, 18.20038109500007], [105.32860894400005, 18.264610998000023], [105.29990797900007, 18.23623247300003], [105.18434076600005, 18.324791056000038], [105.18461883400005, 18.386287168000024], [105.10346925300007, 18.447354003000044], [105.13496522600008, 18.59178537400004], [105.19196032900004, 18.60637878500006], [105.19817996500007, 18.640330843000072], [105.13389861800005, 18.716704595000067], [105.05183541800005, 18.708739682000044], [105.02299163800006, 18.749089474000073], [104.94220252100007, 18.738404691000028], [104.91267882800008, 18.786737217000052], [104.73992598900008, 18.800391180000076], [104.58116499300007, 18.900852761000067], [104.49706157500003, 19.00336806000007], [104.44548630200006, 18.98396451700006], [104.39633280900006, 19.056203726000035], [104.28826410600004, 19.118311558000073], [104.21459125900009, 19.121477465000055], [104.22281398100006, 19.15671634200004], [104.17919091600004, 19.19767009700007], [104.06920521300003, 19.248017], [103.99955693200008, 19.23252530600007], [103.87281968300005, 19.310009553000043], [103.97537841000008, 19.398699228000055], [104.06970969500009, 19.416312686000026], [104.06297654200006, 19.453655371000025], [104.11965678600006, 19.501496415000076], [104.05831981300008, 19.620130365000023], [104.06844529500006, 19.682682750000026], [104.13093764300004, 19.660932501000048], [104.15789876100007, 19.697114087000045], [104.23239, 19.706963270000074], [104.30275299100003, 19.696630751000043], [104.32002167300004, 19.666054420000023], [104.41270769100004, 19.704932420000034], [104.55776690800008, 19.61020151100007], [104.64609430900003, 19.62480141900005], [104.66316187300004, 19.70136151300005], [104.71319750600009, 19.754555004000053], [104.83096403500008, 19.791356475000043], [104.84203745500008, 19.92349019100004], [104.99376778000004, 20.094807170000024], [104.92713828900008, 20.158924354000078], [104.86189326100003, 20.14159372000006], [104.61405750100005, 20.242781963000027], [104.61728557900005, 20.36114623900005], [104.71978115500008, 20.407002454000065], [104.66098468100006, 20.47490444300007], [104.60885662600003, 20.421866152000064], [104.52772214600009, 20.413309296000023], [104.47447965200007, 20.368954319000068], [104.41415814300007, 20.381065068000055], [104.41555181300004, 20.426808296000047], [104.37675036300004, 20.443134029000078], [104.38760095800006, 20.489964695000026], [104.52268708200006, 20.549207765000062], [104.54138150100005, 20.598513491000062], [104.60158493900008, 20.605722812000067], [104.63955396600005, 20.669311680000078], [104.55728603700004, 20.71840620300003], [104.49937160800005, 20.712271403000045], [104.48383042100005, 20.766278373000034], [104.32929984400005, 20.856053791000022], [104.29230864600004, 20.922712568000065], [104.25759432700005, 20.898192297000037], [104.24261546700006, 20.93297362000004], [104.10551294400005, 20.976555793000045], [104.03186440800005, 20.901896711000063], [103.89983884800006, 20.90297759400005], [103.85254515400004, 20.85889303600004], [103.81368500800005, 20.86393192500003], [103.78051323000005, 20.801597680000043], [103.79095595400008, 20.746619328000065], [103.73343210600007, 20.731368064000037], [103.73609915800006, 20.66814523000005], [103.682689, 20.66015909600003], [103.60168442100007, 20.742632902000025], [103.50957699000008, 20.75313714600003], [103.46733596000007, 20.826138652000054], [103.39016806600006, 20.784080221000067], [103.29068304600008, 20.837624160000075], [103.23734169800008, 20.833660198000075], [103.21142951900003, 20.901022669000042], [103.10976348300005, 20.900134881000042], [103.03427179000005, 21.058505807000074], [102.96805183500004, 21.070702797000024], [102.94938805600003, 21.141220876000034], [102.90301242800007, 21.165820050000036], [102.91183755900005, 21.22973171700005], [102.81119433500004, 21.251987631000077], [102.89694943300003, 21.304205556000056], [102.89618795700005, 21.38601780500005], [102.94223117900003, 21.456580235000047], [102.86939019400006, 21.428721293000024], [102.99155976600008, 21.58539958800003], [102.97287623800008, 21.736492312000053], [103.02693249000004, 21.923160663000033], [102.93123018900008, 22.10411145100005], [102.86087709400005, 22.05952005300003], [102.77750360500005, 22.087113886000054], [102.73924901700008, 22.144886658000075], [102.75097799400004, 22.20619700700007], [102.80477062400007, 22.24681348200005], [102.82887200300007, 22.21586156500007], [102.89934373800008, 22.228623112000037], [102.87814292000007, 22.274526112000046], [102.97457701000008, 22.285399140000038], [102.98342763400007, 22.35224869900003], [102.93567967700005, 22.36111475000007], [102.91286190300008, 22.41249267300003], [102.92862994400008, 22.484631899000078], [103.07669886600007, 22.44940923300004], [103.08279341100007, 22.51102620900008], [103.18394738000006, 22.559269355000026], [103.15797752600008, 22.594176308000044], [103.18555107400005, 22.645019959000024], [103.28356141100005, 22.685130918000027], [103.31954213100005, 22.81644043500006], [103.43620512700005, 22.75742705700003], [103.43406601800007, 22.69946218800004], [103.51152943700004, 22.600709073000075], [103.57104581700008, 22.642040999000073], [103.56425532100008, 22.705903367000076], [103.63802151400006, 22.78649641800007], [103.61900237000003, 22.85115126100004], [103.39744842600004, 23.01047490600007], [103.45002347600007, 23.03559931800004], [103.38410563700006, 23.076358739000057], [103.40626651000008, 23.13139663000004], [103.50323269200004, 23.193219552000073], [103.61141993300004, 23.19664397400004], [103.65915501300009, 23.23946148600004], [103.63731933800005, 23.380168584000046], [103.65881373600007, 23.40683389900005], [103.77208262600004, 23.344069028000035], [103.83058983900008, 23.377131736000024], [103.89122120600007, 23.346655918000067], [103.92836107600004, 23.288933821000057], [103.90980317700007, 23.205212622000033], [103.94227999900005, 23.14438633000003], [103.99780486400005, 23.131661326000028], [104.05299530300005, 23.168481206000024], [104.14882048700008, 23.138608146000024], [104.39139362300006, 23.197273750000022], [104.40477527100006, 23.301888587000064], [104.46486530700008, 23.389702838000062], [104.59732708300004, 23.470113886000036], [104.65771822100004, 23.464652139000066], [104.80407928900007, 23.61472112100006], [104.88935452600003, 23.603946707000034], [104.95146188700005, 23.527585972000054], [104.97110500500008, 23.55242554800003], [105.13739365900005, 23.502100425000037], [105.25519605900007, 23.505407494000053], [105.28679933800004, 23.356112393000046], [105.24224908800005, 23.26877460000003], [105.12765638121611, 23.24138392329607], [105.17920591000006, 23.143498417000046], [105.27196385000008, 23.09215156700003], [105.33037508800004, 23.11969557200007], [105.32939036600004, 23.052732475000028], [105.38295527600008, 22.987945788000047], [105.48877021000004, 23.008519845000023], [105.52901727000005, 23.107502918000023], [105.56665343100008, 23.118464233000054], [105.58609095200006, 23.017776441000024], [105.54525952600005, 22.969692461000022], [105.62840409200004, 22.903561371000023], [105.61491142500006, 22.790967161000026], [105.64772670600007, 22.76684898800005], [105.57637381800004, 22.716581485000063], [105.58733013300008, 22.675827604000062], [105.66567760200007, 22.722610859000042], [105.75814651600007, 22.72668989600004], [105.77916849300004, 22.69072686100003], [105.72917381200006, 22.635399629000062], [105.76925095900003, 22.55451200500005], [105.90632506500003, 22.490877349000073], [105.85191892500006, 22.363839133000056], [105.90800351900003, 22.292316408000033], [106.10608232100009, 22.31572817400007], [106.17766929400005, 22.386554020000062], [106.21814344600006, 22.35604868300004], [106.19966232000007, 22.312733991000073], [106.24455887600004, 22.268253555000058], [106.23315561000004, 22.176507754000056], [106.15709653200008, 22.081526987000075], [106.10025079100006, 22.071585666000033], [106.09861330500007, 21.937575824000078], [106.17443656600005, 21.908855850000066], [106.18045333400005, 21.944030344000055], [106.27774032600007, 21.929424891000053], [106.31636751500008, 21.963366973000063], [106.38996907700005, 21.92695800100006], [106.41916621900003, 21.838484288000075], [106.38940113600006, 21.717764530000068], [106.44399282300009, 21.686013398000057], [106.45228868300006, 21.740032923000058], [106.48785976400006, 21.759828923000043], [106.66163997700005, 21.73659325500006], [106.72159650000003, 21.789027446000034], [106.75026237100008, 21.756242283000063], [106.81818106500003, 21.79752667400004], [106.81678094600005, 21.73048063300007], [106.75720709800004, 21.684802968000042], [106.77109070700004, 21.571805479000034], [106.84388728900007, 21.55950312500005], [106.86501185800006, 21.528222904000074], [106.83907866100009, 21.50646286700004], [106.89021364100006, 21.489150567000024], [106.91124786600005, 21.430325562000064], [106.98603545100008, 21.439898269000025], [106.98750093700005, 21.35951532300004], [107.03241041500007, 21.325250581000034], [107.10201186300009, 21.376882860000023], [107.16815700100005, 21.36323410600005], [107.21655699000007, 21.38900354900005], [107.25414453500008, 21.32990882000007], [107.33217793700004, 21.307260848000055], [107.36996967000005, 21.186341364000043], [107.41231610500006, 21.182849143000055], [107.34753549600003, 20.995466726000075], [107.21882485800006, 20.98970091500007], [107.22558014800006, 20.97562402400007], [107.15367561300008, 20.945060244000047], [107.15670466700004, 20.938094372000023], [107.06377910700007, 20.96018581100003], [107.03123997800009, 20.946271913000032], [106.98711168400007, 20.957038974000056], [106.97859321400006, 20.94982920700005], [106.92442491900005, 20.960380023000027], [106.90460638800005, 20.95658478300004], [106.93957732700005, 20.910190052000075], [106.85340076800009, 20.869223765000072], [106.90288365900005, 20.800237856000024], [106.77086494300005, 20.80314773400005], [106.75634381200007, 20.777819719000036], [106.80987949600006, 20.67283960700007], [106.74392088300004, 20.70475129500005], [106.59306047700005, 20.556551127000034], [106.62887136600006, 20.44626310900003], [106.58443156000004, 20.219598231000077], [106.36248534900005, 20.178337880000072], [106.10121345900006, 19.889412150000055], [106.10503824700004, 19.919927689000076], [106.02619913400008, 19.955594430000076], [105.96842759300006, 19.934554954000077], [105.93214200300008, 19.778151792000074], [105.84210216300005, 19.675827425000023], [105.81446155200007, 19.430049154000073], [105.78465999300005, 19.398785416000067], [105.82823030400004, 19.304766011000027], [105.73866739100004, 19.220932841000035], [105.73821053500006, 19.104320216000076], [105.64048488100008, 19.066810075000035], [105.62881600500003, 18.92008299200006], [105.77719185600006, 18.760537601000067], [105.81369913300006, 18.626749392000022], [105.92195266400006, 18.45203775300007], [105.94242120400008, 18.47182445900006], [106.10010147200006, 18.275734966000073], [106.22896762100004, 18.22326128800006]], [[105.105303289136, 23.25519321851053], [105.10367034100005, 23.249590650000073], [105.11668151958477, 23.24816397429134], [105.105303289136, 23.25519321851053]], [[104.8635255988315, 23.12402398171617], [104.87173875000008, 23.125147081000023], [104.873592151678, 23.12841744730197], [104.8635255988315, 23.12402398171617]], [[104.80567719845355, 23.09535846212775], [104.80551839900005, 23.093374551000068], [104.8072164681899, 23.089092057243725], [104.80567719845355, 23.09535846212775]], [[104.81679190062418, 23.064943023824473], [104.81832768300006, 23.07596545100006], [104.81131424331255, 23.078757557046437], [104.81679190062418, 23.064943023824473]], [[104.82105453698394, 23.054192747154218], [104.82189960504822, 23.052061503780532], [104.82189381200004, 23.05346568500005], [104.82105453698394, 23.054192747154218]], [[104.85656782651137, 22.940075055053654], [104.85186424600005, 22.967033812000068], [104.8490641084832, 22.969015518235977], [104.85656782651137, 22.940075055053654]], [[104.77855189232038, 22.902738802826594], [104.84312144549217, 22.92825371802462], [104.80921521100004, 22.920773402000066], [104.77855189232038, 22.902738802826594]], [[104.62795416700004, 22.839080555000066], [104.67246925500007, 22.81676876100005], [104.73326170600006, 22.82226217400006], [104.77729288748691, 22.901998320435684], [104.70507322600008, 22.838481803000036], [104.62795416700004, 22.839080555000066]], [[104.21831283599124, 22.830007420112803], [104.22020515000008, 22.828779904000044], [104.22639499470948, 22.832053443178445], [104.21831283599124, 22.830007420112803]], [[104.16072065816125, 22.815427785098386], [104.16184053400008, 22.815546168000026], [104.16190158863392, 22.81572674123996], [104.16072065816125, 22.815427785098386]], [[104.13244288127284, 22.80826917985742], [104.15393592600009, 22.810713905000057], [104.15496457263443, 22.813970614537123], [104.13244288127284, 22.80826917985742]], [[104.07979010358406, 22.76627314109275], [104.08835197000008, 22.77020206900005], [104.09233560671014, 22.781853039196804], [104.07979010358406, 22.76627314109275]], [[104.07710297059361, 22.762405463169046], [104.07878289000007, 22.761338919000025], [104.07875800527987, 22.76478760843009], [104.07710297059361, 22.762405463169046]], [[104.04264883700006, 22.73035042300006], [104.04555367300009, 22.73046559100004], [104.04628022068297, 22.73286170654055], [104.04264883700006, 22.73035042300006]], [[104.03419636897279, 22.699888932214492], [104.03970248200005, 22.717703957000026], [104.03930306981401, 22.7232153848087], [104.03237747300005, 22.708446157000026], [104.03419636897279, 22.699888932214492]], [[104.00594685300007, 22.517218680000042], [104.01493613300005, 22.54392275600003], [104.01181561871556, 22.570925039102544], [103.99698265166721, 22.519011072904977], [104.00594685300007, 22.517218680000042]], [[103.7685542106883, 22.68929426490378], [103.87404282500006, 22.566677248000076], [103.96365636700006, 22.505541980000032], [103.7685542106883, 22.68929426490378]], [[103.63880187477365, 22.793489130138177], [103.63736891838603, 22.791810546026852], [103.63892611700004, 22.79217350600004], [103.63880187477365, 22.793489130138177]], [[103.64584504700008, 22.794727245000047], [103.64434176500004, 22.799978631000045], [103.64040143300008, 22.79403536500007], [103.64584504700008, 22.794727245000047]], [[103.66747157800006, 22.76968578700007], [103.76706821811959, 22.690618416799985], [103.66442669946082, 22.78208116326597], [103.66747157800006, 22.76968578700007]], [[104.27307391058717, 22.741520321236223], [104.26941780595416, 22.751676498614753], [104.26980544500009, 22.741483643000038], [104.27307391058717, 22.741520321236223]], [[104.39914314500004, 22.70070542700006], [104.54712101400008, 22.83735514700004], [104.59827951193184, 22.845765932468257], [104.59151795700006, 22.86096290200004], [104.52915871800008, 22.836247694000065], [104.37013210000003, 22.696847542000057], [104.34904626777953, 22.701974651302976], [104.35691949100004, 22.691018558000053], [104.39914314500004, 22.70070542700006]], [[104.26700413600008, 22.821307330000025], [104.26842346401259, 22.754438649632636], [104.27374279800006, 22.830984631000035], [104.26700413600008, 22.821307330000025]], [[104.59977918700008, 22.814827163000075], [104.62124203013059, 22.841268389673278], [104.59973694261093, 22.84288019963247], [104.59977918700008, 22.814827163000075]]], [[[106.46555342900007, 17.875302342000055], [106.47507724800005, 17.880239037000024], [106.46897642000005, 17.871523360000026], [106.46555342900007, 17.875302342000055]]], [[[106.49723932900008, 17.912162111000043], [106.49526437600008, 17.906998680000072], [106.49430228100005, 17.914892939000026], [106.49723932900008, 17.912162111000043]]], [[[106.53323518000008, 17.93150633500005], [106.52558283400003, 17.937711970000066], [106.53519585600009, 17.936322364000034], [106.53323518000008, 17.93150633500005]]], [[[106.52227538300008, 17.939742245000048], [106.52287500700004, 17.944267980000063], [106.52432730500004, 17.94125764200004], [106.52227538300008, 17.939742245000048]]], [[[106.45449115100007, 18.10264129500007], [106.46424150300004, 18.101753994000035], [106.45234494400006, 18.099976524000056], [106.45449115100007, 18.10264129500007]]], [[[106.48929532400007, 18.117748731000063], [106.48961893000006, 18.116720804000067], [106.48774391500007, 18.116854054000044], [106.48929532400007, 18.117748731000063]]], [[[106.11854860900007, 18.279885267000054], [106.11587171500008, 18.280456338000022], [106.11614297400007, 18.28156278700004], [106.11854860900007, 18.279885267000054]]], [[[106.12026776900007, 18.280340934000037], [106.12131116300009, 18.281948260000036], [106.12259964100008, 18.28069785300005], [106.12026776900007, 18.280340934000037]]], [[[105.95879868800006, 18.79406214000005], [105.96438744300008, 18.796725739000067], [105.96525854900005, 18.790977462000058], [105.95879868800006, 18.79406214000005]]], [[[105.76976233400006, 18.800464119000026], [105.78254003900008, 18.803619284000035], [105.77200378600008, 18.79616681300007], [105.76976233400006, 18.800464119000026]]], [[[105.91287523000005, 19.319628785000077], [105.91000518400006, 19.31986646400003], [105.91173315400005, 19.32041021300006], [105.91287523000005, 19.319628785000077]]], [[[105.90919086100007, 19.338845942000034], [105.90902460300003, 19.337598452000066], [105.90775506500006, 19.33909016900003], [105.90919086100007, 19.338845942000034]]], [[[105.90052190900008, 19.342339596000045], [105.89859009100007, 19.349077974000068], [105.90542634500008, 19.342110295000055], [105.90052190900008, 19.342339596000045]]], [[[105.92957746800005, 19.349707410000065], [105.93606737600004, 19.35424658200003], [105.93506168600004, 19.346027828000047], [105.92957746800005, 19.349707410000065]]], [[[105.87170552500004, 19.357080635000045], [105.87471791400009, 19.357486363000078], [105.87405166500008, 19.35613482900004], [105.87170552500004, 19.357080635000045]]], [[[105.90857004000009, 19.369514422000066], [105.90656646700006, 19.370493649000025], [105.90726013800008, 19.371600998000076], [105.90857004000009, 19.369514422000066]]], [[[105.91364884100005, 19.36928183300006], [105.93802515500005, 19.37630408600006], [105.92917206800007, 19.359215234000033], [105.91364884100005, 19.36928183300006]]], [[[106.81689132700006, 20.665542644000027], [106.81353325700007, 20.66814291700007], [106.81775482600005, 20.66817919600004], [106.81689132700006, 20.665542644000027]]], [[[106.84020201400006, 20.767849297000055], [106.83835478200007, 20.772934247000023], [106.83795699300003, 20.775806079000063], [106.84020201400006, 20.767849297000055]]], [[[106.93434328700005, 20.810878004000074], [106.91424200300008, 20.81633701000004], [106.92940352600004, 20.82646823300007], [106.93434328700005, 20.810878004000074]]], [[[106.93630883900005, 20.82073827800008], [106.93847682900008, 20.820026485000028], [106.93847120600009, 20.818404463000036], [106.93630883900005, 20.82073827800008]]], [[[106.93882876500004, 20.82325656000006], [106.94112242900007, 20.824536531000035], [106.94231492800009, 20.822324723000065], [106.93882876500004, 20.82325656000006]]], [[[106.93257972000004, 20.82460708800005], [106.93408356500004, 20.825117302000024], [106.93348696200007, 20.822936838000032], [106.93257972000004, 20.82460708800005]]], [[[106.93907601400008, 20.830218261000027], [106.93508631300006, 20.825684272000046], [106.93521331000005, 20.829726993000065], [106.93907601400008, 20.830218261000027]]], [[[106.92979232200008, 20.82863246200003], [106.91790717500004, 20.839793902000054], [106.92631733100006, 20.83872885200003], [106.92979232200008, 20.82863246200003]]], [[[106.93998292900005, 20.833311469000023], [106.93709141700003, 20.84650209700004], [106.94676988100008, 20.83891385900006], [106.93998292900005, 20.833311469000023]]], [[[106.94772769900004, 20.850239072000022], [106.94734210200005, 20.851525733000074], [106.94937373700009, 20.850693060000026], [106.94772769900004, 20.850239072000022]]], [[[106.87797523400008, 20.84860816500003], [106.89038423600005, 20.87377910300006], [106.89950568800003, 20.84493920400007], [106.87797523400008, 20.84860816500003]]], [[[106.94245636300008, 20.86985906900003], [106.94262428700006, 20.872658294000075], [106.94448661300004, 20.866958113000067], [106.94245636300008, 20.86985906900003]]], [[[106.94673202400008, 20.874416878000034], [106.94725780100003, 20.870354134000024], [106.94437446900008, 20.869961439000065], [106.94673202400008, 20.874416878000034]]], [[[106.93398134900008, 20.875460949000058], [106.93992508500008, 20.876746515000036], [106.93621117600009, 20.87336773100003], [106.93398134900008, 20.875460949000058]]], [[[106.95208693100005, 20.890228386000047], [106.95332786700004, 20.88913620200003], [106.94791914300004, 20.887969664000025], [106.95208693100005, 20.890228386000047]]], [[[106.94256881500007, 20.90907664300005], [106.94901120600008, 20.908434188000058], [106.94991540100006, 20.906762617000027], [106.94256881500007, 20.90907664300005]]], [[[106.94375289400006, 20.913914087000023], [106.94679860400004, 20.91331922200004], [106.94686404000004, 20.91015453800003], [106.94375289400006, 20.913914087000023]]], [[[106.94159026200003, 20.914366779000034], [106.94326064300009, 20.91441912700003], [106.94177110100009, 20.913143736000052], [106.94159026200003, 20.914366779000034]]], [[[106.94962570100006, 20.916252205000035], [106.94810522600005, 20.91410355100004], [106.94675607200008, 20.913546758000052], [106.94644912100006, 20.914824528000054], [106.94744849500006, 20.914196350000054], [106.94808381100006, 20.91605233000007], [106.94885832500006, 20.91669478400007], [106.94962570100006, 20.916252205000035]]], [[[106.94900165600006, 20.917106696000076], [106.94951339100004, 20.918665176000047], [106.95116116800006, 20.918760355000074], [106.94900165600006, 20.917106696000076]]], [[[106.94086840700004, 20.93628824900003], [106.93194715300007, 20.954471213000033], [106.95040071500006, 20.939203863000046], [106.94086840700004, 20.93628824900003]]], [[[106.95308883000007, 20.94300263100007], [106.94365827900003, 20.947142172000042], [106.95579122500004, 20.94860293000005], [106.95308883000007, 20.94300263100007]]], [[[106.92366982700008, 20.956033898000044], [106.92247057900005, 20.952683617000048], [106.92197565100008, 20.958775037000066], [106.92366982700008, 20.956033898000044]]], [[[107.03873310900008, 20.708800394000036], [107.03674405800007, 20.706954222000036], [107.03575274200006, 20.710251370000037], [107.03873310900008, 20.708800394000036]]], [[[107.02255501600007, 20.707953632000056], [107.02279314800006, 20.70640067000005], [107.02101633600006, 20.706934799000067], [107.02255501600007, 20.707953632000056]]], [[[107.02833686500009, 20.70987488000003], [107.02789640600008, 20.708478813000056], [107.02607271800008, 20.710880840000073], [107.02833686500009, 20.70987488000003]]], [[[107.01955161100005, 20.709285141000066], [107.02143285200003, 20.715575417000025], [107.02566200500007, 20.71029818900007], [107.01955161100005, 20.709285141000066]]], [[[107.01733914200008, 20.717426012000033], [107.01809613400007, 20.71647757200003], [107.01567892500009, 20.716583471000035], [107.01733914200008, 20.717426012000033]]], [[[107.02948069000007, 20.718085896000048], [107.02691974100009, 20.719662], [107.02939674500004, 20.720738148000066], [107.02948069000007, 20.718085896000048]]], [[[107.01357217300006, 20.721198865000076], [107.01115073400007, 20.719228593000025], [107.01058407600004, 20.722522567000055], [107.01357217300006, 20.721198865000076]]], [[[107.01057424500004, 20.72339669100006], [107.00727511900004, 20.724929495000026], [107.01026595200005, 20.724478559000033], [107.01057424500004, 20.72339669100006]]], [[[107.01578994000005, 20.74110760800005], [107.01236468900004, 20.740023876000066], [107.01659340100008, 20.743470702000025], [107.01578994000005, 20.74110760800005]]], [[[106.95906008800006, 20.84687916300004], [107.01628911100005, 20.83934464500004], [107.00787827800008, 20.861688120000053], [107.03456872200007, 20.862026109000055], [107.04677464500008, 20.81413641100005], [107.04816642200007, 20.83448283100006], [107.05013479900003, 20.82552079900006], [107.06020723500006, 20.833337392000033], [107.06469347300003, 20.812676773000078], [107.07656366400005, 20.82436773300003], [107.09792717800008, 20.80036199600005], [107.10711558500009, 20.802232761000027], [107.10978641400004, 20.79562205700006], [107.10866438300008, 20.78665298100003], [107.08994513700009, 20.805801689000077], [107.07797659300007, 20.806508163000046], [107.10201386100005, 20.777311934000068], [107.08508747800005, 20.77729019900005], [107.08553496100006, 20.789427731000046], [107.05389143800005, 20.820575044000066], [107.06190865300005, 20.792811911000058], [107.07486126500004, 20.785367853000025], [107.05656445400007, 20.785314597000024], [107.05262628600008, 20.781571255000074], [107.05505825200004, 20.776803904000076], [107.06342140700008, 20.783434748000047], [107.07364447100008, 20.778368258000057], [107.06510821400008, 20.773899179000068], [107.06226882500005, 20.781885656000043], [107.05808086600007, 20.77541973900003], [107.04943943000006, 20.778874055000074], [107.04570616200004, 20.762203069000066], [107.03234963600005, 20.787137433000055], [107.04358605700008, 20.758916639000063], [107.07137558500006, 20.746333073000073], [107.05503748900009, 20.748795764000022], [107.05280224600006, 20.71426784600004], [107.01806796000005, 20.751491243000032], [106.99930143500006, 20.72761477800003], [106.91792536300005, 20.79815026800003], [106.94932390100007, 20.804452019000053], [106.95025123200008, 20.87740229900004], [106.95906008800006, 20.84687916300004]]], [[[107.00266834600006, 20.85834429600004], [107.00002025500004, 20.862060174000078], [107.00408076900004, 20.86005200900007], [107.00266834600006, 20.85834429600004]]], [[[106.95579796100009, 20.85880867900005], [106.96051100300008, 20.86323589500006], [106.95963534900005, 20.858514915000057], [106.95579796100009, 20.85880867900005]]], [[[106.98458887400005, 20.866438238000057], [106.98305223600005, 20.863519978000056], [106.98209673600007, 20.866594004000035], [106.98458887400005, 20.866438238000057]]], [[[107.03723974100006, 20.866173726000056], [107.03626835200004, 20.864387024000052], [107.03577364100005, 20.86602954800003], [107.03723974100006, 20.866173726000056]]], [[[106.99747620900007, 20.863783988000023], [106.99417708300007, 20.866655149000053], [106.99586226300005, 20.868929084000058], [106.99747620900007, 20.863783988000023]]], [[[107.02780074800006, 20.86684987500007], [107.02696551900004, 20.864402600000062], [107.02498077700005, 20.869142344000068], [107.02780074800006, 20.86684987500007]]], [[[107.03403912100003, 20.86596340400007], [107.03158689000009, 20.865754793000065], [107.03162791000005, 20.86880590100003], [107.03403912100003, 20.86596340400007]]], [[[106.97412882500004, 20.86281887900003], [106.96318887800004, 20.859598058000074], [106.96530807300007, 20.86922246900008], [106.95844179800008, 20.877963542000032], [106.97412882500004, 20.86281887900003]]], [[[106.96235111900006, 20.867486807000034], [106.95840061800004, 20.86486515300004], [106.95842498800005, 20.87208898500006], [106.96235111900006, 20.867486807000034]]], [[[107.00391027900008, 20.872470127000042], [107.01202165100005, 20.87380458000007], [107.01177301700005, 20.86585513500006], [107.01467094600008, 20.86360954400004], [107.00873167700007, 20.864483488000076], [107.00391027900008, 20.872470127000042]]], [[[107.03212543200004, 20.871203974000025], [107.03184278500004, 20.869217633000062], [107.03056762000006, 20.87225168300006], [107.03212543200004, 20.871203974000025]]], [[[107.03704250100009, 20.87434650700004], [107.04142807700003, 20.87237675800003], [107.04506908500008, 20.865205779000064], [107.03801746100004, 20.868127426000058], [107.03704250100009, 20.87434650700004]]], [[[107.01640241700005, 20.87062181500005], [107.01726456100005, 20.876339870000038], [107.02149702800006, 20.87195569100004], [107.01640241700005, 20.87062181500005]]], [[[107.02158960100007, 20.870642753000027], [107.02452549100008, 20.874209993000022], [107.02389944400005, 20.870425629000067], [107.02158960100007, 20.870642753000027]]], [[[107.00558720700008, 20.876260967000064], [107.00551150400008, 20.874748908000072], [107.00781342400006, 20.876443519000077], [107.00558720700008, 20.876260967000064]]], [[[106.97572837000007, 20.877396071000078], [106.97730419700008, 20.877301282000076], [106.97696089100003, 20.87600331300007], [106.97572837000007, 20.877396071000078]]], [[[106.95967507700004, 20.880695347000028], [106.96645339700007, 20.881306779000056], [106.96671278300005, 20.876172507000035], [106.95967507700004, 20.880695347000028]]], [[[107.04017941400008, 20.87713070600006], [107.02928610000004, 20.875340976000075], [107.03718352000004, 20.88397842300003], [107.04017941400008, 20.87713070600006]]], [[[106.97130286800007, 20.87788112800007], [106.97115449600005, 20.885260680000044], [106.97218492000007, 20.87462884000007], [106.97130286800007, 20.87788112800007]]], [[[106.99052547000008, 20.879256542000064], [106.99272080800006, 20.881737754000028], [106.99414625700007, 20.878474805000053], [106.99052547000008, 20.879256542000064]]], [[[106.97981558500004, 20.87490629100006], [106.97828753600004, 20.888698684000076], [106.99467308300007, 20.88804446900002], [106.98606850400006, 20.87939605200006], [106.99656935200005, 20.869911046000027], [106.97981558500004, 20.87490629100006]]], [[[106.96757410200007, 20.881753420000052], [106.97022721900004, 20.88088046000007], [106.96939770500006, 20.879817799000023], [106.96757410200007, 20.881753420000052]]], [[[107.01537189900006, 20.879087558000037], [107.01178331100004, 20.88117001200004], [107.01448550700007, 20.882491214000027], [107.01537189900006, 20.879087558000037]]], [[[106.95006976100007, 20.884961976000056], [106.96103508900006, 20.886365675000036], [106.95221060800009, 20.88327050600003], [106.95006976100007, 20.884961976000056]]], [[[107.00139568300006, 20.88126276400004], [107.01008303300006, 20.895519845000024], [107.01152212300008, 20.882371249000073], [107.00139568300006, 20.88126276400004]]], [[[107.01548575900006, 20.889576015000046], [107.01865926100004, 20.889853971000036], [107.01564500300009, 20.888012169000035], [107.01548575900006, 20.889576015000046]]], [[[106.99638913500007, 20.890606430000048], [106.99958556800004, 20.89003015800006], [106.99812255700004, 20.886412396000026], [106.99638913500007, 20.890606430000048]]], [[[106.96791106500007, 20.88742731700006], [106.96237680300004, 20.886876725000036], [106.96581604200009, 20.896738932000062], [106.96791106500007, 20.88742731700006]]], [[[106.97285478100008, 20.893875319000074], [106.97285142300007, 20.895655161000036], [106.97552071900009, 20.889470239000048], [106.97285478100008, 20.893875319000074]]], [[[106.99781981100006, 20.893798374000028], [106.99562964800003, 20.893748749000054], [106.99690128700007, 20.895012337000026], [106.99781981100006, 20.893798374000028]]], [[[107.01747081200006, 20.896956456000055], [107.01933723700006, 20.899372258000028], [107.01848218800006, 20.895438710000064], [107.01747081200006, 20.896956456000055]]], [[[107.01548842300008, 20.90017061100008], [107.01149674000004, 20.895987113000047], [107.01302896700008, 20.901992199000063], [107.01548842300008, 20.90017061100008]]], [[[107.00850712400006, 20.898173451000048], [107.00688807000006, 20.897116937000078], [107.00572030200004, 20.901253478000058], [107.00850712400006, 20.898173451000048]]], [[[106.96686120700008, 20.90316933200006], [106.97018730400004, 20.89816760100007], [106.96749629300007, 20.89862482500007], [106.96686120700008, 20.90316933200006]]], [[[107.01339324800006, 20.907848314000034], [107.00999748100008, 20.903315001000067], [107.01010282400006, 20.908257384000024], [107.01339324800006, 20.907848314000034]]], [[[107.01898393300007, 20.900278236000077], [107.02116667800004, 20.913327657000025], [107.02393984400004, 20.90103154600007], [107.01898393300007, 20.900278236000077]]], [[[106.97824408900004, 20.914389286000073], [106.99605385900009, 20.937281436000035], [106.99335317100008, 20.915830595000045], [106.97824408900004, 20.914389286000073]]], [[[107.07439637300007, 20.704404918000023], [107.07708311000005, 20.70296994100005], [107.07351174500008, 20.701909382000053], [107.07439637300007, 20.704404918000023]]], [[[107.04708066400008, 20.705604364000067], [107.04469120400006, 20.70669990700003], [107.04661622300006, 20.70696634600006], [107.04708066400008, 20.705604364000067]]], [[[107.05164993100004, 20.710953119000067], [107.05108729800008, 20.71326792900004], [107.05338843000004, 20.71030183700003], [107.05164993100004, 20.710953119000067]]], [[[107.06381371900005, 20.712086930000055], [107.06532228400005, 20.712817306000034], [107.06789335700006, 20.711019045000057], [107.06381371900005, 20.712086930000055]]], [[[107.07111961000004, 20.719219398000064], [107.07302775900007, 20.720285757000056], [107.07208340800008, 20.718474852000043], [107.07111961000004, 20.719219398000064]]], [[[107.06323287800006, 20.723765539000055], [107.06632572600006, 20.720258659000024], [107.06386701600007, 20.71785511300004], [107.06323287800006, 20.723765539000055]]], [[[107.06196595400007, 20.724858700000027], [107.06334220300005, 20.724963556000034], [107.06297612600008, 20.723949395000034], [107.06196595400007, 20.724858700000027]]], [[[107.06891786600005, 20.726918331000036], [107.07080952800004, 20.723728313000038], [107.06884702900004, 20.724548346000063], [107.06891786600005, 20.726918331000036]]], [[[107.06784983600005, 20.731806490000054], [107.06887051900009, 20.728822269000034], [107.06744269000006, 20.729194489000065], [107.06784983600005, 20.731806490000054]]], [[[107.06682409000007, 20.73269524400007], [107.06193351900004, 20.732352133000063], [107.06951004700005, 20.735877147000053], [107.06682409000007, 20.73269524400007]]], [[[107.06034181300004, 20.74145592600007], [107.05957173100006, 20.740320005000058], [107.05884591500006, 20.741863211000066], [107.06034181300004, 20.74145592600007]]], [[[107.07728180000004, 20.741279683000073], [107.07866757800008, 20.73956806600006], [107.07458010700009, 20.743365744000073], [107.07728180000004, 20.741279683000073]]], [[[107.06337809800004, 20.742329881000046], [107.06000181100006, 20.744403599000066], [107.06382907000005, 20.74410593600004], [107.06337809800004, 20.742329881000046]]], [[[107.07259443300006, 20.742995103000055], [107.07068582700003, 20.744167583000035], [107.07313852000004, 20.744061444000067], [107.07259443300006, 20.742995103000055]]], [[[107.06190822300005, 20.753968749000023], [107.06248517500006, 20.75528846900005], [107.06376035500006, 20.75411013100006], [107.06190822300005, 20.753968749000023]]], [[[107.05489753400008, 20.760546199000032], [107.06165182400008, 20.758011534000048], [107.06417997300008, 20.75662852800008], [107.05612910300005, 20.754895651000027], [107.05489753400008, 20.760546199000032]]], [[[107.06512405900008, 20.75938478000006], [107.06965923200005, 20.757461959000068], [107.06627634700004, 20.75695277400007], [107.06512405900008, 20.75938478000006]]], [[[107.04993372300004, 20.759547946000055], [107.05226997100004, 20.760008739000057], [107.05068712800005, 20.758828764000043], [107.04993372300004, 20.759547946000055]]], [[[107.06467727200004, 20.761821121000025], [107.07070212800005, 20.76008831000007], [107.06014938100009, 20.761218128000053], [107.06467727200004, 20.761821121000025]]], [[[107.05704761400006, 20.764734902000043], [107.05795163200008, 20.760667746000024], [107.05566196800004, 20.76279177400005], [107.05704761400006, 20.764734902000043]]], [[[107.07384294100007, 20.762411309000072], [107.07162674500006, 20.762857933000078], [107.07230061800004, 20.76389037900003], [107.07384294100007, 20.762411309000072]]], [[[107.05222502900006, 20.762936445000037], [107.05163077300006, 20.76494056100006], [107.05410294400008, 20.764268093000055], [107.05222502900006, 20.762936445000037]]], [[[107.05630152100008, 20.77045684500007], [107.05367063300008, 20.769997024000077], [107.05347943800007, 20.771510255000067], [107.05630152100008, 20.77045684500007]]], [[[107.06551265200005, 20.76884284500005], [107.06113920700005, 20.774880997000025], [107.06663038900007, 20.769832954000037], [107.06551265200005, 20.76884284500005]]], [[[107.07078879200009, 20.77029817500005], [107.06889012500005, 20.775020728000072], [107.07151442300005, 20.771866088000024], [107.07078879200009, 20.77029817500005]]], [[[107.07822386600009, 20.773368530000027], [107.07572515700008, 20.770246155000052], [107.07146860100005, 20.773551303000033], [107.07332782800006, 20.77632298900005], [107.07822386600009, 20.773368530000027]]], [[[107.06112284600005, 20.775081561000036], [107.06231349500007, 20.776762494000025], [107.06292250500007, 20.77580019800007], [107.06112284600005, 20.775081561000036]]], [[[107.06014744900006, 20.812053431000038], [107.06081803300003, 20.813337786000034], [107.06166289800007, 20.810477959000025], [107.06014744900006, 20.812053431000038]]], [[[107.05888574000005, 20.81406017200004], [107.05612484700004, 20.814291424000032], [107.05791407200007, 20.815053273000046], [107.05888574000005, 20.81406017200004]]], [[[107.07032729600007, 20.824345593000032], [107.07154217300007, 20.822152791000065], [107.06938990800006, 20.822217083000055], [107.07032729600007, 20.824345593000032]]], [[[107.07170066800006, 20.82797189200005], [107.07375380100007, 20.826389447000054], [107.06710003400008, 20.822494840000047], [107.06513383100008, 20.824935869000058], [107.07170066800006, 20.82797189200005]]], [[[107.06251455500006, 20.82822711600005], [107.06191118000004, 20.826387820000036], [107.06128762200007, 20.82881418200003], [107.06251455500006, 20.82822711600005]]], [[[107.06651224700005, 20.828928579000035], [107.06515883000009, 20.827710008000054], [107.06394489500008, 20.831411253000056], [107.06651224700005, 20.828928579000035]]], [[[107.05349739800005, 20.83022760700004], [107.05049025200009, 20.82929032100003], [107.05005418000007, 20.83091654800006], [107.05349739800005, 20.83022760700004]]], [[[107.05140680000005, 20.841005976000076], [107.04997912400006, 20.838421882000034], [107.04925100900005, 20.843737598000075], [107.05140680000005, 20.841005976000076]]], [[[107.06196818500007, 20.849463419000074], [107.06361215000004, 20.84959052100004], [107.06320012900005, 20.848053049000043], [107.06196818500007, 20.849463419000074]]], [[[107.05464148000004, 20.846454444000074], [107.05614622400009, 20.85167573600006], [107.05777623000006, 20.848865086000046], [107.05464148000004, 20.846454444000074]]], [[[107.07276272300004, 20.850897057000054], [107.07482194600004, 20.850777840000035], [107.07470027900007, 20.84740632300003], [107.07276272300004, 20.850897057000054]]], [[[107.05189920100008, 20.848943403000078], [107.04989823400007, 20.85131608200004], [107.05306992600003, 20.85069086900006], [107.05189920100008, 20.848943403000078]]], [[[107.05190166500006, 20.854888317000075], [107.05416792100004, 20.854763338000055], [107.05047743100005, 20.853657758000054], [107.05190166500006, 20.854888317000075]]], [[[107.04677483100005, 20.851671486000043], [107.04322904100007, 20.85741411300006], [107.04998912800005, 20.856110014000024], [107.04677483100005, 20.851671486000043]]], [[[107.07060676300006, 20.857027866000067], [107.07208625600003, 20.857311002000074], [107.07110672100004, 20.85605845200007], [107.07060676300006, 20.857027866000067]]], [[[107.06832348900008, 20.856603910000047], [107.06428673300007, 20.865193473000033], [107.07257677600006, 20.861508231000073], [107.06832348900008, 20.856603910000047]]], [[[107.05136997900007, 20.86253196800004], [107.05015536400003, 20.860498963000055], [107.04799672100006, 20.86221110400004], [107.05136997900007, 20.86253196800004]]], [[[107.07219261300008, 20.866242657000043], [107.07195365500007, 20.865191259000028], [107.07032901100007, 20.86602431400007], [107.07219261300008, 20.866242657000043]]], [[[107.04906878100007, 20.867919366000024], [107.04919735900006, 20.865569123000057], [107.04817817100007, 20.86612328900003], [107.04906878100007, 20.867919366000024]]], [[[107.05926030900008, 20.877696307000065], [107.06063312600008, 20.86779831900003], [107.05724848500006, 20.87484351200004], [107.05926030900008, 20.877696307000065]]], [[[107.13168469600004, 20.651025262000076], [107.13312205100004, 20.651729944000067], [107.13259537400006, 20.65070438500004], [107.13168469600004, 20.651025262000076]]], [[[107.08214029900006, 20.719207013000073], [107.07860021000005, 20.72501462200006], [107.08110553100005, 20.72201213200003], [107.08214029900006, 20.719207013000073]]], [[[107.07668460500008, 20.729107159000023], [107.08125135200004, 20.73029912800007], [107.08133253300008, 20.72396231700003], [107.07668460500008, 20.729107159000023]]], [[[107.07953420400008, 20.735658407000074], [107.08427292200008, 20.734056602000067], [107.08418566500006, 20.731211071000075], [107.07953420400008, 20.735658407000074]]], [[[107.08644342700006, 20.745539145000066], [107.07989490700004, 20.75242062500007], [107.07199738500009, 20.75254999300006], [107.07103902600005, 20.758990305000054], [107.07792661000008, 20.756632112000034], [107.08644342700006, 20.745539145000066]]], [[[107.12523221600009, 20.75573116000004], [107.12655066300005, 20.758412563000036], [107.12744956500006, 20.756068233000065], [107.12523221600009, 20.75573116000004]]], [[[107.12942742000007, 20.75870496500005], [107.12700418100007, 20.760302583000055], [107.12817876800005, 20.761017158000072], [107.12942742000007, 20.75870496500005]]], [[[107.07745709400007, 20.76010083400007], [107.08109386100006, 20.760317316000055], [107.08180901200006, 20.75864918900004], [107.07745709400007, 20.76010083400007]]], [[[107.12570641100007, 20.761886245000028], [107.12314540500006, 20.75918381200006], [107.12381277600008, 20.762492973000064], [107.12570641100007, 20.761886245000028]]], [[[107.08718678200006, 20.761722705000068], [107.08280406700004, 20.763355455000067], [107.07935449600006, 20.766593467000064], [107.08718678200006, 20.761722705000068]]], [[[107.12656299900004, 20.76716850200006], [107.13134011400007, 20.76085127700003], [107.13122917200008, 20.757078638000053], [107.12656299900004, 20.76716850200006]]], [[[107.07888693300004, 20.764353733000064], [107.07850083500006, 20.762112107000064], [107.07557402500004, 20.76429646300005], [107.07888693300004, 20.764353733000064]]], [[[107.09719182300006, 20.76533825100006], [107.09627777300005, 20.76708172900004], [107.09801492300005, 20.76629282300007], [107.09719182300006, 20.76533825100006]]], [[[107.08141473200004, 20.768129095000063], [107.07405295700005, 20.764067066000052], [107.07593186900004, 20.768702751000035], [107.08141473200004, 20.768129095000063]]], [[[107.07937392800005, 20.776155860000074], [107.09621881200007, 20.76926407600007], [107.08788306300005, 20.763266789000056], [107.07937392800005, 20.776155860000074]]], [[[107.09780172500007, 20.767516311000065], [107.10063395100008, 20.774046689000045], [107.09966017600004, 20.768618224000022], [107.09780172500007, 20.767516311000065]]], [[[107.13181739700008, 20.77156684600004], [107.13344472000006, 20.772097334000023], [107.13286999600007, 20.770950611000046], [107.13181739700008, 20.77156684600004]]], [[[107.09505326700008, 20.773935738000034], [107.09625035400006, 20.773327704000053], [107.09529865500008, 20.772856873000023], [107.09505326700008, 20.773935738000034]]], [[[107.13630816300008, 20.776118438000026], [107.13434409900009, 20.773492119000025], [107.13143498900007, 20.776161228000035], [107.13630816300008, 20.776118438000026]]], [[[107.09939734500006, 20.782830199000045], [107.10056935200004, 20.783959715000037], [107.10156393100004, 20.78124139600004], [107.09939734500006, 20.782830199000045]]], [[[107.12829567600005, 20.807352796000032], [107.12369553200006, 20.768826213000068], [107.11265900600006, 20.80670609200007], [107.12468523600006, 20.798848645000078], [107.12829567600005, 20.807352796000032]]], [[[107.10385966900009, 20.78725390900007], [107.10425931800006, 20.789473694000037], [107.10607893800005, 20.787657481000053], [107.10385966900009, 20.78725390900007]]], [[[107.10188411900003, 20.78910009200007], [107.10139067600005, 20.79097506100004], [107.10503803200004, 20.790029568000023], [107.10188411900003, 20.78910009200007]]], [[[107.10136463500004, 20.803391111000053], [107.10350881800008, 20.80700794300003], [107.10428765400007, 20.805688752000037], [107.10136463500004, 20.803391111000053]]], [[[107.12031166000008, 20.809062475000076], [107.12107801700006, 20.805854241000077], [107.11564074700004, 20.81153193700004], [107.12031166000008, 20.809062475000076]]], [[[107.11945913800008, 20.81191637300003], [107.12225973800008, 20.811069350000025], [107.12210138200004, 20.809421100000066], [107.11945913800008, 20.81191637300003]]], [[[107.09975647600004, 20.81431969600004], [107.10470256100007, 20.808870340000055], [107.09986785500007, 20.811097244000052], [107.09975647600004, 20.81431969600004]]], [[[107.12172216600004, 20.81323384800004], [107.12374212900005, 20.812650364000035], [107.12423064300003, 20.810841869000058], [107.12172216600004, 20.81323384800004]]], [[[107.12728198400004, 20.81094597200007], [107.13055788700007, 20.81231404700003], [107.12861050600009, 20.809931104000043], [107.12728198400004, 20.81094597200007]]], [[[107.11364819800008, 20.816024636000066], [107.11788580300004, 20.81350982600003], [107.11455804500008, 20.813398584000026], [107.11364819800008, 20.816024636000066]]], [[[107.12349452900008, 20.818136975000073], [107.12373888000008, 20.81435127000003], [107.12216039700007, 20.81556405300006], [107.12349452900008, 20.818136975000073]]], [[[107.08786102200008, 20.83083969100005], [107.08791945700005, 20.825759692000076], [107.08618873700004, 20.828981562000024], [107.08786102200008, 20.83083969100005]]], [[[107.08198354600006, 20.82976709600007], [107.07363870500006, 20.83856280400005], [107.08750721500007, 20.833220663000077], [107.08198354600006, 20.82976709600007]]], [[[107.10872917700004, 20.838046974000065], [107.11076901600006, 20.83774770800005], [107.11017047000007, 20.83670866700004], [107.10872917700004, 20.838046974000065]]], [[[107.11686525100004, 20.842325390000042], [107.12012732000005, 20.833246176000046], [107.11289578300006, 20.84035626000008], [107.11686525100004, 20.842325390000042]]], [[[107.10937320900007, 20.842349324000054], [107.10861571800007, 20.841337156000066], [107.10785372700008, 20.841894714000034], [107.10937320900007, 20.842349324000054]]], [[[107.11097861200005, 20.833998371000064], [107.08347016400006, 20.84130239800004], [107.09590870500006, 20.85801086500004], [107.11097861200005, 20.833998371000064]]], [[[107.12189004000004, 20.84383890600003], [107.12358164900007, 20.844655584000066], [107.12288677400005, 20.843777248000038], [107.12189004000004, 20.84383890600003]]], [[[107.07705573800007, 20.846906055000034], [107.07765413000004, 20.84838469500005], [107.07830598900006, 20.846442654000043], [107.07705573800007, 20.846906055000034]]], [[[107.12339412800009, 20.84931651200003], [107.12535380400004, 20.848813003000032], [107.12259526600008, 20.847640280000064], [107.12339412800009, 20.84931651200003]]], [[[107.08383074700004, 20.849795604000064], [107.08460636500007, 20.851366506000033], [107.08530933800006, 20.849494612000058], [107.08383074700004, 20.849795604000064]]], [[[107.10986277700005, 20.85538328900003], [107.11657480500008, 20.855264918000046], [107.11963753000003, 20.85047576200003], [107.10986277700005, 20.85538328900003]]], [[[107.10288953300005, 20.855600409000033], [107.10292085900005, 20.851740122000024], [107.09991411900006, 20.85428117500004], [107.10288953300005, 20.855600409000033]]], [[[107.09233217100007, 20.860627945000033], [107.09221452800006, 20.858510799000044], [107.09115667200007, 20.85928898000003], [107.09233217100007, 20.860627945000033]]], [[[107.08792508900007, 20.860037981000062], [107.08511423300007, 20.857930731000067], [107.08396599500009, 20.861350832000028], [107.08792508900007, 20.860037981000062]]], [[[107.09171675500005, 20.862141768000072], [107.09216349500008, 20.86373063900004], [107.09467376700007, 20.860982324000076], [107.09171675500005, 20.862141768000072]]], [[[107.08790068500008, 20.865492451000023], [107.08245520100007, 20.864866448000043], [107.08251360000008, 20.86628698100003], [107.08790068500008, 20.865492451000023]]], [[[107.14704742200007, 20.613592734000065], [107.15064108900003, 20.61597144800004], [107.15092070400004, 20.61321778100006], [107.14704742200007, 20.613592734000065]]], [[[107.20471479000008, 20.61405874700006], [107.20402408800004, 20.61815525800006], [107.20908767400005, 20.613664564000032], [107.20471479000008, 20.61405874700006]]], [[[107.14268529600008, 20.619377986000075], [107.13624117500007, 20.620165719000056], [107.13920013100005, 20.62061921700007], [107.14268529600008, 20.619377986000075]]], [[[107.13514734100005, 20.621678683000027], [107.13660267600005, 20.62259758600004], [107.13795171000004, 20.62152823300005], [107.13514734100005, 20.621678683000027]]], [[[107.13448631200004, 20.625197796000066], [107.13690235100006, 20.624078779000058], [107.13462180600004, 20.622446006000075], [107.13448631200004, 20.625197796000066]]], [[[107.15598094700005, 20.629594729000075], [107.16006702300007, 20.620282306000036], [107.15389105000008, 20.625491754000052], [107.15598094700005, 20.629594729000075]]], [[[107.16077604800006, 20.626863894000053], [107.16000596000003, 20.627816017000043], [107.16184451100008, 20.627782714000034], [107.16077604800006, 20.626863894000053]]], [[[107.15074212000007, 20.737198036000052], [107.15084438200006, 20.73495703100002], [107.14881816500008, 20.735611259000052], [107.15074212000007, 20.737198036000052]]], [[[107.15510545300003, 20.737987634000035], [107.15300308600007, 20.738945440000066], [107.15280022500008, 20.740692987000045], [107.15510545300003, 20.737987634000035]]], [[[107.15824309600004, 20.740235032000044], [107.15758387000005, 20.743927168000027], [107.16066948600007, 20.74211640900006], [107.15824309600004, 20.740235032000044]]], [[[107.14819810100005, 20.741918595000072], [107.14654894600005, 20.741755542000078], [107.14739085200006, 20.74353834300007], [107.14819810100005, 20.741918595000072]]], [[[107.15032007900004, 20.745231920000037], [107.15108196500006, 20.74419051500007], [107.14964096800009, 20.74264809600004], [107.15032007900004, 20.745231920000037]]], [[[107.14434247100007, 20.749536763000037], [107.14708557300008, 20.748471361000043], [107.14589128200004, 20.74732935000003], [107.14434247100007, 20.749536763000037]]], [[[107.13588127100007, 20.748416674000055], [107.14593051800006, 20.743820690000064], [107.12633024200005, 20.751269861000026], [107.13896599000009, 20.76195982400003], [107.13566484000006, 20.765061950000074], [107.14375288600007, 20.767109075000064], [107.13588127100007, 20.748416674000055]]], [[[107.14492111900006, 20.755288635000056], [107.14972786000004, 20.756190900000036], [107.14664409900007, 20.752051952000045], [107.14492111900006, 20.755288635000056]]], [[[107.14617503000005, 20.760861136000074], [107.15420223000007, 20.75333531800004], [107.15304602900005, 20.749751995000054], [107.15279498400008, 20.753385734000062], [107.14617503000005, 20.760861136000074]]], [[[107.14484442800006, 20.771661935000054], [107.14391936300007, 20.770365861000073], [107.14442959900003, 20.773248332000037], [107.14484442800006, 20.771661935000054]]], [[[107.13967249500007, 20.784389485000077], [107.13843976300006, 20.787466790000053], [107.14211312900005, 20.78402621600003], [107.13967249500007, 20.784389485000077]]], [[[107.13792108500007, 20.790901243000064], [107.13878408300008, 20.789259698000023], [107.13722378500006, 20.789212595000038], [107.13792108500007, 20.790901243000064]]], [[[107.13428094200003, 20.80378828100004], [107.13627650100005, 20.80521236900006], [107.13504426400004, 20.803199187000075], [107.13428094200003, 20.80378828100004]]], [[[107.13524929000005, 20.82079262900004], [107.13688603000008, 20.820519404000038], [107.13640140900009, 20.819146310000065], [107.13524929000005, 20.82079262900004]]], [[[107.14313046300003, 20.826666481000075], [107.14446192500009, 20.822932828000035], [107.14112022800003, 20.825664174000053], [107.14313046300003, 20.826666481000075]]], [[[107.13789337300005, 20.829693526000028], [107.13941454600007, 20.834811840000043], [107.14081078100008, 20.833373996000034], [107.13789337300005, 20.829693526000028]]], [[[107.16352869400004, 20.928779078000048], [107.15462617900005, 20.931054794000033], [107.16466988400003, 20.934566879000045], [107.16352869400004, 20.928779078000048]]], [[[107.15341220300007, 20.932543550000048], [107.14887525800003, 20.929931012000054], [107.15007803200007, 20.934441812000046], [107.15341220300007, 20.932543550000048]]], [[[107.17105486600008, 20.93376631800004], [107.17016970700007, 20.934132755000064], [107.17229218600005, 20.93721653700004], [107.17105486600008, 20.93376631800004]]], [[[107.14413628900007, 20.93596586800004], [107.15034359300006, 20.937845527000036], [107.14780680400008, 20.931037805000074], [107.14413628900007, 20.93596586800004]]], [[[107.18684893500006, 20.93632880000007], [107.19224555300008, 20.938313270000037], [107.18988036900004, 20.934801186000072], [107.18684893500006, 20.93632880000007]]], [[[107.19989049600008, 20.93791710200003], [107.19295436700008, 20.934932068000023], [107.19492932000009, 20.940422675000036], [107.19989049600008, 20.93791710200003]]], [[[107.19093328000008, 20.941583046000062], [107.16621543900004, 20.937776702000065], [107.17319320900003, 20.943178078000074], [107.17305401000004, 20.946256307000056], [107.19093328000008, 20.941583046000062]]], [[[107.19384169500006, 20.94226867800006], [107.19128377500004, 20.944564858000035], [107.19322898400009, 20.94521326100005], [107.19384169500006, 20.94226867800006]]], [[[107.16452205600007, 20.94409992100003], [107.16725843600005, 20.94020355300006], [107.16555712200005, 20.93988232600003], [107.16452205600007, 20.94409992100003]]], [[[107.15934943700006, 20.940021735000073], [107.15946246200008, 20.944721171000026], [107.16416189700004, 20.945524239000065], [107.15934943700006, 20.940021735000073]]], [[[107.17034578700009, 20.94633066600005], [107.17124998200006, 20.943534799000076], [107.16843032100007, 20.944076126000027], [107.17034578700009, 20.94633066600005]]], [[[107.18730142900006, 20.944637431000046], [107.18738114100006, 20.946088902000042], [107.19053630700006, 20.945660599000064], [107.18730142900006, 20.944637431000046]]], [[[107.18362548500005, 20.944037629000036], [107.18246603000006, 20.944284608000032], [107.18328583500005, 20.947918035000043], [107.18362548500005, 20.944037629000036]]], [[[107.21748714700004, 20.950181436000037], [107.21772271300006, 20.951630528000067], [107.21859359600006, 20.950359896000066], [107.21748714700004, 20.950181436000037]]], [[[107.21440027200003, 20.952919165000026], [107.21648824900007, 20.95005786300004], [107.21293095500005, 20.950224425000044], [107.21440027200003, 20.952919165000026]]], [[[107.23346615100007, 20.95174285400003], [107.23348517900007, 20.95302441800004], [107.23525729800008, 20.951690847000066], [107.23346615100007, 20.95174285400003]]], [[[107.19811374200003, 20.948786436000034], [107.19210208000004, 20.951056063000067], [107.20119755200005, 20.961674146000064], [107.19811374200003, 20.948786436000034]]], [[[107.23179248200006, 20.957661097000027], [107.23310199800005, 20.95790036300008], [107.23301667900006, 20.956249309000043], [107.23179248200006, 20.957661097000027]]], [[[107.20582535100004, 20.94903943500003], [107.21073655800006, 20.965393470000038], [107.21973568000004, 20.965562412000054], [107.20582535100004, 20.94903943500003]]], [[[107.22840475800007, 20.964878792000036], [107.23211671700005, 20.968549110000026], [107.23126011100004, 20.964646794000032], [107.22840475800007, 20.964878792000036]]], [[[107.23401433800007, 20.969149924000078], [107.23505535200007, 20.966175598000063], [107.23300306700008, 20.967746042000044], [107.23401433800007, 20.969149924000078]]], [[[107.22822719100009, 20.97189832600003], [107.22680808000007, 20.97463851300006], [107.23253877400003, 20.97211723600003], [107.22822719100009, 20.97189832600003]]], [[[107.23536933200006, 20.98316594100004], [107.23332299500004, 20.98738948400006], [107.23593445400007, 20.986818414000027], [107.23536933200006, 20.98316594100004]]], [[[107.22764639200005, 20.98799881800005], [107.22921426100004, 20.987442427000076], [107.22857775500006, 20.986431156000037], [107.22764639200005, 20.98799881800005]]], [[[107.73419381600007, 20.123982124000065], [107.71697360800005, 20.128001744000073], [107.74240228100007, 20.14604453900006], [107.73419381600007, 20.123982124000065]]], [[[107.25817225800006, 20.910955607000062], [107.26047915800007, 20.910758413000053], [107.26376989200008, 20.91099262800003], [107.26226783600004, 20.90956785800006], [107.25817225800006, 20.910955607000062]]], [[[107.28412534400007, 20.92836613000003], [107.28309705000004, 20.92772171000007], [107.28135375500005, 20.92918878300003], [107.28412534400007, 20.92836613000003]]], [[[107.29148112200005, 20.938271086000043], [107.28421766200006, 20.939472525000042], [107.28433802300003, 20.94198725700005], [107.29148112200005, 20.938271086000043]]], [[[107.27235282700008, 20.941709218000028], [107.27783093600004, 20.93693306700004], [107.27393252700006, 20.937724615000036], [107.27235282700008, 20.941709218000028]]], [[[107.29116953100004, 20.939379278000047], [107.28917413300007, 20.944977925000046], [107.29794728700006, 20.938646170000027], [107.29116953100004, 20.939379278000047]]], [[[107.26550977500006, 20.94575244600003], [107.26387253500008, 20.947776289000046], [107.26547553800003, 20.947911463000025], [107.26550977500006, 20.94575244600003]]], [[[107.27346918400008, 20.949369174000026], [107.27367186000004, 20.947333145000073], [107.27249734500003, 20.949069290000068], [107.27346918400008, 20.949369174000026]]], [[[107.27037496400004, 20.949879622000026], [107.26742900300007, 20.949168100000065], [107.26949195400005, 20.95104884500006], [107.27037496400004, 20.949879622000026]]], [[[107.26137540900004, 20.951397134000047], [107.25670243800005, 20.948954600000036], [107.25572220700008, 20.950313653000023], [107.26137540900004, 20.951397134000047]]], [[[107.30404656000007, 20.94918909100005], [107.30732568300004, 20.953267750000066], [107.30791811600005, 20.95170097600004], [107.30404656000007, 20.94918909100005]]], [[[107.24630473500008, 20.952192274000026], [107.24694673200008, 20.950445066000043], [107.24537966100007, 20.951263762000053], [107.24630473500008, 20.952192274000026]]], [[[107.24230370300006, 20.952729520000048], [107.24350997300007, 20.950119699000027], [107.24176662100007, 20.95133984000006], [107.24230370300006, 20.952729520000048]]], [[[107.24879443100008, 20.954183320000027], [107.25087522400008, 20.954198654000038], [107.24634594100007, 20.95495677100007], [107.24879443100008, 20.954183320000027]]], [[[107.31071077600006, 20.953856143000053], [107.30903716200004, 20.952518240000074], [107.30805996100008, 20.956992952000064], [107.31071077600006, 20.953856143000053]]], [[[107.30305273300007, 20.956065844000022], [107.30466986500005, 20.954887445000054], [107.30365515000005, 20.953392783000027], [107.30305273300007, 20.956065844000022]]], [[[107.23549487300005, 20.95541922500007], [107.23703565700004, 20.956908704000057], [107.23748337800004, 20.954339207000032], [107.23549487300005, 20.95541922500007]]], [[[107.29892329500007, 20.957730552000044], [107.30098521800005, 20.954082502000063], [107.29749395900006, 20.95541172700007], [107.29892329500007, 20.957730552000044]]], [[[107.28179262200007, 20.95587408700004], [107.28710150900008, 20.95595380000003], [107.29125139400008, 20.959141189000036], [107.28999750400004, 20.956015404000027], [107.28547242000008, 20.954592845000036], [107.28179262200007, 20.95587408700004]]], [[[107.29320378000006, 20.959373956000036], [107.29472132100005, 20.95827435500007], [107.29433770700007, 20.956542984000066], [107.29320378000006, 20.959373956000036]]], [[[107.30110445600008, 20.963454759000058], [107.30044448100006, 20.961904729000025], [107.29939565400008, 20.962648654000077], [107.30110445600008, 20.963454759000058]]], [[[107.30595085800007, 20.95799936900005], [107.30638347100006, 20.971228800000063], [107.31623809700005, 20.95936228100004], [107.30595085800007, 20.95799936900005]]], [[[107.24111734600007, 20.97002505000006], [107.23959473100007, 20.970003161000022], [107.23986574900005, 20.97128140600006], [107.24111734600007, 20.97002505000006]]], [[[107.32567531700005, 20.973479964000035], [107.32300760400005, 20.971232919000045], [107.32295083400004, 20.97350375800005], [107.32567531700005, 20.973479964000035]]], [[[107.28537448100008, 20.97702973300005], [107.28259527100005, 20.97973280100007], [107.28823935200006, 20.976848894000057], [107.28537448100008, 20.97702973300005]]], [[[107.27399305700004, 20.978694979000068], [107.27326748000007, 20.975628979000078], [107.27242975100006, 20.978809193000075], [107.27399305700004, 20.978694979000068]]], [[[107.29013747200008, 20.97962295900004], [107.29640497200006, 20.979066165000063], [107.28992332000007, 20.97820242000006], [107.29013747200008, 20.97962295900004]]], [[[107.27037794200004, 20.982423594000068], [107.26645183100004, 20.978140564000057], [107.26493849400003, 20.98261633000004], [107.27037794200004, 20.982423594000068]]], [[[107.32001933800007, 20.979654665000055], [107.31492253300007, 20.981353600000034], [107.32384551100006, 20.980425610000054], [107.32001933800007, 20.979654665000055]]], [[[107.24533421700005, 20.982090722000066], [107.24259783700006, 20.98340537400003], [107.24446571400006, 20.983304247000035], [107.24533421700005, 20.982090722000066]]], [[[107.28051206600009, 20.982202304000054], [107.27655740200004, 20.983351584000047], [107.27930567900006, 20.98310174100004], [107.28051206600009, 20.982202304000054]]], [[[107.25649032000007, 20.981624348000025], [107.24995632000008, 20.981947954000077], [107.24671073500008, 20.986449895000078], [107.25649032000007, 20.981624348000025]]], [[[107.27645572000006, 20.985159816000078], [107.27434394800008, 20.98605806200004], [107.27981076000003, 20.985617862000026], [107.27645572000006, 20.985159816000078]]], [[[107.34953842900006, 20.984846049000055], [107.34890939900004, 20.986417689000064], [107.35149613000004, 20.984635206000064], [107.34953842900006, 20.984846049000055]]], [[[107.28211749800005, 20.990922305000026], [107.29748881700004, 20.98817402800006], [107.28784010200008, 20.982088556000065], [107.28211749800005, 20.990922305000026]]], [[[107.34402648600008, 20.987010852000026], [107.34728536400007, 20.988498204000052], [107.34716047900008, 20.98678375700007], [107.34402648600008, 20.987010852000026]]], [[[107.24051281400006, 20.98558476200003], [107.23518282100008, 20.99001056000003], [107.24079834900004, 20.990545938000025], [107.24051281400006, 20.98558476200003]]], [[[107.34231275600007, 20.98843408500005], [107.34063331000004, 20.990553633000047], [107.34374913300007, 20.992071818000056], [107.34231275600007, 20.98843408500005]]], [[[107.30792893000006, 20.992880136000053], [107.30937445200004, 20.989834425000026], [107.30435379000005, 20.990506623000044], [107.30792893000006, 20.992880136000053]]], [[[107.35189951000007, 20.99231489600004], [107.35078985200005, 20.99658998800004], [107.35335757200005, 20.993581793000033], [107.35189951000007, 20.99231489600004]]], [[[107.36273078900007, 20.997213286000033], [107.36183359300009, 20.998359674000028], [107.36336564200008, 20.998093106000056], [107.36273078900007, 20.997213286000033]]], [[[108.95117351300007, 24.267309733000047], [108.92643962500006, 24.16852981900007], [108.95178308400006, 24.14297502100004], [109.11942240800005, 24.124234220000062], [109.10246231600007, 24.08625678100003], [109.06025523900007, 24.079338860000064], [109.00994514700005, 23.936423340000033], [108.92002191700004, 23.920914398000036], [108.86973562200006, 23.963448194000023], [108.85174998000008, 23.88691497700006], [108.77556585800005, 23.85717132900004], [108.74587140800008, 23.882133104000047], [108.72056879100006, 23.823457199000075], [108.50953314500003, 23.675327066000023], [108.41647249000005, 23.827773884000067], [108.42411024200004, 24.02916743000003], [108.20768779100007, 23.846861165000064], [108.12804143200009, 23.852533562000076], [108.01347244300007, 23.724105180000038], [107.91777964900007, 23.70788807300005], [107.91471274400004, 23.87434791000004], [107.83403461400007, 23.981277157000022], [107.84844393000009, 24.032188951000023], [107.79246148300007, 24.08168293800003], [107.82270197200006, 24.125673997000035], [107.78284757600005, 24.153784244000065], [107.90322049900004, 24.365734598000074], [107.85080440100006, 24.50955173400007], [107.91313065100007, 24.500199449000036], [107.92698439000009, 24.610942935000025], [108.03102745100006, 24.583127158000025], [108.10636983700005, 24.432872019000058], [108.17543856200007, 24.42708009100005], [108.17824656300007, 24.466494058000023], [108.22003281900004, 24.430376323000075], [108.32077709500004, 24.43141900200004], [108.34862548700005, 24.410619437000037], [108.32610905300004, 24.358369797000023], [108.51148919000008, 24.24755036600004], [108.56398335400007, 24.287574708000022], [108.58790052600006, 24.264329064000037], [108.66301548400008, 24.298585224000078], [108.73600934000007, 24.415529151000044], [108.83434416400007, 24.35636495600005], [108.86064522600009, 24.28928325800007], [108.89665610300005, 24.32868562400006], [108.95117351300007, 24.267309733000047]]]]}}, {"type": "Feature", "properties": {"id": "邕管", "name": "邕管", "color": "#91526b", "owner": "邕管", "units": ["邕"], "label_lon": 108.366, "label_lat": 22.715}, "geometry": {"type": "Polygon", "coordinates": [[[108.43531436700005, 23.037224971000057], [108.59233395300004, 23.04710178700003], [108.58095522700006, 23.12972878000005], [108.61487486900006, 23.129848482000057], [108.69904874400004, 23.106482724000045], [108.80288464700004, 23.000980823000077], [108.81936717100007, 22.971025130000044], [108.78140127300009, 22.905907842000033], [108.82760969200007, 22.75183985900003], [108.77864717600005, 22.686356102000047], [108.84214052400006, 22.54494031200005], [108.70328212300006, 22.45085949500003], [108.55960100500005, 22.418750829000032], [108.48681200700008, 22.278551305000065], [108.39446238700003, 22.28195278900006], [108.25683245800008, 22.214528703000042], [108.14560093800009, 22.294937253000057], [108.07947237400003, 22.384562191000043], [108.06023450200007, 22.489910560000055], [107.95981863000009, 22.599099830000057], [108.06176514500004, 22.640076281000063], [108.10403078000007, 22.70341234600005], [108.00121453900005, 22.681103445000076], [108.00558348300007, 22.80718263700004], [107.92026272000004, 22.87042182500005], [107.76867579400005, 22.90880337400006], [107.72661477800006, 22.962161276000074], [107.89439622300006, 22.988043075000064], [107.96136761700006, 23.05227015400004], [107.93412840900004, 23.12301672800004], [107.96302644100007, 23.138597247000064], [108.17260107900006, 23.079841094000074], [108.18014437400006, 22.952496375000067], [108.43531436700005, 23.037224971000057]]]}}]}