{"type": "FeatureCollection", "_meta": {"topic": "us-civil-war", "year": 1861, "units_source": "us-civil-war_units.geojson", "method": "数据源：geoBoundaries USA ADM1 州界（CC BY 4.0）+ 本项目校订的阵营归属表。**用的是现代州界，不是 1861 年的州界**；西弗吉尼亚 1863 年从弗吉尼亚分出、内华达 1864 年建州按史实处理。本图表达「谁控制哪一块」，不是当年的精确州界。", "units_total": 48, "units_matched": 47, "units_missing": [], "control_sha1": "95a4f1b6046a315b", "gazetteer_sha1": "1a4b6c69e24c135e", "built_from": {"control": "us-civil-war_control.json", "units": "us-civil-war_units.geojson"}}, "features": [{"type": "Feature", "properties": {"id": "邦联", "name": "邦联", "color": "#9c5b52", "owner": "邦联", "units": ["Alabama", "Arkansas", "Florida", "Georgia", "Louisiana", "Mississippi", "North Carolina", "South Carolina", "Tennessee", "Texas", "Virginia"], "label_lon": -90.294, "label_lat": 32.738}, "geometry": {"type": "MultiPolygon", "coordinates": [[[[-97.30605637199994, 26.55749747400006], [-97.37735338899995, 26.558118472000046], [-97.26993436299995, 26.562147476000064], [-97.19287433499994, 26.29000442000006], [-97.15371931899995, 26.06758637400003], [-97.21954134399994, 26.369617436000055], [-97.30605637199994, 26.55749747400006]]], [[[-97.25276135299998, 26.37083543600005], [-97.24955335199996, 26.37360443600005], [-97.25026635199998, 26.369025435000026], [-97.25276135299998, 26.37083543600005]]], [[[-97.25490035399997, 26.41522644500003], [-97.25240535399996, 26.426507448000052], [-97.25169235399994, 26.41522644500003], [-97.25490035399997, 26.41522644500003]]], [[[-97.42311340599997, 26.74071950900003], [-97.41265540399996, 26.75186251200006], [-97.41538940399994, 26.740719510000076], [-97.42311340599997, 26.74071950900003]]], [[[-97.36539340699994, 27.19989160700004], [-97.37086239899998, 26.910861546000035], [-97.27618036399997, 26.565467476000038], [-97.34483838099999, 26.562200474000065], [-97.29463136899994, 26.57570947800008], [-97.39839540399998, 26.86789853700003], [-97.36182841199997, 27.359064640000042], [-97.24008839099997, 27.633313701000077], [-97.21073538299999, 27.624153699000033], [-97.12148636699999, 27.785133735000045], [-97.13539037199996, 27.824553743000024], [-97.056837353, 27.841998749000027], [-97.27507439399994, 27.475421667000035], [-97.36539340699994, 27.19989160700004]]], [[[-97.40434241999998, 27.290209625000045], [-97.40208441999994, 27.310485629000027], [-97.40053941999997, 27.31090762900004], [-97.40434241999998, 27.290209625000045]]], [[[-97.40386642099998, 27.314920630000074], [-97.40660042099995, 27.315659630000027], [-97.40065841999996, 27.325478632000056], [-97.40386642099998, 27.314920630000074]]], [[[-97.31674040499996, 27.477909666000073], [-97.31353140399995, 27.490455669000028], [-97.30449940199998, 27.49551567000003], [-97.31674040499996, 27.477909666000073]]], [[[-97.31400640499999, 27.497518670000034], [-97.31388840499994, 27.50542467200006], [-97.31127340399996, 27.507005672000048], [-97.31400640499999, 27.497518670000034]]], [[[-97.24647539399996, 27.682488711000076], [-97.21554538699996, 27.682831711000063], [-97.23152938899995, 27.640898702000072], [-97.22808838899994, 27.673895709000078], [-97.24647539399996, 27.682488711000076]]], [[[-97.16842837699994, 27.754429728000048], [-97.17270637899998, 27.76084472900004], [-97.16486237699996, 27.763998730000026], [-97.16842837699994, 27.754429728000048]]], [[[-97.20564138899994, 27.807446738000067], [-97.222398393, 27.809653738000065], [-97.19625338599997, 27.81480373900007], [-97.20564138899994, 27.807446738000067]]], [[[-97.18781538399998, 27.812806739000052], [-97.17854638199998, 27.818377741000063], [-97.17747638199995, 27.814593740000078], [-97.18781538399998, 27.812806739000052]]], [[[-97.14776637399996, 27.815855741000064], [-97.15347137599997, 27.82205674200003], [-97.14265637299997, 27.82111074200003], [-97.14776637399996, 27.815855741000064]]], [[[-97.24117439799994, 27.832145742000023], [-97.25222040199998, 27.87122774900007], [-97.23131139599997, 27.828782741000055], [-97.24117439799994, 27.832145742000023]]], [[[-97.13742737299998, 27.849379748000047], [-97.14336937499996, 27.849484748000066], [-97.13873537399996, 27.855788749000055], [-97.13742737299998, 27.849379748000047]]], [[[-97.14539037599997, 27.876590754000063], [-97.14467737599995, 27.880897754000046], [-97.14206237499997, 27.881107755000073], [-97.14539037599997, 27.876590754000063]]], [[[-97.05361035399994, 27.90231476200006], [-97.06097835399999, 27.846321750000072], [-97.12705336999994, 27.841067747000068], [-97.08058636099997, 27.916806764000057], [-97.05361035399994, 27.90231476200006]]], [[[-97.11829436999994, 27.885624756000027], [-97.11342236899998, 27.89213675800005], [-97.11021336799996, 27.88919575700004], [-97.11829436999994, 27.885624756000027]]], [[[-97.10898936699994, 27.892021758000055], [-97.10292836599996, 27.903364760000045], [-97.09722436499999, 27.903469761000053], [-97.10898936699994, 27.892021758000055]]], [[[-97.12970337299998, 27.897493758000053], [-97.12887137299998, 27.90505576000004], [-97.12708837199995, 27.904004760000078], [-97.12970337299998, 27.897493758000053]]], [[[-97.12574537199998, 27.90746076100004], [-97.12503237199996, 27.912921762000053], [-97.12301237199995, 27.912605762000055], [-97.12574537199998, 27.90746076100004]]], [[[-90.92649880599998, 29.049124189000054], [-90.92637580599995, 29.05153419000004], [-90.91553380299996, 29.049874190000025], [-90.92649880599998, 29.049124189000054]]], [[[-90.86814779099996, 29.057204193000075], [-90.84391678399999, 29.05005519200006], [-90.80616077399998, 29.053799194000078], [-90.83434078099998, 29.044928191000054], [-90.86814779099996, 29.057204193000075]]], [[[-90.74090575599996, 29.046799195000062], [-90.71178274899995, 29.06233619900007], [-90.66167473599995, 29.062617200000034], [-90.74090575599996, 29.046799195000062]]], [[[-90.55032170699997, 29.092147210000064], [-90.47006068399998, 29.066884207000044], [-90.42366567099998, 29.060868207000055], [-90.47332568499996, 29.059495206000065], [-90.55032170699997, 29.092147210000064]]], [[[-90.35603365499998, 29.10193921800004], [-90.35181665399995, 29.107530220000058], [-90.34314065099994, 29.106181220000053], [-90.35603365499998, 29.10193921800004]]], [[[-90.37261465899996, 29.11115422000006], [-90.35145965399994, 29.131097225000076], [-90.33958765099999, 29.126723224000045], [-90.34670665299996, 29.11708222200008], [-90.37261465899996, 29.11115422000006]]], [[[-90.34765665499998, 29.17769623500004], [-90.34480765499995, 29.18789423800007], [-90.33803065299998, 29.18942123800008], [-90.34765665499998, 29.17769623500004]]], [[[-91.04013684199998, 29.188694216000044], [-91.03633384099999, 29.190251217000025], [-91.03633384099999, 29.187657216000048], [-91.04013684199998, 29.188694216000044]]], [[[-90.61338272799998, 29.193156231000046], [-90.61873072899994, 29.19533423100006], [-90.61433372799996, 29.196268231000033], [-90.61338272799998, 29.193156231000046]]], [[[-90.41087967299995, 29.202700239000023], [-90.41076067399996, 29.210687241000073], [-90.40778967299997, 29.203945239000063], [-90.41087967299995, 29.202700239000023]]], [[[-95.11062590799997, 29.08668706700007], [-94.87437285599998, 29.289932116000045], [-94.72617881899998, 29.33252213000003], [-95.11062590799997, 29.08668706700007]]], [[[-90.44142168399998, 29.252066249000052], [-90.44439268499997, 29.262537251000026], [-90.43512268199999, 29.25341424900006], [-90.44142168399998, 29.252066249000052]]], [[[-94.91382686499998, 29.269927111000072], [-94.90919286399998, 29.27396911200003], [-94.90919286399998, 29.26982311100005], [-94.91382686499998, 29.269927111000072]]], [[[-94.82327084399998, 29.32392312500008], [-94.81052884199994, 29.35213413100007], [-94.77680083299998, 29.337270129000046], [-94.79843383699995, 29.312421124000025], [-94.82327084399998, 29.32392312500008]]], [[[-94.82184484499999, 29.348269130000062], [-94.82505384599995, 29.354691132000028], [-94.81970584399994, 29.351791131000027], [-94.82184484499999, 29.348269130000062]]], [[[-91.38239594099997, 29.350726241000075], [-91.38171994099997, 29.355776242000047], [-91.37966293999995, 29.35404124200005], [-91.38239594099997, 29.350726241000075]]], [[[-91.38596094299999, 29.382004248000044], [-91.38417894299994, 29.39018525000006], [-91.37942494199996, 29.387493249000045], [-91.38596094299999, 29.382004248000044]]], [[[-91.38382194299999, 29.39505125100004], [-91.37657294099995, 29.401781252000035], [-91.37609694099996, 29.393395250000026], [-91.38382194299999, 29.39505125100004]]], [[[-91.90315209199997, 29.637356286000056], [-91.84301907499997, 29.62774928600004], [-91.77587505499997, 29.56781627500004], [-91.70813603699997, 29.568849278000073], [-91.76826904999996, 29.49036725900004], [-91.82158506299999, 29.473930254000038], [-92.03185612399994, 29.57763526900004], [-91.90315209199997, 29.637356286000056]]], [[[-94.91683387799998, 29.567648173000066], [-94.91956688, 29.588318177000076], [-94.90744587599994, 29.57136917400004], [-94.91683387799998, 29.567648173000066]]], [[[-94.97839289899997, 29.683659195000075], [-94.94773189099999, 29.67023619300005], [-94.94476088799996, 29.61301418100004], [-94.95335088999997, 29.618714182000076], [-94.97839289899997, 29.683659195000075]]], [[[-94.97958089999997, 29.688304195000057], [-94.97518389899994, 29.693982197000025], [-94.97375789799997, 29.689130196000065], [-94.97958089999997, 29.688304195000057]]], [[[-94.71619183399997, 29.727780212000027], [-94.71652083399994, 29.733520214000066], [-94.71444983399994, 29.73299721400008], [-94.71619183399997, 29.727780212000027]]], [[[-89.62414749899995, 30.157390473000078], [-89.68492451199995, 30.07523145300007], [-89.73086552399997, 30.06075344800007], [-89.717683519, 30.02527744100007], [-89.81833254799994, 30.045735442000023], [-89.85231755399997, 29.97765542600007], [-89.81926554299997, 29.933137418000058], [-89.71984851699995, 29.952137425000046], [-89.74494452199997, 29.90791041500006], [-89.66544049799995, 29.862801407000063], [-89.59643447999997, 29.879559413000038], [-89.58009147999996, 29.99046043800007], [-89.49152245799996, 30.037505451000072], [-89.48442845799997, 30.078838460000043], [-89.43043844099998, 30.033801452000034], [-89.37268242599998, 30.049850458000037], [-89.39906543099994, 30.00087344600007], [-89.42996344099998, 30.028863451000063], [-89.45777144699997, 29.998197444000027], [-89.381239425, 29.95949243800004], [-89.37006841899995, 29.892133423000075], [-89.27332039699996, 29.99382544900004], [-89.22788838299994, 29.97048744500006], [-89.23244138299998, 29.930433436000044], [-89.34197441099997, 29.883148422000033], [-89.24119438299994, 29.885118426000076], [-89.27092138999996, 29.852098417000036], [-89.30603739999998, 29.865671419000023], [-89.31239939999995, 29.823630410000078], [-89.34083340899997, 29.849676415000033], [-89.38570742099995, 29.83549241000003], [-89.33646040499997, 29.785172401000068], [-89.29252039399995, 29.79917140500004], [-89.28574738999998, 29.763396397000065], [-89.39470242099998, 29.790157400000055], [-89.43025542799995, 29.712611382000034], [-89.38779941499996, 29.679996376000076], [-89.42421542499994, 29.697643379000056], [-89.44565342899995, 29.651884368000026], [-89.48515244299995, 29.719966382000052], [-89.52489245399994, 29.72657138200003], [-89.50772544799997, 29.692021375000024], [-89.53154745299997, 29.66644936800003], [-89.50049844399996, 29.63415036200007], [-89.56539346199997, 29.659261366000067], [-89.66165348799996, 29.64645536000006], [-89.60127546899997, 29.583617348000075], [-89.68449149299994, 29.624809354000035], [-89.64180747999995, 29.575578345000054], [-89.68346048999996, 29.54927133800004], [-89.52278944199998, 29.45618432200007], [-89.52001443899997, 29.399636310000062], [-89.56129344999994, 29.395217308000042], [-89.33587838799997, 29.38099931100004], [-89.33858738799995, 29.355450306000023], [-89.31209038199995, 29.388043314000072], [-89.30220937899998, 29.369838310000034], [-89.26670536799998, 29.34991930700005], [-89.23537535799994, 29.30432029700006], [-89.18213434499995, 29.337684307000075], [-89.11510932299996, 29.252906290000055], [-89.12200132299995, 29.202088278000076], [-89.02597929699994, 29.21515828400004], [-89.01053029099995, 29.170755275000033], [-89.11178131799994, 29.15996226900006], [-89.03952629699995, 29.135468266000032], [-89.06662230299997, 29.090719255000067], [-89.10370031399998, 29.11667826000007], [-89.14695832399997, 29.070986248000054], [-89.14287131999998, 28.99162823100005], [-89.21867834199998, 29.02252023500006], [-89.25173235399996, 29.083177248000027], [-89.41987039299994, 28.929714208000064], [-89.27863236299999, 29.13764725900006], [-89.29503236999994, 29.198872272000074], [-89.328545379, 29.19057226900003], [-89.35059038199995, 29.129603255000063], [-89.39965339599996, 29.123682252000037], [-89.48284942199996, 29.215058270000043], [-89.63966846799997, 29.290536282000062], [-89.84264652399997, 29.318828282000027], [-89.82214652, 29.356589291000034], [-89.79059450999995, 29.328256286000055], [-89.646798473, 29.376319301000024], [-89.59545945799994, 29.356020298000033], [-89.64741647399995, 29.40986730800006], [-89.64489747299996, 29.389988304000042], [-89.81465951999996, 29.400083301000052], [-89.84355852799996, 29.421682305000047], [-89.81596752199994, 29.46032331400005], [-89.85197553299997, 29.475739316000045], [-89.87954653899999, 29.434544306000078], [-89.99179056999998, 29.450637306000033], [-89.97039956299994, 29.431801303000043], [-90.04200057999998, 29.360670285000026], [-89.97889656199999, 29.346997284000054], [-90.03182057599997, 29.34425628200006], [-90.01864856999998, 29.28679427000003], [-90.07533558599994, 29.296019270000045], [-90.10605559299995, 29.253725260000067], [-90.04093157299997, 29.205501251000044], [-89.95076155099997, 29.26080626600003], [-90.22287461799993, 29.087074219000044], [-90.24806862499997, 29.09662822100006], [-90.23441062299997, 29.12882922800003], [-90.27777863499995, 29.142827230000023], [-90.24533562599999, 29.149677232000045], [-90.28146263699995, 29.156527233000077], [-90.25923963199995, 29.19958824300005], [-90.30534964699996, 29.268447257000048], [-90.35407466199996, 29.30545026300007], [-90.40327367299994, 29.23381624600006], [-90.39293467199997, 29.296641260000058], [-90.440232687, 29.34938027000004], [-90.47909369499996, 29.29218425600004], [-90.59757672799998, 29.30327325500008], [-90.59270472399999, 29.245948243000043], [-90.56180671499999, 29.234956241000077], [-90.61599772999995, 29.23640824000006], [-90.69431274699997, 29.125076213000057], [-90.72996475699995, 29.138052215000073], [-90.83611278299998, 29.06606819600006], [-90.95243281899997, 29.18329921800006], [-91.00827783299997, 29.174341214000037], [-91.03835484299998, 29.210376221000047], [-91.06473684899998, 29.18412921500004], [-91.28832991199994, 29.25574822300007], [-91.33977392799994, 29.30982323300003], [-91.29182691499994, 29.311362235000047], [-91.26545790999995, 29.36098124700004], [-91.23699290299999, 29.371347250000042], [-91.19926388999994, 29.30513923700005], [-91.16277988099995, 29.321304242000053], [-91.16777087899999, 29.23443822200005], [-91.11845286599998, 29.25548722900004], [-91.12629587099997, 29.333426245000055], [-91.21958489899998, 29.397122256000046], [-91.21781989999994, 29.435292265000044], [-91.25787891099998, 29.44530126500007], [-91.33405692999997, 29.391530251000063], [-91.32962992999995, 29.42662025900006], [-91.36426593899995, 29.435435260000077], [-91.32042992899994, 29.478321271000027], [-91.36048993999998, 29.470746268000028], [-91.35761894099994, 29.51299627700007], [-91.46096896699999, 29.46996626400005], [-91.49614197899996, 29.53893627800005], [-91.54138599099997, 29.526332274000026], [-91.55457699899995, 29.635780297000053], [-91.64751002399998, 29.635470294000072], [-91.627902023, 29.74108431700006], [-91.75292105699998, 29.749855315000048], [-91.88075608899999, 29.710844303000044], [-91.85441008299995, 29.734687309000037], [-91.87924809099997, 29.756561313000077], [-91.82602407699994, 29.78240432000007], [-91.83081408099997, 29.82927533000003], [-91.97099211799997, 29.834321326000065], [-91.98287611999996, 29.796171318000063], [-92.14443715899995, 29.716423295000027], [-92.13190515799994, 29.765842306000025], [-92.20331817699997, 29.75340730100004], [-92.16909816499998, 29.700215291000063], [-92.103873148, 29.69915029300006], [-92.13665515499997, 29.667486285000052], [-92.10575714499998, 29.611813274000042], [-92.00890211899997, 29.61294927800003], [-92.32347119899998, 29.531502250000074], [-92.66073929099997, 29.59610725300007], [-93.17693643499996, 29.77049227300006], [-93.68204956599999, 29.746450251000056], [-93.83797760399995, 29.69062423400004], [-93.872093673365, 29.728751006678998], [-93.83773160399994, 29.67902923200006], [-94.09576866999998, 29.66052921900007], [-94.59619279099996, 29.46791716300004], [-94.77869783399996, 29.36148813400007], [-94.77434483499997, 29.399231142000076], [-94.67364181199997, 29.475511162000032], [-94.603351794, 29.48591216600005], [-94.56897978699999, 29.530185176000032], [-94.49328876699997, 29.51357417500003], [-94.47070876299995, 29.55658718500007], [-94.52153877499995, 29.540821180000023], [-94.56097178699997, 29.574439186000063], [-94.77899884099998, 29.53016216900005], [-94.68901782499995, 29.696563207000054], [-94.69602982999999, 29.75755521900004], [-94.75481484599999, 29.781128222000063], [-94.81522586099999, 29.75848321500007], [-94.90104387799994, 29.657594192000033], [-94.99907090599999, 29.709054199000036], [-94.98216089999994, 29.67687019300007], [-95.01519590699996, 29.632456183000045], [-94.98271289699994, 29.60134917700003], [-95.02099690499995, 29.551532166000072], [-94.90947187399996, 29.496843158000047], [-94.95185588299995, 29.467532151000057], [-94.89203386599996, 29.43368614600007], [-94.88982186299995, 29.37820113400005], [-94.86437285599999, 29.37051613400007], [-94.92159986699994, 29.281561113000066], [-94.97241487999997, 29.279982111000038], [-95.04193689499994, 29.205010093000055], [-95.10967491099996, 29.17149908400006], [-95.11276491299998, 29.19567408900008], [-95.15697392399994, 29.19505108800007], [-95.16707492299997, 29.11306207000007], [-95.12384391099994, 29.07064506300003], [-95.38368996899999, 28.870005013000025], [-96.34249019499998, 28.41872089000003], [-96.44285621599994, 28.31767086600007], [-96.81289630099997, 28.094385808000027], [-97.04608734999994, 27.83954374900003], [-97.00247334299996, 27.93995877100008], [-97.04561235299997, 27.931979768000076], [-96.99058933999999, 27.949197773000037], [-96.88006831899997, 28.13107681400004], [-96.82837230499996, 28.113049812000042], [-96.80199029999994, 28.14082281800006], [-96.81696430499994, 28.175084825000056], [-96.70180827699994, 28.199699833000068], [-96.603646256, 28.292558856000028], [-96.44059821699994, 28.342984871000056], [-96.43869621699997, 28.36881687600004], [-96.47125922499998, 28.367561875000035], [-96.41635521299997, 28.413875886000028], [-96.57310425099996, 28.35877787000004], [-96.62040325999999, 28.30396485700004], [-96.66520527199998, 28.309614857000042], [-96.70525428299999, 28.348815864000073], [-96.70656128599995, 28.40457287600003], [-96.81506231599997, 28.475213887000052], [-96.828729319, 28.459960883000065], [-96.76479330099994, 28.412830875000054], [-96.85962732499996, 28.413352873000065], [-96.79188830599998, 28.360345864000067], [-96.80958030699998, 28.290291849000027], [-96.78523329899997, 28.22954483700005], [-96.91305832699999, 28.12044981100007], [-96.90718732599998, 28.14692181600003], [-96.96739134099994, 28.12325381000005], [-96.91801333399997, 28.26937784100005], [-96.96852034499994, 28.219964830000038], [-96.94594133799995, 28.19650582500003], [-96.97969134399995, 28.125365810000062], [-97.02770235699995, 28.15041181400005], [-97.01570035599997, 28.202998825000066], [-97.22283740299997, 28.077352793000045], [-97.12194237499995, 28.02092678400004], [-97.10589937199995, 28.038025788000027], [-97.13525337999994, 28.04788478900008], [-97.02496935499994, 28.11331180600007], [-97.02520735199994, 28.032151789000068], [-97.07508435999995, 27.919358764000037], [-97.079647363, 27.975543776000052], [-97.20148238799999, 27.82079574000005], [-97.224893394, 27.826680741000075], [-97.22097239299995, 27.838450743000067], [-97.24944440199994, 27.876190750000035], [-97.26301740599996, 27.880110751000075], [-97.35506742699994, 27.850151742000037], [-97.33779142399999, 27.883628749000025], [-97.51662946799996, 27.871429742000032], [-97.47208045599996, 27.824158733000047], [-97.37887143299997, 27.835923738000076], [-97.39329843399997, 27.78290972700006], [-97.36836242699997, 27.741687719000026], [-97.24355139399995, 27.689231712000037], [-97.32219840899995, 27.569062685000063], [-97.41444342299997, 27.321572631000038], [-97.54444445399997, 27.28417962000003], [-97.48146944099994, 27.340469633000055], [-97.49359044599998, 27.390601643000025], [-97.61302447199995, 27.285245618000033], [-97.70880949899998, 27.385642636000057], [-97.65488448299999, 27.305107621000047], [-97.74012150199997, 27.267546611000057], [-97.64735047999994, 27.276363615000037], [-97.63113047499996, 27.242234609000036], [-97.54291745199998, 27.229217608000056], [-97.42260042299995, 27.26204961800005], [-97.44157242499995, 27.163837597000054], [-97.41793241599999, 27.070917579000024], [-97.43917042099997, 27.07070957800005], [-97.45690741899995, 26.882581538000068], [-97.41023040699997, 26.874358538000024], [-97.45760741899994, 26.87290153600003], [-97.46029141899999, 26.847291531000053], [-97.412681406, 26.81740652600007], [-97.47861242199997, 26.806679522000024], [-97.46814241699997, 26.71020350200007], [-97.41311939599996, 26.481201455000075], [-97.38055738799994, 26.480563456000027], [-97.28120735699997, 26.280517416000066], [-97.26480735099994, 26.201959400000078], [-97.29059535899995, 26.271140414000058], [-97.32434636799996, 26.27732041400003], [-97.29380435899998, 26.258991411000068], [-97.31674036399994, 26.22402940300003], [-97.29427935499996, 26.105847379000068], [-97.18970032799996, 26.07158637400005], [-97.19568232899996, 26.04656336800008], [-97.14966931799995, 26.064140373000043], [-97.147284314, 25.95332835000005], [-97.28445334799994, 25.95916034800007], [-97.277170346, 25.935442343000034], [-97.37486236899997, 25.908547335000037], [-97.37287136699996, 25.840121320000037], [-97.41002537699995, 25.86208132400003], [-97.42489537999995, 25.840636319000055], [-97.45572538899995, 25.884001328000068], [-97.52176940499999, 25.88646232700006], [-97.66273544499995, 26.038082356000075], [-97.73822446299994, 26.021986350000077], [-97.86128049499996, 26.069931358000076], [-98.02876653599998, 26.066474353000046], [-98.07324954599994, 26.036485346000063], [-98.08050254899996, 26.070936353000036], [-98.19399257599997, 26.053328346000058], [-98.28648360099999, 26.102296354000032], [-98.26626559599998, 26.12072635900006], [-98.30652260599999, 26.104294354000046], [-98.33473261399996, 26.16556336600007], [-98.38721362699994, 26.158324364000066], [-98.44341364299999, 26.223657376000062], [-98.48274765199994, 26.201648370000044], [-98.58755267899994, 26.257820380000055], [-98.66940469799994, 26.23632437300006], [-98.80735573599998, 26.369425397000043], [-98.89674175699997, 26.35333439200008], [-98.92687076599998, 26.394475400000033], [-98.94215976899994, 26.36969139400003], [-99.03172779199997, 26.412968401000057], [-99.08513380499994, 26.398786397000038], [-99.11355381299995, 26.432534403000034], [-99.10503881299996, 26.500339417000077], [-99.17071182999996, 26.540320424000072], [-99.20891484499998, 26.72476546000007], [-99.26862086299997, 26.843217483000046], [-99.44609391199998, 27.023342515000024], [-99.44155691899994, 27.249924561000057], [-99.53777894399997, 27.31607757200004], [-99.50484493699997, 27.33829357700006], [-99.47925893599995, 27.47863960600006], [-99.52832794799997, 27.49890060900003], [-99.51222694699999, 27.568098623000026], [-99.59623896999994, 27.639862635000043], [-99.71151899799997, 27.658369635000042], [-99.81309402699998, 27.773956655000063], [-99.87656104299998, 27.79736365800005], [-99.93182006299998, 27.980971693000072], [-99.99145507799994, 27.994564694000076], [-100.08340110599994, 28.144039720000023], [-100.208067138, 28.19038772600004], [-100.22029214199995, 28.232214734000024], [-100.29140516099994, 28.275401740000063], [-100.36829618799999, 28.477200777000064], [-100.33382217999997, 28.49925678200003], [-100.38886819399994, 28.51575278400003], [-100.39839319899994, 28.584888797000076], [-100.50036222699998, 28.66196480800005], [-100.53583824099996, 28.805892835000066], [-100.64057627099999, 28.914216853000028], [-100.67466428699998, 29.099781887000063], [-100.77265731299997, 29.168496897000068], [-100.81478832699997, 29.26372891400007], [-101.01062237799994, 29.36867392700003], [-101.06015939399998, 29.45866594200004], [-101.25490344299999, 29.520346947000064], [-101.25039144699997, 29.624175967000042], [-101.30554145799994, 29.577929956000048], [-101.30237945999994, 29.64999897000007], [-101.36132047399997, 29.65006796700004], [-101.41559249199997, 29.74653898400004], [-101.40089248899994, 29.770073989000025], [-101.44548549899997, 29.74940198300004], [-101.46164750499997, 29.789838990000078], [-101.53585552099997, 29.758938982000075], [-101.54440052499996, 29.81186099100006], [-101.57495352999996, 29.769858982000073], [-101.64642654599999, 29.75430897700005], [-101.80754458499996, 29.781377976000044], [-101.81828358899998, 29.811625981000077], [-101.82410958999998, 29.787156977000052], [-101.85096659699997, 29.807885979000048], [-101.92933161399998, 29.782580972000062], [-101.97664062699994, 29.815996976000065], [-102.07365464799994, 29.786930967000046], [-102.31539770899997, 29.87992497600004], [-102.36455071899996, 29.845391968000058], [-102.38833171999994, 29.76127095100003], [-102.48726074399997, 29.786589952000043], [-102.54826975599997, 29.744600943000023], [-102.56767176199997, 29.771467947000076], [-102.63015977499998, 29.734319938000056], [-102.67400578599995, 29.744578938000075], [-102.808700806, 29.522323893000078], [-102.83326980699997, 29.41098087100005], [-102.81267480199995, 29.40017787000005], [-102.88437281599994, 29.347733858000026], [-102.90630481699998, 29.26001584100004], [-102.86847680699998, 29.22288383600005], [-102.99632783399994, 29.17826982300005], [-103.03603883999995, 29.09874080700007], [-103.10014285299997, 29.060679798000024], [-103.11533685299997, 28.98527478400007], [-103.283465891, 28.976949776000026], [-103.33087990499996, 29.042963787000076], [-103.38651391699995, 29.021652781000057], [-103.470115938, 29.06619878600003], [-103.55258095999994, 29.157339800000045], [-103.71776599899994, 29.180567799000073], [-103.758558011, 29.232943807000026], [-103.77670701399995, 29.220058804000075], [-103.78405601799994, 29.265471812000044], [-104.03829107799999, 29.32016081300003], [-104.16745211099999, 29.394748822000054], [-104.213006125, 29.484134836000067], [-104.33812215499995, 29.51997183800006], [-104.50903419899998, 29.633286852000026], [-104.56569721799997, 29.77046687400008], [-104.68325425199998, 29.92945589800007], [-104.70597627199999, 30.235005950000073], [-104.85953031499997, 30.390417971000034], [-104.86676732199999, 30.495040989000074], [-104.92294433999996, 30.603853005000076], [-104.97208035099999, 30.61026500400004], [-105.00623136299998, 30.68560401600007], [-105.061586375, 30.68574801400007], [-105.21502641599994, 30.80589802800006], [-105.257950425, 30.79471302500008], [-105.40047145999995, 30.85262202900003], [-105.39987546099997, 30.889079035000066], [-105.55743950199997, 30.99023404500008], [-105.60447651699997, 31.08374905900007], [-105.77326655899998, 31.166902066000034], [-105.95379560999999, 31.364754091000066], [-106.20655367199998, 31.46620409700006], [-106.38104872599996, 31.732115133000036], [-106.45107374299994, 31.76433013600007], [-106.48955174999998, 31.748413131000063], [-106.63593578899997, 31.866240144000074], [-106.61849579399995, 32.00050016600005], [-103.06443199699999, 32.00052332400003], [-103.04193332399996, 36.500445067000044], [-100.00041459299996, 36.49970823900003], [-100.00038944, 34.56051491100004], [-99.92321942199999, 34.57455791700005], [-99.69497835199996, 34.378338894000024], [-99.600034328, 34.37469389900008], [-99.56970432399999, 34.41842390800008], [-99.40296827999998, 34.373486908000075], [-99.36961827799996, 34.45870492500006], [-99.31961426199996, 34.40887491800004], [-99.261329247, 34.403504920000046], [-99.27486624899996, 34.38492791600004], [-99.20691322899995, 34.33828291100008], [-99.18951921599995, 34.214317890000075], [-99.04347917899997, 34.19821389500004], [-98.98730216699994, 34.221228901000075], [-98.75704510299994, 34.12463889500003], [-98.59979706599995, 34.16057690900004], [-98.48633603099995, 34.06260389700003], [-98.416097015, 34.084148904000074], [-98.36562900799998, 34.156998920000035], [-98.16912795599995, 34.11417692200007], [-98.10946994399995, 34.15411693200008], [-98.08976293699999, 34.12821692800003], [-98.12021594099997, 34.072132916000044], [-98.08821092799997, 34.005486906000044], [-97.94573789099996, 33.989844910000045], [-97.984547895, 33.90070889200007], [-97.96778488999996, 33.88243588900008], [-97.83434085499994, 33.85767689100004], [-97.67177982299995, 33.99137592300008], [-97.59042979999998, 33.954109920000064], [-97.58108579399999, 33.899684910000076], [-97.46038376399997, 33.903953917000024], [-97.46286475999995, 33.84177790500007], [-97.42650074899996, 33.81940390300008], [-97.36551473399999, 33.823768906000055], [-97.33246472999997, 33.88425891900005], [-97.32873672699998, 33.855439914000044], [-97.31015072499997, 33.88853792100008], [-97.25663270899997, 33.86329191900006], [-97.21092870099994, 33.91606993100004], [-97.16663668599995, 33.847316920000026], [-97.20352169299997, 33.82183091400003], [-97.19282468699998, 33.76117490300004], [-97.12610966699998, 33.71694689800006], [-97.086202658, 33.74393890500005], [-97.09211966399994, 33.804102915000044], [-97.04815365399998, 33.81746192000003], [-97.08947166599995, 33.84985292400006], [-97.01786464799994, 33.85014792700008], [-96.98134464599997, 33.95638394900004], [-96.97381464299997, 33.93570294500006], [-96.91630762899996, 33.95780395200006], [-96.87528861299995, 33.860510936000026], [-96.79428359299999, 33.86889194100007], [-96.76159558099994, 33.82441193400007], [-96.69958156599995, 33.83905494000004], [-96.66719456299995, 33.91694595600006], [-96.58794154199995, 33.89478995500008], [-96.62929754899994, 33.845493944000054], [-96.526662521, 33.820896944000026], [-96.50027551099998, 33.77258893700008], [-96.42265049199995, 33.77604694100006], [-96.34831346699997, 33.68638492700006], [-96.29371545799995, 33.76941494500005], [-96.17806642799997, 33.76052394900006], [-96.14807742499994, 33.83780496500003], [-96.01960639299995, 33.84057197100003], [-96.00341339099998, 33.872349978000045], [-95.98426038399998, 33.852669975000026], [-95.92956837199995, 33.88500598400003], [-95.83752334599995, 33.83564597900005], [-95.80515633899995, 33.86130998500005], [-95.77056332899997, 33.845274983000024], [-95.75637432799994, 33.89263099300007], [-95.62906229599997, 33.905876001000024], [-95.59383428999996, 33.94303701000007], [-95.55448527899995, 33.928078009000046], [-95.54520427299997, 33.8803], [-95.28930920599998, 33.873109010000064], [-95.21764019399996, 33.96265203100006], [-95.12470716799999, 33.934681029000046], [-95.12204516499997, 33.90480102400005], [-95.08239415599996, 33.92176402900003], [-95.08961415499994, 33.88086302100004], [-95.06569715099994, 33.915972029000045], [-95.04657514299998, 33.86257101900003], [-94.96890212199997, 33.86092202300006], [-94.86930708899996, 33.74587700500007], [-94.82205807599996, 33.733120005000046], [-94.82179007799994, 33.768758012000035], [-94.80008606999996, 33.73338800600004], [-94.76444706299998, 33.760184012000025], [-94.78820906699997, 33.736336007000034], [-94.73498205299995, 33.726118007000025], [-94.73586305099997, 33.691631001000076], [-94.72787404999997, 33.71557100600006], [-94.71342904499994, 33.687369001000036], [-94.64432902799996, 33.70167200700007], [-94.67124103299994, 33.66925599900003], [-94.65257802699995, 33.660360998000044], [-94.58833201199997, 33.685764006000056], [-94.56036000299997, 33.66535800300005], [-94.59083700999997, 33.645568998000044], [-94.548437, 33.66054300300004], [-94.56953000299995, 33.62783799600004], [-94.52229899199995, 33.640595], [-94.52738299199996, 33.61583899500005], [-94.44864397299995, 33.64277200400005], [-94.48588198199997, 33.63787300100006], [-94.43066908599997, 35.39248433500006], [-94.61792621899997, 36.49942052700004], [-90.15248700799998, 36.49795874800003], [-90.13851799899999, 36.41395873300007], [-90.06451997599999, 36.38209173000007], [-90.06398596999998, 36.303044715000055], [-90.31917402499994, 36.08998266200007], [-90.37789603499994, 35.99568964100007], [-89.73310085699995, 36.00061467200004], [-89.59221182799996, 36.15012670800007], [-89.70533386599999, 36.23990472000003], [-89.53475081899995, 36.25258273000003], [-89.62026084799999, 36.323012740000024], [-89.51318382099998, 36.35990375200004], [-89.53923783799996, 36.49794077700005], [-89.48543282299994, 36.49749777900007], [-89.47172381599995, 36.457007772000054], [-89.41728080399997, 36.499017783000056], [-89.30028977199999, 36.507153790000075], [-88.05321041999997, 36.49713584600005], [-88.03249441699995, 36.540668855000035], [-88.07053743699998, 36.67812488000004], [-87.84957237299994, 36.663707887000044], [-87.85320937199998, 36.63325388100003], [-86.50777598899998, 36.65245194600004], [-83.69071816499996, 36.58258805300005], [-81.64690356099999, 36.61192514100003], [-83.67539916199996, 36.60079105700004], [-83.52961612299998, 36.666191076000075], [-83.13639901199997, 36.743095108000034], [-83.072594, 36.85459613300003], [-82.87857294499997, 36.88959214800008], [-82.86753894699996, 36.97752516700007], [-82.72247590899997, 37.04510818600005], [-82.72210091299996, 37.12017520200004], [-82.35095181199995, 37.26708424700007], [-81.96801571499998, 37.53804231700008], [-81.92673970099997, 37.51304731400006], [-81.99607871999996, 37.47153330200007], [-81.93562469899996, 37.43840429800008], [-81.92564669099994, 37.35732328200004], [-81.84995266399994, 37.285234271000036], [-81.75763463499999, 37.274010272000055], [-81.67821360699998, 37.20149026100006], [-81.55360356999995, 37.208450267000046], [-81.49887755699996, 37.258032279000076], [-81.41666653299995, 37.27322128600008], [-81.36215952099997, 37.337694301000056], [-81.22510747299998, 37.234881286000075], [-80.947899394, 37.29587930900004], [-80.84945436699996, 37.34691632400006], [-80.88325138, 37.38394033000003], [-80.85955937499995, 37.42957534000004], [-80.77008534499998, 37.37237033200006], [-80.55203928499998, 37.47357036100004], [-80.51139427399994, 37.48167936400006], [-80.47560425899997, 37.422956354000064], [-80.29979221099995, 37.50827837800006], [-80.28238820799999, 37.53352438400003], [-80.33030922199998, 37.536251383000035], [-80.32850722299997, 37.56432238800005], [-80.22098719499996, 37.62777440600007], [-80.29614122199996, 37.69179041600006], [-80.16220519299998, 37.87512945800006], [-79.99938715099995, 37.99584948900008], [-79.92633313499994, 38.10715851400005], [-79.94484614299995, 38.13159251900004], [-79.91634713799994, 38.18628553100007], [-79.78894810399999, 38.26871055200007], [-79.81015711299995, 38.306714559000056], [-79.725600091, 38.36383557400006], [-79.64907808199996, 38.59152262300006], [-79.53687304499994, 38.55092461900006], [-79.47664102099998, 38.45723560300007], [-79.28297395899995, 38.41810260300008], [-79.21059394099996, 38.49292062000006], [-79.12975992699995, 38.65502465600008], [-79.09295791599999, 38.659524659000056], [-79.05495691199997, 38.78572068500006], [-78.99817389899994, 38.847360700000024], [-78.86927885399996, 38.76299868800004], [-78.78602783599996, 38.88719471600007], [-78.71707881799995, 38.936035729000025], [-78.71864981699997, 38.90456872200008], [-78.680458806, 38.92532072800003], [-78.62567479299997, 38.982582742000034], [-78.60165778399994, 38.96461073900008], [-78.55046977199999, 39.01807275200008], [-78.57190377899997, 39.03200275300003], [-78.40369973599996, 39.167458787000044], [-78.43865374899997, 39.198056792000045], [-78.33928672799993, 39.34861282600008], [-78.36686973699994, 39.359297827000034], [-78.34708973799997, 39.46601984800003], [-77.82815955599995, 39.132336802000054], [-77.73490153799997, 39.31241684200006], [-77.56659848499999, 39.306128847000025], [-77.45768244599998, 39.22502783500005], [-77.51642846099998, 39.17089882200003], [-77.51993145899996, 39.120932812000035], [-77.45820443699995, 39.073730805000025], [-77.24840536899995, 39.02691680400005], [-77.24462336499994, 38.98254279500003], [-77.14818133399996, 38.96500979500007], [-77.04060129399994, 38.87121978000005], [-77.04325628599997, 38.71901874900004], [-77.12200330799999, 38.68582373900006], [-77.13020230799998, 38.635024729000065], [-77.20197132899995, 38.61768272300003], [-77.19433932899994, 38.65275073000004], [-77.23593334199995, 38.66008173000006], [-77.25704634299996, 38.56045770900005], [-77.32262435799998, 38.467138688000034], [-77.31729035099994, 38.38358367100005], [-77.24010032399997, 38.33099566300007], [-77.04152626599995, 38.400193684000044], [-77.01490925399997, 38.33277067200004], [-77.05648526599998, 38.31711966700004], [-76.96215223299998, 38.25649365800007], [-76.96231323099994, 38.214082649000034], [-76.83879718999998, 38.16348364300006], [-76.76024316499996, 38.166588647000026], [-76.73276515499998, 38.13180064100004], [-76.70065114699997, 38.16016364800004], [-76.63971412499995, 38.12198464200003], [-76.64345012799998, 38.14825764700004], [-76.61211511799996, 38.14889764800006], [-76.52084908399996, 38.046001631000024], [-76.55510009399995, 38.024595625000075], [-76.46934506599996, 38.01355162600004], [-76.47310006599997, 37.98489162000004], [-76.23672698699994, 37.88918160800006], [-76.26605899199996, 37.81740759200005], [-76.31219100599998, 37.81412659000006], [-76.31528100499997, 37.78201158300004], [-76.28554799599993, 37.78409458500005], [-76.32205500499998, 37.737007574000074], [-76.30244599599996, 37.69094256500006], [-76.33989400599995, 37.65597355600005], [-76.28007898499999, 37.61515255000006], [-76.36188900999997, 37.60902454600006], [-76.45548204199997, 37.65108155100006], [-76.46870304799995, 37.69573856000005], [-76.51018905799998, 37.642331547000026], [-76.58429208799998, 37.770866571000056], [-76.72614513599996, 37.83623458000005], [-76.87121418899994, 37.98592160600003], [-76.92718720699997, 37.98498560300004], [-76.79456215999994, 37.895198590000064], [-76.72386513199996, 37.78851057000003], [-76.61665909699997, 37.74189456400006], [-76.54266806699997, 37.61686454100004], [-76.43328703299994, 37.61402054400003], [-76.42508902799995, 37.58441253800004], [-76.29803398799999, 37.55987453800003], [-76.36047600499995, 37.51924752700006], [-76.32169799099995, 37.48574552100007], [-76.28816898199995, 37.51412552800008], [-76.26429897299994, 37.476880521000055], [-76.31028998799997, 37.49112052300006], [-76.25241496699994, 37.43659951300003], [-76.27621596699998, 37.31083648600003], [-76.41289501599994, 37.41808750400003], [-76.40985901199997, 37.36868349400004], [-76.46958202999997, 37.37059649200006], [-76.40367800799999, 37.33867048800005], [-76.43856501799996, 37.31381348100007], [-76.35455598999994, 37.272338475000026], [-76.50903703599994, 37.23948646300005], [-76.38663199699994, 37.22784846500008], [-76.41230100099995, 37.16148745000004], [-76.33945197899999, 37.16915845400007], [-76.29928396499997, 37.13013244700005], [-76.27135695399994, 37.087579439000024], [-76.30427395899994, 37.00138542000008], [-76.34066797099996, 37.01525342200006], [-76.42525499499999, 36.96642240800003], [-76.56025704399997, 37.11127543400005], [-76.55711904199995, 37.07623542700003], [-76.62775806599996, 37.12586943500003], [-76.60651106199998, 37.16615344400003], [-76.649871078, 37.22092145400006], [-76.75824411099995, 37.215546449000044], [-76.75047210699995, 37.19010544400004], [-76.87221114899995, 37.26275745500004], [-76.94708016999994, 37.22803844500004], [-76.89835615399994, 37.19917244100003], [-76.80102512399998, 37.20605044600006], [-76.73728210099995, 37.14617143600003], [-76.68658308799996, 37.19727844800008], [-76.66626207399997, 37.05021941800004], [-76.48919001399997, 36.959681405000026], [-76.48336700799996, 36.87816138800008], [-76.39067197999998, 36.89574639500006], [-76.38413597999994, 36.92444240100008], [-76.318060958, 36.88519639500004], [-76.33020896399995, 36.94206840700008], [-76.30128695799993, 36.98730241700008], [-76.09345388899999, 36.908005407000076], [-75.99625385999997, 36.92205441400006], [-75.77251275499998, 36.22944727300006], [-75.53229265899995, 35.778071183000066], [-75.64454070299996, 35.96442422000007], [-75.72983173099993, 36.00729222600006], [-75.70641972599998, 36.03920323400007], [-75.73709073499998, 36.04079123300005], [-75.76726575299995, 36.20498526800003], [-75.85081078399998, 36.31968529000005], [-75.82205177599997, 36.32801529300008], [-75.84332378699997, 36.41996831200004], [-75.89991080699997, 36.48213132300003], [-75.98979383599993, 36.493950323000035], [-76.00262884199998, 36.53712133100004], [-76.03067485099996, 36.53883933100008], [-76.03195184799995, 36.482503319000045], [-75.95628082099995, 36.40084030400004], [-75.92360381199995, 36.42579531000007], [-75.92333380899998, 36.36187029600006], [-75.85597978399994, 36.282524282000054], [-75.86928978599997, 36.24630427300008], [-75.79397675399997, 36.071717238000076], [-75.84778777199995, 36.10199724300003], [-75.92234680199994, 36.24412927100008], [-75.96462281599997, 36.25444027200007], [-75.92465679899993, 36.16359825400008], [-76.01698682899996, 36.18637425600008], [-76.11552686399995, 36.27811727200003], [-76.18540388599996, 36.30110627500005], [-76.08010884899994, 36.19944725600004], [-76.06422684099994, 36.14378224500007], [-76.18754387799999, 36.125449237000055], [-76.27714890899995, 36.190887248000024], [-76.19171787799996, 36.10720423300006], [-76.23372389099995, 36.09786222900004], [-76.45469596399994, 36.192806242000074], [-76.30400691199998, 36.094534226000064], [-76.41119994499996, 36.08070522000003], [-76.51411597199996, 36.00652320000006], [-76.58042799299994, 36.01056119900005], [-76.60681100299996, 36.054192208000075], [-76.65223601599996, 36.03529220200005], [-76.69190002999994, 36.06629720700005], [-76.71890804499998, 36.200985235000076], [-76.67217303499996, 36.271985252000036], [-76.69998104399997, 36.28539825400003], [-76.75345905499995, 36.17669122900003], [-76.68191702299998, 35.989602191000074], [-76.72660103399994, 35.94324118000003], [-76.55380798099998, 35.94016218500008], [-76.39955393599996, 35.982101199000056], [-76.36722892399996, 35.93438919000005], [-76.17052586599993, 35.99453020900006], [-76.05396782999998, 35.987102211000035], [-76.01142281499995, 35.95420820600003], [-76.06537582599998, 35.833868178000046], [-76.03804280799994, 35.64577213800004], [-75.98290079799995, 35.77256816700003], [-75.98605480399993, 35.889000192000026], [-75.92157978699998, 35.93592820500004], [-75.94729579599993, 35.959842209000044], [-75.83628576199999, 35.97050821500005], [-75.78250074399995, 35.93342720900006], [-75.72802372199999, 35.824520187000076], [-75.71717471199997, 35.69365815900005], [-75.77968473099997, 35.68497115500003], [-75.73476371399994, 35.62568214300006], [-75.79725073099996, 35.574283130000026], [-75.89068176099994, 35.60210813300006], [-75.88093675699997, 35.575242127000024], [-75.97838478399996, 35.512969111000075], [-75.96305577799995, 35.49391010700003], [-76.02116779199997, 35.411335087000055], [-76.05848380399993, 35.43360909100005], [-76.07084280499998, 35.37064507700006], [-76.15735782999997, 35.32702606400005], [-76.24981585999996, 35.36773807000003], [-76.27881286799999, 35.34292506400004], [-76.34488788999994, 35.392542072000026], [-76.34155988699996, 35.34234406200005], [-76.41191290799998, 35.34641506000003], [-76.41999391199994, 35.37490906600004], [-76.36152489399996, 35.37374606800006], [-76.39551290799994, 35.431672079000066], [-76.43829591899998, 35.388280069000075], [-76.48083993199998, 35.40455507100006], [-76.47227592799999, 35.371382064000045], [-76.53217894799997, 35.40126106800005], [-76.58708296999998, 35.50890609000004], [-76.48535593899999, 35.50658509300007], [-76.46539093499996, 35.558421105000036], [-76.63794698599997, 35.51296908900008], [-76.59738397199999, 35.48193908400003], [-76.57756096099996, 35.38758306400007], [-76.90604906499993, 35.45936106900007], [-77.05317311399995, 35.53521508000006], [-76.96618208199999, 35.43399606100007], [-76.92502506999995, 35.448809066000024], [-76.65886298399994, 35.341568051000024], [-76.48416792899997, 35.31364505100004], [-76.49815893199997, 35.27956104300006], [-76.46973492299998, 35.28089304400004], [-76.49605192799999, 35.21700202900007], [-76.56545394999995, 35.22923403000004], [-76.52671293599997, 35.18476202100004], [-76.58636995499995, 35.20204902300003], [-76.63414396799999, 35.174271015000045], [-76.53954693799994, 35.154647014000034], [-76.56949494499997, 35.098467001000074], [-76.80360900999995, 34.96378796300007], [-76.98757407099998, 35.06559598000007], [-77.05959109699995, 35.146872995000024], [-76.93575904999994, 34.97313696100008], [-76.76082699399996, 34.915857954000046], [-76.65743596599998, 34.982484972000066], [-76.48416791299996, 34.98813197900006], [-76.46347091099994, 35.07641799900006], [-76.42260889599999, 35.02667899000005], [-76.42284689299998, 34.95073697300006], [-76.38148988199998, 34.97917498000004], [-76.31945586199998, 34.96593098000005], [-76.36413987899994, 35.036603994000075], [-76.25076584199996, 34.981316985000035], [-76.30566985899998, 34.99144298600004], [-76.27952584899998, 34.94138497500006], [-76.34084686699998, 34.933396972000025], [-76.31408885799993, 34.906328967000036], [-76.38220287599995, 34.85697795300007], [-76.40240588399996, 34.886617959000034], [-76.41215088399997, 34.83220494700004], [-76.51411591199997, 34.754325927000025], [-76.51268890899996, 34.720339919000025], [-76.57567492899994, 34.72170791700006], [-76.60443394099997, 34.78985893200007], [-76.61936694099995, 34.704199912000036], [-76.84193200999994, 34.72935891100008], [-77.12586609499994, 34.68524889200006], [-77.30896914399995, 34.54329685400006], [-77.58232621999997, 34.400512814000024], [-77.82921228299995, 34.162624753000046], [-77.96279630899994, 33.84232267700003], [-78.07151034399999, 33.901636687000064], [-78.23952439499999, 33.91577368500003], [-78.71411853299998, 33.80014464300007], [-78.93807859299994, 33.639832600000034], [-79.13544364099994, 33.40387354100005], [-79.19152164699995, 33.17327548800006], [-79.32816168399995, 33.09041246500004], [-79.36229468999994, 33.009093445000076], [-79.52522373999994, 33.03729244600004], [-79.57111075299997, 33.013817439000036], [-79.61761376399994, 32.95273242400003], [-79.57408874999999, 32.93251542100006], [-79.58106075099994, 32.90642341500006], [-79.69811778299999, 32.85133139900006], [-79.72639178999998, 32.806002388000024], [-79.84879982399997, 32.753636372000074], [-79.92320084699998, 32.781819376000044], [-79.92854884699994, 32.75423936900006], [-79.87093282999996, 32.742440369000064], [-79.88558483199995, 32.684874355000034], [-80.00080386199994, 32.605898334000074], [-80.12137089699996, 32.59052932600002], [-80.33244095499998, 32.47811029400003], [-80.47207099699995, 32.49697029400005], [-80.47941199699994, 32.44576028200004], [-80.42232897799994, 32.40154127400007], [-80.45295898399996, 32.32250025500008], [-80.63297303399997, 32.256931234000035], [-80.64479703899997, 32.29150324200003], [-80.73364006599996, 32.319475245000035], [-80.76541907399996, 32.28597823700005], [-80.66916904299995, 32.216789224000024], [-80.90538110499995, 32.051949179000076], [-80.84038108399994, 32.00305017000005], [-80.92135410499998, 31.93873915300003], [-80.94274511199995, 31.963747158000047], [-80.98433912399997, 31.940151151000066], [-80.930148106, 31.90807614600004], [-80.99269312199993, 31.857647132000068], [-81.06525814499997, 31.877101134000043], [-81.07581514599997, 31.829037123000035], [-81.034727133, 31.816429121000056], [-81.07917314399998, 31.762690108000072], [-81.13063715699997, 31.722698097000034], [-81.20357517799994, 31.71945409400007], [-81.13114015599996, 31.695780091000074], [-81.12884815299998, 31.631445076000034], [-81.17186816199995, 31.55896805800006], [-81.26007918799996, 31.548286053000027], [-81.17662216199994, 31.51541504800008], [-81.29427318999996, 31.368602011000064], [-81.26955517799996, 31.258746986000062], [-81.40952621399998, 31.120616950000056], [-81.42047721299997, 31.016708926000035], [-81.49365423199998, 30.977533915000038], [-81.40341220499994, 30.95791991300007], [-81.46006421399994, 30.76991786800005], [-81.42584920099995, 30.700457853000046], [-81.44236819799994, 30.498740805000068], [-81.41438218999997, 30.486709803000053], [-81.25388011599995, 29.77685764100005], [-80.96617900899997, 29.147965500000055], [-80.57424287499998, 28.585344375000034], [-80.52509685699994, 28.459459345000027], [-80.57810787099999, 28.423080335000066], [-80.60427887599997, 28.354851318000044], [-80.57199785899996, 28.111599260000048], [-80.38345779199994, 27.74002917300004], [-80.03136466099994, 26.79634394800007], [-80.15293266599997, 25.671588661000044], [-80.17511867399998, 25.744454679000057], [-80.24912469499998, 25.71338767000003], [-80.33977571599996, 25.50025361400003], [-80.30542670299997, 25.387748586000043], [-80.39812172799998, 25.276790556000037], [-80.41666073099998, 25.19874853500005], [-80.35284371299997, 25.20756553900003], [-80.33216570799993, 25.263035553000066], [-80.36591571899999, 25.285387558000025], [-80.25301768699995, 25.33835057400006], [-80.37144771699997, 25.136993520000033], [-80.66043379499996, 24.89846445300003], [-80.43329873399995, 25.107851512000025], [-80.46550374599997, 25.211759538000024], [-80.65223379999998, 25.192797529000075], [-80.63411279399998, 25.176466525000023], [-80.67371180499998, 25.138301515000023], [-80.67232880499995, 25.174713524000026], [-80.70416281399997, 25.14081251500005], [-80.73230682299999, 25.16762052100006], [-80.72274381899996, 25.145411515000035], [-80.76888483299996, 25.162273519000053], [-80.77805883499997, 25.138214512000047], [-80.78315283699999, 25.165878519000046], [-80.80052884199995, 25.142989513000032], [-80.80854584499997, 25.18443052400005], [-80.94554588399996, 25.12844050700005], [-81.08792992499997, 25.116175500000054], [-81.17204695199996, 25.222280526000077], [-81.12305094199996, 25.37912056700003], [-81.15051094999995, 25.387259568000047], [-81.29033099799994, 25.687510641000074], [-81.38901502899995, 25.78130166300008], [-81.60496809499995, 25.89208168600004], [-81.64608110699999, 25.89728668600003], [-81.68954311799996, 25.852714674000026], [-81.80175115699996, 26.091409731000056], [-81.86898618399994, 26.378652802000033], [-82.05808324399999, 26.548408839000047], [-82.05689524199994, 26.493752826000048], [-82.10567525599998, 26.483934822000037], [-82.14255727099999, 26.64391586100004], [-82.18381628399999, 26.687800871000036], [-82.12579826799998, 26.699540875000025], [-82.08208925399998, 26.65360586500003], [-82.05680425199995, 26.85880191600006], [-82.09848926599994, 26.913102929000047], [-82.06093525599994, 26.949973938000028], [-82.11655327299997, 26.963320940000074], [-82.14792627999998, 26.919460929000024], [-82.18310329099995, 26.935777932000065], [-82.14626227599996, 26.782897895000076], [-82.24989130499995, 26.762950888000034], [-82.26427130799993, 26.720166877000054], [-82.28253631599995, 26.815996900000073], [-82.56006341099999, 27.295105011000032], [-82.74575147199994, 27.538839066000037], [-82.70682445899996, 27.498420057000033], [-82.64134944099999, 27.52551306500004], [-82.51426840999994, 27.70559311200003], [-82.41252638399999, 27.79414613600005], [-82.39215637899997, 27.845517149000045], [-82.40261838399994, 27.88260715800004], [-82.46641740399997, 27.936174169000026], [-82.49112040999995, 27.914505163000058], [-82.47244340199995, 27.822564141000043], [-82.53389241999997, 27.832930142000066], [-82.54595942699996, 27.957646172000068], [-82.68674646999995, 28.030206186000044], [-82.68769746899994, 27.972705172000076], [-82.72585847899995, 27.936225162000028], [-82.62930544999995, 27.908100158000025], [-82.58695143499995, 27.819622138000057], [-82.63982344599998, 27.703912108000054], [-82.71336646699996, 27.703684107000072], [-82.69809446099998, 27.638863091000076], [-82.73499547099993, 27.610844084000064], [-82.74032647599995, 27.718211109000038], [-82.849129512, 27.863205142000027], [-82.81850050899999, 28.048701187000063], [-82.80487350199996, 27.965988168000024], [-82.78606749999994, 28.047950188000073], [-82.83624751499997, 28.09186919700005], [-82.78348249899994, 28.05265218900007], [-82.80454950899997, 28.17609821800005], [-82.75733749699998, 28.228284232000078], [-82.65275847699996, 28.53776330900007], [-82.67771448899998, 28.654836336000074], [-82.65513548299998, 28.68048734300004], [-82.72084150299997, 28.71370334900007], [-82.69007449499998, 28.73656435500004], [-82.69150049699994, 28.792193368000028], [-82.73869851199998, 28.82480137500005], [-82.72789151099994, 28.871256386000027], [-82.68977849999999, 28.88550039000006], [-82.69601650399994, 28.930826401000047], [-82.75716852299996, 28.98595741200006], [-82.76375452799994, 29.05452342800004], [-82.81556954299998, 29.07301343100005], [-82.81390554599994, 29.162507453000046], [-82.99477959899997, 29.17516745100005], [-83.05654561499995, 29.12991443800007], [-83.07726862499999, 29.255336467000063], [-83.16957965299997, 29.290360473000078], [-83.218078672, 29.420497502000046], [-83.29558069499996, 29.436981504000073], [-83.400255728, 29.51724751900008], [-83.40858073599998, 29.667266554000037], [-83.58422578999995, 29.75850857000006], [-83.58683979299997, 29.81894658400006], [-83.63798380999998, 29.88607859800004], [-84.00676092399993, 30.097560636000026], [-84.16788496899994, 30.07142762500007], [-84.20559298199998, 30.11432863400006], [-84.20341697999999, 30.084615627000062], [-84.26226699799997, 30.103729630000032], [-84.27305899899994, 30.06376062000004], [-84.36160302299999, 30.015665607000074], [-84.34175801499998, 29.97026359700004], [-84.43760104299997, 29.988135598000042], [-84.43890804199998, 29.960237591000066], [-84.33862901299995, 29.94649559100003], [-84.34907001399995, 29.89681758000006], [-84.45170904499997, 29.92909058400005], [-84.52181806399994, 29.91408357800003], [-84.88803516099995, 29.722411523000062], [-84.87065315899997, 29.79711854100003], [-84.99326819099997, 29.71496651900003], [-85.35151828999994, 29.66667449700003], [-85.39841130699995, 29.742969513000048], [-85.41797531599997, 29.82886053200008], [-85.41176931499996, 29.85979553900006], [-85.38467430799994, 29.877623544000073], [-85.40970031199998, 29.802358526000035], [-85.35924229299997, 29.679684500000064], [-85.31241927999997, 29.692280504000053], [-85.30279328199998, 29.808869531000028], [-85.40505631599996, 29.938492557000075], [-85.50232534499997, 29.967850561000034], [-85.87814246099998, 30.215624606000063], [-86.38783261199995, 30.377575626000066], [-86.71306670399997, 30.39479362000003], [-87.800565, 30.229370548000077], [-88.02768306299998, 30.22365053900006], [-87.75531898999998, 30.28007756100004], [-87.90634803699999, 30.409385584000063], [-87.93697404899996, 30.483110600000032], [-87.90171604199998, 30.550884616000076], [-87.91935105099998, 30.636065634000033], [-88.01141707899995, 30.685131642000044], [-88.06188209099997, 30.64359163100005], [-88.13858109799997, 30.311993555000072], [-88.19566911399994, 30.32124755500007], [-88.18710911299996, 30.362704565000058], [-88.31152214799994, 30.370211562000065], [-88.33802315699995, 30.404758569000023], [-88.48012219199995, 30.318350546000033], [-88.61226823099997, 30.373408553000047], [-88.72889826199997, 30.34267654300004], [-88.85779130099996, 30.43019355800004], [-88.85774629899998, 30.388091548000034], [-88.99890733799998, 30.387378544000057], [-89.28574941299996, 30.303102516000024], [-89.26873940999997, 30.34059352500003], [-89.33594742999998, 30.37402153000005], [-89.36529043699994, 30.353107524000052], [-89.32255042399999, 30.314901517000067], [-89.41935344799998, 30.25432550100004], [-89.44431245199996, 30.187784485000066], [-89.62414749899995, 30.157390473000078]], [[-87.13603401189037, 34.99844459702658], [-85.60516962299994, 34.98468464700005], [-84.63860827435461, 34.989543568399405], [-87.13603401189037, 34.99844459702658]], [[-85.140735324, 31.857466996000028], [-85.13947123042493, 31.843954066246955], [-85.04931430599999, 32.02270003600006], [-85.140735324, 31.857466996000028]], [[-87.62732797899997, 30.847966690000078], [-87.60151927471085, 30.825913965413463], [-87.62596335487513, 30.855151260782954], [-87.62732797899997, 30.847966690000078]], [[-89.62973250899995, 30.339292512000043], [-89.66189815573314, 30.378985268668256], [-89.64080679777899, 30.30761360796544], [-89.62973250899995, 30.339292512000043]], [[-89.61586149999994, 30.223200488000032], [-89.57110335882574, 30.18163905295798], [-89.6269487865164, 30.26071907988431], [-89.61586149999994, 30.223200488000032]], [[-89.64535182499998, 35.891425655000035], [-89.64845730317718, 35.895289904003754], [-89.74124685199996, 35.90675565400005], [-89.64535182499998, 35.891425655000035]], [[-90.09872492199997, 35.47860155400008], [-90.06827869772879, 35.434934594915724], [-90.06714391199995, 35.46483955300005], [-90.09872492199997, 35.47860155400008]], [[-88.20006936099998, 34.99564054200005], [-90.30403553831097, 35.00973561235239], [-90.30930294799998, 34.99570045000007], [-88.20006936099998, 34.99564054200005]], [[-90.47294519233948, 34.883185102985934], [-90.46007030482752, 34.883026660849005], [-90.46615998399994, 34.89099542300005], [-90.47294519233948, 34.883185102985934]], [[-90.45497397099996, 34.735563392000074], [-90.47873913304528, 34.8765158116701], [-90.48504398799997, 34.869258417000026], [-90.45497397099996, 34.735563392000074]], [[-90.52044053800267, 34.79878374182888], [-90.51549623720962, 34.79176671042985], [-90.51471199199995, 34.801774403000024], [-90.52044053800267, 34.79878374182888]], [[-90.5424418097529, 34.76995116136844], [-90.52711354236922, 34.79530001401305], [-90.547618, 34.78459539800008], [-90.5424418097529, 34.76995116136844]], [[-90.53990661510679, 34.71269926631348], [-90.56225891969841, 34.72431455718217], [-90.56565200099999, 34.721059385000046], [-90.53990661510679, 34.71269926631348]], [[-90.46604696999998, 34.674318380000045], [-90.47279001461808, 34.67782237773142], [-90.5064414081343, 34.64572343853855], [-90.46604696999998, 34.674318380000045]], [[-90.53219398599998, 34.627493368000046], [-90.52843245195943, 34.63015613175325], [-90.53342734228684, 34.63223963805798], [-90.53219398599998, 34.627493368000046]], [[-91.20826906699995, 32.91535999600006], [-91.12120105099996, 33.059172029000024], [-91.16607905999996, 33.00411201600008], [-91.20826906699995, 32.91535999600006]], [[-93.86420585860756, 29.879302270254303], [-93.92799863299996, 29.809645256000067], [-93.9203017336035, 29.79850787386362], [-93.86420585860756, 29.879302270254303]], [[-94.21720490799999, 33.58074300200008], [-94.19640190099994, 33.55512899800004], [-94.19440590199997, 33.57368400200005], [-94.21720490799999, 33.58074300200008]], [[-83.10860989899999, 35.00066574900006], [-83.78522848969838, 34.993833524027416], [-83.10882824731792, 34.99723380029217], [-83.10860989899999, 35.00066574900006]], [[-82.20264703386981, 30.447540528651707], [-82.201419419, 30.485169780000035], [-82.24040643199999, 30.53777579100006], [-82.20264703386981, 30.447540528651707]], [[-82.16519540299998, 30.358040751000033], [-82.16236634310694, 30.358478200029225], [-82.16764301752288, 30.363889920995796], [-82.16519540299998, 30.358040751000033]]], [[[-90.327453645, 29.064431211000056], [-90.31259864199995, 29.075234214000034], [-90.31093564099996, 29.07274121300003], [-90.327453645, 29.064431211000056]]], [[[-90.02464956999995, 29.24107525900007], [-90.01454856799995, 29.250925262000067], [-90.008012566, 29.239519259000076], [-90.02464956999995, 29.24107525900007]]], [[[-90.02690757199997, 29.26004926300004], [-90.02262957099998, 29.267203265000035], [-90.01989656999996, 29.264922265000052], [-90.02690757199997, 29.26004926300004]]], [[[-89.97949055899994, 29.277569269000026], [-89.96689355599995, 29.28264827000004], [-89.96713155599997, 29.271453268000073], [-89.97949055899994, 29.277569269000026]]], [[[-89.94422654999994, 29.271722269000065], [-89.94302154999997, 29.27653427000007], [-89.90659153999997, 29.296642275000067], [-89.94422654999994, 29.271722269000065]]], [[[-89.95793955499994, 29.302475275000063], [-89.959765555, 29.306781276000038], [-89.95698555399997, 29.30366927500006], [-89.95793955499994, 29.302475275000063]]], [[[-89.98159256099996, 29.30880727600004], [-89.97034655899995, 29.316912278000075], [-89.97316855899999, 29.301027274000035], [-89.98159256099996, 29.30880727600004]]], [[[-89.88346853499996, 29.307108278000044], [-89.89024253699995, 29.323894282000026], [-89.86124552899997, 29.31166728000005], [-89.88346853499996, 29.307108278000044]]], [[[-89.30082437899995, 29.37567831100006], [-89.29918437799995, 29.37922031200003], [-89.29697337699997, 29.37511931100005], [-89.30082437899995, 29.37567831100006]]], [[[-89.29868537799996, 29.38151931300007], [-89.29832837799995, 29.385433314000068], [-89.29697337799996, 29.38251331300006], [-89.29868537799996, 29.38151931300007]]], [[[-89.62677447399994, 29.535210336000034], [-89.57519745999997, 29.549891341000034], [-89.564620457, 29.54379134000004], [-89.59967846499995, 29.50759933100005], [-89.62677447399994, 29.535210336000034]]], [[[-89.666110485, 29.550408339000057], [-89.66337648499996, 29.556094340000072], [-89.65791048299997, 29.547100338000064], [-89.666110485, 29.550408339000057]]], [[[-89.63960847799996, 29.555680341000027], [-89.64329247899997, 29.55371634000005], [-89.64103447899998, 29.559092341000053], [-89.63960847799996, 29.555680341000027]]], [[[-89.64364947999997, 29.56405334200008], [-89.63711347799995, 29.569222344000025], [-89.63033947599996, 29.56870534400008], [-89.64364947999997, 29.56405334200008]]], [[[-89.57602946199995, 29.574079347000065], [-89.58050246299996, 29.57949934800007], [-89.56913645999998, 29.575216347000037], [-89.57602946199995, 29.574079347000065]]], [[[-85.22230025399995, 29.679586504000042], [-85.114272224, 29.688663509000037], [-85.07431221199994, 29.673986507000052], [-85.12045822299996, 29.630020495000053], [-85.22230025399995, 29.679586504000042]]], [[[-85.09717221699998, 29.62624749500003], [-84.98150218299998, 29.608647494000024], [-84.78221612999994, 29.69261152000007], [-84.69341210699997, 29.768869540000026], [-84.776958128, 29.69219652000004], [-84.95645617599996, 29.61400249600007], [-85.04507819999998, 29.586996488000068], [-85.09717221699998, 29.62624749500003]]], [[[-89.24890738299996, 29.82316441200004], [-89.24951038299997, 29.828654413000038], [-89.24550438199998, 29.826610413000026], [-89.24890738299996, 29.82316441200004]]], [[[-88.86514827799994, 29.848474430000067], [-88.86271927799999, 29.856789432000028], [-88.86233627799999, 29.846200429000078], [-88.86514827799994, 29.848474430000067]]], [[[-88.87607828299997, 29.875026435000052], [-88.87933828299998, 29.87402843500007], [-88.87531128299997, 29.881954437000047], [-88.87607828299997, 29.875026435000052]]], [[[-88.87048128799995, 30.049217474000045], [-88.81702226899995, 29.934255450000023], [-88.87509627699995, 29.759823410000024], [-88.82825227099994, 29.92072244700006], [-88.87048128799995, 30.049217474000045]]], [[[-89.36026341699994, 29.91989643000005], [-89.35776841699999, 29.934006433000036], [-89.35242041499998, 29.924428431000024], [-89.36026341699994, 29.91989643000005]]], [[[-89.32663240899996, 29.946981437000034], [-89.32223540799998, 29.95418943800007], [-89.31938240699998, 29.948938437000038], [-89.32663240899996, 29.946981437000034]]], [[[-89.33400041199997, 29.95913243900003], [-89.33566341199997, 29.96283844000004], [-89.33221741099999, 29.96242644000006], [-89.33400041199997, 29.95913243900003]]], [[[-89.36168941899996, 29.95171843600008], [-89.36038241999995, 29.979207443000064], [-89.35372741699996, 29.95964643800005], [-89.36168941899996, 29.95171843600008]]], [[[-89.34041741399994, 29.97622244300004], [-89.34742941599995, 29.975192442000036], [-89.34350741499998, 29.981266444000028], [-89.34041741399994, 29.97622244300004]]], [[[-89.33673341399998, 29.987956445000066], [-89.33958541499999, 29.99402944600007], [-89.33673341399998, 29.99423544700005], [-89.33673341399998, 29.987956445000066]]], [[[-89.28991040099999, 29.995161448000033], [-89.29335740199997, 29.994750448000048], [-89.28777140099999, 29.999587449000046], [-89.28991040099999, 29.995161448000033]]], [[[-89.364185422, 30.004218448000074], [-89.35705541999994, 30.006071449000046], [-89.35479741899996, 30.002469448000056], [-89.364185422, 30.004218448000074]]], [[[-89.37844642599998, 30.004218447000028], [-89.37975342699997, 30.014612450000072], [-89.36477942199997, 30.009055449000073], [-89.37844642599998, 30.004218447000028]]], [[[-89.27583139799998, 30.023086455000055], [-89.34216841799997, 30.059177461000047], [-89.18572037999996, 30.157006487000046], [-89.24308439299995, 30.10066847300004], [-89.17573337299996, 30.06278046700004], [-89.21305038099996, 30.02735745800004], [-89.20158937699995, 30.00143445300006], [-89.22950538499998, 30.000438451000036], [-89.24433539099994, 30.05828546400005], [-89.27583139799998, 30.023086455000055]]], [[[-89.42903644499995, 30.12856447300004], [-89.44209844899996, 30.144374476000053], [-89.41769944199996, 30.14368747700007], [-89.42903644499995, 30.12856447300004]]], [[[-88.49352819099994, 30.205950520000044], [-88.41309216899998, 30.20634952300003], [-88.45365917999999, 30.196589520000032], [-88.49352819099994, 30.205950520000044]]], [[[-88.97467732399997, 30.207396505000077], [-88.95177931799998, 30.213452507000056], [-88.94912831699997, 30.212627507000036], [-88.97467732399997, 30.207396505000077]]], [[[-89.15674337499996, 30.230704504000073], [-89.06571834999994, 30.245695511000065], [-89.08838935499995, 30.210096502000056], [-89.15674337499996, 30.230704504000073]]], [[[-88.77008726899999, 30.242904520000025], [-88.71810925499994, 30.252936523000074], [-88.58683621799997, 30.221548521000045], [-88.71494625399998, 30.24372652200003], [-88.77008726899999, 30.242904520000025]]], [[[-88.89350330299999, 30.232227513000055], [-88.88898730199998, 30.239311515000054], [-88.87936129899998, 30.24249451600008], [-88.89350330299999, 30.232227513000055]]], [[[-88.32730714599995, 30.22988753100003], [-88.14114809599994, 30.255029543000035], [-88.12466309299998, 30.283645549000028], [-88.07485907699999, 30.24912454300005], [-88.12494109099998, 30.24771454200004], [-88.106659085, 30.22350653700005], [-88.14981709799997, 30.249993541000038], [-88.32730714599995, 30.22988753100003]]], [[[-88.22465812199994, 30.319891554000037], [-88.22512512199995, 30.321807555000078], [-88.21869911999994, 30.32190855500005], [-88.22465812199994, 30.319891554000037]]], [[[-88.20873811699994, 30.31888355500007], [-88.21121411799999, 30.32225455500003], [-88.21000411799997, 30.323204555000075], [-88.20873811699994, 30.31888355500007]]], [[[-88.57951421999996, 30.32987154500006], [-88.56988521799997, 30.341327548000038], [-88.56777121699997, 30.329561545000047], [-88.57951421999996, 30.32987154500006]]], [[[-88.25566413099995, 30.32409255400006], [-88.25783213199998, 30.342747558000042], [-88.25947513299997, 30.36678356300007], [-88.25566413099995, 30.32409255400006]]], [[[-88.81876728799995, 30.360595544000034], [-88.87438730399998, 30.385126547000027], [-88.82991829099996, 30.371647546000077], [-88.81876728799995, 30.360595544000034]]], [[[-88.33289515499996, 30.389151566000066], [-88.34675015899995, 30.39070756600006], [-88.34124015699996, 30.39174356600006], [-88.33289515499996, 30.389151566000066]]], [[[-88.04504807999996, 30.501194600000076], [-88.02917007599996, 30.51965360500003], [-88.02433507399996, 30.490779598000074], [-88.04504807999996, 30.501194600000076]]], [[[-81.97836616899997, 24.52310033200007], [-81.97121016699998, 24.52765533300004], [-81.96670116499996, 24.523758332000057], [-81.97836616899997, 24.52310033200007]]], [[[-81.92599815399996, 24.52651833300007], [-81.92558715399997, 24.53286733500005], [-81.91772815099995, 24.53052533500005], [-81.92599815399996, 24.52651833300007]]], [[[-82.00645617699996, 24.527441332000024], [-82.00748717699997, 24.53790633500006], [-81.99831117499997, 24.53086733300006], [-82.00645617699996, 24.527441332000024]]], [[[-81.92489515399996, 24.53996833700006], [-81.92133115299998, 24.548484339000026], [-81.91698015199995, 24.546761339000057], [-81.92489515399996, 24.53996833700006]]], [[[-82.14601921799994, 24.548947335000037], [-82.145187218, 24.552515336000056], [-82.14450621699996, 24.549868335000042], [-82.14601921799994, 24.548947335000037]]], [[[-82.16264122299998, 24.549712335000038], [-82.15671422099996, 24.56613433900003], [-82.15642922099994, 24.549111335000077], [-82.16264122299998, 24.549712335000038]]], [[[-81.88823114299998, 24.557776342000068], [-81.88588114299995, 24.56297234400006], [-81.88374614199995, 24.560334343000022], [-81.88823114299998, 24.557776342000068]]], [[[-82.14541021899998, 24.589904345000036], [-82.10133920499999, 24.565501340000026], [-82.13354021399994, 24.550028335000036], [-82.11036720799996, 24.56862034100004], [-82.14541021899998, 24.589904345000036]]], [[[-81.92108515399997, 24.60129435300007], [-81.92308315499997, 24.606629354000063], [-81.91947515399994, 24.605484354000055], [-81.92108515399997, 24.60129435300007]]], [[[-81.46766802299999, 24.60997736400003], [-81.47147402399997, 24.609855364000055], [-81.46904202299999, 24.61315936400007], [-81.46766802299999, 24.60997736400003]]], [[[-82.87365942899999, 24.626473341000064], [-82.86330242599996, 24.628883341000062], [-82.86288942599998, 24.625703341000076], [-82.87365942899999, 24.626473341000064]]], [[[-82.92611744399994, 24.62805534000006], [-82.92429344399994, 24.630831341000032], [-82.91672344199998, 24.63625034200004], [-82.92611744399994, 24.62805534000006]]], [[[-81.44431501699995, 24.632925370000066], [-81.44171901599998, 24.636035371000048], [-81.44087601599995, 24.632975370000054], [-81.44431501699995, 24.632925370000066]]], [[[-81.28081096999995, 24.65562937900006], [-81.26000896399995, 24.674852384000076], [-81.24323495899995, 24.67400238400006], [-81.24476395999994, 24.669206383000073], [-81.28081096999995, 24.65562937900006]]], [[[-81.296897974, 24.65538637900005], [-81.39479800199996, 24.62113936800006], [-81.41254000799995, 24.646736374000056], [-81.50594703499996, 24.65451437400003], [-81.51902803799999, 24.618816365000043], [-81.68524608499996, 24.558680346000074], [-81.81579612299998, 24.562743345000058], [-81.79949811899996, 24.594172353000033], [-81.75283710499997, 24.580238351000048], [-81.72199809699998, 24.60665835800006], [-81.76533910999996, 24.63263036400008], [-81.74565410499997, 24.659886371000027], [-81.44351302099994, 24.81336841600006], [-81.37182499899995, 24.77909340900004], [-81.296897974, 24.65538637900005]]], [[[-81.30325597799998, 24.71403339400007], [-81.32839998599997, 24.750279402000047], [-81.29740397599994, 24.716736394000066], [-81.30325597799998, 24.71403339400007]]], [[[-81.12476392599996, 24.707133395000028], [-81.01692089499994, 24.734680404000073], [-80.93141887099995, 24.774348416000066], [-81.07730291099995, 24.689978392000057], [-81.12476392599996, 24.707133395000028]]], [[[-81.33766998799996, 24.737220399000023], [-81.33362898699994, 24.744235401000026], [-81.33291598699998, 24.73160739700006], [-81.33766998799996, 24.737220399000023]]], [[[-81.31425798199996, 24.750819403000037], [-81.30609997999994, 24.75708340400007], [-81.29896197699998, 24.743649401000027], [-81.31425798199996, 24.750819403000037]]], [[[-81.32400298499994, 24.75956040500006], [-81.32422398499995, 24.767064407000078], [-81.31734798299993, 24.75675440400005], [-81.32400298499994, 24.75956040500006]]], [[[-80.93153387099994, 24.76340241300005], [-80.92600886899999, 24.768948415000068], [-80.92636486899994, 24.765927414000032], [-80.93153387099994, 24.76340241300005]]], [[[-81.29394897599997, 24.77257440900007], [-81.28776097499997, 24.776356410000062], [-81.28573697399997, 24.76824640800004], [-81.29394897599997, 24.77257440900007]]], [[[-81.23005795799997, 24.77686341100008], [-81.22798095699994, 24.781789412000023], [-81.22613795699993, 24.775725411000053], [-81.23005795799997, 24.77686341100008]]], [[[-80.92987987799995, 25.07847249400004], [-80.93157687799999, 25.08064749500005], [-80.92517087699997, 25.080558495000048], [-80.92987987799995, 25.07847249400004]]], [[[-80.93248387899996, 25.109235502000047], [-80.94164488199993, 25.106174501000055], [-80.93531987999995, 25.111096502000066], [-80.93248387899996, 25.109235502000047]]], [[[-81.35562701699996, 25.692520641000044], [-81.34124101299994, 25.712581646000046], [-81.33824501199996, 25.692899641000054], [-81.35562701699996, 25.692520641000044]]], [[[-82.08291824699995, 26.422063808000075], [-82.17292027499997, 26.467662817000075], [-82.22407629299994, 26.602900849000036], [-82.14937126799998, 26.477609820000055], [-82.01391622799997, 26.45206281700007], [-82.08291824699995, 26.422063808000075]]], [[[-82.26248830599997, 26.677606867000065], [-82.24608830299996, 26.706061874000056], [-82.22113229299998, 26.613450852000028], [-82.26248830599997, 26.677606867000065]]], [[[-82.76332247799996, 27.58215107600006], [-82.76149747799997, 27.603082081000025], [-82.75610447599996, 27.576090075000025], [-82.76332247799996, 27.58215107600006]]], [[[-82.57361142499997, 27.631271093000066], [-82.57270142499993, 27.636948094000047], [-82.56918142399996, 27.630536092000057], [-82.57361142499997, 27.631271093000066]]], [[[-82.69506546099996, 27.661589097000046], [-82.69391046099997, 27.66874309900004], [-82.68555845799995, 27.664747098000078], [-82.69506546099996, 27.661589097000046]]], [[[-82.44692739399994, 27.80632713800003], [-82.44312439299995, 27.806958138000027], [-82.44431339299996, 27.80443513800003], [-82.44692739399994, 27.80632713800003]]], [[[-82.44169239299998, 27.823539142000072], [-82.43122438999995, 27.838613146000057], [-82.43222339, 27.822294142000032], [-82.44169239299998, 27.823539142000072]]], [[[-82.41983238699999, 27.842481148000047], [-82.42160338799994, 27.846092148000025], [-82.40489138299995, 27.84990115000005], [-82.41983238699999, 27.842481148000047]]], [[[-82.42428138899999, 27.868222154000023], [-82.43545139299994, 27.884204157000056], [-82.42462538999996, 27.884204158000045], [-82.42428138899999, 27.868222154000023]]], [[[-82.84274651799996, 28.11123020200006], [-82.83224051499997, 28.12906220600007], [-82.83240851499994, 28.106721201000028], [-82.84274651799996, 28.11123020200006]]], [[[-82.85036852199994, 28.172542216000068], [-82.83885551999998, 28.211553226000035], [-82.84057251899998, 28.163089214000024], [-82.85036852199994, 28.172542216000068]]], [[[-82.73671050999997, 28.773715363000065], [-82.74212651199997, 28.803233369000054], [-82.72381850699998, 28.790457367000045], [-82.73671050999997, 28.773715363000065]]], [[[-83.02591560499997, 29.096276431000035], [-83.03405360699998, 29.095552431000044], [-83.03447260699994, 29.099599432000048], [-83.02591560499997, 29.096276431000035]]], [[[-83.06537061599994, 29.095653430000027], [-83.06180561499997, 29.10250743200004], [-83.05993161499998, 29.099665431000062], [-83.06537061599994, 29.095653430000027]]], [[[-83.03447260799999, 29.12181843700006], [-83.02781760599999, 29.127009438000073], [-83.02401460499993, 29.119327437000038], [-83.03447260799999, 29.12181843700006]]], [[[-83.09025662399995, 29.118720435000057], [-83.08260762199995, 29.12892243700003], [-83.08565462299998, 29.120195435000028], [-83.09025662399995, 29.118720435000057]]], [[[-84.57248407499998, 29.828464557000075], [-84.57941007699998, 29.807858552000027], [-84.66791110099996, 29.77790254300004], [-84.57248407499998, 29.828464557000075]]], [[[-83.82903586799995, 29.969830612000067], [-83.82784786799994, 29.972816613000077], [-83.82701586799999, 29.971066612000072], [-83.82903586799995, 29.969830612000067]]], [[[-81.27188518099996, 31.304110997000066], [-81.27716218299997, 31.311220998000067], [-81.27066718099996, 31.310526998000057], [-81.27188518099996, 31.304110997000066]]], [[[-80.90761886399997, 24.768624415000033], [-80.91531286599997, 24.77790441700006], [-80.90876286499997, 24.777608418000057], [-80.90761886399997, 24.768624415000033]]], [[[-80.84849284799998, 24.804717426000025], [-80.79278283199994, 24.84392243700006], [-80.78783283099995, 24.84141343600004], [-80.79453383199996, 24.812054429000057], [-80.84849284799998, 24.804717426000025]]], [[[-80.73517781599998, 24.84882643900005], [-80.69065380399996, 24.88422544900004], [-80.70333480699998, 24.868355445000077], [-80.73517781599998, 24.84882643900005]]], [[[-80.70259280699997, 24.897041452000053], [-80.69806080599994, 24.908873455000048], [-80.69340680499994, 24.899536453000053], [-80.70259280699997, 24.897041452000053]]], [[[-80.66639179699996, 24.91852245800004], [-80.66515679699995, 24.928162461000056], [-80.66083079599997, 24.924032460000035], [-80.66639179699996, 24.91852245800004]]], [[[-80.78689583299996, 24.937548461000063], [-80.783893832, 24.940845462000027], [-80.78267483199994, 24.93933146100005], [-80.78689583299996, 24.937548461000063]]], [[[-80.62388478599996, 24.96367747100004], [-80.62320578599997, 24.958624470000075], [-80.62735978699999, 24.959818470000073], [-80.62388478599996, 24.96367747100004]]], [[[-80.65268779499996, 24.980818475000035], [-80.65022879399999, 24.989508477000072], [-80.64657879299995, 24.987373476000073], [-80.65268779499996, 24.980818475000035]]], [[[-80.66732479899997, 24.98639947600003], [-80.67008779999998, 24.99016947700005], [-80.66674779899995, 24.987246476000053], [-80.66732479899997, 24.98639947600003]]], [[[-80.82976784699997, 24.987686473000053], [-80.82988984699995, 24.994457475000047], [-80.82791184599995, 24.987930473000063], [-80.82976784699997, 24.987686473000053]]], [[[-80.65759679599995, 24.987785476000056], [-80.66182879799999, 24.995277478000048], [-80.65427379599998, 24.99492047800004], [-80.65759679599995, 24.987785476000056]]], [[[-80.72625381699999, 24.996233477000033], [-80.73009581799994, 25.002451479000058], [-80.723689816, 25.005055479000077], [-80.72625381699999, 24.996233477000033]]], [[[-80.62388978699994, 24.998785480000038], [-80.62600478799999, 25.002629481000042], [-80.62278778699994, 25.000001480000037], [-80.62388978699994, 24.998785480000038]]], [[[-80.61414878399995, 25.003223481000077], [-80.61553378499997, 25.00778148200004], [-80.61275378399995, 25.006664482000076], [-80.61414878399995, 25.003223481000077]]], [[[-80.73590381999998, 25.00181447800003], [-80.74009182099996, 25.008396480000044], [-80.73851282099997, 25.011221481000064], [-80.73590381999998, 25.00181447800003]]], [[[-80.78923483599993, 25.023186483000075], [-80.78630383499996, 25.026560484000072], [-80.78523483399994, 25.024760483000023], [-80.78923483599993, 25.023186483000075]]], [[[-80.63422978999995, 25.02430148600007], [-80.63415479099996, 25.028122487000076], [-80.63163078999997, 25.02546748700007], [-80.63422978999995, 25.02430148600007]]], [[[-80.68706780599996, 25.027201486000024], [-80.68205580499995, 25.030724487000043], [-80.68211380399998, 25.02531848500007], [-80.68706780599996, 25.027201486000024]]], [[[-80.86534485799996, 25.029955483000037], [-80.86260285699996, 25.033964484000023], [-80.86089785699994, 25.031063483000025], [-80.86534485799996, 25.029955483000037]]], [[[-80.67623980299999, 25.030994487000044], [-80.67806380399998, 25.035266488000048], [-80.67373180199996, 25.03292048800006], [-80.67623980299999, 25.030994487000044]]], [[[-80.75830882699995, 25.028931485000044], [-80.75453282599995, 25.039609488000053], [-80.74942482399996, 25.027651485000035], [-80.75830882699995, 25.028931485000044]]], [[[-80.64634079399997, 25.03316348800007], [-80.64853479499999, 25.03236048800005], [-80.64586279399998, 25.036279489000037], [-80.64634079399997, 25.03316348800007]]], [[[-80.66840880099994, 25.03353148800005], [-80.66464279999997, 25.037158489000035], [-80.66403179899999, 25.033647488000042], [-80.66840880099994, 25.03353148800005]]], [[[-80.64423879399999, 25.046942492000028], [-80.64477979399999, 25.052812493000033], [-80.64114379299997, 25.049798493000026], [-80.64423879399999, 25.046942492000028]]], [[[-80.90227586899994, 25.049317487000053], [-80.90495786999998, 25.05165248800006], [-80.90177886899994, 25.05221848800005], [-80.90227586899994, 25.049317487000053]]], [[[-80.69448280899996, 25.050075492000076], [-80.69563780899995, 25.06208849500007], [-80.69264580799995, 25.060090494000065], [-80.69448280899996, 25.050075492000076]]], [[[-80.88536186399995, 25.058099490000075], [-80.88481686399996, 25.06120349100007], [-80.88358486399994, 25.059882490000064], [-80.88536186399995, 25.058099490000075]]], [[[-80.61337778499995, 25.068719498000064], [-80.60553278299994, 25.070362499000055], [-80.60946678399995, 25.055950495000047], [-80.61337778499995, 25.068719498000064]]], [[[-80.72799181899995, 25.06262249400004], [-80.73432382099998, 25.072161496000035], [-80.72820581899998, 25.070897496000043], [-80.72799181899995, 25.06262249400004]]], [[[-80.79230283799996, 25.067928494000057], [-80.78867583699997, 25.07103849500004], [-80.78752183599994, 25.06868149400003], [-80.79230283799996, 25.067928494000057]]], [[[-80.79112583799997, 25.09147450000006], [-80.78567283599995, 25.092480501000068], [-80.78767483699994, 25.08912250000003], [-80.79112583799997, 25.09147450000006]]], [[[-80.72606681899998, 25.08941050100003], [-80.72486581899994, 25.099329504000025], [-80.72001081699995, 25.09653150300005], [-80.72606681899998, 25.08941050100003]]], [[[-80.68042280599997, 25.099286504000077], [-80.67450280399999, 25.10411050600004], [-80.66693480199996, 25.095966504000046], [-80.68042280599997, 25.099286504000077]]], [[[-80.69722481099996, 25.098330504000046], [-80.70015981199998, 25.101451505000057], [-80.70089481199994, 25.10807350600004], [-80.69722481099996, 25.098330504000046]]], [[[-80.64913679599994, 25.078274500000077], [-80.63748479399999, 25.137280515000043], [-80.64064579399997, 25.07337749900006], [-80.64913679599994, 25.078274500000077]]], [[[-80.91106987299997, 25.10195550000003], [-80.91202287299996, 25.11032950300006], [-80.90781687199996, 25.102901501000076], [-80.91106987299997, 25.10195550000003]]], [[[-80.84975985499995, 25.108477503000074], [-80.85147385599998, 25.10774050300006], [-80.85037785599997, 25.110723504000077], [-80.84975985499995, 25.108477503000074]]], [[[-80.87607886299998, 25.110880503000033], [-80.88135086499994, 25.11840350500006], [-80.87929086399998, 25.118920505000062], [-80.87607886299998, 25.110880503000033]]], [[[-80.83086084999997, 25.11524050500003], [-80.83230085099996, 25.121703507000063], [-80.82865984899996, 25.114965505000043], [-80.83086084999997, 25.11524050500003]]], [[[-80.67590680499995, 25.114513508000073], [-80.68407680699994, 25.122950510000067], [-80.67948180599996, 25.12318151100004], [-80.67590680499995, 25.114513508000073]]], [[[-80.70090581199997, 25.11582450800006], [-80.69454380999997, 25.122256510000057], [-80.69441580999995, 25.119945509000047], [-80.70090581199997, 25.11582450800006]]], [[[-80.78670583699994, 25.124427509000043], [-80.78927083799994, 25.13204051100007], [-80.78118483599997, 25.122031508000077], [-80.78670583699994, 25.124427509000043]]], [[[-80.70601981399994, 25.128908511000077], [-80.71113781599996, 25.143058515000064], [-80.69964981199996, 25.125723511000047], [-80.70601981399994, 25.128908511000077]]], [[[-80.90540887199995, 25.132566508000025], [-80.90423387199996, 25.13743351000005], [-80.90021187099995, 25.13741551000004], [-80.90540887199995, 25.132566508000025]]], [[[-80.76088882999994, 25.14353251400007], [-80.76051182999998, 25.146348515000057], [-80.75884782999998, 25.145272515000045], [-80.76088882999994, 25.14353251400007]]], [[[-80.71463981699998, 25.14656351600007], [-80.71095581599997, 25.14581051600004], [-80.71131181599998, 25.144412515000056], [-80.71463981699998, 25.14656351600007]]], [[[-80.59985578399994, 25.16373652300007], [-80.58663377999994, 25.17144652500008], [-80.58680177999997, 25.16264452300004], [-80.59985578399994, 25.16373652300007]]], [[[-80.61445078799994, 25.175783525000043], [-80.62146979099998, 25.183672527000056], [-80.60984978699997, 25.182411527000056], [-80.61445078799994, 25.175783525000043]]], [[[-80.45578373899997, 25.04835749600005], [-80.44864073699995, 25.05367049700004], [-80.44631373599998, 25.052817497000035], [-80.45578373899997, 25.04835749600005]]], [[[-80.58824877799998, 25.056487495000056], [-80.58269577599998, 25.061173497000027], [-80.58328077599998, 25.05695049600007], [-80.58824877799998, 25.056487495000056]]], [[[-80.55266076799995, 25.062948498000026], [-80.55979176999995, 25.064562498000043], [-80.55584676899997, 25.07221050000004], [-80.55266076799995, 25.062948498000026]]], [[[-80.49238275, 25.07863250300005], [-80.50030975299995, 25.075320502000068], [-80.49625875199996, 25.081813504000024], [-80.49238275, 25.07863250300005]]], [[[-80.51805375799995, 25.082803504000026], [-80.51983575899999, 25.086882505000062], [-80.51048675599998, 25.081798503000073], [-80.51805375799995, 25.082803504000026]]], [[[-80.46883174399994, 25.09203150700006], [-80.47394174499993, 25.093646507000074], [-80.47774474699997, 25.103547510000055], [-80.46883174399994, 25.09203150700006]]], [[[-80.49450075199996, 25.09784350800004], [-80.49079675099995, 25.103544509000074], [-80.48618174899997, 25.108604511000067], [-80.49450075199996, 25.09784350800004]]], [[[-80.56074177099998, 25.10739950900006], [-80.56715977299996, 25.108260509000047], [-80.56763477299995, 25.11912851200003], [-80.56074177099998, 25.10739950900006]]], [[[-80.47501074599995, 25.109788511000033], [-80.48136274799998, 25.114012512000045], [-80.47920774799996, 25.123575515000027], [-80.47501074599995, 25.109788511000033]]], [[[-80.56773377399998, 25.125712513000053], [-80.56495777299995, 25.12787551400004], [-80.56797477399994, 25.122480513000028], [-80.56773377399998, 25.125712513000053]]], [[[-80.50916575699995, 25.131394516000057], [-80.50535875599996, 25.13782851800005], [-80.50773975599998, 25.130964516000063], [-80.50916575699995, 25.131394516000057]]], [[[-80.56194677199994, 25.139574517000028], [-80.56502077299996, 25.149683520000053], [-80.55723577099997, 25.140388517000076], [-80.56194677199994, 25.139574517000028]]], [[[-80.51001275699997, 25.14491552000004], [-80.50829575699998, 25.156800523000072], [-80.50506375599997, 25.14877252100007], [-80.51001275699997, 25.14491552000004]]], [[[-80.57512177599995, 25.148392519000026], [-80.57905277799995, 25.159953522000023], [-80.57293077599996, 25.15674952100005], [-80.57512177599995, 25.148392519000026]]], [[[-80.55586977099995, 25.158181522000064], [-80.55322376999999, 25.16141752300007], [-80.55006076899997, 25.161858523000035], [-80.55586977099995, 25.158181522000064]]], [[[-80.54059076699997, 25.181972528000074], [-80.53563876599998, 25.195101532000024], [-80.53033476399997, 25.187607530000037], [-80.54059076699997, 25.181972528000074]]], [[[-80.29677969899996, 25.325359570000046], [-80.29445069899998, 25.327767571000038], [-80.29355169799999, 25.32446157000004], [-80.29677969899996, 25.325359570000046]]], [[[-80.29500469999994, 25.37671858300007], [-80.30352470299994, 25.380124584000043], [-80.29368069999998, 25.385456585000043], [-80.29500469999994, 25.37671858300007]]], [[[-80.29974370199994, 25.405389590000027], [-80.30196570299995, 25.403005590000078], [-80.30024170199994, 25.406656591000058], [-80.29974370199994, 25.405389590000027]]], [[[-80.17723966899996, 25.518429622000042], [-80.23934368299996, 25.350590578000038], [-80.25860368899998, 25.359615580000025], [-80.17723966899996, 25.518429622000042]]], [[[-80.17706266899995, 25.521708623000052], [-80.17395266899996, 25.52537962400004], [-80.17268266799994, 25.52209162300005], [-80.17706266899995, 25.521708623000052]]], [[[-80.18337691299996, 32.53999531300008], [-80.18465191399997, 32.55336331600006], [-80.17151990999997, 32.54688431500006], [-80.18337691299996, 32.53999531300008]]], [[[-79.55218274599997, 32.98879743400005], [-79.54873674499999, 32.99298443500004], [-79.54522174399995, 32.99072143500007], [-79.55218274599997, 32.98879743400005]]], [[[-79.50310873299998, 33.017569442000024], [-79.50237073299996, 33.020588443000065], [-79.50097273199998, 33.018197443000076], [-79.50310873299998, 33.017569442000024]]], [[[-77.22692912099996, 34.59672386900007], [-77.20240111399994, 34.61284387300003], [-77.17948910799998, 34.62043387600005], [-77.22692912099996, 34.59672386900007]]], [[[-77.16922110499996, 34.62238987600006], [-77.12120909099997, 34.64796888400008], [-77.11037108799997, 34.64515288300004], [-77.16922110499996, 34.62238987600006]]], [[[-76.66548795499995, 34.68974990700008], [-76.58928193099996, 34.671976906000054], [-76.52881690999999, 34.63154289900007], [-76.57055292399997, 34.65829190300008], [-76.66548795499995, 34.68974990700008]]], [[[-77.09851607199994, 34.64689518200004], [-76.82220800299996, 34.704730906000066], [-76.67598795799995, 34.69769690900006], [-76.84739600999995, 34.69081790200005], [-77.09851607199994, 34.64689518200004]]], [[[-76.58155792999997, 34.699103912000055], [-76.56064192399998, 34.71004591500008], [-76.52570291199999, 34.685228911000024], [-76.58155792999997, 34.699103912000055]]], [[[-76.54400391799999, 34.701252914000065], [-76.52189991199998, 34.709654916000034], [-76.51952291099997, 34.70711491600008], [-76.54400391799999, 34.701252914000065]]], [[[-76.53547190999996, 34.591558890000044], [-76.55296491699994, 34.61464389400004], [-76.53223891, 34.61049689400005], [-76.43811788899995, 34.761298931000056], [-76.33753186199993, 34.83881995100006], [-76.53547190999996, 34.591558890000044]]], [[[-76.32262885699998, 34.84810595300007], [-76.07591779199998, 35.06993601000005], [-76.03779377999996, 35.06192101000005], [-76.32262885699998, 34.84810595300007]]], [[[-76.01528177399996, 35.07066201200007], [-75.98224376599995, 35.120446024000046], [-75.77023370399996, 35.18768404600007], [-75.92020974699994, 35.12472302700007], [-76.01528177399996, 35.07066201200007]]], [[[-76.27121486399994, 35.31031205700003], [-76.27418586599998, 35.330189061000056], [-76.26240086099995, 35.31386705800003], [-76.27121486399994, 35.31031205700003]]], [[[-75.52796363099998, 35.22092806100005], [-75.60223965499995, 35.23264306100003], [-75.75613569999996, 35.18956196200003], [-75.59546465399995, 35.269262069000035], [-75.52178363199994, 35.27178407200006], [-75.46901862999994, 35.58668914300006], [-75.52344765599997, 35.77357518200006], [-75.46062262699996, 35.57698214100003], [-75.52796363099998, 35.22092806100005]]], [[[-75.67505570599997, 35.83021119000006], [-75.66335770399996, 35.86984219900006], [-75.72680872699993, 35.935851211000056], [-75.64512169999995, 35.90579520700004], [-75.62045568799994, 35.80926018700006], [-75.67505570599997, 35.83021119000006]]], [[[-75.60216977199997, 37.567114563000075], [-75.69106179499994, 37.47361254000003], [-75.65921278299999, 37.446633536000036], [-75.79844981899998, 37.29629249900006], [-75.81738881899997, 37.19344447700007], [-75.89729983999996, 37.11804445800004], [-75.96570086099996, 37.118146456000034], [-75.94098185199994, 37.09483145200005], [-75.96823485999994, 37.08418844900007], [-76.02575488699995, 37.25741448400004], [-75.94118387699996, 37.56384655100004], [-75.90544886999999, 37.62615256500004], [-75.87728385999998, 37.611656563000054], [-75.89049686599998, 37.64955457000008], [-75.84590985299997, 37.66976557600003], [-75.83768685299998, 37.71299258500005], [-75.79504684099999, 37.72674859000006], [-75.83198585199995, 37.728126589000055], [-75.78732183999995, 37.75710259600004], [-75.81230784999997, 37.79471660300004], [-75.73336882499996, 37.78594160400007], [-75.70938182099997, 37.84584361800006], [-75.67822680999996, 37.83748561700003], [-75.68844681699994, 37.89902862900004], [-75.75689883799998, 37.90156062800003], [-75.71494882699994, 37.93737263600008], [-75.64305080499997, 37.936341639000034], [-75.62434280199994, 37.99421865100004], [-75.24226768499994, 38.027216671000076], [-75.36805471499997, 37.86014863200006], [-75.39746072499997, 37.87552163400005], [-75.35248671199997, 37.889697639000076], [-75.40643972899994, 37.899450639000065], [-75.52088275899996, 37.796694614000046], [-75.58707677399997, 37.68965858900003], [-75.60216977199997, 37.567114563000075]]], [[[-76.41914702699995, 37.59185154000005], [-76.41787802699997, 37.598603541000045], [-76.41736402599997, 37.59166354000007], [-76.41914702699995, 37.59185154000005]]], [[[-75.85779385799998, 37.68340457900007], [-75.86052785899994, 37.693090581000035], [-75.85494185699997, 37.68885958000004], [-75.85779385799998, 37.68340457900007]]], [[[-75.85410985799996, 37.70014358200007], [-75.85078285699996, 37.705502583000055], [-75.84899985599998, 37.70183558300005], [-75.85410985799996, 37.70014358200007]]], [[[-75.89641687599999, 37.80209460200007], [-75.89415887599995, 37.80566260300003], [-75.89177987499994, 37.79618360100005], [-75.89641687599999, 37.80209460200007]]], [[[-75.74049882799994, 37.801249607000045], [-75.73515082599994, 37.80641360800007], [-75.73313082599998, 37.80284560800004], [-75.74049882799994, 37.801249607000045]]], [[[-75.99686090999995, 37.850427609000064], [-75.97354390199996, 37.833543606000035], [-75.98827990499996, 37.80744660000005], [-75.99905490899994, 37.81860360200005], [-75.99686090999995, 37.850427609000064]]], [[[-76.00230291299994, 37.86197761100004], [-76.00420491399996, 37.87051561200008], [-75.99980791199994, 37.860288610000055], [-76.00230291299994, 37.86197761100004]]], [[[-75.90057688299999, 37.89377662100003], [-75.90105188299998, 37.89912262200005], [-75.89879388199995, 37.89762162200003], [-75.90057688299999, 37.89377662100003]]], [[[-76.02843192399996, 37.92050862200006], [-76.04653193099995, 37.95359362800008], [-75.99390691499997, 37.953496630000075], [-76.02843192399996, 37.92050862200006]]]]}}, {"type": "Feature", "properties": {"id": "边界州", "name": "边界州", "color": "#a08a5c", "owner": "边界州", "units": ["Delaware", "Kentucky", "Maryland", "Missouri"], "label_lon": -88.508, "label_lat": 38.161}, "geometry": {"type": "MultiPolygon", "coordinates": [[[[-89.50972782099996, 36.37363275400003], [-89.53182782399995, 36.339252747000046], [-89.62026084799999, 36.323012740000024], [-89.53475081899995, 36.25258273000003], [-89.69857386399997, 36.250597722000066], [-89.59210782699995, 36.135643705000064], [-89.67246884599996, 36.091843693000044], [-89.70693784899998, 36.000987673000054], [-90.37789603499994, 35.99568964100007], [-90.31917402499994, 36.08998266200007], [-90.06398596999998, 36.303044715000055], [-90.06451997599999, 36.38209173000007], [-90.13851799899999, 36.41395873300007], [-90.15248700799998, 36.49795874800003], [-94.61792621899997, 36.49942052700004], [-94.58842044199997, 39.149875991000044], [-94.82379851099995, 39.209880988000066], [-94.83147851699994, 39.25627999500006], [-94.90533654199999, 39.311959], [-94.88503354399995, 39.38980801400004], [-94.94204655999994, 39.38950601100004], [-95.10931161899998, 39.54229202600004], [-95.10323562099995, 39.57779003300004], [-95.04928460799994, 39.58959003800004], [-95.02765160999996, 39.66546105200007], [-94.97132459699998, 39.686417058000075], [-94.96532559999997, 39.73907206800004], [-94.86295057299998, 39.74300107400006], [-94.86965157799995, 39.772901079000064], [-94.93530959599997, 39.77561707500007], [-94.87595158399995, 39.813301085000035], [-94.93977460499997, 39.85193708800006], [-94.92958160599994, 39.888761094000074], [-95.12817365799998, 39.87417208000005], [-95.31527872199996, 40.01207709100004], [-95.41359575099995, 40.038431090000074], [-95.39335475399997, 40.11921910400008], [-95.47920078399994, 40.185659110000074], [-95.47750878899996, 40.24272711900005], [-95.55248081099995, 40.26191111700007], [-95.56216481799999, 40.297366123000074], [-95.65733584399999, 40.31086311900003], [-95.62373583899995, 40.34657412700005], [-95.69997687599994, 40.50528214700006], [-95.65585586899994, 40.546616157000074], [-95.67872587699998, 40.562567158000036], [-95.70859887999995, 40.52155814900004], [-95.75711789399998, 40.525997147000055], [-95.76565290299999, 40.58521515600006], [-94.29482050499996, 40.571348245000024], [-91.72912180099996, 40.61364740500005], [-91.68870678399998, 40.557397398000035], [-91.62007776399997, 40.54082439900003], [-91.57475274299998, 40.46567138900008], [-91.52509672899998, 40.45785239000003], [-91.52461872399994, 40.41077238200006], [-91.41942869099995, 40.378271383000026], [-91.49273370199995, 40.27822436100007], [-91.51032869199997, 40.12800133500008], [-91.49488467899994, 40.03646032000006], [-91.41936664799994, 39.92772430500003], [-91.44639164999995, 39.87040129400003], [-91.36157761799996, 39.787555284000064], [-91.37001561599999, 39.73253127400005], [-91.18194255099996, 39.602684262000025], [-91.15363453799995, 39.548255254000026], [-91.10031352199996, 39.53870225500003], [-91.03827649699997, 39.44844324300004], [-90.72996639299998, 39.25590122600005], [-90.68109236499998, 39.10059720100003], [-90.71359136999996, 39.05557419100006], [-90.65317034099996, 38.91614816900005], [-90.56656331299996, 38.86885416600006], [-90.44008428599994, 38.96737119000005], [-90.25025422799996, 38.91935119100003], [-90.10941318199997, 38.84355518500007], [-90.20991620099994, 38.72605715900005], [-90.18451618399996, 38.61155813900007], [-90.37082521299999, 38.33356107900005], [-90.35390819799994, 38.213862058000075], [-90.11052611399998, 38.02655403600005], [-89.99710907799994, 37.96323203000003], [-89.92509105699997, 37.96002803300007], [-89.97492406799995, 37.92672602500005], [-89.95060005799996, 37.88153301800003], [-89.90183804299994, 37.869829018000075], [-89.84265502999995, 37.90520302700003], [-89.669649973, 37.79992901700007], [-89.66335796699997, 37.75005900800005], [-89.51669092099996, 37.69276900400007], [-89.51772391699996, 37.641223995000075], [-89.47593790199994, 37.593004988000075], [-89.51981391299995, 37.582754984000076], [-89.51705690899996, 37.537284975000034], [-89.42105987099995, 37.387674952000054], [-89.51703788999998, 37.28192692700003], [-89.45883287099997, 37.248667924000074], [-89.45611086499997, 37.18812691200003], [-89.37871583699996, 37.09459289800003], [-89.38394283399998, 37.046447889000035], [-89.27863380099996, 36.98867688300004], [-89.26000879799994, 37.023294891000035], [-89.30829581499995, 37.06837789700006], [-89.25493579999994, 37.07202090000004], [-89.18549677299995, 36.973524885000074], [-89.09901274799995, 36.96139588600005], [-89.18137477799996, 37.046311899000045], [-89.00097373999995, 37.22440794100004], [-88.93175072099996, 37.227599945000065], [-88.56606660599994, 37.07521093300005], [-88.45895357599994, 37.07380293800003], [-88.42440857199995, 37.15243495500005], [-88.51594460699994, 37.28404997600006], [-88.47659760399995, 37.386881997000046], [-88.41311358899998, 37.42447500700007], [-88.36547657399996, 37.40167000500003], [-88.28167255399995, 37.45260301900004], [-88.06784949499996, 37.48587403600004], [-88.15821253499996, 37.664549065000074], [-88.02803550799996, 37.799231097000074], [-87.95259548399997, 37.771749095000075], [-87.90681547399998, 37.80763110400005], [-87.94084448899997, 37.88334511700003], [-87.90479448199994, 37.92489912700006], [-87.83058345699999, 37.87652312100005], [-87.67573541499996, 37.90193713300005], [-87.68069441199998, 37.84062712100007], [-87.64586339999994, 37.82590612000007], [-87.58393038599996, 37.87249213200005], [-87.62839440299996, 37.92757014000006], [-87.59617639799995, 37.97486715100007], [-87.51150436799998, 37.906433142000026], [-87.41333034299998, 37.944721154000035], [-87.16232426299996, 37.84016614600006], [-87.10433924199998, 37.783409138000025], [-87.06591323299995, 37.80759514400006], [-87.03417123099996, 37.906272165000075], [-86.82007617599999, 37.999399193000045], [-86.73146514299998, 37.89434717700004], [-86.64708611899994, 37.908628183000076], [-86.66164211899996, 37.849721171000056], [-86.63827011199999, 37.84272517100004], [-86.59811310199996, 37.86738917800005], [-86.58858610299995, 37.921166189000076], [-86.50662507999994, 37.930726194000044], [-86.52183009299995, 38.03833421400003], [-86.43009606899994, 38.07864522600005], [-86.46325308199994, 38.11928523200004], [-86.40188406299995, 38.10433623200004], [-86.32385204299999, 38.138419243000044], [-86.37743906099996, 38.171386246000054], [-86.35772205699999, 38.19881425300008], [-86.27285202799999, 38.140842245000044], [-86.26720801999994, 38.056805230000066], [-86.17656198999998, 38.010237225000026], [-86.10417196999998, 38.01263422900007], [-86.03819494599998, 37.959595222000075], [-86.02951394599995, 37.99264722800007], [-85.92565891799995, 38.02179123900004], [-85.90387792299998, 38.174149269000054], [-85.82922090899996, 38.276515292000056], [-85.74508188399994, 38.26719729400003], [-85.68356586799996, 38.295476303000044], [-85.60446185599994, 38.44082733400006], [-85.49887082699996, 38.46824934400007], [-85.42244580999994, 38.53293836000006], [-85.45648583099995, 38.68507638800003], [-85.43630382899994, 38.72849139700003], [-85.26849977999996, 38.740172407000045], [-85.17305274799998, 38.68802940100005], [-84.99193170199999, 38.77854442700004], [-84.81288164899996, 38.78609443700003], [-84.82996265799994, 38.83063944500003], [-84.78523864799996, 38.88044645600007], [-84.87703367799998, 38.909023457000046], [-84.82986166799998, 38.96939247100005], [-84.89691569499996, 39.05748148500004], [-84.75445365999997, 39.14666550800007], [-84.62011661399998, 39.073464501000046], [-84.45534656899997, 39.120367517000034], [-84.42573455499996, 39.05306650600005], [-84.30470251599996, 39.00646250300008], [-84.21290847299997, 38.805714468000076], [-83.87317236899997, 38.76242547600003], [-83.76935132999995, 38.65522746000005], [-83.67948830199998, 38.630043459000035], [-83.62692628999997, 38.67939447100008], [-83.52095725999999, 38.70305248000005], [-83.35644920699997, 38.654016478000074], [-83.29419718399998, 38.59659547000007], [-83.24557617199997, 38.62794347800008], [-83.14284014099997, 38.625083482000036], [-83.03070611499999, 38.725727506000055], [-82.87949607199994, 38.75148351800004], [-82.84431005, 38.59086948800007], [-82.72485001099994, 38.55760748700004], [-82.60409296799997, 38.45984847300008], [-82.57465994599994, 38.26388043600008], [-82.61226395499995, 38.23609442900005], [-82.61134694999998, 38.17155541600005], [-82.64474295999997, 38.16549441400008], [-82.51919691099994, 38.00113838600004], [-82.46426089399995, 37.98341938500005], [-82.50220190199997, 37.93305937400004], [-82.41993287399998, 37.88487736800005], [-82.40165586299997, 37.81009835300006], [-82.31236683299994, 37.76478134800004], [-82.33403883899996, 37.74323434300004], [-82.30395682499994, 37.67576733100003], [-82.21344679499998, 37.625227324000036], [-82.17526778499996, 37.64797833000006], [-82.13325076599995, 37.55283931300005], [-81.96801571499998, 37.53804231700008], [-82.35095181199995, 37.26708424700007], [-82.72210091299996, 37.12017520200004], [-82.72247590899997, 37.04510818600005], [-82.86753894699996, 36.97752516700007], [-82.87857294499997, 36.88959214800008], [-83.072594, 36.85459613300003], [-83.13639901199997, 36.743095108000034], [-83.52961612299998, 36.666191076000075], [-83.69071816499996, 36.58258805300005], [-86.50777598899998, 36.65245194600004], [-87.85320937199998, 36.63325388100003], [-87.84957237299994, 36.663707887000044], [-88.07053743699998, 36.67812488000004], [-88.03249441699995, 36.540668855000035], [-88.05321041999997, 36.49713584600005], [-89.41728080399997, 36.499017783000056], [-89.47172381599995, 36.457007772000054], [-89.4892636878614, 36.49752932002783], [-89.53923783799996, 36.49794077700005], [-89.56682284999994, 36.56422278800005], [-89.50972782099996, 36.37363275400003]], [[-89.24216904370212, 36.57090467558573], [-89.23654775799997, 36.56683080400006], [-89.23043184305702, 36.574688912559566], [-89.24216904370212, 36.57090467558573]], [[-89.1236312397685, 36.765117247936885], [-89.1924740672214, 36.729345562630684], [-89.11920373899994, 36.759808847000045], [-89.1236312397685, 36.765117247936885]], [[-89.17617686889427, 36.83243594589847], [-89.13797475099994, 36.847355863000075], [-89.17815876099996, 36.834592858000065], [-89.17617686889427, 36.83243594589847]]], [[[-76.74754516399997, 38.212153657000044], [-76.74233916199995, 38.20905565600003], [-76.74503216299996, 38.20724665600005], [-76.74754516399997, 38.212153657000044]]], [[[-76.78979217899996, 38.23844966000007], [-76.79312017999996, 38.23518266000008], [-76.79407117999995, 38.23919666000006], [-76.78979217899996, 38.23844966000007]]], [[[-76.80892618499996, 38.25086366200003], [-76.81219518599994, 38.25231366200006], [-76.81087318599998, 38.25293766300007], [-76.80892618499996, 38.25086366200003]]], [[[-76.25449501699995, 38.32493969700005], [-76.25766901799994, 38.32486269700007], [-76.25456701799999, 38.34068070100005], [-76.25449501699995, 38.32493969700005]]], [[[-76.38362708199998, 38.745473779000065], [-76.37524308199994, 38.78258578700007], [-76.36326307599995, 38.74661878000006], [-76.38362708199998, 38.745473779000065]]], [[[-75.86191987499996, 37.97343863900005], [-75.89843088699996, 37.97483563800006], [-75.870751881, 38.03499165100004], [-75.77374085299994, 38.07706966300003], [-75.87882488599996, 38.07609265900004], [-75.78847686199998, 38.14579567700008], [-75.92573690499995, 38.15102967300004], [-75.94178190799994, 38.11192066500007], [-75.95961791499997, 38.137148669000055], [-75.94237691199999, 38.187073680000026], [-75.82638687799994, 38.21688469000003], [-75.86132588899994, 38.232662692000076], [-75.80131187199999, 38.253662699000074], [-75.87665689499994, 38.25478269600006], [-75.89143089899994, 38.22756769000006], [-75.92033690999995, 38.26438369700003], [-75.84932289299996, 38.36500472000006], [-75.86536689899998, 38.381215723000025], [-75.91218991199997, 38.34319771300005], [-75.97026192299995, 38.233813689000044], [-76.01736594199997, 38.30911370300004], [-75.95734892599995, 38.34757771300008], [-76.01142094399995, 38.37683771700006], [-76.01724394399997, 38.33294370800007], [-76.06275995599998, 38.30459970000004], [-76.02696394399999, 38.28141769700005], [-76.05848195199997, 38.25020968900003], [-76.03204594199997, 38.21669168300008], [-76.10759396799995, 38.26253269000006], [-76.07702095899998, 38.269246692000024], [-76.10577996999996, 38.30161469800004], [-76.14918698099996, 38.271918690000064], [-76.13204297799996, 38.30776969800007], [-76.19716799899999, 38.31690769800008], [-76.15949598799995, 38.32744370100005], [-76.23103701399998, 38.393325712000035], [-76.22034200599995, 38.31019469600005], [-76.16047598599994, 38.29099069400007], [-76.18100599099995, 38.27064568900005], [-76.14055797599997, 38.23184568200003], [-76.17173598699998, 38.24787668500005], [-76.22637800799998, 38.309995695000055], [-76.33156104999995, 38.47355572500004], [-76.32834004999995, 38.49802773000005], [-76.22022301899995, 38.53188174100006], [-76.27405903499994, 38.53121473900006], [-76.30500904699994, 38.57250174600006], [-76.26621403599995, 38.58605975000006], [-76.28456304399998, 38.62641475800007], [-76.21242901999995, 38.606745757000056], [-76.17016800899995, 38.628680763000034], [-76.16127800399994, 38.595124756000075], [-76.02651395999999, 38.56682775500008], [-76.08308098099997, 38.623485765000055], [-76.14716000199996, 38.63684776500003], [-76.17720301499998, 38.69299277500005], [-76.21281002499995, 38.681899772000065], [-76.23872703499995, 38.71285277700008], [-76.20548702599996, 38.739170784000066], [-76.22462003299995, 38.76039478700005], [-76.27136204499999, 38.70913577500005], [-76.31339305999995, 38.74908778200006], [-76.34423306599996, 38.678790767000066], [-76.33462106799993, 38.77291878600005], [-76.25501804899994, 38.86227580700006], [-76.21642003199997, 38.78670779300006], [-76.15652501299996, 38.76891979200008], [-76.20025802799995, 38.803008797000075], [-76.21000203999995, 38.94632182600003], [-76.25337905399994, 38.964896828000064], [-76.24967605099994, 38.920914819000075], [-76.27073005799997, 38.942069823000054], [-76.29331006299998, 38.90324881400005], [-76.33395207699994, 38.91812581500005], [-76.33103207299996, 38.86432780500007], [-76.37620408599997, 38.850468800000044], [-76.31176807699995, 39.035264840000025], [-76.25658805599994, 38.97542983000005], [-76.16399002899993, 38.99954883800007], [-76.18420903799995, 39.04627184700007], [-76.14517602799998, 39.09283185800007], [-76.20338504599994, 39.08563385400004], [-76.20149404099999, 39.013515840000025], [-76.23176705099996, 39.01852583900006], [-76.27463907299995, 39.165497868000045], [-76.21934006199996, 39.262004889000025], [-76.16888404799994, 39.29032289700007], [-76.17042405099994, 39.33210190500006], [-76.14071904099995, 39.32774790500008], [-76.11052903399997, 39.37226491500007], [-75.98610799599999, 39.37948292100003], [-76.04096401399994, 39.39424492200004], [-75.96661799499998, 39.462840939000046], [-76.01231400799998, 39.45312293500007], [-75.94891099699998, 39.593184965000034], [-76.00665901199994, 39.538880952000056], [-76.09607403999996, 39.53691994900004], [-76.12812204699998, 39.48669093700005], [-76.06046602299995, 39.448348932000044], [-76.22697806899998, 39.349915906000035], [-76.25337907899996, 39.366713909000055], [-76.22462007299998, 39.42567292200005], [-76.24149508099998, 39.461280928000065], [-76.28689208899993, 39.369009908000066], [-76.25658807799994, 39.338869903000045], [-76.28174908399996, 39.29966789400004], [-76.32368109999999, 39.35721590400004], [-76.30709509699994, 39.38545391100007], [-76.35712611299994, 39.394086910000055], [-76.32918609899997, 39.31504389600008], [-76.40882212399998, 39.31175089200008], [-76.38282211399996, 39.27755688600007], [-76.43663012899998, 39.253430879000064], [-76.39812611599996, 39.23704887700006], [-76.44248412699994, 39.195415867000065], [-76.58648717699998, 39.26134487500008], [-76.50092214299997, 39.15544885700007], [-76.43104511999996, 39.13213085500007], [-76.43893011799997, 39.052795839000055], [-76.39450010099995, 39.01269183200003], [-76.48024412599995, 38.97773882200005], [-76.46025811599998, 38.907152809000024], [-76.50912213199996, 38.91988280900006], [-76.48938212399997, 38.88742180400004], [-76.53764413599998, 38.84855979400004], [-76.48988012099994, 38.838722794000034], [-76.56001313799999, 38.76263377600003], [-76.52620012499995, 38.72429476900004], [-76.50602510599998, 38.50461772500006], [-76.38148405999993, 38.38525970500007], [-76.42137906899995, 38.31893869000004], [-76.47632308599998, 38.31355168700003], [-76.37502505299994, 38.29942668800004], [-76.39932205899999, 38.25929167900006], [-76.32013802699998, 38.138346657000056], [-76.34132003299999, 38.11934165200006], [-76.32216002199993, 38.03790963600005], [-76.42121605699998, 38.10604664600004], [-76.43888806499996, 38.16084165700005], [-76.46966807399997, 38.15336565500007], [-76.47326807299999, 38.10304264400003], [-76.59433211699996, 38.21582166300004], [-76.73206616099998, 38.24601066400004], [-76.77862717499994, 38.22847765900008], [-76.82710819699997, 38.34739168100003], [-76.86929620899997, 38.33872267800007], [-76.84214119599994, 38.25449866200006], [-76.92394522299998, 38.28973266600008], [-77.01637326099996, 38.44557969500005], [-77.20731431499996, 38.35987467000007], [-77.25017432999994, 38.38278867300005], [-77.27422234299996, 38.48177769200004], [-77.23772633599998, 38.55187770800006], [-77.11054130099996, 38.62682772800008], [-77.13250331099994, 38.67382373700008], [-77.04619828699998, 38.71443874800008], [-77.03900828899998, 38.79165276400005], [-76.90939725499999, 38.89281978900004], [-77.04100130199998, 38.99511780500006], [-77.11976132299998, 38.93435079000005], [-77.24462336499994, 38.98254279500003], [-77.24600536799994, 39.02491680300005], [-77.29310738399994, 39.04651580600006], [-77.46261943799993, 39.07625580500007], [-77.52728446299994, 39.14624381700003], [-77.46021244699995, 39.22836683600008], [-77.56659848499999, 39.306128847000025], [-77.76111754799996, 39.33976484600004], [-77.74001454499995, 39.40170186000006], [-77.80325156699996, 39.43714386400006], [-77.76599555999996, 39.495731877000026], [-77.84566858499994, 39.49863587500005], [-77.82535957999994, 39.52918488100005], [-77.86368259099999, 39.51503987700005], [-77.88894760199997, 39.555957884000065], [-77.83633258599997, 39.566377888000034], [-77.83801058899996, 39.60613289600008], [-77.94194262199994, 39.61879789500006], [-77.94618462099999, 39.58482188800008], [-78.17662770099997, 39.69597490000007], [-78.26509072299996, 39.61928188200005], [-78.43025277399994, 39.62329787600004], [-78.39531976099994, 39.584222870000076], [-78.45718977999996, 39.58738686800007], [-78.41758876499995, 39.54716286200005], [-78.46022677899998, 39.55119186100006], [-78.47116877999997, 39.51611085300004], [-78.56593180999994, 39.51945185000005], [-78.76749287699994, 39.587494856000035], [-78.73355586799994, 39.615540862000046], [-78.77751888199998, 39.62171986200008], [-78.76584287999998, 39.64849486800006], [-78.82601189499997, 39.58883685300003], [-78.81676688999994, 39.56169884800005], [-78.89331991099994, 39.523763838000036], [-78.95675392499999, 39.44027181900003], [-79.04705295599996, 39.48335882400005], [-79.10319297299998, 39.47601182000005], [-79.16205498499994, 39.38832880000007], [-79.25631101199997, 39.357234790000064], [-79.29023901899996, 39.29933077800007], [-79.34601403599999, 39.293967774000066], [-79.47321806899998, 39.20211475100007], [-79.47666510499994, 39.721085853000034], [-75.78859795399995, 39.72220699700006], [-75.63470791199995, 39.830172024000035], [-75.42341784399997, 39.80662302700006], [-75.61315489299994, 39.62096798300007], [-75.56303587399998, 39.56224797300007], [-75.59233087699994, 39.467585953000025], [-75.40468980599996, 39.25784291800005], [-75.40203679299998, 39.06689287900008], [-75.31835576299994, 38.98819886600006], [-75.30407975399999, 38.913167851000026], [-75.15902370099997, 38.79020083100005], [-75.09201568099996, 38.80390983600006], [-75.04894064799998, 38.45127076600005], [-75.24226768499994, 38.027216671000076], [-75.62434280199994, 37.99421865100004], [-75.65692180999997, 37.95329464200006], [-75.74676483999997, 37.98767664600007], [-75.88503387899993, 37.91172462500003], [-75.86191987499996, 37.97343863900005]]], [[[-76.38945611299994, 39.23547887700005], [-76.39289711399994, 39.231525876000035], [-76.39586811499998, 39.23345887700003], [-76.38945611299994, 39.23547887700005]]], [[[-76.37147910799996, 39.237958879000075], [-76.35661110499996, 39.26086388400006], [-76.34382809999994, 39.257263883000064], [-76.37147910799996, 39.237958879000075]]], [[[-76.25799007499995, 39.287795893000066], [-76.26641307799997, 39.290546893000055], [-76.26035707599993, 39.292460894000044], [-76.25799007499995, 39.287795893000066]]], [[[-75.99390691499997, 37.953496630000075], [-76.04653193099995, 37.95359362800008], [-76.04100193399995, 38.031963645000076], [-75.98630191699993, 38.021953644000064], [-75.99390691499997, 37.953496630000075]]], [[[-76.05420294199996, 38.09428065700007], [-76.03352493499995, 38.091007657000034], [-76.04798394099998, 38.108709660000045], [-76.01472293199998, 38.131604666000044], [-76.01273292799993, 38.07211265400008], [-76.05420294199996, 38.09428065700007]]], [[[-76.08591595299998, 38.11668766100007], [-76.08653395399995, 38.12436666200006], [-76.08446695299995, 38.12274166200007], [-76.08591595299998, 38.11668766100007]]], [[[-76.06110494599994, 38.12688766400004], [-76.06448494699998, 38.12549166300005], [-76.06544594699994, 38.12980266400007], [-76.06110494599994, 38.12688766400004]]], [[[-76.09022695599998, 38.144774666000046], [-76.08441295399996, 38.14536266700003], [-76.08564895399996, 38.138587665000045], [-76.09022695599998, 38.144774666000046]]], [[[-76.06380595099995, 38.205054680000046], [-76.02237893599994, 38.17377467500006], [-76.03225893799998, 38.14827266900005], [-76.08881495599996, 38.163134670000034], [-76.06380595099995, 38.205054680000046]]], [[[-76.24309204799994, 38.91209981800006], [-76.24576504799995, 38.90508981600004], [-76.24909004999995, 38.91335481800007], [-76.24309204799994, 38.91209981800006]]], [[[-75.56744887199994, 39.50862396200006], [-75.56554787099998, 39.514857963000054], [-75.56174487099997, 39.520541965000064], [-75.56744887199994, 39.50862396200006]]], [[[-76.08821803699993, 39.53603294900006], [-76.09030703799993, 39.53383394800005], [-76.09006803799997, 39.53661094900008], [-76.08821803699993, 39.53603294900006]]], [[[-75.57542787899996, 39.588127978000045], [-75.58036488099998, 39.599462980000055], [-75.56460587599997, 39.58934497800004], [-75.57542787899996, 39.588127978000045]]], [[[-75.57176087999994, 39.623591985000076], [-75.55587187399993, 39.60583198200004], [-75.56193587599995, 39.60522398200004], [-75.57176087999994, 39.623591985000076]]]]}}, {"type": "Feature", "properties": {"id": "联邦", "name": "联邦", "color": "#4a6fa5", "owner": "联邦", "units": ["California", "Connecticut", "Illinois", "Indiana", "Iowa", "Kansas", "Maine", "Massachusetts", "Michigan", "Minnesota", "New Hampshire", "New Jersey", "New York", "Ohio", "Oregon", "Pennsylvania", "Rhode Island", "Vermont", "Wisconsin"], "label_lon": -95.871, "label_lat": 41.772}, "geometry": {"type": "MultiPolygon", "coordinates": [[[[-118.43182112199997, 32.80146670600004], [-118.50621813899994, 32.85298970800005], [-118.61051216899995, 33.03294572300007], [-118.57390916299994, 33.03055472400007], [-118.35419711099996, 32.820923712000024], [-118.43182112199997, 32.80146670600004]]], [[[-119.52879033799996, 33.285421701000075], [-119.434414318, 33.22702570000007], [-119.54622433699996, 33.23256569500006], [-119.57728334499996, 33.278586698000026], [-119.52879033799996, 33.285421701000075]]], [[[-118.46538016699998, 33.326060763000044], [-118.48876217799994, 33.41983077200007], [-118.57540619399998, 33.44018377000003], [-118.60442720199995, 33.47855677300004], [-118.37033515699994, 33.40928977800007], [-118.30509613899994, 33.31032777000007], [-118.46538016699998, 33.326060763000044]]], [[[-119.04969627599996, 33.48390574900003], [-119.03115727299996, 33.48965375100005], [-119.03234627199998, 33.46883874800005], [-119.04969627599996, 33.48390574900003]]], [[[-119.98016846599995, 33.98365775000008], [-119.96864846099999, 33.942882747000056], [-120.11589747999994, 33.89436573300003], [-120.24954850999995, 34.00248173700004], [-120.04327147999999, 34.03581075200003], [-120.046587478, 34.00000674800003], [-119.98016846599995, 33.98365775000008]]], [[[-119.39626337399994, 34.00592278600004], [-119.35747436799994, 34.015923789000055], [-119.441238382, 34.014079784000046], [-119.39626337399994, 34.00592278600004]]], [[[-119.92990146399995, 34.05973876100006], [-119.75944043699997, 34.058839771000066], [-119.63775441299998, 34.01318277300004], [-119.58431340799996, 34.05364778000006], [-119.52065239599995, 34.03426678200003], [-119.56047639899998, 33.99553477500007], [-119.81826143799998, 33.95986275700005], [-119.87337044799995, 33.98037975600005], [-119.87634145299995, 34.03209176100006], [-119.92990146399995, 34.05973876100006]]], [[[-120.45007654399996, 34.034198729000025], [-120.36829053499997, 34.07646973800007], [-120.30723152099995, 34.02237973600006], [-120.35794252799997, 34.01503373200006], [-120.45007654399996, 34.034198729000025]]], [[[-114.38671053899998, 34.457916123000075], [-114.17692049099998, 34.34931112100003], [-114.13122247499996, 34.262735113000076], [-114.43419251699999, 34.087384074000056], [-114.43827751299995, 34.02261406500003], [-114.53548952399996, 33.93465604900007], [-114.50793151599999, 33.90381204700003], [-114.52806151299995, 33.81496803400006], [-114.49420849899997, 33.707927023000025], [-114.53153450299999, 33.67511301600007], [-114.52461049199997, 33.55223600100004], [-114.643313504, 33.41674997800004], [-114.72529351799994, 33.40505297200008], [-114.698046509, 33.35244696700005], [-114.73123451099997, 33.30243895900003], [-114.67209949699998, 33.25850395600003], [-114.70649949099999, 33.08816493300003], [-114.66232847899994, 33.03267592800006], [-114.52014145299995, 33.02998893500006], [-114.46905043899994, 32.97229993000008], [-114.46898242999998, 32.84515991400008], [-114.528860437, 32.79631190400005], [-114.52686743399994, 32.75709889900003], [-114.61838444899996, 32.728249891000075], [-114.70192946599997, 32.745552889000066], [-114.71964446699997, 32.718767885000034], [-117.12487388199997, 32.53416074100005], [-117.168877899, 32.67195675500005], [-117.24608091199997, 32.669356751000066], [-117.28218193099997, 32.839551769000025], [-117.25448192999994, 32.90015077800007], [-117.32837095899998, 33.12184680000007], [-117.46980599699998, 33.29642181300005], [-117.65270403899996, 33.44615882000005], [-117.71462905099997, 33.45991881900005], [-117.78490006899995, 33.541529824000065], [-118.13271014399999, 33.75322182900004], [-118.18036215299998, 33.76341782700007], [-118.18335415099995, 33.72319082300004], [-118.26965716399997, 33.704034816000046], [-118.41122318999999, 33.74198981200004], [-118.428419196, 33.774719815000026], [-118.39111519499994, 33.83877582400004], [-118.51952623099999, 34.02751383800006], [-118.74496426899998, 34.032107825000026], [-118.80637927699996, 34.00020281800005], [-119.12926433799998, 34.10084481100006], [-119.21645335599999, 34.14610981100003], [-119.27865637599996, 34.26690682000003], [-119.56399843499997, 34.415324819000034], [-119.87821148499995, 34.40691780000003], [-120.00808951, 34.460451798000065], [-120.14117753199997, 34.47340979100005], [-120.45282357899998, 34.44244677000006], [-120.51143359499997, 34.522957774000076], [-120.63954261899994, 34.563538771000026], [-120.60046262499998, 34.70464478700006], [-120.637427635, 34.75589979000006], [-120.61027864, 34.85818480200004], [-120.67228165399996, 34.90254480200008], [-120.62994366199996, 35.06151982000006], [-120.644323671, 35.139620827000044], [-120.85605970999995, 35.20649182000005], [-120.89961272099998, 35.25534182200005], [-120.86269672399999, 35.346780833000025], [-120.88476973499996, 35.430200840000055], [-121.00337175699997, 35.46071483500003], [-121.16672479899995, 35.63540384200007], [-121.28654281999997, 35.66552883700007], [-121.33246183799997, 35.78311084500007], [-121.46492286899996, 35.88846184600004], [-121.50312488599997, 36.00030385400004], [-121.57461489899998, 36.02516085100007], [-121.717188938, 36.195150857000044], [-121.902741978, 36.306383855000036], [-121.90320798699997, 36.39360786200007], [-121.95448600699996, 36.518908870000075], [-121.92595000399996, 36.52517787200003], [-121.93252100799998, 36.559939875000055], [-121.97872701799997, 36.58149287400005], [-121.93644301699999, 36.63675088200006], [-121.86061700299996, 36.611140885000054], [-121.81447500299998, 36.68286289400004], [-121.78829101199995, 36.80399890600006], [-121.86227903699995, 36.931556912000076], [-121.93008205199999, 36.978154912000036], [-122.06643406999996, 36.948275900000056], [-122.135174082, 36.96777889700007], [-122.40508614799995, 37.19579589700004], [-122.40086316499998, 37.35922991100006], [-122.45959018899998, 37.49273591800005], [-122.49930219499998, 37.49534591500003], [-122.51954620299995, 37.53730691700008], [-122.494098211, 37.64403992800004], [-122.51449622999996, 37.78083393800006], [-122.47809622799997, 37.81083294300004], [-122.38533621199997, 37.79072894800004], [-122.35679720099995, 37.729509945000075], [-122.39320320299998, 37.70753594100006], [-122.38932619499997, 37.64019793500006], [-122.35564018699995, 37.61529793600005], [-122.37855818999998, 37.60559693300007], [-122.13643514199998, 37.50758094200006], [-122.08875312899994, 37.45227194100005], [-122.03861212099997, 37.45462694500003], [-122.05555412899997, 37.49523494700003], [-122.10943313699994, 37.50025894400005], [-122.170661167, 37.678507954000054], [-122.25218518399998, 37.72495695200007], [-122.24396018599998, 37.751783955000064], [-122.33228320299997, 37.78152195100006], [-122.34226620699997, 37.80556295200006], [-122.29663120299995, 37.82846995800003], [-122.31141221299998, 37.89579896200007], [-122.39055922699998, 37.90911495700004], [-122.43010023899996, 37.96311995900004], [-122.36759523099994, 37.978172965000056], [-122.36792223499998, 38.01253496700008], [-122.28349122399999, 38.022678975000076], [-122.26287422299998, 38.04460497800005], [-122.28283723099997, 38.08289398000005], [-122.39360125499996, 38.143453976000046], [-122.48998726499997, 38.11201896700004], [-122.49784125599996, 38.01940695800005], [-122.44731724399998, 37.98439195900005], [-122.49556624899998, 37.97052795500008], [-122.47952524399994, 37.94253095400006], [-122.50507324699998, 37.936418951000064], [-122.43828122999997, 37.88097895200008], [-122.45801223099994, 37.86177394900005], [-122.50103224099996, 37.89366694800003], [-122.47274922999998, 37.831931945000065], [-122.52741223599998, 37.81495194000007], [-122.64197626299995, 37.89751193800004], [-122.72519427599997, 37.90269593200003], [-122.85658630799998, 38.01672193200005], [-122.93972432199996, 38.031912927000064], [-122.98178932599996, 38.00912392200007], [-122.96355732099994, 37.98991892200007], [-123.02407932999995, 37.99488291700004], [-122.94908733799997, 38.154064936000054], [-122.99564435499997, 38.238630939000075], [-122.97211435099996, 38.23265694000003], [-122.97709535599995, 38.26790694300007], [-123.02434636799995, 38.310577942000066], [-123.06368437299994, 38.30218293900003], [-123.12883840099994, 38.45042294500007], [-123.33191244499994, 38.56554693900006], [-123.441787477, 38.69974894000006], [-123.72798954599995, 38.91943393500003], [-123.74193455299996, 38.95623293600005], [-123.69125355799997, 39.05079994700003], [-123.82772961699999, 39.348437958000034], [-123.76648863499997, 39.55280797800003], [-123.84961868399995, 39.827675990000046], [-124.07999674499996, 40.029777986000056], [-124.11056276, 40.10376998800007], [-124.360617817, 40.257210978000046], [-124.347866824, 40.314638983000066], [-124.40960485, 40.438080986000045], [-124.158335879, 40.876074036000034], [-124.11176989499995, 41.026888050000025], [-124.15363590499999, 41.05355504800008], [-124.16542791799998, 41.12982705200005], [-124.10699992499997, 41.22968306400003], [-124.06607095699997, 41.47026308300008], [-124.14742600699998, 41.717960092000055], [-124.25496803199997, 41.77817508600003], [-124.20845304299996, 41.888197097000045], [-124.21161906199995, 41.99846510400005], [-119.99924741099994, 41.99494948000006], [-120.00102698599994, 38.99957923000005], [-117.50012935899997, 37.22038524200008], [-114.63349863099995, 35.00186217500004], [-114.63439361999997, 34.87289515900005], [-114.47048857599998, 34.71137314900005], [-114.43647755899997, 34.59540513700006], [-114.38084954399994, 34.52972913200006], [-114.38671053899998, 34.457916123000075]]], [[[-123.00352029299995, 37.70440089600004], [-122.99876729199997, 37.69744289600004], [-123.00280729199994, 37.69274089500004], [-123.00352029299995, 37.70440089600004]]], [[[-122.36292421199994, 37.82270095200005], [-122.36230720999998, 37.80702095100003], [-122.37284921199995, 37.81107295100003], [-122.36292421199994, 37.82270095200005]]], [[[-122.424664227, 37.87074095200006], [-122.41848322399994, 37.852725951000025], [-122.44128422799997, 37.85514694900007], [-122.424664227, 37.87074095200006]]], [[[-94.87705158499995, 39.82376108700004], [-94.93530959599997, 39.77561707500007], [-94.86965157799995, 39.772901079000064], [-94.86295057299998, 39.74300107400006], [-94.96532559999997, 39.73907206800004], [-94.97132459699998, 39.686417058000075], [-95.02765160999996, 39.66546105200007], [-95.04928460799994, 39.58959003800004], [-95.10323562099995, 39.57779003300004], [-95.10931161899998, 39.54229202600004], [-94.94204655999994, 39.38950601100004], [-94.88503354399995, 39.38980801400004], [-94.90533654199999, 39.311959], [-94.83147851699994, 39.25627999500006], [-94.82379851099995, 39.209880988000066], [-94.58842044199997, 39.149875991000044], [-94.61797125899994, 36.99891161700003], [-102.04209813199998, 36.99302220200008], [-102.05175344199995, 40.003084657000045], [-95.30829771899994, 40.00000509000006], [-95.20443568499996, 39.938956086000076], [-95.201942681, 39.90406008100007], [-95.08501064499995, 39.86189008100007], [-94.95154761299995, 39.90054009500005], [-94.93977460499997, 39.85193708800006], [-94.87705158499995, 39.82376108700004]]], [[[-89.45883287099997, 37.248667924000074], [-89.51703788999998, 37.28192692700003], [-89.42105987099995, 37.387674952000054], [-89.51705690899996, 37.537284975000034], [-89.51981391299995, 37.582754984000076], [-89.47593790199994, 37.593004988000075], [-89.51772391699996, 37.641223995000075], [-89.51669092099996, 37.69276900400007], [-89.66335796699997, 37.75005900800005], [-89.669649973, 37.79992901700007], [-89.84265502999995, 37.90520302700003], [-89.90183804299994, 37.869829018000075], [-89.95060005799996, 37.88153301800003], [-89.97492406799995, 37.92672602500005], [-89.92509105699997, 37.96002803300007], [-89.99710907799994, 37.96323203000003], [-90.11052611399998, 38.02655403600005], [-90.35390819799994, 38.213862058000075], [-90.37082521299999, 38.33356107900005], [-90.18451618399996, 38.61155813900007], [-90.20991620099994, 38.72605715900005], [-90.12311318199994, 38.79805517600005], [-90.11333318399994, 38.849313186000074], [-90.44008428599994, 38.96737119000005], [-90.54587830799994, 38.87401516800003], [-90.62512833099998, 38.88866116600008], [-90.71158636899997, 39.04680519000004], [-90.68109236499998, 39.10059720100003], [-90.72996639299998, 39.25590122600005], [-91.03827649699997, 39.44844324300004], [-91.10031352199996, 39.53870225500003], [-91.15363453799995, 39.548255254000026], [-91.18194255099996, 39.602684262000025], [-91.36775961499995, 39.729036274000066], [-91.363450619, 39.79281128500003], [-91.43292564299998, 39.84056128900005], [-91.44785065099995, 39.87795829500004], [-91.41936664799994, 39.92772430500003], [-91.49488467899994, 40.03646032000006], [-91.49273370199995, 40.27822436100007], [-91.40957782795357, 40.38173060908136], [-91.52461872399994, 40.41077238200006], [-91.52509672899998, 40.45785239000003], [-91.57475274299998, 40.46567138900008], [-91.62007776399997, 40.54082439900003], [-91.68870678399998, 40.557397398000035], [-91.72912180099996, 40.61364740500005], [-94.29482050499996, 40.571348245000024], [-95.76565290299999, 40.58521515600006], [-95.77625891199995, 40.64747016500007], [-95.88891495099995, 40.731862172000035], [-95.83523994199999, 40.77915818300005], [-95.84859795499995, 40.86106819500003], [-95.80948194799998, 40.891235202000075], [-95.88242298599994, 41.060418224000045], [-95.86259498399994, 41.08840623000003], [-95.88349699699995, 41.15490523900007], [-95.84129598799996, 41.17500524500008], [-95.92749901399998, 41.20220524300004], [-95.92749902499997, 41.29840425800006], [-95.902498015, 41.273405256000046], [-95.87149700899994, 41.29580426200005], [-95.95669903799995, 41.34550326400006], [-95.92028903999994, 41.45157328300007], [-96.01176506799999, 41.476219281000056], [-96.005120074, 41.54325729100003], [-96.04070907899995, 41.50708328400003], [-96.09659409799997, 41.545404286000064], [-96.08185109799996, 41.58041429200006], [-96.11583810999997, 41.60576729400003], [-96.09505410999998, 41.647372302000065], [-96.12140912199999, 41.68852930600008], [-96.073071111, 41.70501131200007], [-96.10643312299999, 41.737897315000055], [-96.064887119, 41.79623732700003], [-96.16176415799998, 41.90182733600005], [-96.12951315699996, 41.97168034900005], [-96.18627317299996, 41.97742434600008], [-96.19456417899994, 42.00866935000005], [-96.23649518899998, 41.996435346000055], [-96.22566419099996, 42.03522435200006], [-96.27143520399994, 42.04499535100007], [-96.26890821199999, 42.113597361000075], [-96.34776023899997, 42.16681336400006], [-96.35987824799997, 42.21055237000007], [-96.32891324499997, 42.25474137900005], [-96.41817628099994, 42.354685388000064], [-96.38601528699996, 42.474502408000035], [-96.47542131299997, 42.48962840400003], [-96.51634634199996, 42.630442422000044], [-96.63971238799996, 42.737078430000054], [-96.52636537799998, 42.89185946100008], [-96.54169738599995, 42.92258346400007], [-96.49167838299996, 43.00971448000007], [-96.51843939499997, 43.042075483000076], [-96.46085838199997, 43.064040490000025], [-96.436597383, 43.12084950000008], [-96.47557940699994, 43.22106151200006], [-96.56044842999995, 43.224226507000026], [-96.55322543199998, 43.25914851300007], [-96.58522844199996, 43.268885512000054], [-96.58850044699994, 43.29634651600003], [-96.53040043199996, 43.300041520000036], [-96.52158044099997, 43.38564753300005], [-96.59426246699996, 43.434160535000046], [-96.59893647699994, 43.50046454400007], [-96.4532684295467, 43.50046707128038], [-96.45307569199997, 45.29812280900006], [-96.52179572199998, 45.375652814000034], [-96.69254977499997, 45.41734580700006], [-96.85775984999998, 45.60596982000004], [-96.83577784999994, 45.64965582800005], [-96.662603817, 45.73868985300004], [-96.58309380699995, 45.82003187000004], [-96.55451584099995, 46.083985907000056], [-96.59269086599994, 46.17521891600006], [-96.59976989299997, 46.330393936000064], [-96.72190594399996, 46.440084941000066], [-96.74189596999997, 46.564237956000056], [-96.79794999599994, 46.62912096000008], [-96.77569501299996, 46.766050980000045], [-96.80255302799998, 46.81152898400006], [-96.75326603299999, 46.92457100200005], [-96.79176704499997, 46.928473], [-96.83955707099994, 47.00673600600004], [-96.81273506899998, 47.03827901200003], [-96.84111009599997, 47.15140902400003], [-96.82156409599997, 47.18432203000003], [-96.84472010399998, 47.192910029000075], [-96.82880912299998, 47.328146048000065], [-96.85822013799998, 47.36761005000005], [-96.83745313599997, 47.38928205500008], [-96.87167215099998, 47.41940005600003], [-96.85106017599998, 47.59794808000004], [-96.93518322999995, 47.76747409500007], [-96.99101625299994, 47.80768009500008], [-96.97419325099997, 47.82298609800006], [-97.02316527399995, 47.87398610100007], [-97.07226631899994, 48.04807611800004], [-97.14667635799998, 48.14321112400006], [-97.12102935299998, 48.15909412800005], [-97.14634036199999, 48.16859112700007], [-97.13896236899996, 48.217083133000074], [-97.11784736199996, 48.20977213400005], [-97.13506536899996, 48.22065613400008], [-97.15175537299996, 48.218940133000046], [-97.12075836499997, 48.22583413600006], [-97.14512137999998, 48.26775113900004], [-97.11224037599999, 48.29648014500003], [-97.15628540199998, 48.36620615000004], [-97.13338639799997, 48.38203415400005], [-97.16329940799994, 48.39199515300004], [-97.12246240199994, 48.41828415900005], [-97.15055141399995, 48.44121116000008], [-97.12812441399996, 48.47360416600003], [-97.16267742399998, 48.47779116300006], [-97.12687342199996, 48.51976617100007], [-97.17533844399998, 48.56246917200008], [-97.09033744299995, 48.68452019400007], [-97.18123948999994, 48.79789820000008], [-97.15876948599998, 48.81093920400008], [-97.19032249599996, 48.815722202000075], [-97.17779950399995, 48.87532021000004], [-97.23406353399997, 48.94761921400004], [-97.22873154299998, 49.00057022000004], [-95.15371994499998, 48.998911391000036], [-95.153323017, 49.384366439000075], [-95.05841298399997, 49.35317844200006], [-94.957473957, 49.37019445300007], [-94.81623090599999, 49.32099545800003], [-94.68435578599997, 48.88396641500003], [-94.69435576999996, 48.78219240100003], [-94.64539574899999, 48.74408740100006], [-94.45234068299999, 48.692452409000055], [-94.29074563799998, 48.70775542400003], [-94.22428460799995, 48.64953542200004], [-93.84076249099996, 48.62855644900003], [-93.79446245799994, 48.51602943900008], [-93.46751236599994, 48.54567246800008], [-93.46431637299997, 48.59180047400008], [-93.25486231999997, 48.64279249700007], [-92.95488422899996, 48.63150151800005], [-92.72805414499999, 48.53929852400006], [-92.63493911799998, 48.542881531000035], [-92.62724510899994, 48.503391527000076], [-92.69883212899998, 48.494900520000044], [-92.71257012699994, 48.46302151500004], [-92.656035106, 48.436717516000044], [-92.50729306299996, 48.447883528000034], [-92.45633304199998, 48.414212528000064], [-92.46995603599999, 48.35184451900005], [-92.36918198399997, 48.22027650900003], [-92.26974995799998, 48.24824952000006], [-92.30631698099995, 48.31645052600004], [-92.26228797399995, 48.35494153500008], [-92.055235913, 48.359221551000076], [-92.00014088999995, 48.32136355000006], [-92.00658488199997, 48.26542954200005], [-91.95780586199999, 48.23299754100003], [-91.71493878399997, 48.19913855500005], [-91.71199376899995, 48.114721544000076], [-91.55927972199999, 48.10827655400004], [-91.56726171399998, 48.04372754500008], [-91.26638762899995, 48.078721571000074], [-90.88548753999999, 48.24579262200007], [-90.83918352499995, 48.23951962400008], [-90.83632051399996, 48.17697161600006], [-90.777924494, 48.16380961800007], [-90.79797749599999, 48.136902613000075], [-90.75161547499994, 48.09097661000004], [-90.57990442799996, 48.12393062700005], [-90.55684541599999, 48.09601662500006], [-90.37454935999995, 48.09095063700005], [-90.13619828999998, 48.112144657000044], [-90.02360225099994, 48.08471666100007], [-89.99305723299994, 48.02841265600006], [-89.89742119799996, 47.98760765700007], [-89.77585716599998, 48.02245767000005], [-89.49174607599997, 48.005220688000065], [-89.623779115, 47.99471767700004], [-89.63955211299998, 47.953598670000076], [-89.67611612599995, 47.96541166900005], [-89.79354615099999, 47.891366651000055], [-90.53711234799994, 47.703063572000076], [-90.77701040599999, 47.60623854200003], [-91.04565346399994, 47.45653350200007], [-91.46501253899999, 47.13190842700004], [-91.57382456499994, 47.08992541400005], [-91.77996460399999, 46.94338237800008], [-92.08534767199995, 46.79577533600008], [-92.01906698261628, 46.706975204638866], [-91.96189661799997, 46.682547329000045], [-91.368826459, 46.793844387000036], [-91.18656841899997, 46.885740412000075], [-91.20444641999995, 46.85882440700004], [-91.17829940999997, 46.844267407000075], [-91.14017240299995, 46.87320941400003], [-91.10549739099997, 46.85762841400003], [-90.96842636199995, 46.94391843600005], [-90.85588133099998, 46.96224044600007], [-90.75103828899995, 46.887971443000026], [-90.88502830999994, 46.756349415000045], [-90.85383629099994, 46.693465408000066], [-90.91128830399998, 46.66309140000004], [-90.94792130399998, 46.59152438700005], [-90.90557929, 46.58353238900003], [-90.71222324499996, 46.66593441400005], [-90.80111528099997, 46.73159441800004], [-90.55814818699997, 46.586392414000045], [-90.41814314199996, 46.56610242000005], [-90.02839904099994, 46.674398462000056], [-89.79066998999997, 46.81847749900004], [-89.42533788199995, 46.84146052700004], [-89.22792083199994, 46.91296255100008], [-89.12870481399995, 46.99260756900003], [-88.97280876699995, 47.002104581000026], [-88.88914675599995, 47.10058360100004], [-88.57400367999998, 47.24599764300007], [-88.42006565099996, 47.37161167100004], [-88.21938959999994, 47.44901969600005], [-87.80119047399995, 47.47330972700007], [-87.71594844199996, 47.439824728000076], [-87.71242743599998, 47.40140872200004], [-87.95706450999995, 47.387268704000064], [-87.94336649799999, 47.33590769800003], [-88.22899356699997, 47.19905065900008], [-88.23217055999999, 47.14598365100005], [-88.34995858699995, 47.07638563300003], [-88.36763058399998, 47.01922162400007], [-88.44533960099994, 46.96997161100006], [-88.48430559399998, 46.832511589000035], [-88.46235558099994, 46.786719584000025], [-88.49733658699995, 46.755115577000026], [-88.45061357399999, 46.763178581000034], [-88.38141656299996, 46.838474596000026], [-88.38973356999998, 46.86710860000005], [-88.35194655699996, 46.85703660100006], [-88.14296050799999, 46.96691163100007], [-88.28342953099997, 46.82299560100006], [-88.21533351899996, 46.89133961500005], [-88.08187648199998, 46.92046662800004], [-87.81680039699995, 46.89116264100005], [-87.59039531199994, 46.78245664000008], [-87.58275130199996, 46.730535632000056], [-87.50303126699998, 46.647505625000065], [-87.43442623799996, 46.59175562100006], [-87.37701621999997, 46.590345625000054], [-87.39399121799994, 46.53319161500008], [-87.35941620299997, 46.50346061300007], [-87.11664012699998, 46.494816627000034], [-87.00531409699994, 46.53396164000003], [-86.875157044, 46.43728863300004], [-86.75016301099998, 46.479117648000056], [-86.70323599099999, 46.43938664400008], [-86.65531197699994, 46.44251064800005], [-86.64471196899996, 46.41080964400004], [-86.467750933, 46.552464676000056], [-86.16168685299994, 46.669483713000034], [-85.50951564899998, 46.67579475400004], [-85.25686557899996, 46.75338878100007], [-84.95625348699997, 46.77190280200006], [-85.03008349899994, 46.68477778400006], [-85.02549647999996, 46.54640576300005], [-85.05613848699994, 46.52652875800004], [-85.01521646899994, 46.47972075300004], [-84.93546144499999, 46.48907576000005], [-84.81731240199997, 46.44432776000008], [-84.63102534799998, 46.48487677700007], [-84.58331432399996, 46.413513769000076], [-84.47185329099995, 46.43429777800003], [-84.42027928299996, 46.501085792000026], [-84.27581923599996, 46.49282979900005], [-84.22613622599994, 46.53392880800004], [-84.12893019399996, 46.530127813000036], [-84.11123018599994, 46.50412781000006], [-84.14617718599999, 46.41852879500004], [-84.09777115099996, 46.256520773000034], [-84.14871716299996, 46.21519376300006], [-84.20801818499996, 46.24602176500008], [-84.27302319999995, 46.20145975400004], [-84.22100617899997, 46.16307075100008], [-84.12283014999997, 46.17888975900007], [-84.02963911499995, 46.134547757000064], [-84.07174612399996, 46.092449748000035], [-83.89546905499998, 45.98644474200006], [-83.91382205799994, 45.955702736000035], [-84.26722417299999, 45.990771721000044], [-84.25495716499995, 45.95607671600004], [-84.35581919699996, 45.958602711000026], [-84.39123320699997, 45.94786170700007], [-84.37643420099994, 45.93197070600007], [-84.43500022299997, 45.96109570700003], [-84.43033222499997, 45.99337271200005], [-84.39277821199994, 45.984785713000065], [-84.42272622399997, 46.00204071400003], [-84.46503323699994, 46.00550771200005], [-84.46313323299995, 45.96893370600003], [-84.50579524899996, 45.997995709000065], [-84.53239725399999, 45.96945670300005], [-84.54441026499995, 46.02286871000007], [-84.65657230299996, 46.05266270800007], [-84.69047231099995, 46.02795570300003], [-84.68525930299995, 45.973462694000034], [-84.73885431599996, 45.94580068700003], [-84.70172729399997, 45.85162567400005], [-84.75199230799996, 45.83961366900007], [-85.01399541099994, 46.01078268100008], [-85.33591652099994, 46.09260367500008], [-85.50621557499994, 46.09640166500003], [-85.69134261599999, 45.95777663200005], [-85.89320167999995, 45.96726162200008], [-85.91377467999996, 45.919447613000045], [-86.07207273499995, 45.965321611000036], [-86.27577379599995, 45.94355959500007], [-86.32423780599999, 45.90608858600007], [-86.34690879899995, 45.79730656800007], [-86.41597681999997, 45.793801563000045], [-86.43663782299996, 45.76170555700003], [-86.53241684999995, 45.746632549000026], [-86.53726384699996, 45.70836954300006], [-86.58094186099999, 45.71192854100008], [-86.58753385699998, 45.66646453300007], [-86.62744586899998, 45.659884530000056], [-86.61427185699995, 45.60012952100004], [-86.71751789899997, 45.680299527000045], [-86.62356687899995, 45.75102754400007], [-86.63110188499996, 45.78212454800007], [-86.55963086199995, 45.772252551000065], [-86.58176487199995, 45.79480555300006], [-86.52801986199995, 45.85326256600007], [-86.53521186899997, 45.88581357000004], [-86.58232888399993, 45.89612156900006], [-86.64757289699998, 45.83355855500008], [-86.78208594199998, 45.86020355100004], [-86.78946693299997, 45.77183753700007], [-86.96786097499995, 45.66826951000007], [-87.00552800599996, 45.828806533000034], [-86.94823699499995, 45.876764544000025], [-86.97794700799994, 45.90563154600005], [-87.02204401499995, 45.86008553600004], [-86.99898900699998, 45.84775253600003], [-87.05744501999999, 45.81249152700008], [-87.06430801599998, 45.75883651800007], [-87.03733500499999, 45.743594518000066], [-87.05953900799994, 45.708505511000055], [-87.19602804099998, 45.63962649200005], [-87.32775505499995, 45.425315451000074], [-87.59982010299996, 45.150482391000025], [-87.59204709399995, 45.09426038300006], [-87.6216024845882, 45.100031234454605], [-87.57528908599994, 45.07046238000004], [-87.61040109699996, 45.07562537900003], [-87.63030409099997, 44.97687336200005], [-87.83903414899999, 44.93172634200005], [-87.83277014099997, 44.88094733500003], [-87.98350016699999, 44.720204300000034], [-87.97703915699998, 44.65332729000005], [-87.99543916499994, 44.67332729200007], [-88.00977216499996, 44.63708928500006], [-87.98046614999998, 44.58638527900007], [-88.01350316299994, 44.61447828200005], [-88.04345116699994, 44.56979427300007], [-87.94380713199996, 44.52970127300006], [-87.86400211899996, 44.615493291000064], [-87.76578009199994, 44.64203130100003], [-87.72089508799996, 44.724556317000065], [-87.57831106099997, 44.85339134600008], [-87.55029405199997, 44.85129834700007], [-87.55668305099994, 44.82490834300006], [-87.50415503899995, 44.85625535100007], [-87.51884804499997, 44.87203935200006], [-87.48561603299999, 44.85457035200005], [-87.433134022, 44.89274936100003], [-87.385553, 44.83114535400006], [-87.40501101499996, 44.911814366000044], [-87.32135700499998, 45.03822339100003], [-87.28406399499994, 45.046498394000025], [-87.23700299499995, 45.16945741600006], [-87.17259197399994, 45.15135741700004], [-87.06744895899999, 45.29582844600003], [-86.97246592899995, 45.28412545000003], [-86.98138492299995, 45.21775743900008], [-87.03521294099994, 45.22958243800008], [-87.02885292899998, 45.14637842500008], [-87.08132294499995, 45.14180242100008], [-87.04803292799994, 45.08776641500003], [-87.09273194199994, 45.092659413000035], [-87.07894593399999, 45.057748408000066], [-87.12315494799998, 45.065974407000056], [-87.18941295699994, 44.96864038800004], [-87.17170594699996, 44.931484383000054], [-87.21598295699994, 44.90660537600007], [-87.20455094999994, 44.87560137200006], [-87.31854497399996, 44.788512351000065], [-87.46809899199997, 44.551933305000034], [-87.54538798799996, 44.32139326300006], [-87.51290896299997, 44.192816245000074], [-87.64658899299997, 44.10470222300006], [-87.73618399499998, 43.88042918100007], [-87.69588696899996, 43.76539616500003], [-87.70269096299995, 43.68760415200006], [-87.79014097499999, 43.563062126000034], [-87.79169596799994, 43.49225211500004], [-87.87250997899997, 43.38018609200003], [-87.91179297699995, 43.250414068000055], [-87.88109095899995, 43.17061705700007], [-87.90049095999996, 43.125918048000074], [-87.86381194299997, 43.07063004100007], [-87.89748594699995, 43.02009903100003], [-87.84502392499996, 42.96114002400003], [-87.82448690599995, 42.83475200400005], [-87.75791888099997, 42.78214399900003], [-87.81713088299995, 42.635459971000046], [-87.82857484799996, 42.26992990900004], [-87.68147078499999, 42.07844888500006], [-87.60237474399997, 41.896342858000025], [-87.60945574099998, 41.84524084900005], [-87.53106670799997, 41.748075837000044], [-87.53165148899996, 39.34806941000005], [-87.52417070199994, 41.708321830000045], [-87.47074768299996, 41.67284282700007], [-87.41582166799998, 41.68819083300008], [-87.42077066499996, 41.64101882400007], [-87.26163961599997, 41.620530830000064], [-87.06603856199996, 41.661852847000034], [-86.82483349999995, 41.76024787800003], [-86.59790444799995, 41.91829891700007], [-86.48902843499997, 42.116231957000025], [-86.35622340899994, 42.25417398800005], [-86.24708339999995, 42.49097703500007], [-86.20660140999996, 42.709544074000064], [-86.22058743899998, 42.95579911500005], [-86.25465146299996, 43.08341713500005], [-86.53850260499996, 43.61750920800006], [-86.43020759499996, 43.82758324900004], [-86.51470764599998, 44.058127282000044], [-86.42111362599996, 44.12948829900006], [-86.26631460399994, 44.35107334400004], [-86.22133161399995, 44.56545938100004], [-86.25500163899994, 44.69194339900008], [-86.08956959399995, 44.74199241700006], [-86.06675060599997, 44.905693445000054], [-85.98522358099996, 44.902941449000025], [-85.93160557199997, 44.96879646300005], [-85.86985754899996, 44.93903946100005], [-85.80740853099996, 44.94982246700005], [-85.61836650099997, 45.187028516000055], [-85.54075347899999, 45.21091452400003], [-85.55837847599997, 45.133217511000055], [-85.57389848299994, 45.15549651300006], [-85.61432449299997, 45.12757050600004], [-85.56613546799997, 45.04364149600008], [-85.58883447599999, 45.05414549600005], [-85.64742248499994, 44.97845348100003], [-85.59953247199996, 44.98999248500007], [-85.60068446499997, 44.924506475000044], [-85.65236047199994, 44.849100460000045], [-85.63888945899998, 44.77234344800007], [-85.59544144499995, 44.76711945000005], [-85.52501743799996, 44.89618047500005], [-85.56451445, 44.89525447200003], [-85.52003944599994, 44.97400448700006], [-85.47494243399996, 44.99172949300004], [-85.49975042599993, 44.85609647000007], [-85.55589943899997, 44.81826446000008], [-85.57657143899996, 44.76021645000003], [-85.52719742199997, 44.747508451000044], [-85.38926140199999, 44.94806549100008], [-85.36349541299995, 45.11163251800008], [-85.38883543499998, 45.23385453700007], [-85.36141643299999, 45.28710354700007], [-85.20362139299993, 45.36189556800008], [-84.91585530699996, 45.39312358900003], [-84.92201131199994, 45.42192259300003], [-85.06247535899996, 45.45129759000008], [-85.11548438599993, 45.53941460100003], [-85.06891938299998, 45.63528461900006], [-84.94376135299996, 45.71029863800004], [-85.01345038099998, 45.76387664200007], [-84.80664731399997, 45.74617965200008], [-84.79315831399998, 45.78047165800007], [-84.72886529499993, 45.78815366300006], [-84.46163819499998, 45.65308765700007], [-84.32954215499996, 45.664388666000036], [-84.21527311499995, 45.63477566800003], [-84.08976305999994, 45.49444165300008], [-83.93926601199996, 45.49319766100007], [-83.59927788999994, 45.35256965700006], [-83.49451885499997, 45.33937466100008], [-83.49488285799998, 45.360223664000046], [-83.38827881499998, 45.27692465700005], [-83.41227781799995, 45.23983664900004], [-83.31612277699998, 45.14196663900003], [-83.30627676399996, 45.04969562400004], [-83.26066174699997, 45.025902623000036], [-83.37710478899999, 45.07605362500004], [-83.43380280499997, 45.057624618000034], [-83.45553980799997, 45.02509061200004], [-83.43303679099995, 44.932898598000065], [-83.31233574799995, 44.88279259600006], [-83.27029271599997, 44.70878857000008], [-83.31452171899997, 44.60873355100006], [-83.33371269699995, 44.33658750500007], [-83.45012672399997, 44.25025048400005], [-83.44183272399994, 44.270475488000045], [-83.47953573699994, 44.28009848800008], [-83.53771475099995, 44.248179479000044], [-83.57987074399995, 44.049447444000066], [-83.67149277199997, 44.04185043800004], [-83.68038476899994, 43.98655542800003], [-83.83309381599997, 43.98809442000004], [-83.87670782699996, 43.95833141300005], [-83.95264682899995, 43.74957537300003], [-83.89524680199997, 43.66517236200008], [-83.68521172899995, 43.584445360000075], [-83.53815269599994, 43.70823938800004], [-83.46705067599999, 43.72923839600003], [-83.41976866999994, 43.80959441200008], [-83.48072968699995, 43.791794406000065], [-83.44929268399994, 43.85926641900005], [-83.39564366499997, 43.83377441700003], [-83.33313464999998, 43.88407342900007], [-83.40543967599996, 43.915201430000025], [-83.31070464699997, 43.919816436000076], [-83.26247563799996, 43.97532344800004], [-83.06603057899997, 44.00337446300006], [-82.96386555399994, 44.06827448000007], [-82.73899647599995, 43.989514478000046], [-82.61477741599998, 43.779546449000065], [-82.59876639299995, 43.59366841800005], [-82.53709535799999, 43.43306039300006], [-82.52309033399996, 43.22536935800008], [-82.48604631099994, 43.10249433900003], [-82.41594127999997, 43.005563325000026], [-82.46991628599994, 42.88746730200006], [-82.46748727399995, 42.76191828000003], [-82.52537827699996, 42.605661249000036], [-82.67906331699999, 42.52221822700005], [-82.64790331099994, 42.55935323500006], [-82.69406632499994, 42.55857023300007], [-82.65645931699999, 42.59243224100004], [-82.71304633499994, 42.59791223900004], [-82.63092631299997, 42.642118251000056], [-82.63085531599995, 42.67334925600005], [-82.69622633799997, 42.690286256000036], [-82.80561336799997, 42.64877324300005], [-82.81902136899998, 42.61634123700003], [-82.76959435199996, 42.59338823500008], [-82.87442037699998, 42.52354321800004], [-82.88437536899994, 42.40129819500004], [-82.92397437699998, 42.352076185000044], [-83.09729442499997, 42.29007616500007], [-83.13061042799995, 42.21104714900008], [-83.12127441699994, 42.11746213300006], [-83.20312343399996, 42.035024115000056], [-83.17089442299994, 42.01816311300007], [-83.25042144299994, 41.97276610100005], [-83.26475544399995, 41.930920093000054], [-83.32028446099997, 41.93257109000007], [-83.34276446299998, 41.87939208000006], [-83.43961648699997, 41.81317006300003], [-83.428324477, 41.74121505100004], [-83.47249348599996, 41.69301704000003], [-83.33561344499998, 41.70603004900005], [-82.93437330599994, 41.514361034000046], [-82.87523328999998, 41.52969204000004], [-82.83410528199994, 41.58759505200004], [-82.78550026299996, 41.54068304600003], [-82.71093923999996, 41.536656049000044], [-82.71424123699995, 41.48573004000008], [-82.72078324099994, 41.50894004400004], [-82.74635624899997, 41.51202104300006], [-82.95904631199994, 41.48750302800005], [-83.03820233399995, 41.46314802000006], [-83.00957432199993, 41.42876001500008], [-82.97710031399998, 41.454167021000046], [-82.92318929499999, 41.41922801700008], [-82.81171826499997, 41.47534703300005], [-82.75467524499999, 41.44399703000005], [-82.664590219, 41.455380037000054], [-82.48121815599995, 41.38135003200006], [-82.01197002399994, 41.515647079000075], [-81.73875893699994, 41.48855808700006], [-81.28413281999997, 41.763527158000045], [-80.18808850599999, 42.09426526900006], [-80.10847948699995, 42.16924828600003], [-80.06617247399998, 42.17189028900003], [-80.06108346999997, 42.14486528400005], [-79.45353630099999, 42.41116536000004], [-79.35448627599999, 42.49407937900003], [-79.14872621599994, 42.55368039900003], [-79.04675719499994, 42.69135442900006], [-78.85345814199997, 42.78396645400005], [-78.91886217599995, 42.94686548100003], [-79.01996721199998, 42.994764485000076], [-78.99943820999994, 43.05606549700008], [-79.07447023599997, 43.07786349700007], [-79.04236923199994, 43.14366351000007], [-79.07047225099996, 43.26246253000005], [-78.63434911899998, 43.35763256700005], [-78.37022403699996, 43.37651358200003], [-77.76023383799998, 43.341169603000026], [-77.53955075899995, 43.23509959300003], [-77.34109469799995, 43.280669610000075], [-76.95241457199995, 43.270321624000076], [-76.69402849499994, 43.34646964900003], [-76.63077647999995, 43.41336466400003], [-76.41758341899998, 43.52129369200003], [-76.23583636099994, 43.529264701000045], [-76.20347535399998, 43.574986710000076], [-76.20103336299996, 43.696674732000076], [-76.23498838399996, 43.82263375300005], [-76.29739440699996, 43.85593375700006], [-76.21376338299996, 43.900242768000055], [-76.23736538799994, 43.86360476100003], [-76.19981137499997, 43.85434976000005], [-76.12728735399998, 43.89789777100003], [-76.13436036099995, 43.94567277900006], [-76.05906433899997, 43.98570879000005], [-76.20025138399996, 43.96793978100004], [-76.12069736299998, 44.03130479500004], [-76.16828637899994, 44.03273179400003], [-76.15505637699994, 44.06436180000003], [-76.21138639499998, 44.05735979600007], [-76.20164239299999, 44.07904780000007], [-76.27270841299998, 44.04078879100007], [-76.27869341299998, 44.016075786000044], [-76.19969538799995, 44.02559379100006], [-76.28067940899996, 43.95969177600006], [-76.29528742199994, 44.058725793000065], [-76.36030844399994, 44.07091579200005], [-76.34424943999994, 44.087925796000036], [-76.37070844999994, 44.100507797000034], [-76.31264943899998, 44.19905281700005], [-76.20677940599995, 44.21455182400007], [-76.16426739399998, 44.23961183000006], [-76.16183539599996, 44.28078583800004], [-75.91298732199994, 44.36809286300007], [-75.82083229699998, 44.43225287800004], [-75.76623228599993, 44.51585989500006], [-75.30763216099996, 44.836821970000074], [-74.99275806799994, 44.97745800800004], [-74.82658001599998, 45.01585902100004], [-74.73130298199999, 44.990431020000074], [-71.50111891941576, 45.01369730581993], [-71.50454290899995, 45.05238815100006], [-71.42882888799994, 45.12389016700007], [-71.39781088299998, 45.20356218200004], [-71.44229890099996, 45.23855618600004], [-71.38491788099998, 45.23336018700007], [-71.28439685199999, 45.30244320300005], [-71.23112282999995, 45.24972119500006], [-71.14790680099998, 45.23928919600007], [-71.08392478399998, 45.305460210000035], [-71.00905075999998, 45.31903121500005], [-71.01081076199995, 45.34725922000007], [-70.95237774199995, 45.339106220000076], [-70.89689871699994, 45.24204020500008], [-70.85704270199994, 45.22916920400007], [-70.80861369099995, 45.31161522000008], [-70.82603370299995, 45.39841723500007], [-70.79802869599996, 45.42671524100007], [-70.63466163699997, 45.383617239000046], [-70.62745963699996, 45.42164224600003], [-70.72284567599996, 45.512781258000075], [-70.55840062999994, 45.666680291000034], [-70.40040457999999, 45.71984330500004], [-70.41767459099998, 45.79457931700006], [-70.25911754399993, 45.89076433900004], [-70.24017754099998, 45.94373834900006], [-70.31693656799996, 45.963465350000035], [-70.28457155899997, 45.99539335600008], [-70.31759657199996, 46.01950135900006], [-70.27833456099995, 46.05702836700004], [-70.30107657099995, 46.083263371000044], [-70.25241355499998, 46.10063437500003], [-70.23671455299996, 46.144946384000036], [-70.29273657499994, 46.191608390000056], [-70.19149855199998, 46.349970420000034], [-70.05695050999998, 46.415164435000065], [-69.99708650799994, 46.69523948500006], [-69.22442029299998, 47.45969563700004], [-69.04270222799994, 47.426660637000055], [-69.05025221899996, 47.255885609000075], [-68.90008516099994, 47.17772860000008], [-68.71786710199996, 47.240928616000076], [-68.61241106599994, 47.24481262000006], [-68.57855105699997, 47.28756062800005], [-68.37867798699995, 47.287570634000076], [-68.36155898499999, 47.35561464600005], [-68.15514991099997, 47.32542964700008], [-67.95226883299995, 47.19615163200007], [-67.88130180199994, 47.10392261800007], [-67.79051476799998, 47.06793061500008], [-67.78109469799995, 45.94304142400006], [-67.75042168599998, 45.91790742000006], [-67.80390770299994, 45.88290441200007], [-67.75506768199995, 45.823679404000075], [-67.80659769899995, 45.794732397000075], [-67.78189168599994, 45.73119838700006], [-67.81789169699994, 45.69371437900003], [-67.73034966499995, 45.66324837600007], [-67.73460466799997, 45.68899638100004], [-67.70946565899999, 45.68138938000004], [-67.64580963299994, 45.61360637000007], [-67.42971555699995, 45.58378237100004], [-67.41646154799997, 45.50215635700005], [-67.50377057699995, 45.48853135200005], [-67.41874654199995, 45.37726933500005], [-67.48933256099997, 45.28129131600008], [-67.40462852599995, 45.15993529700006], [-67.34558450399999, 45.126401292000025], [-67.29617348799997, 45.14796129700005], [-67.28361848599997, 45.19203130600005], [-67.15791844099994, 45.16101330300006], [-67.09078541399998, 45.06873028900003], [-67.10623341699994, 45.03311628200004], [-66.98446536899996, 44.91256626400008], [-66.98240236299995, 44.81147524600004], [-66.95056835299994, 44.81454824700006], [-67.06891839099995, 44.768968236000035], [-67.18942642499997, 44.64554221000003], [-67.27284745399999, 44.664084211000045], [-67.24637244299998, 44.626393205000056], [-67.32618147199997, 44.65672420900006], [-67.29917546499996, 44.705714218000026], [-67.39477649699995, 44.69501221400003], [-67.36826848499999, 44.62468120200003], [-67.40549149599997, 44.59424519500004], [-67.42733950599995, 44.641089203000035], [-67.45844751399994, 44.59670319400004], [-67.50580353199996, 44.636846200000036], [-67.54336754399998, 44.62656319700005], [-67.56471754599994, 44.532077180000044], [-67.68805458799994, 44.53726317700006], [-67.71307659499996, 44.49356216900003], [-67.74335260499998, 44.49742716900005], [-67.75484261199995, 44.54691917700006], [-67.77400061799995, 44.54744717700004], [-67.78236261899997, 44.51497917100005], [-67.80451762799999, 44.54268417500003], [-67.84777564399997, 44.56300917800007], [-67.89957065199997, 44.39408714600006], [-67.91694066199994, 44.46131515700006], [-67.93738066599997, 44.40989214700005], [-67.97041867999997, 44.47081415800005], [-68.02746169999995, 44.48251615800007], [-67.95877167299994, 44.39885514500003], [-68.02318369499994, 44.40819414500004], [-68.04933369899999, 44.33073913000004], [-68.11228972499998, 44.401597141000025], [-68.12134473199995, 44.478954155000054], [-68.16175074699999, 44.501166158000046], [-68.15438274299999, 44.478785154000036], [-68.19455375599995, 44.47189915100006], [-68.18052775199993, 44.47505415200004], [-68.21142576499994, 44.520149160000074], [-68.22378476599994, 44.46555514900007], [-68.26442878099994, 44.487263152000025], [-68.29413778999998, 44.47166214900005], [-68.28057178399996, 44.45158214500003], [-68.35498380999996, 44.458091144000036], [-68.36734381199994, 44.43111113900005], [-68.33787180199994, 44.42194513800007], [-68.31885679699997, 44.44434814300007], [-68.24743777199996, 44.433285143000035], [-68.17449574299997, 44.34519012900006], [-68.23091575799998, 44.28785811700004], [-68.31719278799994, 44.294323116000044], [-68.28985977599996, 44.250926109000034], [-68.33383078899993, 44.221295102000056], [-68.43094582599997, 44.29863311300005], [-68.39803481999996, 44.37620012800005], [-68.35427080599999, 44.40055313400006], [-68.39277582099999, 44.435354139000026], [-68.43080383199998, 44.39698713100006], [-68.42533783599998, 44.498284150000075], [-68.47311085099994, 44.486755146000064], [-68.46215184199997, 44.37940512700004], [-68.47976585199996, 44.45418914000004], [-68.49968585599999, 44.41418813200005], [-68.56516087699998, 44.39907912800004], [-68.54543386799998, 44.355009120000034], [-68.56620287299995, 44.31301611200007], [-68.51898385399994, 44.26522510500007], [-68.55511086599995, 44.26131010300003], [-68.52278585399995, 44.228108098000064], [-68.73931293199996, 44.33318311100004], [-68.82719696099997, 44.31216910400008], [-68.82176696399995, 44.40894912200008], [-68.77781695399995, 44.48497413700005], [-68.80586296599995, 44.52430114300006], [-68.83509797299996, 44.481413135000025], [-68.81109196399996, 44.466149133000044], [-68.87515298399995, 44.42990712400007], [-68.92161300099997, 44.45664912800004], [-68.99838402499995, 44.425595120000025], [-68.94988300399996, 44.34000210600004], [-69.05923003299995, 44.20792207900007], [-69.05454602899994, 44.17155107200006], [-69.07420303699996, 44.18355407400003], [-69.10343803999996, 44.077956054000026], [-69.04340302099996, 44.09217305800007], [-69.12805204499995, 44.017318042000056], [-69.12350204099994, 43.979024035000066], [-69.16255905599996, 43.99901203700006], [-69.21205806799998, 43.93110202400004], [-69.27394908799994, 43.91422401900007], [-69.26751508799998, 43.94367602400007], [-69.28399809399997, 43.958578026000055], [-69.31746910399994, 43.940515022000056], [-69.32533410899998, 43.97095002700007], [-69.37522512299995, 43.92459701700005], [-69.33006610999996, 43.97182602700008], [-69.36670212199994, 43.96476402500008], [-69.36239012199997, 43.99388803100004], [-69.42822714199997, 43.957285022000065], [-69.43773414699996, 43.975760025000056], [-69.50329016099994, 43.83768199800005], [-69.54391217699998, 43.88162400500005], [-69.55170317699998, 43.83463699600003], [-69.59291618899994, 43.81139099000006], [-69.59470519199994, 43.85888699900005], [-69.62108619899993, 43.826822992000075], [-69.63881220699994, 43.84785399500004], [-69.65561120799998, 43.781047983000065], [-69.69038822299996, 43.82539499000006], [-69.67707822399996, 43.92699300900006], [-69.72155922999997, 43.78200898100005], [-69.83679926399998, 43.69974396200007], [-69.87340128099999, 43.77839297600008], [-69.95563930799995, 43.771870972000045], [-70.00127331999994, 43.710396959000036], [-69.99461831899998, 43.74354596500007], [-70.04500633599997, 43.736676963000036], [-69.95064731199994, 43.86327898900004], [-69.99271732499994, 43.848368985000036], [-70.02619333499996, 43.82259597900003], [-69.98772532399994, 43.86293598700007], [-70.01919733399995, 43.85874198600004], [-70.07067634899994, 43.80841697500006], [-70.07994535299997, 43.82676697800008], [-70.19426938699996, 43.76860996400006], [-70.21471038999994, 43.697337950000076], [-70.25296140099994, 43.67501894500003], [-70.19691137599995, 43.56515492600005], [-70.36121442899997, 43.52919891400006], [-70.38292843299996, 43.469682903000034], [-70.33283641399998, 43.44644090000003], [-70.42767244299995, 43.38926288700003], [-70.41631143699993, 43.36106788200004], [-70.55385448099997, 43.32189487000005], [-70.59390748899995, 43.24930385500005], [-70.59039148299996, 43.16517684000007], [-70.70381951499996, 43.059833817000026], [-70.81729654099996, 42.87229877800007], [-70.77608351699996, 42.69127274500005], [-70.69123148699998, 42.65579874100007], [-70.63007746899996, 42.69270775000007], [-70.59146945299995, 42.63982974100003], [-70.65472747099994, 42.58224272800004], [-70.67673347899995, 42.60753573200003], [-70.71034948799996, 42.57257672500003], [-70.87519554099998, 42.54435271400007], [-70.88636654299995, 42.50861970700004], [-70.84209152899996, 42.51950371100003], [-70.83599152499994, 42.490504705000035], [-70.93499355599994, 42.45790469600007], [-70.90569254399998, 42.41620568900004], [-70.96076356299994, 42.44601969300004], [-70.99059557099997, 42.40710668400004], [-70.95302255499996, 42.34398167400008], [-70.99849757099997, 42.368229677000045], [-71.04133358199994, 42.30293466300003], [-70.99783856799996, 42.32121366800004], [-71.02065557399999, 42.286583661000066], [-70.95383355199994, 42.28079966200005], [-70.95267954899998, 42.24876865600004], [-70.91705653899999, 42.272550661000025], [-70.87781052499997, 42.24929665800005], [-70.90443053499996, 42.28078166300003], [-70.87828552699995, 42.27831966400004], [-70.88731753099995, 42.29766066700006], [-70.92344454299996, 42.30240666700007], [-70.88945653199994, 42.31049266900004], [-70.85109351699998, 42.268278663000046], [-70.76633848899996, 42.25475066300004], [-70.59789241899995, 42.00455862000007], [-70.63913743199998, 41.99390361700006], [-70.61422342499998, 42.01115762100005], [-70.65087443899995, 42.04625562600006], [-70.71003445599996, 41.999552616000074], [-70.64678543199994, 41.94931760800006], [-70.65082643499994, 41.98218861400005], [-70.62351342399995, 41.943281607000074], [-70.53918939599998, 41.926781607000066], [-70.54103038999995, 41.81576258500007], [-70.41247634399997, 41.74440557500003], [-70.25920529199993, 41.71396257400005], [-70.00846221499995, 41.80079459900003], [-70.00018821699996, 41.886946616000046], [-70.04499523399994, 41.93005762200005], [-70.06901023899997, 41.884932613000046], [-70.09559525599997, 42.032840641000064], [-70.15541527699997, 42.06241764500004], [-70.19083428699997, 42.020036635000054], [-70.24538530699994, 42.063741642000025], [-70.18930528899995, 42.08234564700007], [-70.08262425299995, 42.05466564500006], [-69.96859820799995, 41.91170862100006], [-69.93374618399997, 41.67863957700007], [-70.00386119999996, 41.54055954800003], [-69.97048919399998, 41.64546657000005], [-70.01421120999998, 41.671979573000044], [-70.19519326799997, 41.64792156300007], [-70.26542428899995, 41.609341554000025], [-70.28132029499994, 41.635133558000064], [-70.35163431799998, 41.634695556000054], [-70.48557135799996, 41.554252536000035], [-70.65662541199998, 41.51478752300005], [-70.68698142199997, 41.529498525000065], [-70.64274840999997, 41.57239353500006], [-70.65327041699999, 41.63899054800004], [-70.62480040899999, 41.65573555200007], [-70.66203642199997, 41.68094855600003], [-70.62365241099997, 41.707406562000074], [-70.67406442699996, 41.69137955700006], [-70.65659642199995, 41.71540956200005], [-70.71873944399994, 41.73574856400006], [-70.71559343999996, 41.67526655300003], [-70.74886845199995, 41.697454556000025], [-70.76546345399998, 41.64158354500006], [-70.82159847299994, 41.65484754600004], [-70.80106346499997, 41.62952154100003], [-70.85965448399998, 41.624132538000026], [-70.85344747899995, 41.58220353000007], [-70.87266548799994, 41.62782453900007], [-70.91320250099994, 41.619274536000034], [-70.90205149599996, 41.59159153100006], [-70.93045650599998, 41.61327953400007], [-70.92852050199997, 41.53978452000007], [-71.03836253399999, 41.48111350500005], [-71.07068754599999, 41.50888550900004], [-71.19397958399998, 41.45640449500007], [-71.21616059999997, 41.62549852700005], [-71.24070960799997, 41.61923352500003], [-71.24071059999994, 41.47488049700007], [-71.28574061499995, 41.48848449900004], [-71.30439461899994, 41.454510492000054], [-71.35603363599995, 41.449340489000065], [-71.31651962499996, 41.47756849600006], [-71.33083163199996, 41.51837250300008], [-71.27523461899995, 41.61945252400005], [-71.21182259999995, 41.63911153000004], [-71.19564059599998, 41.67509853800004], [-71.22859539605035, 41.70309001721729], [-71.25956061499994, 41.64260352900004], [-71.28550262599998, 41.68243853600006], [-71.30139662899995, 41.649986530000035], [-71.29121762899996, 41.70267454000003], [-71.39055766599995, 41.783716552000044], [-71.35728265099993, 41.71660054100005], [-71.37791065499994, 41.66665453000007], [-71.44931867999998, 41.68740953200006], [-71.40862166499994, 41.663176529000054], [-71.40377065899997, 41.58932951500003], [-71.44641267299994, 41.583223512000075], [-71.41840465799999, 41.472660491000056], [-71.48087567199997, 41.360256468000046], [-71.55156669499996, 41.37443146800007], [-71.86277279299998, 41.30979944500007], [-71.82938478399996, 41.34242145300004], [-72.11182087299994, 41.299106435000056], [-72.18412289799994, 41.32400543800003], [-72.20510990199995, 41.285195429000055], [-72.31776093799994, 41.277790424000045], [-72.35050495099995, 41.311758430000054], [-72.34261094599998, 41.26885442200006], [-72.36761795399997, 41.263537420000034], [-72.66566805099995, 41.27014741100004], [-72.71059606399996, 41.24448840500003], [-72.75747807999994, 41.26692140800003], [-72.88144611899997, 41.24260539900007], [-72.91308813199998, 41.29674540800005], [-73.01455115899995, 41.204743387000065], [-73.08204617999996, 41.19297238200005], [-73.10302118499999, 41.151420373000065], [-73.17777520999994, 41.16670537400006], [-73.26238923399995, 41.11820136100005], [-73.36825026799994, 41.10720235600007], [-73.52886731399997, 41.01640533200003], [-73.53533931699997, 41.03192833500003], [-73.57006932599995, 41.00160532800004], [-73.60395333799994, 41.015062330000035], [-73.65733735299995, 40.98517932200008], [-73.72777638299993, 41.10070434200003], [-73.655973352, 40.979605321000065], [-73.78133938699995, 40.88545529800007], [-73.78257838399998, 40.837609289000056], [-73.81260139499994, 40.858708292000074], [-73.75888637299994, 40.769126276000065], [-73.75301037499997, 40.83840029000004], [-73.70612135899995, 40.81591128700006], [-73.72957636899997, 40.86650829600006], [-73.64860334099995, 40.82882929200008], [-73.63980834199998, 40.896628305000036], [-73.56997032099997, 40.91540631100003], [-73.50742129999998, 40.90866431200004], [-73.52025530299994, 40.88674630700007], [-73.54782631299997, 40.90363431000003], [-73.54188430999994, 40.87686230500003], [-73.49482329599994, 40.89483131000003], [-73.46463828399999, 40.86823530600003], [-73.48536629599994, 40.94640532000005], [-73.41615127099993, 40.90435231400005], [-73.35506825199997, 40.912795318000065], [-73.40735726899999, 40.91620831700004], [-73.39286326599995, 40.95530532500004], [-73.22838521099999, 40.90596932100004], [-73.14899518599998, 40.92890632800004], [-73.15957719199997, 40.96845633600003], [-73.11833217899994, 40.97807933900003], [-72.63556302399996, 40.981965356000046], [-72.27878991899996, 41.15873040200006], [-72.23200690399995, 41.16119340400007], [-72.29477892099999, 41.11330139300003], [-72.32663093299993, 41.13217039600005], [-72.31723892699995, 41.088667387000044], [-72.26051590599997, 41.04207338000003], [-72.15385787199995, 41.051867386000026], [-72.10216085199994, 40.99151737500006], [-71.96351380999994, 41.04254139000005], [-71.95520380899995, 41.07307839600003], [-71.85749477799999, 41.07356639900007], [-73.05496414099997, 40.66637928000006], [-73.57347930199995, 40.57801424500008], [-73.77492936699997, 40.59076724000005], [-73.94059241699995, 40.54290422500003], [-73.93156041599997, 40.57597023200003], [-74.01202344199999, 40.574536229000046], [-74.04241345499997, 40.624855238000066], [-73.99669944499993, 40.70088525400007], [-74.02454445399997, 40.70944425500005], [-74.09325447299994, 40.64893424100006], [-74.18602850199994, 40.646084237000025], [-74.15297449099995, 40.638894237000045], [-74.08648646999995, 40.64860924100003], [-74.05312645699996, 40.603686233000076], [-74.11147247199995, 40.54691622000007], [-74.25608951599997, 40.50791120700006], [-74.20068993025286, 40.61940985378672], [-74.27269151999997, 40.48841320300005], [-74.20591649599999, 40.43929319600005], [-74.13365947399996, 40.456786202000046], [-74.00079642899993, 40.41155819700003], [-74.00505843399998, 40.483004211000036], [-73.98101842399996, 40.44306120400006], [-73.97744341499998, 40.299381176000054], [-74.09403341999996, 39.75799006400007], [-74.24050745499994, 39.55491901800008], [-74.32383447899997, 39.50781600600004], [-74.32856247599995, 39.439657992000036], [-74.61353555499994, 39.24468694300003], [-74.79272459699996, 38.991998885000044], [-74.86445961699997, 38.94041787200007], [-74.97199665099998, 38.94037786800004], [-74.89254863599996, 39.11319090600006], [-74.89985364199998, 39.173317918000066], [-75.02888668299994, 39.194567918000075], [-75.02979668599994, 39.22547392400003], [-75.10742870999997, 39.21836192000006], [-75.13691571699997, 39.18209591200008], [-75.25170075999995, 39.30034893200008], [-75.29740877399996, 39.29680692900007], [-75.54289586199997, 39.47045495500004], [-75.51153285799995, 39.57718497800005], [-75.55944787599998, 39.629819987000076], [-75.41506384099995, 39.801927026000044], [-75.51844587599999, 39.83631902900004], [-75.63470791199995, 39.830172024000035], [-75.71697093599994, 39.79200601300005], [-75.77378794999998, 39.722207997000055], [-80.51934542599997, 39.721410809000076], [-80.51937924427246, 40.638741889205356], [-80.62717452499999, 40.61994397600006], [-80.66796053499996, 40.58250396700004], [-80.59549750499997, 40.47527395000003], [-80.63359950999995, 40.390474932000075], [-80.59989849399994, 40.31767692000005], [-80.73860751899997, 40.075679867000076], [-80.75643551299999, 39.91393783600006], [-80.80602152799997, 39.91713783400007], [-80.79076451999998, 39.86728782500006], [-80.86909553599997, 39.76637180200004], [-80.82976751999996, 39.71184679400005], [-80.88036352899996, 39.62071377400008], [-80.97043955499998, 39.59013476400003], [-81.21731861499995, 39.38759771400004], [-81.37596465999997, 39.34170469800006], [-81.45614668999997, 39.40928170800004], [-81.55755071499993, 39.338781690000076], [-81.57025071399994, 39.26768267600005], [-81.68363074899997, 39.27094667100005], [-81.69239874799996, 39.22645066200005], [-81.75575776399995, 39.180983651000076], [-81.74725675499997, 39.095385634000024], [-81.81385877399998, 39.07928562800004], [-81.76425675499996, 39.01528661800006], [-81.76266274799997, 38.924128600000074], [-81.82735776899995, 38.94590560200004], [-81.89854478499996, 38.87458958500008], [-81.92800379599998, 38.893499587000065], [-81.89847378899998, 38.92961059600003], [-81.93318980399994, 38.98766660500007], [-82.03596683799998, 39.025485608000054], [-82.14317086099999, 38.89808657900005], [-82.14487085699994, 38.84048756800007], [-82.22156987699998, 38.78719455400005], [-82.17727084999996, 38.60379152000007], [-82.29127488299997, 38.57899051000004], [-82.33033888499995, 38.44450748200006], [-82.58758995999995, 38.41274846500005], [-82.61046197099995, 38.47146447500006], [-82.69662500199996, 38.54211948500006], [-82.84431005, 38.59086948800007], [-82.88919707499997, 38.75608351900007], [-83.03070611499999, 38.725727506000055], [-83.14284014099997, 38.625083482000036], [-83.24557617199997, 38.62794347800008], [-83.29419718399998, 38.59659547000007], [-83.35644920699997, 38.654016478000074], [-83.52095725999999, 38.70305248000005], [-83.62692628999997, 38.67939447100008], [-83.67948830199998, 38.630043459000035], [-83.76935132999995, 38.65522746000005], [-83.87317236899997, 38.76242547600003], [-84.21290847299997, 38.805714468000076], [-84.30470251599996, 39.00646250300008], [-84.42573455499996, 39.05306650600005], [-84.45534656899997, 39.120367517000034], [-84.60793261099997, 39.07324550100003], [-84.74415365699997, 39.14746550900003], [-84.89691569499996, 39.05748148500004], [-84.82986166799998, 38.96939247100005], [-84.87703367799998, 38.909023457000046], [-84.78580364799996, 38.86950345400004], [-84.82996265799994, 38.83063944500003], [-84.81288164899996, 38.78609443700003], [-84.99193170199999, 38.77854442700004], [-85.17305274799998, 38.68802940100005], [-85.26849977999996, 38.740172407000045], [-85.43630382899994, 38.72849139700003], [-85.45648583099995, 38.68507638800003], [-85.42244580999994, 38.53293836000006], [-85.49887082699996, 38.46824934400007], [-85.60446185599994, 38.44082733400006], [-85.68356586799996, 38.295476303000044], [-85.74508188399994, 38.26719729400003], [-85.82922090899996, 38.276515292000056], [-85.90387792299998, 38.174149269000054], [-85.92565891799995, 38.02179123900004], [-86.02951394599995, 37.99264722800007], [-86.04231194799996, 37.958178221000026], [-86.08634596399997, 38.00493822800007], [-86.26720801999994, 38.056805230000066], [-86.27285202799999, 38.140842245000044], [-86.35772205699999, 38.19881425300008], [-86.37743906099996, 38.171386246000054], [-86.32385204299999, 38.138419243000044], [-86.40188406299995, 38.10433623200004], [-86.46325308199994, 38.11928523200004], [-86.43009606899994, 38.07864522600005], [-86.52183009299995, 38.03833421400003], [-86.50662507999994, 37.930726194000044], [-86.58858610299995, 37.921166189000076], [-86.59811310199996, 37.86738917800005], [-86.63827011199999, 37.84272517100004], [-86.66164211899996, 37.849721171000056], [-86.64708611899994, 37.908628183000076], [-86.73146514299998, 37.89434717700004], [-86.82007617599999, 37.999399193000045], [-87.03417123099996, 37.906272165000075], [-87.06591323299995, 37.80759514400006], [-87.10433924199998, 37.783409138000025], [-87.16232426299996, 37.84016614600006], [-87.38543933399995, 37.93767715400003], [-87.51150436799998, 37.906433142000026], [-87.59002839599998, 37.97547915100006], [-87.62839440299996, 37.92757014000006], [-87.58374238699997, 37.878087133000065], [-87.61540439199996, 37.83198112300005], [-87.67554340899994, 37.831739120000066], [-87.67573541499996, 37.90193713300005], [-87.83058345699999, 37.87652312100005], [-87.89806747999995, 37.927521127000034], [-87.94084448899997, 37.88334511700003], [-87.90380947399996, 37.81776910600007], [-87.94451148199994, 37.77526309600006], [-88.03336585905139, 37.7935185861094], [-88.16019253499996, 37.65759906400007], [-88.06784949499996, 37.48587403600004], [-88.47022960299995, 37.396261999000046], [-88.51594460699994, 37.28404997600006], [-88.42440857199995, 37.15243495500005], [-88.45895357599994, 37.07380293800003], [-88.56606660599994, 37.07521093300005], [-88.80572568199995, 37.18860194400003], [-88.98326573499997, 37.22869194300006], [-89.07622675799996, 37.17513192800004], [-89.17573077699996, 37.06207590200006], [-89.17898077499996, 37.02093489400005], [-89.13269075899996, 36.982206889000054], [-89.18549677299995, 36.973524885000074], [-89.25493579999994, 37.07202090000004], [-89.30829581499995, 37.06837789700006], [-89.26000879799994, 37.023294891000035], [-89.27863380099996, 36.98867688300004], [-89.37828283199997, 37.039611888000024], [-89.37871583699996, 37.09459289800003], [-89.46186786799996, 37.19952391400005], [-89.45883287099997, 37.248667924000074]], [[-84.80597689099994, 41.69612597300005], [-84.80588789599994, 41.76022398400005], [-84.82016167599994, 39.10548749700007], [-84.80597689099994, 41.69612597300005]], [[-73.29094534899997, 42.80192868100005], [-73.27542992939527, 42.76850608725885], [-73.24159038299996, 43.53498181800006], [-73.29094534899997, 42.80192868100005]], [[-71.29420568799998, 42.696998730000075], [-72.45852007199994, 42.72686169600007], [-73.1299958761562, 42.74259644691509], [-71.29420568799998, 42.696998730000075]], [[-87.55339945499998, 38.86241731900003], [-87.49706093729242, 38.74050212602408], [-87.49608142899996, 38.74212030000007], [-87.55339945499998, 38.86241731900003]], [[-88.079485821196, 37.819400235733205], [-88.09004452699998, 37.81677809700005], [-88.07522630079055, 37.8125849099526], [-88.079485821196, 37.819400235733205]], [[-91.21829897499998, 43.51444190800004], [-91.22184016140585, 43.52424775514142], [-91.21802646201313, 43.502357316809345], [-91.21829897499998, 43.51444190800004]], [[-91.26455647195417, 43.642532861789675], [-91.26875500199998, 43.61535592100006], [-91.24789431510358, 43.5963939285634], [-91.26455647195417, 43.642532861789675]], [[-91.36664906999994, 43.937470965000045], [-91.4252652005166, 43.98826884555823], [-91.24414201399998, 43.77467494700005], [-91.36664906999994, 43.937470965000045]], [[-91.44054309899997, 44.00150897000003], [-91.59207714599995, 44.03137996400005], [-91.43602253588789, 43.997591361945744], [-91.44054309899997, 44.00150897000003]], [[-92.04874520459023, 46.71965617878389], [-92.08949766599994, 46.74924832900007], [-92.116597674, 46.74864832700007], [-92.04874520459023, 46.71965617878389]], [[-88.32695942699996, 45.955079469000054], [-88.28270766490473, 45.95431517630041], [-88.37065975659831, 45.97018319386393], [-88.32695942699996, 45.955079469000054]], [[-88.13507335099996, 45.82170246100003], [-88.12596775333188, 45.81302238558013], [-88.069891338, 45.87272547300006], [-88.13507335099996, 45.82170246100003]], [[-88.10325333699996, 45.79136945800008], [-88.05530593162047, 45.793098655361476], [-88.11985732147974, 45.80719750606556], [-88.10325333699996, 45.79136945800008]], [[-87.96345828999995, 45.758228462000034], [-87.87581926299998, 45.75389646700006], [-87.9768070178887, 45.775953486720645], [-87.96345828999995, 45.758228462000034]], [[-87.78673143279899, 45.67989855664495], [-87.78223222599996, 45.68306146200007], [-87.7989255144015, 45.69569642946239], [-87.78673143279899, 45.67989855664495]], [[-87.82410823399994, 45.64714645400005], [-87.81235515934259, 45.63641743676422], [-87.82143407583635, 45.648792157641246], [-87.82410823399994, 45.64714645400005]], [[-87.78178541374069, 45.586398144440686], [-87.77720521199996, 45.58850744800003], [-87.77944317297927, 45.59155782768705], [-87.78178541374069, 45.586398144440686]], [[-91.36421768799994, 40.50005040700006], [-91.39528797254647, 40.389249296614565], [-91.37256067999994, 40.401207389000035], [-91.36421768799994, 40.50005040700006]], [[-91.40148870399997, 40.559465415000034], [-91.40025707554415, 40.557502033734664], [-91.33972569199994, 40.61349542700003], [-91.40148870399997, 40.559465415000034]], [[-90.59524357199996, 41.511039622000055], [-90.65584558499995, 41.462139610000065], [-90.57427063040598, 41.512999062096135], [-90.59524357199996, 41.511039622000055]], [[-90.43783116850413, 42.34035093420835], [-90.42416612615723, 42.306750316300665], [-90.41903360899994, 42.32851276800005], [-90.43783116850413, 42.34035093420835]], [[-90.65403369299997, 42.47851077800004], [-90.6465021328471, 42.474092434606376], [-90.64341221771652, 42.50319128493016], [-90.65403369299997, 42.47851077800004]], [[-91.20662695199997, 43.35253188400003], [-91.17754100739715, 43.34115335784646], [-91.20737720130496, 43.36254958287758], [-91.20662695199997, 43.35253188400003]], [[-91.17525991799994, 43.13467285100006], [-91.17569147085256, 43.12777066171201], [-91.05792489799995, 43.25537387800006], [-91.17525991799994, 43.13467285100006]], [[-91.17946391099997, 43.06743484000003], [-91.14556688299996, 42.90798781700005], [-91.17656708784887, 43.11376617949028], [-91.17946391099997, 43.06743484000003]], [[-91.06468684199996, 42.750921797000046], [-91.05630477274467, 42.74617851427629], [-91.10057186699999, 42.88308581600006], [-91.06468684199996, 42.750921797000046]], [[-73.48732779214485, 42.049499271427564], [-73.50814337399999, 42.08626553900007], [-73.4909665543084, 42.00637996740597], [-73.48732779214485, 42.049499271427564]], [[-71.79924281299998, 42.008073582000065], [-71.38140167699999, 42.018806598000026], [-72.75583912599996, 42.03620355600003], [-71.80065081399994, 42.023577585000055], [-71.79768377799996, 41.41671746800006], [-71.79924281299998, 42.008073582000065]], [[-75.19043243385958, 40.586802324085134], [-75.19235381899995, 40.57426518700004], [-75.18502749264395, 40.57236849099578], [-75.19043243385958, 40.586802324085134]], [[-74.80772722369831, 41.30008760654068], [-74.83005874799994, 41.28720833800003], [-74.88214075799993, 41.18084431600005], [-74.80772722369831, 41.30008760654068]], [[-74.73219458758797, 41.34364957261644], [-74.69583206434834, 41.357092586123215], [-74.69939421706381, 41.36256654283788], [-74.73219458758797, 41.34364957261644]], [[-71.53337165825265, 44.987812597205384], [-71.46455589299995, 45.01364614600004], [-71.53629891499997, 44.994168140000056], [-71.53337165825265, 44.987812597205384]], [[-72.06777504399997, 44.27098499300007], [-72.03025346665505, 44.32082444006986], [-72.03313703599997, 44.32037400300004], [-72.06777504399997, 44.27098499300007]], [[-72.55473730101512, 42.86323948137887], [-72.53218711099998, 42.95495373600005], [-72.55621511299995, 42.86695871900008], [-72.55473730101512, 42.86323948137887]]], [[[-124.21619505499996, 41.95221710100003], [-124.21303505399999, 41.95102810100008], [-124.215015054, 41.949739101000034], [-124.21619505499996, 41.95221710100003]]], [[[-124.32178308899995, 42.067310098000064], [-124.32210108799995, 42.06423109800005], [-124.32377908799998, 42.06444309800003], [-124.32178308899995, 42.067310098000064]]], [[[-124.42536314399996, 42.31530410400006], [-124.42505214399995, 42.312831104000054], [-124.42694414399995, 42.31285110400006], [-124.42536314399996, 42.31530410400006]]], [[[-124.47710421099998, 42.66717512100007], [-124.47490621099996, 42.66803412100006], [-124.47587621099996, 42.665500121000036], [-124.47710421099998, 42.66717512100007]]], [[[-116.72962038999998, 45.14209703300003], [-116.84795738899999, 45.022608012000035], [-116.85697738199997, 44.975179007000065], [-116.82628437699998, 44.982499010000026], [-116.85244036399996, 44.887583], [-116.93471335999999, 44.78388698400005], [-117.06228637199996, 44.72714896700006], [-117.14925535199995, 44.53615694400003], [-117.22508935599996, 44.48235193200003], [-117.21508534399999, 44.42716792900006], [-117.24268834399999, 44.396553924000045], [-117.18978232299997, 44.33659092400006], [-117.22266032199997, 44.29758391800004], [-117.19816031299996, 44.27383391800004], [-117.10422129699998, 44.27994592700003], [-117.05304327799996, 44.22908192800003], [-116.97591826699994, 44.24284993600003], [-116.97168825799997, 44.19726193300005], [-116.89409623699999, 44.16019693700008], [-116.97736423899994, 44.08536992300003], [-116.935597213, 43.986879919000046], [-116.97619321899998, 43.974724914000035], [-116.95876520599995, 43.92325191200007], [-117.03289420299996, 43.83003089700003], [-117.02620989899998, 41.999895740000056], [-124.21161906199995, 41.99846510400005], [-124.35404109899997, 42.10354409800004], [-124.36102311299999, 42.18075710200003], [-124.41416313199994, 42.25216910100005], [-124.41182914099994, 42.30739810500006], [-124.43307714699995, 42.32398110400004], [-124.40119119299999, 42.627197125000066], [-124.47387822199994, 42.73267612500007], [-124.51367722799995, 42.732954121000034], [-124.56625825299994, 42.83639712200005], [-124.44688926999999, 43.03181314500006], [-124.38247430299998, 43.270172165000076], [-124.40282831199994, 43.30587716500003], [-124.31502631399997, 43.388394178000055], [-124.23203933399998, 43.56239819700005], [-124.15028138599996, 43.910855225000034], [-124.05829551699998, 44.65887127600007], [-124.07408054599995, 44.798112282000034], [-123.96290162799994, 45.28022332000006], [-123.972913641, 45.33689532200003], [-124.00777064599998, 45.33681831800004], [-123.96574264999998, 45.386247325000056], [-123.97866467299997, 45.486859329000026], [-123.93966770999998, 45.68898034400007], [-123.98259273099995, 45.76182034300007], [-123.96275075199998, 45.86997935100004], [-123.99371777299996, 45.946436352000035], [-123.93748577099996, 45.977311359000055], [-123.92934478399997, 46.04198336300004], [-124.01264883899995, 46.236855364000064], [-123.85481579799995, 46.157347377000065], [-123.86422380599998, 46.18953237800008], [-123.75760379499997, 46.21300639000003], [-123.69344478099998, 46.18981739600008], [-123.50125976899994, 46.27100942000004], [-123.44760675599997, 46.24983742500007], [-123.43100173899995, 46.18157642300008], [-123.37144772199997, 46.14637742700006], [-123.11591869199998, 46.18527345600006], [-122.90413363699997, 46.08373947300004], [-122.81401259599994, 45.960989476000066], [-122.76382452399997, 45.65714346400006], [-122.29491542699998, 45.54354650500005], [-121.98305239399997, 45.622817542000064], [-121.81131838399995, 45.706766565000066], [-121.53312034399994, 45.72654659500006], [-121.42360631899999, 45.693995604000065], [-121.337784307, 45.70495461300004], [-121.21579327999996, 45.671243624000056], [-121.167866259, 45.60610362400007], [-121.06438425199997, 45.652554638000026], [-120.89558922199996, 45.64295065400006], [-120.63498219999997, 45.74585268800007], [-120.48237616399996, 45.69445470000005], [-120.40397415199999, 45.69925470800007], [-120.21076812499996, 45.725956729000075], [-119.96575810399997, 45.82437076100007], [-119.66989105999994, 45.856872793000036], [-119.60056306099995, 45.91958680400006], [-119.12613398099995, 45.93286485400006], [-118.98714297099997, 45.999860872000056], [-116.91600259499995, 45.99541908100008], [-116.78268953499997, 45.82538208100004], [-116.71183552199994, 45.82627308800005], [-116.66535750499997, 45.782004089000054], [-116.54665647599995, 45.750978098000076], [-116.46364843099997, 45.60279109500004], [-116.52857143299997, 45.55108408500007], [-116.55484241999994, 45.46293607500007], [-116.67380641499994, 45.32151705200005], [-116.72962038999998, 45.14209703300003]]], [[[-87.49015705799997, 45.055047383000044], [-87.50619006399995, 45.05957338300004], [-87.49642106099998, 45.061080383000046], [-87.49015705799997, 45.055047383000044]]], [[[-87.26778300499996, 45.17398141500007], [-87.25780000299994, 45.17984541700008], [-87.26326700199996, 45.15672041300007], [-87.26778300499996, 45.17398141500007]]], [[[-87.20669898799997, 45.18051542000006], [-87.20788798699994, 45.176159419000044], [-87.21385898899996, 45.17865141900006], [-87.20669898799997, 45.18051542000006]]], [[[-87.33416602999995, 45.21167841700003], [-87.32729202099995, 45.15737240900006], [-87.37678403899997, 45.177307409000036], [-87.33416602999995, 45.21167841700003]]], [[[-123.64152078599994, 46.24886540400007], [-123.65065178599997, 46.24407740300006], [-123.66500778799997, 46.242696402000036], [-123.64152078599994, 46.24886540400007]]], [[[-123.59140777899995, 46.252355410000064], [-123.57297677499997, 46.24981241200004], [-123.58375977699995, 46.24900341100005], [-123.59140777899995, 46.252355410000064]]], [[[-123.967698838, 46.26561037100004], [-123.96468383799998, 46.26398837100004], [-123.97832483899998, 46.26120936900003], [-123.967698838, 46.26561037100004]]], [[[-124.02834584899995, 46.27397236500008], [-124.00291384399998, 46.26592136700003], [-124.00695484399995, 46.26427836600004], [-124.02834584899995, 46.27397236500008]]], [[[-87.40383722899998, 46.59368062400006], [-87.40263922899999, 46.59555362400005], [-87.39941722699996, 46.595054624000056], [-87.40383722899998, 46.59368062400006]]], [[[-87.41336823299997, 46.60540462500006], [-87.41008523199997, 46.60272662400007], [-87.41651423299999, 46.59748462300007], [-87.41336823299997, 46.60540462500006]]], [[[-87.46124325199997, 46.63682762600007], [-87.45831825199997, 46.63979662700007], [-87.45716825099998, 46.63810962700006], [-87.46124325199997, 46.63682762600007]]], [[[-90.62205524799998, 46.872880450000025], [-90.57001322899998, 46.84970445000005], [-90.76365427299999, 46.75493542300006], [-90.79156928599997, 46.78499142600003], [-90.62205524799998, 46.872880450000025]]], [[[-90.75167028099997, 46.833179435000034], [-90.73599028199999, 46.87284544200003], [-90.72051727699994, 46.86568544200003], [-90.75167028099997, 46.833179435000034]]], [[[-90.45854220299998, 46.89733046500004], [-90.47442420399994, 46.87503846100003], [-90.51706421699998, 46.87598045800007], [-90.45854220299998, 46.89733046500004]]], [[[-90.67791326799994, 46.89586644900004], [-90.66744826399997, 46.89136345000003], [-90.68968126899995, 46.87897544600003], [-90.67791326799994, 46.89586644900004]]], [[[-90.65427026499998, 46.922348455000076], [-90.50710522599996, 46.95775647000005], [-90.54452222999998, 46.908601461000046], [-90.65427026499998, 46.922348455000076]]], [[[-90.715652289, 46.958371456000066], [-90.68899527499997, 46.917469452000034], [-90.73670328799994, 46.91345044800005], [-90.76529630199997, 46.94702945100005], [-90.715652289, 46.958371456000066]]], [[[-91.03784338299994, 46.94461443100005], [-91.03427838199997, 46.94429043100007], [-91.03641738199997, 46.940882431000034], [-91.03784338299994, 46.94461443100005]]], [[[-87.95935444899999, 46.94998164000003], [-87.95655544799996, 46.95159264100005], [-87.95542944699997, 46.94878164100004], [-87.95935444899999, 46.94998164000003]]], [[[-87.97146545299995, 46.950287640000056], [-87.96903945199995, 46.95396664000003], [-87.96243244999994, 46.94998164000003], [-87.97146545299995, 46.950287640000056]]], [[[-87.99718546199995, 46.96282364000007], [-87.99713146099998, 46.95675463900005], [-88.00154546299996, 46.95695063900007], [-87.99718546199995, 46.96282364000007]]], [[[-90.65492927299994, 46.97694146300006], [-90.63412926799998, 46.979637464000064], [-90.66120927199995, 46.95324945900006], [-90.65492927299994, 46.97694146300006]]], [[[-90.79723031699996, 46.979965453000034], [-90.78450331199997, 46.97824245400005], [-90.78972631299996, 46.969979452000075], [-90.79723031699996, 46.979965453000034]]], [[[-90.98210837299996, 46.98586344100005], [-90.92380035599996, 46.987919445000045], [-90.96188336299997, 46.96147243900003], [-90.98210837299996, 46.98586344100005]]], [[[-90.85127433399998, 46.98539645000005], [-90.859687335, 46.97640344800004], [-90.87859834299996, 46.99132644900004], [-90.85127433399998, 46.98539645000005]]], [[[-90.69657129099994, 47.00846946400003], [-90.66921228099994, 47.00013846500008], [-90.69478528599996, 46.98288846100007], [-90.69657129099994, 47.00846946400003]]], [[[-90.60597926299994, 47.00705047000008], [-90.60317926099998, 46.99538146900005], [-90.61745426399995, 46.98943446700008], [-90.60597926299994, 47.00705047000008]]], [[[-90.54488324599998, 47.017392476000055], [-90.56332324899995, 46.99657147200003], [-90.57551325799994, 47.033872476000056], [-90.54488324599998, 47.017392476000055]]], [[[-90.75891731299998, 47.03472746300008], [-90.74003130399996, 47.00915746100003], [-90.76798931099995, 47.00233545800006], [-90.75891731299998, 47.03472746300008]]], [[[-90.64363027999997, 47.041184472000054], [-90.63648927699995, 47.03642747200007], [-90.64184527699996, 47.02512447000004], [-90.64363027999997, 47.041184472000054]]], [[[-90.68868629299999, 47.043230470000026], [-90.646787282, 47.05450747400005], [-90.67932128699994, 47.018582467000044], [-90.68868629299999, 47.043230470000026]]], [[[-90.44908222499998, 47.066021489000036], [-90.39537420999994, 47.07718349500004], [-90.40882420499997, 47.01734148500003], [-90.46547221999998, 47.00260147900008], [-90.44908222499998, 47.066021489000036]]], [[[-90.72077930799998, 47.07329847200003], [-90.72198030599998, 47.06321747000004], [-90.73004630899999, 47.06562247000005], [-90.72077930799998, 47.07329847200003]]], [[[-90.58958726799995, 47.07240948100008], [-90.58652426799995, 47.07568848100004], [-90.58473926499994, 47.06260048000007], [-90.58958726799995, 47.07240948100008]]], [[[-88.26881656099994, 47.06952763800007], [-88.27439856299998, 47.07510463800003], [-88.26755856099999, 47.07366363800003], [-88.26881656099994, 47.06952763800007]]], [[[-91.55375555899997, 47.089656415000036], [-91.55174555899998, 47.09059341500006], [-91.55158655799994, 47.08735141500006], [-91.55375555899997, 47.089656415000036]]], [[[-87.62367941199994, 47.42629173200004], [-87.58623039899999, 47.418344733000026], [-87.65066741899994, 47.41747772900004], [-87.62367941199994, 47.42629173200004]]], [[[-88.85168386399994, 47.91300871900006], [-88.84506586199996, 47.91524972000008], [-88.84723786299998, 47.91265371900005], [-88.85168386399994, 47.91300871900006]]], [[[-89.66164911999994, 47.95497266900003], [-89.65483911799998, 47.95260266900004], [-89.66025411899994, 47.95073466800005], [-89.66164911999994, 47.95497266900003]]], [[[-89.57490309699995, 47.980684678000046], [-89.55349308999996, 47.97334767900003], [-89.58640109799995, 47.958790675000046], [-89.57490309699995, 47.980684678000046]]], [[[-89.23453997299998, 47.85172668400003], [-89.20380296899998, 47.88631569100005], [-89.26280698399995, 47.869872685000075], [-89.17916096899995, 47.935038700000064], [-88.78756286699996, 48.063043744000026], [-88.63271883199997, 48.148592767000025], [-88.41825076999999, 48.18037878600006], [-88.67007982299998, 48.01145474500004], [-89.00510190899996, 47.89866670600003], [-88.91167187899998, 47.89135271200007], [-89.16205494599996, 47.823572685000045], [-89.23453997299998, 47.85172668400003]]], [[[-88.72122485299997, 48.10395275500008], [-88.73276685599996, 48.101362753000046], [-88.70550084899998, 48.11118375700005], [-88.72122485299997, 48.10395275500008]]], [[[-88.35251075799994, 48.23548479800007], [-88.33634875299998, 48.23714679900007], [-88.36779476099997, 48.22296079500006], [-88.35251075799994, 48.23548479800007]]], [[[-83.82707778199995, 43.67439236700005], [-83.81630177899996, 43.671217367000054], [-83.81859677899996, 43.665461366000045], [-83.82707778199995, 43.67439236700005]]], [[[-85.58121245299998, 44.869946467000034], [-85.57024844999995, 44.87281346800006], [-85.57064844899998, 44.86452846700007], [-85.58121245299998, 44.869946467000034]]], [[[-86.11791363799995, 45.048486464000064], [-86.07781562399998, 45.032418464000045], [-86.11570463199996, 44.99910145700005], [-86.15565964599995, 45.01439845700003], [-86.11791363799995, 45.048486464000064]]], [[[-85.56586547399996, 45.09951050500007], [-85.56804447499997, 45.09978950500005], [-85.56773847499994, 45.101421505000076], [-85.56586547399996, 45.09951050500007]]], [[[-85.98941761099996, 45.151077488000055], [-85.96088459199996, 45.06051647500004], [-86.00753260599998, 45.05718047200003], [-86.06448863299994, 45.139609482000026], [-85.98941761099996, 45.151077488000055]]], [[[-86.94760692399996, 45.31232945600004], [-86.94416592199997, 45.300640455000064], [-86.95722792699996, 45.304764454000065], [-86.94760692399996, 45.31232945600004]]], [[[-86.92350392799995, 45.397310471000026], [-86.81006089599998, 45.42262748200005], [-86.86646090299996, 45.33569246500008], [-86.90317491299999, 45.33312046200007], [-86.89707990699998, 45.296069457000044], [-86.95617293199996, 45.35549746200007], [-86.93739893499998, 45.42097447400005], [-86.92350392799995, 45.397310471000026]]], [[[-85.83197259399998, 45.420488540000065], [-85.83872159099997, 45.377163533000044], [-85.88471261399997, 45.444822541000065], [-85.83197259399998, 45.420488540000065]]], [[[-85.77061658299993, 45.48649755400004], [-85.77015157999995, 45.46074555000007], [-85.79296658999993, 45.48198455200003], [-85.77061658299993, 45.48649755400004]]], [[[-86.75755388999994, 45.50413149800005], [-86.75999488699995, 45.477875493000056], [-86.78281189499995, 45.48679049300006], [-86.75755388999994, 45.50413149800005]]], [[[-86.71695287699998, 45.50116150000008], [-86.71389987599997, 45.499806500000034], [-86.71614287599994, 45.497787499000026], [-86.71695287699998, 45.50116150000008]]], [[[-86.72065887899998, 45.51152950100004], [-86.71669887799999, 45.50949150100007], [-86.72291687999996, 45.50853150000006], [-86.72065887899998, 45.51152950100004]]], [[[-86.72715788299996, 45.522533502000044], [-86.72309788099994, 45.520533502000035], [-86.72624488199995, 45.52060650200008], [-86.72715788299996, 45.522533502000044]]], [[[-86.66118486399995, 45.53297050800006], [-86.65992086199998, 45.52249950600003], [-86.66706186399995, 45.52168850600003], [-86.66118486399995, 45.53297050800006]]], [[[-86.66064486899995, 45.57861251500003], [-86.62750085499994, 45.54946451300003], [-86.64891486099998, 45.544352511000056], [-86.66064486899995, 45.57861251500003]]], [[[-86.69239588399995, 45.61713451900005], [-86.66789387499995, 45.60605551900005], [-86.69017487999997, 45.59572951600006], [-86.69239588399995, 45.61713451900005]]], [[[-86.70806188799997, 45.61154251700003], [-86.70520988699997, 45.61062751700007], [-86.70699188699996, 45.60888151700004], [-86.70806188799997, 45.61154251700003]]], [[[-85.52191653599994, 45.739427609000074], [-85.49173251099995, 45.607535590000055], [-85.56066352799996, 45.57159258000007], [-85.628226553, 45.601753581000025], [-85.56799655299994, 45.758587609000074], [-85.50127253199997, 45.75442361200004], [-85.52191653599994, 45.739427609000074]]], [[[-85.83326562799994, 45.69664058300003], [-85.84369463299998, 45.711531585000046], [-85.83492162999994, 45.70987058500003], [-85.83326562799994, 45.69664058300003]]], [[[-85.68885558899996, 45.74724660000004], [-85.64489857499996, 45.742710602000045], [-85.68045958, 45.69607059200007], [-85.68885558899996, 45.74724660000004]]], [[[-86.65922688799998, 45.73790754000004], [-86.66031688799995, 45.736013540000044], [-86.65707988799994, 45.74265154100004], [-86.65922688799998, 45.73790754000004]]], [[[-86.76546192199999, 45.748788535000074], [-86.75928191999998, 45.74431053500007], [-86.76344092099998, 45.74356453400003], [-86.76546192199999, 45.748788535000074]]], [[[-85.04984039299995, 45.76961464100003], [-85.01505438099997, 45.76428964200005], [-85.07657135399995, 45.765755256000034], [-85.04984039299995, 45.76961464100003]]], [[[-84.35595017499998, 45.77069968100005], [-84.40572218499995, 45.722267671000054], [-84.48142620999994, 45.73006066800008], [-84.59024525399997, 45.81280967500004], [-84.43372920199994, 45.786718679000046], [-84.42033119999996, 45.81132568400005], [-84.35595017499998, 45.77069968100005]]], [[[-85.68819759199994, 45.775069604000066], [-85.68408059099994, 45.77013360400008], [-85.69310759299998, 45.77089560300004], [-85.68819759199994, 45.775069604000066]]], [[[-85.33963848599996, 45.79405362800003], [-85.37534549399999, 45.76884562200007], [-85.425097511, 45.78088462100004], [-85.38516949899997, 45.78297762300008], [-85.36869249799997, 45.81849663000003], [-85.33963848599996, 45.79405362800003]]], [[[-86.755716926, 45.80018054400006], [-86.75381492499997, 45.79794354300003], [-86.75880692599998, 45.79670054300004], [-86.755716926, 45.80018054400006]]], [[[-85.51638554499993, 45.827712623000025], [-85.45309051899994, 45.77670861800004], [-85.53397554799994, 45.800276617000065], [-85.51638554499993, 45.827712623000025]]], [[[-85.61197257299995, 45.81431061500007], [-85.60431457099997, 45.81183261500007], [-85.61112957199998, 45.80738461400006], [-85.61197257299995, 45.81431061500007]]], [[[-85.30178647699995, 45.81675663400006], [-85.29875047599995, 45.81749763400006], [-85.29921447599997, 45.81455263300006], [-85.30178647699995, 45.81675663400006]]], [[[-84.58905525499995, 45.82768367700004], [-84.59057925499997, 45.82162967600004], [-84.61007226199996, 45.82679467600008], [-84.58905525499995, 45.82768367700004]]], [[[-84.74479230599997, 45.83877467000008], [-84.74409630499997, 45.83664166900007], [-84.74806230599995, 45.83439566900006], [-84.74479230599997, 45.83877467000008]]], [[[-85.58918456899994, 45.83331861900007], [-85.58817756899998, 45.84070862000004], [-85.58376256799994, 45.839502620000076], [-85.58918456899994, 45.83331861900007]]], [[[-84.87384934899995, 45.86672066700004], [-84.86190834399997, 45.85665166600006], [-84.86483234499997, 45.854042665000065], [-84.87384934899995, 45.86672066700004]]], [[[-84.64181127899997, 45.88547568300004], [-84.60214726199996, 45.852070680000054], [-84.61979426699997, 45.84555667800004], [-84.64181127899997, 45.88547568300004]]], [[[-84.43368521799994, 45.92621070100006], [-84.42713421499997, 45.920497701000045], [-84.42838021499995, 45.91674070000005], [-84.43368521799994, 45.92621070100006]]], [[[-84.57496026799998, 45.97066270000005], [-84.56239526199994, 45.95685269900008], [-84.56795526399998, 45.95249269800007], [-84.57496026799998, 45.97066270000005]]], [[[-84.63582728799997, 45.98088369800007], [-84.60878827799996, 45.967479698000034], [-84.63158028399994, 45.95535869500003], [-84.63582728799997, 45.98088369800007]]], [[[-84.20233815099994, 45.97111772200003], [-84.19794014899998, 45.968473722000056], [-84.20031414899995, 45.96662172100008], [-84.20233815099994, 45.97111772200003]]], [[[-84.44334122699996, 45.97803570900004], [-84.43686722499996, 45.974621709000075], [-84.43627022399994, 45.97175870800004], [-84.44334122699996, 45.97803570900004]]], [[[-83.89998506099994, 46.01781374600006], [-83.89713305999999, 46.01830874700005], [-83.89867805999995, 46.01550274600004], [-83.89998506099994, 46.01781374600006]]], [[[-83.82511603799998, 46.02920175300005], [-83.82285803799994, 46.030851753000036], [-83.82392803799996, 46.02680875200008], [-83.82511603799998, 46.02920175300005]]], [[[-85.20477947399996, 46.044420675000026], [-85.199549473, 46.04423067500005], [-85.20143247299995, 46.04309467500008], [-85.20477947399996, 46.044420675000026]]], [[[-83.83735704399999, 46.04537075400003], [-83.83581204399997, 46.04561875400003], [-83.83652504299994, 46.042978754000046], [-83.83735704399999, 46.04537075400003]]], [[[-83.85256804999995, 46.05889675600008], [-83.84781404799998, 46.052216755000074], [-83.85506405099994, 46.05353675500004], [-83.85256804999995, 46.05889675600008]]], [[[-83.88132705899994, 46.05592775400004], [-83.87871305899995, 46.05798975400006], [-83.87918805799995, 46.054195753000045], [-83.88132705899994, 46.05592775400004]]], [[[-83.82784904199997, 46.056587757000045], [-83.82582904199995, 46.05823675700003], [-83.82737404199997, 46.05510375600005], [-83.82784904199997, 46.056587757000045]]], [[[-83.88406106099995, 46.06483375500005], [-83.87954506099999, 46.072419756000045], [-83.87681105899998, 46.06483375500005], [-83.88406106099995, 46.06483375500005]]], [[[-83.84757705099997, 46.07373875800005], [-83.84187204799997, 46.06945175800007], [-83.84234804799996, 46.064174757000046], [-83.84757705099997, 46.07373875800005]]], [[[-83.86255105599997, 46.08041575800007], [-83.85328105199994, 46.07274975800004], [-83.85934205399997, 46.06936875700006], [-83.86255105599997, 46.08041575800007]]], [[[-83.81323203999995, 46.07456276000005], [-83.80942903899995, 46.07802576100005], [-83.81061803899996, 46.074068760000046], [-83.81323203999995, 46.07456276000005]]], [[[-83.99529509999996, 46.09483975300003], [-83.97345508899997, 46.06529375000008], [-84.00123709999997, 46.079096750000076], [-83.99529509999996, 46.09483975300003]]], [[[-83.85102305299995, 46.08173475900003], [-83.85019105199996, 46.078684759000055], [-83.85423205299998, 46.08000375900008], [-83.85102305299995, 46.08173475900003]]], [[[-83.98483709599998, 46.09220275300004], [-83.98364809499998, 46.08865875300006], [-83.98614409599998, 46.089400753000064], [-83.98483709599998, 46.09220275300004]]], [[[-83.82036204399998, 46.092037763000064], [-83.79350503699999, 46.107364767000035], [-83.77651102999994, 46.09203776500004], [-83.82036204399998, 46.092037763000064]]], [[[-83.98970909899998, 46.10316275500003], [-83.98768909799998, 46.098300754000036], [-83.99113509899996, 46.100855754000065], [-83.98970909899998, 46.10316275500003]]], [[[-84.02322210999995, 46.10934275400007], [-84.02072610999994, 46.10983675400007], [-84.02037010899994, 46.10769475400008], [-84.02322210999995, 46.10934275400007]]], [[[-84.16868216899996, 46.218729763000056], [-84.16511716799994, 46.21428976200008], [-84.16927616899994, 46.21568776200007], [-84.16868216899996, 46.218729763000056]]], [[[-84.51694230699997, 46.442704777000074], [-84.51538930599997, 46.44358877700006], [-84.51406830599996, 46.44172277700005], [-84.51694230699997, 46.442704777000074]]], [[[-86.72245700299999, 46.48581365000007], [-86.71674800099998, 46.47860765000007], [-86.71932900199994, 46.47904164900007], [-86.72245700299999, 46.48581365000007]]], [[[-86.89053305599998, 46.48623464000008], [-86.89110105499998, 46.47946863900006], [-86.89910405799998, 46.484157639000045], [-86.89053305599998, 46.48623464000008]]], [[[-84.68190736499997, 46.49104577500003], [-84.68222736499996, 46.493490775000055], [-84.67906236399995, 46.49342977500004], [-84.68190736499997, 46.49104577500003]]], [[[-86.73729301099996, 46.51115665300006], [-86.73692200999994, 46.50397865200006], [-86.74417301299997, 46.505300652000074], [-86.73729301099996, 46.51115665300006]]], [[[-86.62633497999997, 46.53491166400005], [-86.64680397999996, 46.487505655000064], [-86.60889896899994, 46.49257265800003], [-86.61333796699995, 46.46486265400006], [-86.68760098899998, 46.45623664800007], [-86.70904600699998, 46.545218660000046], [-86.65336099199999, 46.560706666000044], [-86.62633497999997, 46.53491166400005]]], [[[-74.15755349299997, 40.643247237000026], [-74.15919349299998, 40.64145623700006], [-74.16125649399999, 40.641798237000046], [-74.15755349299997, 40.643247237000026]]], [[[-74.01308444899996, 40.68780325100005], [-74.01950145199999, 40.69339025200003], [-74.01213344899998, 40.69068725200003], [-74.01308444899996, 40.68780325100005]]], [[[-73.76525937999997, 40.85536929300008], [-73.76718037999996, 40.84487429100005], [-73.77235038199996, 40.847429291000026], [-73.76525937999997, 40.85536929300008]]], [[[-73.76727738299996, 40.88690729900003], [-73.76744238199996, 40.880695298000035], [-73.77527738499998, 40.882207298000026], [-73.76727738299996, 40.88690729900003]]], [[[-73.63057434399997, 40.98071532200004], [-73.62948134399994, 40.98365432200006], [-73.62186634199998, 40.982478323000066], [-73.63057434399997, 40.98071532200004]]], [[[-73.60972833799997, 40.990794325000024], [-73.60757033799996, 40.99040532500004], [-73.61252933899993, 40.98748232400004], [-73.60972833799997, 40.990794325000024]]], [[[-73.63843634799997, 40.994100324000044], [-73.63914834799994, 40.98955032300006], [-73.64082034799998, 40.98924432300004], [-73.63843634799997, 40.994100324000044]]], [[[-73.40477527699994, 41.06213834600004], [-73.39981627499998, 41.06242634600005], [-73.42216628099999, 41.04757034200003], [-73.40477527699994, 41.06213834600004]]], [[[-73.38818227199994, 41.073283348000075], [-73.38131526999996, 41.070694348000075], [-73.38617926999996, 41.058399345000055], [-73.38818227199994, 41.073283348000075]]], [[[-73.35375526199994, 41.08751635200008], [-73.35509026199998, 41.08349135100008], [-73.36977626699996, 41.08881035200005], [-73.35375526199994, 41.08751635200008]]], [[[-73.21716922099995, 41.143914368000026], [-73.21498821999995, 41.14448136800007], [-73.21669022099996, 41.14197636800003], [-73.21716922099995, 41.143914368000026]]], [[[-72.76234508099998, 41.260364406000065], [-72.76118808099994, 41.25900440600003], [-72.76311608099996, 41.258045406000065], [-72.76234508099998, 41.260364406000065]]], [[[-82.73328324399995, 41.50276504200008], [-82.72734124199997, 41.50258704200007], [-82.73708624399995, 41.48941403900005], [-82.73328324399995, 41.50276504200008]]], [[[-82.73571125299998, 41.603369060000034], [-82.67328923599996, 41.62416606700003], [-82.68874823699997, 41.58590405900003], [-82.73571125299998, 41.603369060000034]]], [[[-82.86328029599997, 41.64671406200006], [-82.86206929499997, 41.645135061000076], [-82.868334297, 41.64451506100005], [-82.86328029599997, 41.64671406200006]]], [[[-82.83409628799996, 41.65712906500005], [-82.79307327599997, 41.66470006800006], [-82.83466628599996, 41.62933906000006], [-82.83409628799996, 41.65712906500005]]], [[[-82.78801427599996, 41.678119071000026], [-82.78387427399997, 41.67861307100003], [-82.78669227499995, 41.676787071000035], [-82.78801427599996, 41.678119071000026]]], [[[-82.85657929699994, 41.68203606800006], [-82.84461929299994, 41.67845706800006], [-82.85030529499994, 41.67753206800006], [-82.85657929699994, 41.68203606800006]]], [[[-82.81280928399997, 41.69201007200007], [-82.77994227499994, 41.69573507500007], [-82.80862828099998, 41.670672069000034], [-82.81280928399997, 41.69201007200007]]], [[[-82.82964728999997, 41.69081807100008], [-82.82611528899997, 41.693495072000076], [-82.82250428699996, 41.69183407200006], [-82.82964728999997, 41.69081807100008]]], [[[-82.82572429099997, 41.722818077000056], [-82.81049128599994, 41.720532078000076], [-82.80887328499995, 41.70834107500008], [-82.82572429099997, 41.722818077000056]]], [[[-83.10500737799998, 41.74273606700007], [-83.10128837699995, 41.741971067000065], [-83.10584137799998, 41.736504066000066], [-83.10500737799998, 41.74273606700007]]], [[[-83.18993142999994, 42.03599511500005], [-83.18921842999998, 42.033347115000026], [-83.19100142999997, 42.03343611500003], [-83.18993142999994, 42.03599511500005]]], [[[-83.47336568199995, 43.76249340100003], [-83.46100567799994, 43.76051940100007], [-83.47137067999995, 43.75619840000007], [-83.47336568199995, 43.76249340100003]]], [[[-83.48631868599995, 43.76764340100004], [-83.48477368599998, 43.76549740100006], [-83.49597868999996, 43.770686401000034], [-83.48631868599995, 43.76764340100004]]], [[[-83.41405167499994, 43.877034423000055], [-83.41430967399998, 43.86975042200004], [-83.42998867999995, 43.87722142300004], [-83.41405167499994, 43.877034423000055]]], [[[-76.36785143099996, 43.879012758000044], [-76.36417542999999, 43.87856875800003], [-76.36599042999995, 43.87619675700006], [-76.36785143099996, 43.879012758000044]]], [[[-76.39458044099996, 43.88808475800005], [-76.39234943999998, 43.88786775800003], [-76.39576144099993, 43.88273875700003], [-76.39458044099996, 43.88808475800005]]], [[[-76.34598042499994, 43.894043761000034], [-76.30130241299997, 43.91775976800005], [-76.32639541799995, 43.88098276000005], [-76.34598042499994, 43.894043761000034]]], [[[-76.40647344699994, 43.92119676400006], [-76.37794743799998, 43.92119676500005], [-76.44600145799996, 43.89026375700007], [-76.40647344699994, 43.92119676400006]]], [[[-76.14257136299994, 43.944175779000034], [-76.14066936199998, 43.94229277900007], [-76.14471036399993, 43.940239778000034], [-76.14257136299994, 43.944175779000034]]], [[[-83.466413704, 44.003706442000066], [-83.46327070299998, 44.00138044200003], [-83.47027570499995, 44.001523442000064], [-83.466413704, 44.003706442000066]]], [[[-76.17346937999997, 44.02472479200003], [-76.16966637799999, 44.02489579200005], [-76.17655937999996, 44.01720479000005], [-76.17346937999997, 44.02472479200003]]], [[[-83.43598169599994, 44.02320044700008], [-83.42847269499998, 44.03270944900004], [-83.42726969399996, 44.02870944800003], [-83.43598169599994, 44.02320044700008]]], [[[-76.32963043199999, 44.04430478900008], [-76.31772842899994, 44.051442791000056], [-76.32129942799997, 44.03121678700006], [-76.32963043199999, 44.04430478900008]]], [[[-76.37008144599997, 44.052037788000064], [-76.34211943699995, 44.05382279000003], [-76.36175044199996, 44.03300178500007], [-76.37008144599997, 44.052037788000064]]], [[[-83.32603975299998, 44.89033859700004], [-83.32433975299995, 44.89112959700003], [-83.32267675199995, 44.88936059700006], [-83.32603975299998, 44.89033859700004]]], [[[-83.33035475699995, 44.91186860000005], [-83.32612275499997, 44.91284660100007], [-83.32659775499997, 44.910574600000075], [-83.33035475699995, 44.91186860000005]]], [[[-83.41786679299997, 44.99249060900007], [-83.41144978999995, 44.98601960800005], [-83.41513379099996, 44.98501060800004], [-83.41786679299997, 44.99249060900007]]], [[[-83.43997180499997, 45.03701661500003], [-83.43749980399997, 45.035542615000054], [-83.43842680399996, 45.03449761400003], [-83.43997180499997, 45.03701661500003]]], [[[-83.20513473099999, 45.03920962800004], [-83.20962773399998, 45.053122630000075], [-83.18956672599995, 45.03383462800008], [-83.20513473099999, 45.03920962800004]]], [[[-83.21808873599997, 45.04953762900004], [-83.21511773499998, 45.04315562800008], [-83.22735873799996, 45.03962862700007], [-83.21808873599997, 45.04953762900004]]], [[[-83.22581373999998, 45.05742863000006], [-83.22379273899998, 45.056589630000076], [-83.23436974199996, 45.05407062900008], [-83.22581373999998, 45.05742863000006]]], [[[-83.32989078799994, 45.19774364700004], [-83.31914078299997, 45.18898064600006], [-83.32433878499995, 45.18612464500006], [-83.32989078799994, 45.19774364700004]]], [[[-83.76866700899996, 45.93547374100007], [-83.76807300899998, 45.93778774100008], [-83.76855700899995, 45.93176174000007], [-83.76866700899996, 45.93547374100007]]], [[[-83.53443394399994, 46.00766276600007], [-83.47322592099994, 45.98442976500007], [-83.51582892799996, 45.92362575300007], [-83.56184094099996, 45.91257174900005], [-83.63097196499996, 45.929009748000055], [-83.63021896799995, 45.95704075200007], [-83.71567299199995, 45.93011674300004], [-83.76557701099995, 45.95472774400008], [-83.78617301499997, 45.93293274000007], [-83.88287204999995, 45.97546174100006], [-83.84508104399998, 46.026560751000034], [-83.80610202699995, 45.98388474600006], [-83.76581501899994, 46.02639575500007], [-83.68607299499996, 46.037451762000046], [-83.67739799699996, 46.07299676800005], [-83.73218301599996, 46.08692776700008], [-83.70011600699996, 46.10387577100005], [-83.58131896799995, 46.08962377600005], [-83.53443394399994, 46.00766276600007]]], [[[-83.79041502499996, 46.009230751000075], [-83.78970202399995, 46.007249751000074], [-83.79196002499998, 46.007249751000074], [-83.79041502499996, 46.009230751000075]]], [[[-83.79160302799994, 46.03439975500004], [-83.79362302899995, 46.03621475500006], [-83.79077102799994, 46.038441756000054], [-83.79160302799994, 46.03439975500004]]], [[[-83.73444100999995, 46.03687475900006], [-83.73265900999996, 46.03827675900004], [-83.73349000999997, 46.035884759000055], [-83.73444100999995, 46.03687475900006]]], [[[-83.72552800799997, 46.04058676000005], [-83.72517200799996, 46.03745175900008], [-83.72838000899998, 46.03802975900004], [-83.72552800799997, 46.04058676000005]]], [[[-83.72267600799995, 46.05081476200007], [-83.71863500699999, 46.046607761000075], [-83.72041800699998, 46.04405076100005], [-83.72267600799995, 46.05081476200007]]], [[[-83.77401502499998, 46.05147475900003], [-83.73432201199995, 46.05073276100006], [-83.74723101399996, 46.03478675800005], [-83.77401502499998, 46.05147475900003]]], [[[-83.70176000199996, 46.05312376300003], [-83.70140400099996, 46.04891776300008], [-83.70900900399994, 46.04924776200005], [-83.70176000199996, 46.05312376300003]]], [[[-83.797664033, 46.061040759000036], [-83.79623803199996, 46.05650575800007], [-83.79825803299997, 46.056092758000034], [-83.797664033, 46.061040759000036]]], [[[-83.693917, 46.06194776500007], [-83.69082699899997, 46.06128876500003], [-83.69153999899999, 46.05559776400003], [-83.693917, 46.06194776500007]]], [[[-83.70508800399995, 46.06516376500008], [-83.70069100299997, 46.06837976600008], [-83.70199800299997, 46.06128876500003], [-83.70508800399995, 46.06516376500008]]], [[[-83.77425302599994, 46.06648276100003], [-83.77009302499994, 46.068709762000026], [-83.77235102599997, 46.06425676100008], [-83.77425302599994, 46.06648276100003]]], [[[-83.78423503099998, 46.08132276300006], [-83.78126403099998, 46.085031764000064], [-83.78257103099997, 46.080333763000056], [-83.78423503099998, 46.08132276300006]]], [[[-83.76510202699995, 46.09220276600007], [-83.76247002499997, 46.08632676500008], [-83.76652802599995, 46.08626876500006], [-83.76510202699995, 46.09220276600007]]], [[[-72.08697585099998, 41.05830038900007], [-72.14292987099998, 41.097819395000045], [-72.12979486899997, 41.123884400000065], [-72.07951485099994, 41.10068539800005], [-72.08697585099998, 41.05830038900007]]], [[[-72.18898089199996, 41.18901941100006], [-72.16103488199997, 41.188679412000056], [-72.19860189299999, 41.16495940600004], [-72.18898089199996, 41.18901941100006]]], [[[-71.61313370299996, 41.16028942400004], [-71.56254668999998, 41.224225438000076], [-71.54705168099997, 41.15369242500003], [-71.61313370299996, 41.16028942400004]]], [[[-72.74105907399996, 41.252699405000044], [-72.75886107999997, 41.253851405000034], [-72.74030007399995, 41.256462406000026], [-72.74105907399996, 41.252699405000044]]], [[[-70.81196544899996, 41.26484747000006], [-70.80924544699997, 41.249076467000066], [-70.83203945499997, 41.25950346800005], [-70.81196544899996, 41.26484747000006]]], [[[-72.02049584199995, 41.27587443400006], [-71.92138381099994, 41.29212744000006], [-72.03683066599996, 41.24985096700004], [-72.02049584199995, 41.27587443400006]]], [[[-70.24655226599998, 41.30619449500006], [-70.24273926399997, 41.289198492000025], [-70.26861627299996, 41.301778494000075], [-70.24655226599998, 41.30619449500006]]], [[[-70.29202728299998, 41.337796500000024], [-70.28932528199994, 41.33503050000007], [-70.30700128799998, 41.332399499000076], [-70.29202728299998, 41.337796500000024]]], [[[-70.77566543899997, 41.300990478000074], [-70.83877746199994, 41.347217485000044], [-70.77497444099998, 41.34918448800005], [-70.70096442199997, 41.43401850600003], [-70.60355539199998, 41.48239251900003], [-70.50130635399995, 41.38539950300003], [-70.45249733999998, 41.421438511000076], [-70.45224433599998, 41.34983649800006], [-70.70982641899997, 41.34173148800005], [-70.77566543899997, 41.300990478000074]]], [[[-70.92747549499995, 41.43181949900003], [-70.90749648799994, 41.42152049800006], [-70.94875750099999, 41.40904649400005], [-70.92747549499995, 41.43181949900003]]], [[[-70.90478648799996, 41.42776149900004], [-70.85710347299994, 41.45026150500007], [-70.84856346999999, 41.43285250200006], [-70.87121647599997, 41.42209349900003], [-70.90478648799996, 41.42776149900004]]], [[[-70.92066649399999, 41.454561504000026], [-70.91516549199997, 41.45104250300005], [-70.92118649399998, 41.44540150200004], [-70.92066649399999, 41.454561504000026]]], [[[-70.82059546199997, 41.45851550700007], [-70.80805145699998, 41.44504550500005], [-70.83686846599994, 41.441976504000024], [-70.82059546199997, 41.45851550700007]]], [[[-70.71022242899994, 41.51892352300007], [-70.67471241699997, 41.512355522000064], [-70.80710045799998, 41.45858450800006], [-70.71022242899994, 41.51892352300007]]], [[[-71.32882762899999, 41.49234249800003], [-71.32536562799999, 41.48760949700005], [-71.32782262899997, 41.48299349600006], [-71.32882762899999, 41.49234249800003]]], [[[-71.34126763399996, 41.50050249900005], [-71.33866563299995, 41.49493449800008], [-71.34312663399999, 41.49493449800008], [-71.34126763399996, 41.50050249900005]]], [[[-71.39627665199998, 41.50370349800005], [-71.40408165399998, 41.49632649600005], [-71.40296665399995, 41.503007498000045], [-71.39627665199998, 41.50370349800005]]], [[[-71.40056065099998, 41.46094849000008], [-71.37891464599994, 41.50495649900006], [-71.37019464799994, 41.57397151300006], [-71.35431563699996, 41.478899495000064], [-71.40056065099998, 41.46094849000008]]], [[[-71.34312663699995, 41.535845506000044], [-71.34256863599995, 41.52902850500004], [-71.34591363699997, 41.52958550500006], [-71.34312663699995, 41.535845506000044]]], [[[-71.29856262499999, 41.58493051700003], [-71.29715662399997, 41.57977651600004], [-71.30081262499993, 41.58061851600007], [-71.29856262499999, 41.58493051700003]]], [[[-70.83204447399999, 41.606512536000025], [-70.82191046899999, 41.58284953200007], [-70.83008747199995, 41.58539353200007], [-70.83204447399999, 41.606512536000025]]], [[[-71.36731764799998, 41.605960519000064], [-71.36338064699999, 41.606696519000025], [-71.36478664699996, 41.60143951800006], [-71.36731764799998, 41.605960519000064]]], [[[-71.31670063099995, 41.583142516000066], [-71.34482164499997, 41.667013531000066], [-71.30812362999995, 41.62624752500005], [-71.31670063099995, 41.583142516000066]]], [[[-71.27817162199995, 41.647317530000066], [-71.27212961899994, 41.63707252800003], [-71.28534662299995, 41.636861527000065], [-71.27817162199995, 41.647317530000066]]], [[[-71.36070964899994, 41.661131530000034], [-71.35339864699995, 41.657874529000026], [-71.36000664899996, 41.64989052800007], [-71.36070964899994, 41.661131530000034]]], [[[-70.93527254699995, 42.302109666000035], [-70.92638054399998, 42.30141466600003], [-70.93733254599994, 42.28492466300003], [-70.93527254699995, 42.302109666000035]]], [[[-70.95149255299998, 42.31357266800006], [-70.94851555199995, 42.31194566800008], [-70.95434055299995, 42.30859566700008], [-70.95149255299998, 42.31357266800006]]], [[[-70.92596954499999, 42.32191767000006], [-70.92530854399996, 42.31723166900008], [-70.93076054599999, 42.31903567000006], [-70.92596954499999, 42.32191767000006]]], [[[-70.95726855599997, 42.33166967100004], [-70.95280555399995, 42.33063567100004], [-70.96573255699997, 42.31347766700003], [-70.95726855599997, 42.33166967100004]]], [[[-70.99162156699998, 42.32630266900003], [-70.98307856399998, 42.32716467000006], [-70.98566756399998, 42.31874166800003], [-70.99162156699998, 42.32630266900003]]], [[[-70.94074954999996, 42.32814767100007], [-70.93494754799997, 42.32681567100008], [-70.93985454999995, 42.324253670000076], [-70.94074954999996, 42.32814767100007]]], [[[-70.89229653399997, 42.32840267300003], [-70.88877553299994, 42.32846967300003], [-70.89195253399998, 42.327239672000076], [-70.89229653399997, 42.32840267300003]]], [[[-70.92971754699994, 42.33398167300004], [-70.92259854399998, 42.326152671000045], [-70.93141454699997, 42.32827567100003], [-70.92971754699994, 42.33398167300004]]], [[[-70.89706353599996, 42.333960674000025], [-70.89406553499998, 42.334988674000044], [-70.89608053599994, 42.33036367300008], [-70.89706353599996, 42.333960674000025]]], [[[-70.89175553499996, 42.338864675000025], [-70.88477753199999, 42.33933667500003], [-70.88752953299996, 42.33821067500003], [-70.89175553499996, 42.338864675000025]]], [[[-70.89840753699997, 42.340274675000046], [-70.89560053599996, 42.34390067500004], [-70.89515653599994, 42.33888767500008], [-70.89840753699997, 42.340274675000046]]], [[[-70.87605052999999, 42.34123767600005], [-70.88335253199995, 42.340499675000046], [-70.87395352899995, 42.34364267600006], [-70.87605052999999, 42.34123767600005]]], [[[-70.83371052399997, 42.48642070500006], [-70.83322852399994, 42.48145070400005], [-70.83563552399994, 42.48192370400005], [-70.83371052399997, 42.48642070500006]]], [[[-70.81688051999998, 42.514588710000055], [-70.81194951799995, 42.512101710000024], [-70.81251251799995, 42.510026710000034], [-70.81688051999998, 42.514588710000055]]], [[[-70.78703151199994, 42.537303716000054], [-70.78225250999998, 42.53372471500006], [-70.78770851099995, 42.530587714000035], [-70.78703151199994, 42.537303716000054]]], [[[-70.79622451499995, 42.55130971800003], [-70.79327251399997, 42.547452717000056], [-70.80215551699996, 42.54714371700004], [-70.79622451499995, 42.55130971800003]]], [[[-70.78305551099999, 42.55346971900008], [-70.78044150999995, 42.55387671900007], [-70.78208051099995, 42.55168771900003], [-70.78305551099999, 42.55346971900008]]], [[[-70.72314849199995, 42.56816572300005], [-70.72064049199997, 42.569667724000055], [-70.72165649199997, 42.566096723000044], [-70.72314849199995, 42.56816572300005]]], [[[-70.58803745099993, 42.62642173900008], [-70.58824545099998, 42.63061374000006], [-70.58681945099994, 42.62816573900005], [-70.58803745099993, 42.62642173900008]]], [[[-70.57508844799997, 42.639788742000064], [-70.57337744699998, 42.63951574200007], [-70.57564844799998, 42.634460741000055], [-70.57508844799997, 42.639788742000064]]], [[[-70.58799245299997, 42.66301174600005], [-70.58634445299998, 42.66225774600008], [-70.58994245399998, 42.658458745000075], [-70.58799245299997, 42.66301174600005]]], [[[-70.62678248399999, 42.969501802000025], [-70.62268148199996, 42.96720880200007], [-70.62613148399998, 42.96771280200005], [-70.62678248399999, 42.969501802000025]]], [[[-70.61456647999995, 42.978607804000035], [-70.61062147899997, 42.976415804000055], [-70.61398647999994, 42.973357803000056], [-70.61456647999995, 42.978607804000035]]], [[[-70.62685248399998, 42.978163804000076], [-70.62427848299996, 42.97666980300005], [-70.62775948499996, 42.975391803000036], [-70.62685248399998, 42.978163804000076]]], [[[-70.61243047999994, 42.99182280700006], [-70.60134947599994, 42.98109180500006], [-70.60783447799997, 42.97777280400004], [-70.61243047999994, 42.99182280700006]]], [[[-70.24549939099995, 43.53964392000006], [-70.23800238899997, 43.547303922000026], [-70.22440138399998, 43.54720792200004], [-70.24549939099995, 43.53964392000006]]], [[[-70.20342638299996, 43.647194941000066], [-70.19070437899995, 43.64559094100008], [-70.20593438299994, 43.63364193900003], [-70.20342638299996, 43.647194941000066]]], [[[-70.20068638299995, 43.66295994400008], [-70.18309837799995, 43.67516594700004], [-70.17959237599996, 43.65539294300004], [-70.20068638299995, 43.66295994400008]]], [[[-70.20189338499995, 43.68549194800005], [-70.18214737899996, 43.69493195100006], [-70.21394838799995, 43.666169944000046], [-70.20189338499995, 43.68549194800005]]], [[[-70.14055336599995, 43.70764795400004], [-70.15172436799998, 43.68169794900007], [-70.17357137599998, 43.68374294900008], [-70.14055336599995, 43.70764795400004]]], [[[-70.10068335299997, 43.705970955000055], [-70.09370434899995, 43.69180895300008], [-70.11817435699999, 43.68638395100004], [-70.10068335299997, 43.705970955000055]]], [[[-70.11583535799997, 43.70970895500005], [-70.11179435599996, 43.71005295600003], [-70.12225235899996, 43.70008695300004], [-70.11583535799997, 43.70970895500005]]], [[[-70.19712138499995, 43.711255953000034], [-70.19046638299994, 43.72224995500005], [-70.18666338199995, 43.72328095600005], [-70.19712138499995, 43.711255953000034]]], [[[-70.15646337099997, 43.71049095400008], [-70.09468735399997, 43.75992096500005], [-70.12418536099995, 43.70893595500007], [-70.15646337099997, 43.71049095400008]]], [[[-70.18428738299997, 43.74251495900006], [-70.17668137999993, 43.74543496000007], [-70.17977138099997, 43.739252959000055], [-70.18428738299997, 43.74251495900006]]], [[[-70.14554537199996, 43.77581796700008], [-70.11535936099995, 43.76466196600006], [-70.14150436899996, 43.74955496200005], [-70.14554537199996, 43.77581796700008]]], [[[-70.02442119699998, 41.36063051200006], [-70.04905320599994, 41.391710518000025], [-70.02038019599996, 41.36901451400007], [-69.96018117099999, 41.26455449600007], [-70.10049521499997, 41.240561487000036], [-70.23714426199996, 41.28512549100003], [-70.06256520699998, 41.30873450100006], [-70.02442119699998, 41.36063051200006]]], [[[-70.09603934899997, 43.67228494900007], [-70.09285034899995, 43.687844952000034], [-70.08725734699993, 43.691037953000034], [-70.09603934899997, 43.67228494900007]]], [[[-69.75432423699993, 43.71005296700008], [-69.75717623799994, 43.70335196500008], [-69.76002823899995, 43.70558596600006], [-69.75432423699993, 43.71005296700008]]], [[[-70.08160934699998, 43.71262995700005], [-70.07209834399998, 43.71896495800007], [-70.07928534499996, 43.706997956000066], [-70.08160934699998, 43.71262995700005]]], [[[-70.08374834799997, 43.72053195800004], [-70.07970734599996, 43.72087595900007], [-70.08422334799997, 43.714175957000066], [-70.08374834799997, 43.72053195800004]]], [[[-70.02884432999997, 43.72637196100004], [-70.02100132699996, 43.724654961000056], [-70.03122132999994, 43.71469195900005], [-70.02884432999997, 43.72637196100004]]], [[[-70.04286733499998, 43.728261961000044], [-70.04001533399997, 43.72877696100005], [-70.04667033499999, 43.72018895900004], [-70.04286733499998, 43.728261961000044]]], [[[-70.09040335099996, 43.73135296000004], [-70.08636234899996, 43.73238396000005], [-70.09587035199996, 43.72156295800005], [-70.09040335099996, 43.73135296000004]]], [[[-69.93900929999995, 43.72383396300006], [-69.93733729999997, 43.730837965000035], [-69.93115829699997, 43.724138964000076], [-69.93900929999995, 43.72383396300006]]], [[[-70.04999733899996, 43.761057967000056], [-70.04476933699993, 43.76483396800006], [-70.06132534199998, 43.74210896300008], [-70.04999733899996, 43.761057967000056]]], [[[-69.31363109299997, 43.77277099100007], [-69.30037608899994, 43.77215299200003], [-69.31432509299998, 43.75671598900004], [-69.31363109299997, 43.77277099100007]]], [[[-69.61076519299996, 43.77890798400006], [-69.60529919099997, 43.78027998400006], [-69.61395619299998, 43.75109297800003], [-69.61076519299996, 43.77890798400006]]], [[[-70.06021834299997, 43.76723696800008], [-70.05498934099995, 43.77066996800005], [-70.05332533999996, 43.76517696800005], [-70.06021834299997, 43.76723696800008]]], [[[-69.58292418399998, 43.77910498500006], [-69.58153118299998, 43.77187098300004], [-69.58818618499998, 43.77049798300004], [-69.58292418399998, 43.77910498500006]]], [[[-70.09603935599995, 43.78838897000003], [-70.08965335399995, 43.785195970000075], [-70.10202035699996, 43.77681896800004], [-70.09603935599995, 43.78838897000003]]], [[[-70.07162634799994, 43.78748697100008], [-70.06307034499997, 43.78765897100004], [-70.07447834799996, 43.77993697000005], [-70.07162634799994, 43.78748697100008]]], [[[-70.03383533599998, 43.80927397600004], [-70.02701633399994, 43.80913697600005], [-70.04239233799996, 43.78251097100008], [-70.03383533599998, 43.80927397600004]]], [[[-69.59960219099997, 43.80327198800006], [-69.59389018899998, 43.80412898900005], [-69.59959418999995, 43.790746986000045], [-69.59960219099997, 43.80327198800006]]], [[[-70.07091334799998, 43.80327097400004], [-70.06663534699999, 43.80429997400006], [-70.06996334799999, 43.79675197300003], [-70.07091334799998, 43.80327097400004]]], [[[-69.62873520099998, 43.81439499000004], [-69.62480719999996, 43.807335988000034], [-69.63412720199995, 43.803499987000066], [-69.62873520099998, 43.81439499000004]]], [[[-69.99984732599995, 43.829510981000055], [-69.99675732499998, 43.824708980000025], [-70.01315732999996, 43.810303977000046], [-69.99984732599995, 43.829510981000055]]], [[[-68.89109095499998, 43.83553101500007], [-68.87622395099999, 43.836606016000076], [-68.88672495299994, 43.82220401300003], [-68.89109095499998, 43.83553101500007]]], [[[-69.99034032399999, 43.84253998400004], [-69.98653732299994, 43.84356898400006], [-69.99034032299994, 43.83191098200007], [-69.99034032399999, 43.84253998400004]]], [[[-68.80966592899995, 43.856938022000065], [-68.81584493199995, 43.861566022000034], [-68.81115692999998, 43.86022202200007], [-68.80966592899995, 43.856938022000065]]], [[[-68.90237696099996, 43.86917802100004], [-68.88168295399998, 43.86859102200003], [-68.87883095299998, 43.858309020000036], [-68.90237696099996, 43.86917802100004]]], [[[-69.28348008899997, 43.87373201100007], [-69.28250108799995, 43.864588009000045], [-69.29536409199994, 43.86259400900008], [-69.28348008899997, 43.87373201100007]]], [[[-69.31856510099993, 43.879720011000074], [-69.30588209699994, 43.877427011000066], [-69.31082909699995, 43.85949500700008], [-69.31856510099993, 43.879720011000074]]], [[[-69.12791903799996, 43.894974019000074], [-69.11893803499999, 43.89827102000004], [-69.12055103399996, 43.87167601500005], [-69.12791903799996, 43.894974019000074]]], [[[-69.31410110099995, 43.90228101500003], [-69.30796109799996, 43.89103401300008], [-69.31366609999998, 43.89120501300005], [-69.31410110099995, 43.90228101500003]]], [[[-69.00780199899998, 43.90728702500007], [-69.00480099699996, 43.901310024000054], [-69.012882, 43.900968024000065], [-69.00780199899998, 43.90728702500007]]], [[[-69.38354412399997, 43.89565901200007], [-69.37956112399996, 43.91388201500007], [-69.37090512099996, 43.912754015000075], [-69.38354412399997, 43.89565901200007]]], [[[-69.30740109999994, 43.91811901800003], [-69.30986309999997, 43.90627701600005], [-69.31552010199994, 43.91362201700008], [-69.30740109999994, 43.91811901800003]]], [[[-69.03165900699997, 43.916893026000025], [-69.02975700599995, 43.91535202600005], [-69.03546200799997, 43.911414025000056], [-69.03165900699997, 43.916893026000025]]], [[[-69.42204813799998, 43.92305601600003], [-69.42727713999994, 43.91227001400006], [-69.42894013999995, 43.91655001400005], [-69.42204813799998, 43.92305601600003]]], [[[-69.22251607199996, 43.925453022000056], [-69.21293906799997, 43.92141302200008], [-69.22019506999999, 43.91494602000006], [-69.22251607199996, 43.925453022000056]]], [[[-69.34313811299995, 43.93486702000007], [-69.34057611199995, 43.93385502000007], [-69.34646511299997, 43.92254201800006], [-69.34313811299995, 43.93486702000007]]], [[[-69.43939814499998, 43.93914601800003], [-69.42014613799995, 43.935894018000056], [-69.44189414499994, 43.91634001400007], [-69.43939814499998, 43.93914601800003]]], [[[-69.29933609799997, 43.932924021000076], [-69.29298809599999, 43.94239802300007], [-69.28585709299995, 43.93144402100006], [-69.29933609799997, 43.932924021000076]]], [[[-69.39482813199999, 43.964876024000034], [-69.38734612899998, 43.96720802500005], [-69.39328813099996, 43.956429023000055], [-69.39482813199999, 43.964876024000034]]], [[[-69.07753102599997, 43.98414103700003], [-69.07254002399998, 43.978668036000045], [-69.07848202599996, 43.97302403500004], [-69.07753102599997, 43.98414103700003]]], [[[-69.06659802299998, 43.996966040000075], [-69.06963502399998, 43.98592103800007], [-69.09607003299993, 43.98397003700006], [-69.06659802299998, 43.996966040000075]]], [[[-69.04904401799996, 44.01113604300008], [-69.04259201599996, 44.00705304200005], [-69.05471401899996, 43.992862040000034], [-69.04904401799996, 44.01113604300008]]], [[[-69.06264902299995, 44.01494004300008], [-69.05614002099998, 44.012181043000055], [-69.07158902599997, 44.00483004100005], [-69.06264902299995, 44.01494004300008]]], [[[-68.88905096599996, 44.03943905300008], [-68.88430896399996, 44.03078705100006], [-68.89142796599998, 44.02987105100004], [-68.88905096599996, 44.03943905300008]]], [[[-69.07135102799998, 44.04294204800004], [-69.06683502599998, 44.04055004800006], [-69.07228502799995, 44.03662504700003], [-69.07135102799998, 44.04294204800004]]], [[[-68.91044197399998, 44.053107055000055], [-68.90633397199997, 44.044875053000055], [-68.91210597399999, 44.041490053000075], [-68.91044197399998, 44.053107055000055]]], [[[-68.89427996899997, 44.064892057000066], [-68.89523096899995, 44.04934805500005], [-68.90854097399995, 44.058060056000045], [-68.89427996899997, 44.064892057000066]]], [[[-69.04996002199994, 44.06890505400003], [-69.04283001899995, 44.068222054000046], [-69.04805902099997, 44.06036605200006], [-69.04996002199994, 44.06890505400003]]], [[[-68.83961295499995, 44.13197307100006], [-68.77448892899997, 44.064380061000065], [-68.86284495699994, 44.02504605100006], [-68.91184697699998, 44.09640806300007], [-68.83961295499995, 44.13197307100006]]], [[[-69.03809401899997, 44.08584705700008], [-69.03203601599995, 44.07934905600007], [-69.03617501799994, 44.07437005500003], [-69.03809401899997, 44.08584705700008]]], [[[-68.82392694999999, 44.139649073000044], [-68.80562494399999, 44.14288907400004], [-68.80800194399995, 44.13726107300005], [-68.82392694999999, 44.139649073000044]]], [[[-68.80087194199996, 44.144083075000026], [-68.79136393899995, 44.14698307500004], [-68.80253494299996, 44.13743107300007], [-68.80087194199996, 44.144083075000026]]], [[[-68.90354897599997, 44.12736606900006], [-68.88809997199996, 44.144936072000064], [-68.94426898899997, 44.112706065000054], [-68.84612095999995, 44.18444008100005], [-68.80205994299996, 44.15056407600008], [-68.90354897599997, 44.12736606900006]]], [[[-68.98127100499994, 44.17690607500003], [-68.98008200399994, 44.17264507500005], [-68.98409600599996, 44.17210407400006], [-68.98127100499994, 44.17690607500003]]], [[[-68.96439500099996, 44.20076608000005], [-68.95346199699998, 44.20826308200003], [-68.95868699799996, 44.19210307900005], [-68.96439500099996, 44.20076608000005]]], [[[-68.82602195499999, 44.22019408800003], [-68.82487695499998, 44.22606408900003], [-68.82226295399994, 44.218229087000054], [-68.82602195499999, 44.22019408800003]]], [[[-68.85068296399999, 44.23672009000006], [-68.84816996299998, 44.22930008900005], [-68.85233096499996, 44.22867008800006], [-68.85068296399999, 44.23672009000006]]], [[[-68.81822195399997, 44.24326409200006], [-68.81560795299998, 44.23781509100007], [-68.81869795299997, 44.226405089000025], [-68.81822195399997, 44.24326409200006]]], [[[-68.94038999499998, 44.244881089000046], [-68.93183299199995, 44.24862709000007], [-68.93967699399997, 44.22649008500008], [-68.94038999499998, 44.244881089000046]]], [[[-68.86005396899998, 44.25586309300007], [-68.86304396999998, 44.25901309400007], [-68.85886596899996, 44.26062909400008], [-68.86005396899998, 44.25586309300007]]], [[[-68.82438395699995, 44.262180095000076], [-68.81632095399993, 44.25841609500003], [-68.82390295699997, 44.25714309400007], [-68.82438395699995, 44.262180095000076]]], [[[-68.948096, 44.27768509500004], [-68.93325899399997, 44.27279809400005], [-68.94585599699997, 44.24828708900003], [-68.948096, 44.27768509500004]]], [[[-68.80439595199994, 44.29355510200003], [-68.80039594999994, 44.288708101000054], [-68.81346895499996, 44.29466310200007], [-68.80439595199994, 44.29355510200003]]], [[[-68.82558995899996, 44.29245110100004], [-68.81750895599998, 44.29330210100005], [-68.81917295699998, 44.29041010100008], [-68.82558995899996, 44.29245110100004]]], [[[-68.92161298999997, 44.27228809400003], [-68.94229099799998, 44.28437009600003], [-68.88008498299996, 44.39309911700008], [-68.86043997499996, 44.36491611300005], [-68.93024399099994, 44.23096508700007], [-68.92161298999997, 44.27228809400003]]], [[[-68.74183590799998, 43.883019029000025], [-68.73173290499994, 43.893498031000036], [-68.73314490499996, 43.888185030000045], [-68.74183590799998, 43.883019029000025]]], [[[-68.55504285399996, 44.04924406400005], [-68.55595685399999, 44.039479063000044], [-68.55918985499994, 44.04062606300005], [-68.55504285399996, 44.04924406400005]]], [[[-68.64091288299994, 44.05063006200004], [-68.67109889499994, 44.07590706600007], [-68.60858887499995, 44.09434507100008], [-68.60169586799998, 44.01252305600008], [-68.65703088599997, 44.00383205300005], [-68.64091288299994, 44.05063006200004]]], [[[-68.58814786699998, 44.072321068000065], [-68.58410086599997, 44.07159806800007], [-68.59055386699998, 44.05866806500006], [-68.58814786699998, 44.072321068000065]]], [[[-68.57573586399997, 44.10152607300006], [-68.57127286299993, 44.099978073000045], [-68.57650186399997, 44.09519907200007], [-68.57573586399997, 44.10152607300006]]], [[[-68.47272782999994, 44.10296507700008], [-68.46978382899994, 44.101429076000045], [-68.47301082999996, 44.098209076000046], [-68.47272782999994, 44.10296507700008]]], [[[-68.64123088699995, 44.108589073000076], [-68.63717388499998, 44.09941707100006], [-68.65126688999999, 44.101431071000036], [-68.64123088699995, 44.108589073000076]]], [[[-68.40722180799997, 44.111131080000064], [-68.40133180599997, 44.11132708000008], [-68.40370880699999, 44.10774407900004], [-68.40722180799997, 44.111131080000064]]], [[[-68.50697884299996, 44.12724608000008], [-68.49092983699995, 44.12344808000006], [-68.50361083999996, 44.09657607400004], [-68.50697884299996, 44.12724608000008]]], [[[-68.34999278999999, 44.12873108500003], [-68.32978978199998, 44.11047408200005], [-68.36829479399995, 44.09733207800008], [-68.34999278999999, 44.12873108500003]]], [[[-68.61880887999996, 44.130352077000055], [-68.60811287699994, 44.12864607700004], [-68.61897887999999, 44.11955907500004], [-68.61880887999996, 44.130352077000055]]], [[[-68.63378288499996, 44.13001107700006], [-68.62974188399994, 44.128817077000065], [-68.63982588699997, 44.12361107600003], [-68.63378288499996, 44.13001107700006]]], [[[-68.65137089099994, 44.129670076000025], [-68.65041989099996, 44.12813407600004], [-68.65160889099997, 44.126428076000025], [-68.65137089099994, 44.129670076000025]]], [[[-68.64471588899994, 44.13598107800004], [-68.64115088799997, 44.135470078000026], [-68.64447788899997, 44.13103407700004], [-68.64471588899994, 44.13598107800004]]], [[[-68.62688988299993, 44.13529907800006], [-68.62688988299993, 44.13376407800007], [-68.63449588599997, 44.136152078000066], [-68.62688988299993, 44.13529907800006]]], [[[-68.60549887599996, 44.13547007900007], [-68.60240887599997, 44.142122080000036], [-68.60145787499994, 44.138711079000075], [-68.60549887599996, 44.13547007900007]]], [[[-68.61762088099994, 44.14229208000006], [-68.61714487999996, 44.13666407900007], [-68.62356288299998, 44.140587079000056], [-68.61762088099994, 44.14229208000006]]], [[[-68.78637393799994, 44.14412607500003], [-68.78114393599998, 44.14493607500003], [-68.79222093899995, 44.13684407400007], [-68.78637393799994, 44.14412607500003]]], [[[-68.37185979799995, 44.14527708700007], [-68.36853179699995, 44.13913708600006], [-68.37185979799995, 44.137943086000064], [-68.37185979799995, 44.14527708700007]]], [[[-68.37708879999997, 44.14476608700005], [-68.38089180099996, 44.13913708600006], [-68.38339080199995, 44.14176808600007], [-68.37708879999997, 44.14476608700005]]], [[[-68.64851889099998, 44.145533079000074], [-68.64899389099998, 44.14297507900005], [-68.65255989199994, 44.141099078000025], [-68.64851889099998, 44.145533079000074]]], [[[-68.50377184299998, 44.145618083000045], [-68.49782983999995, 44.14306008300008], [-68.50094984099997, 44.141569083000036], [-68.50377184299998, 44.145618083000045]]], [[[-68.59504087299996, 44.14229208000006], [-68.59855287399995, 44.14595908100006], [-68.59337687299995, 44.14519208100006], [-68.59504087299996, 44.14229208000006]]], [[[-68.58245186899995, 44.14955308200007], [-68.57866286799998, 44.148203082000066], [-68.58505786999996, 44.14246308100007], [-68.58245186899995, 44.14955308200007]]], [[[-68.63093088599999, 44.15286608100007], [-68.62379988299995, 44.14792108000006], [-68.63378288599995, 44.14502108000005], [-68.63093088599999, 44.15286608100007]]], [[[-68.24232375499997, 44.15738509300007], [-68.24360775499997, 44.142797090000045], [-68.24980475699994, 44.143960090000064], [-68.24232375499997, 44.15738509300007]]], [[[-68.64780589099996, 44.15201408000007], [-68.64067588899997, 44.152696081000045], [-68.64400288999997, 44.14860308000004], [-68.64780589099996, 44.15201408000007]]], [[[-68.61334187999995, 44.157641082000055], [-68.60956187799997, 44.148204081000074], [-68.61762088099994, 44.14536308000004], [-68.61334187999995, 44.157641082000055]]], [[[-68.45576082699995, 44.160284087000036], [-68.50115784199994, 44.15397508500007], [-68.45148182699995, 44.19165009300008], [-68.38326780299997, 44.155851089000066], [-68.43851781899997, 44.11618908000003], [-68.45576082699995, 44.160284087000036]]], [[[-68.24547775699995, 44.17023709500006], [-68.24201975599993, 44.17666509700007], [-68.23923375499999, 44.17460509600005], [-68.24547775699995, 44.17023709500006]]], [[[-68.59670487599993, 44.17758808700006], [-68.59682387599997, 44.175572086000045], [-68.60692487899996, 44.17605408600008], [-68.59670487599993, 44.17758808700006]]], [[[-68.34832879199996, 44.18636609500004], [-68.33478178699994, 44.17682109400005], [-68.34880479199995, 44.16744509200004], [-68.34832879199996, 44.18636609500004]]], [[[-68.36033779699994, 44.198825097000054], [-68.34975579299999, 44.19539909700006], [-68.37043379999994, 44.18023009400008], [-68.36033779699994, 44.198825097000054]]], [[[-68.33335578899994, 44.20868910000007], [-68.31434078199999, 44.19761409800003], [-68.33644478899998, 44.19028609600008], [-68.33335578899994, 44.20868910000007]]], [[[-68.46479283299993, 44.20698509600004], [-68.45384282899994, 44.201692095000055], [-68.45918182999998, 44.19769009400005], [-68.46479283299993, 44.20698509600004]]], [[[-68.60240887899994, 44.21039309200006], [-68.66623589699998, 44.13496207700007], [-68.72064591699996, 44.16681408100004], [-68.73161792399998, 44.22269909100004], [-68.67062290599995, 44.27986110300003], [-68.56414286499995, 44.19165009000005], [-68.60240887899994, 44.21039309200006]]], [[[-68.47833983699996, 44.198125094000034], [-68.48142983899999, 44.216866097000036], [-68.47120983499997, 44.20732609600003], [-68.47833983699996, 44.198125094000034]]], [[[-68.77441993799994, 44.21940908900007], [-68.76836593599995, 44.21844708900005], [-68.77995593899993, 44.20102208600008], [-68.77441993799994, 44.21940908900007]]], [[[-68.46788183399997, 44.21618509700005], [-68.46502983299996, 44.20988209600006], [-68.46978383499999, 44.21311809700006], [-68.46788183399997, 44.21618509700005]]], [[[-68.56794586799998, 44.217718095000066], [-68.55962686499998, 44.21311809400004], [-68.56461786699998, 44.211926094000034], [-68.56794586799998, 44.217718095000066]]], [[[-68.54988186299994, 44.228449097000066], [-68.52828385499998, 44.22521309700005], [-68.54489086099994, 44.22027309600003], [-68.54988186299994, 44.228449097000066]]], [[[-68.47596283799999, 44.23117410000003], [-68.46764483499999, 44.22470209900007], [-68.47952883899995, 44.21976209800005], [-68.47596283799999, 44.23117410000003]]], [[[-68.78795894299998, 44.23482609100006], [-68.78118893999994, 44.22627109000007], [-68.79705894599994, 44.22382808900005], [-68.78795894299998, 44.23482609100006]]], [[[-68.58719787499996, 44.226405096000065], [-68.58149287399993, 44.23236609700007], [-68.57602687199994, 44.22930009700008], [-68.58719787499996, 44.226405096000065]]], [[[-68.19769574499998, 44.24635911000007], [-68.19306774299997, 44.239019109000026], [-68.19898474499996, 44.236707109000065], [-68.19769574499998, 44.24635911000007]]], [[[-68.75999093499996, 44.24769109500005], [-68.74977093099994, 44.24292309400005], [-68.76070393399993, 44.239858093000066], [-68.75999093499996, 44.24769109500005]]], [[[-68.25064276299997, 44.257565111000076], [-68.23899675899997, 44.240029108000044], [-68.27442676999993, 44.23710810700004], [-68.25064276299997, 44.257565111000076]]], [[[-68.45504783199993, 44.258927105000055], [-68.45338383199999, 44.256203105000054], [-68.45837483299994, 44.25416010400005], [-68.45504783199993, 44.258927105000055]]], [[[-68.21464075199998, 44.26316511300007], [-68.21047474999995, 44.25688411200008], [-68.24045975999996, 44.251413110000044], [-68.21464075199998, 44.26316511300007]]], [[[-68.73931292899994, 44.26896909900006], [-68.73051792499996, 44.26267209800005], [-68.75396293299997, 44.26260109700007], [-68.73931292899994, 44.26896909900006]]], [[[-68.48656784399998, 44.26910610600004], [-68.46930783799996, 44.27050110700003], [-68.46883283699998, 44.26352310600004], [-68.48656784399998, 44.26910610600004]]], [[[-68.24826576399994, 44.276968115000045], [-68.24565176299996, 44.27424511400005], [-68.26323976799995, 44.270331113000054], [-68.24826576399994, 44.276968115000045]]], [[[-68.29342477899996, 44.27866911400008], [-68.29104877799995, 44.27594711300003], [-68.30293278199997, 44.276968113000066], [-68.29342477899996, 44.27866911400008]]], [[[-68.79374094799994, 44.28700710100003], [-68.78518494499997, 44.284115100000065], [-68.79522994799999, 44.28049610000005], [-68.79374094799994, 44.28700710100003]]], [[[-68.26561676999995, 44.28496511600008], [-68.26609176999995, 44.28275311500005], [-68.27060777199995, 44.283264115000065], [-68.26561676999995, 44.28496511600008]]], [[[-68.68203191099997, 44.288028104000034], [-68.71128691999996, 44.27418410100006], [-68.74361793199995, 44.30143110500006], [-68.68203191099997, 44.288028104000034]]], [[[-68.43009082599997, 44.28819811100004], [-68.43205282599996, 44.285911111000075], [-68.43659382799996, 44.291957112000034], [-68.43009082599997, 44.28819811100004]]], [[[-68.74782493299995, 44.29867010400005], [-68.74988193399997, 44.30128610500003], [-68.74734593299996, 44.30073710500005], [-68.74782493299995, 44.29867010400005]]], [[[-68.44815483299993, 44.31201311500007], [-68.44886783199996, 44.297555113000044], [-68.45576083499998, 44.29976611300003], [-68.44815483299993, 44.31201311500007]]], [[[-68.45009383599995, 44.35733212300005], [-68.42082182699994, 44.375245128000074], [-68.43175482799995, 44.32425711800005], [-68.45009383599995, 44.35733212300005]]], [[[-68.53039386199998, 44.33359211700008], [-68.50136385499997, 44.38229012700003], [-68.47878484399996, 44.319572116000074], [-68.53039386199998, 44.33359211700008]]], [[[-68.20263175499997, 44.40038313800005], [-68.20217575499998, 44.39744513800008], [-68.21095075799997, 44.39681713700003], [-68.20263175499997, 44.40038313800005]]], [[[-68.38920981899997, 44.413287135000076], [-68.38421881699998, 44.40632613400004], [-68.39063581899995, 44.403270133000035], [-68.38920981899997, 44.413287135000076]]], [[[-68.33715880199998, 44.435694141000056], [-68.33454380099994, 44.43263914000005], [-68.34167380399998, 44.42856513900006], [-68.33715880199998, 44.435694141000056]]], [[[-68.20453275999995, 44.47742815200007], [-68.20381975999999, 44.47505415200004], [-68.20976176199997, 44.473867151000036], [-68.20453275999995, 44.47742815200007]]], [[[-68.20096775999997, 44.494046155000035], [-68.19977975899997, 44.49167215500006], [-68.20643476099997, 44.49302815500005], [-68.20096775999997, 44.494046155000035]]], [[[-68.02912569299997, 44.33598813100008], [-68.03150169299994, 44.32510712900006], [-68.03435469399994, 44.32782713000006], [-68.02912569299997, 44.33598813100008]]], [[[-68.09710171699999, 44.36199213400005], [-68.09472471599997, 44.35145613200007], [-68.10328171899994, 44.35825413300006], [-68.09710171699999, 44.36199213400005]]], [[[-67.87130564199998, 44.374905143000035], [-67.86346263899998, 44.36777014200004], [-67.86536363899995, 44.365900141000054], [-67.87130564199998, 44.374905143000035]]], [[[-68.17872974599999, 44.38839713700003], [-68.17791274599995, 44.38645713600005], [-68.18195374699997, 44.385268136000036], [-68.17872974599999, 44.38839713700003]]], [[[-68.14777373599998, 44.392446138000025], [-68.12942573099997, 44.40479814100007], [-68.13394173099994, 44.37932213600004], [-68.14777373599998, 44.392446138000025]]], [[[-68.19478775199997, 44.40157213900005], [-68.19086075099995, 44.40123813900004], [-68.19169875099993, 44.398855138000044], [-68.19478775199997, 44.40157213900005]]], [[[-68.17648674599997, 44.40259113900004], [-68.17838774699999, 44.407345140000075], [-68.17577374599995, 44.40564714000004], [-68.17648674599997, 44.40259113900004]]], [[[-68.15937374099997, 44.412099142000045], [-68.15461973999999, 44.41345714200003], [-68.16579074299995, 44.40038313900004], [-68.15937374099997, 44.412099142000045]]], [[[-68.12609872999997, 44.41855014400005], [-68.11777972699997, 44.40955214200005], [-68.12799972999994, 44.40666614200006], [-68.12609872999997, 44.41855014400005]]], [[[-67.86298664299994, 44.45452915800007], [-67.85514363899995, 44.41872015100006], [-67.86892864299995, 44.420418151000035], [-67.86298664299994, 44.45452915800007]]], [[[-68.13465473499997, 44.45011814900005], [-68.12491073099994, 44.44536714900005], [-68.13394173299997, 44.42737714500004], [-68.13465473499997, 44.45011814900005]]], [[[-67.60274655499995, 44.44424616300006], [-67.59562355199995, 44.44408516300007], [-67.59995455399996, 44.44176216200003], [-67.60274655499995, 44.44424616300006]]], [[[-67.82168562899994, 44.447110157000054], [-67.82139362799995, 44.44231215700006], [-67.82380262899994, 44.44125315600007], [-67.82168562899994, 44.447110157000054]]], [[[-67.61421655899994, 44.44885016300003], [-67.60559855599996, 44.44594216300004], [-67.60868855699994, 44.44356716300007], [-67.61421655899994, 44.44885016300003]]], [[[-67.84991463899996, 44.45300215800006], [-67.84516063699994, 44.449778157000026], [-67.84920163799995, 44.447572157000025], [-67.84991463899996, 44.45300215800006]]], [[[-67.83063363199994, 44.45666415900007], [-67.84067863499996, 44.44736315700004], [-67.83874363499996, 44.45181415800005], [-67.83063363199994, 44.45666415900007]]], [[[-67.70863759099996, 44.46074216300008], [-67.70435258999998, 44.460608163000074], [-67.70683158999998, 44.45690416200006], [-67.70863759099996, 44.46074216300008]]], [[[-68.15414474199997, 44.46504715100008], [-68.14558873899995, 44.457413150000036], [-68.15176774099996, 44.458261150000055], [-68.15414474199997, 44.46504715100008]]], [[[-67.61653255999994, 44.463417166000056], [-67.61581955999998, 44.46138216600008], [-67.61843356099996, 44.460194165000075], [-67.61653255999994, 44.463417166000056]]], [[[-67.67688358099997, 44.46301116400008], [-67.66856457799997, 44.462672164000026], [-67.66951557799996, 44.46063616400005], [-67.67688358099997, 44.46301116400008]]], [[[-67.74509760399997, 44.46233216200005], [-67.74674460399996, 44.465250163000064], [-67.74295860299998, 44.465216163000036], [-67.74509760399997, 44.46233216200005]]], [[[-68.17387274899994, 44.467252151000025], [-68.16626674599996, 44.463011151000046], [-68.19169875499995, 44.46742115100005], [-68.17387274899994, 44.467252151000025]]], [[[-67.73416459999999, 44.469287164000036], [-67.73321359999994, 44.465216163000036], [-67.73772960099996, 44.46301116300003], [-67.73416459999999, 44.469287164000036]]], [[[-67.67667558099998, 44.47038816600008], [-67.67264457999994, 44.47329816600006], [-67.67379357999994, 44.46555516500007], [-67.67667558099998, 44.47038816600008]]], [[[-67.79215862099994, 44.48082016400008], [-67.77979961599993, 44.47708916400006], [-67.78902361899998, 44.472364163000066], [-67.79215862099994, 44.48082016400008]]], [[[-67.67379358099998, 44.481668168000056], [-67.66389857699994, 44.484801169000036], [-67.67317057999998, 44.47589316700004], [-67.67379358099998, 44.481668168000056]]], [[[-67.57731454999998, 44.52174117800007], [-67.56660554299998, 44.455777166000075], [-67.58919854999994, 44.44730016400007], [-67.62128556399995, 44.50784417400007], [-67.57731454999998, 44.52174117800007]]], [[[-67.69304558699997, 44.48641616800006], [-67.69265358699994, 44.48365516800004], [-67.69857758899997, 44.48506216800007], [-67.69304558699997, 44.48641616800006]]], [[[-67.82614663299995, 44.49065516500008], [-67.82258163099993, 44.48726316500006], [-67.83208863399994, 44.479633163000074], [-67.82614663299995, 44.49065516500008]]], [[[-67.66428657799997, 44.49506317000004], [-67.66286057799994, 44.494385170000044], [-67.67189257999996, 44.48777216900004], [-67.66428657799997, 44.49506317000004]]], [[[-67.63293256799994, 44.499198172000035], [-67.62960456699994, 44.49869017200007], [-67.63150556699998, 44.48766917000006], [-67.63293256799994, 44.499198172000035]]], [[[-67.56376754499996, 44.51055617600008], [-67.51062752599995, 44.496423175000075], [-67.53904853399996, 44.47206817000006], [-67.56376754499996, 44.51055617600008]]], [[[-67.79120762099996, 44.49387616700005], [-67.80618162599995, 44.48590716500007], [-67.81949163099995, 44.51065816900007], [-67.79120762099996, 44.49387616700005]]], [[[-67.75672360999994, 44.49775916800007], [-67.75300360899996, 44.50509617000006], [-67.75154760799995, 44.494858168000064], [-67.75672360999994, 44.49775916800007]]], [[[-67.64481657299996, 44.517504175000056], [-67.62556356599998, 44.51326717500007], [-67.64505357199994, 44.50462317300003], [-67.64481657299996, 44.517504175000056]]], [[[-67.66097857799997, 44.511573173000045], [-67.65931457799996, 44.51597917400005], [-67.65860157699996, 44.51309817400005], [-67.66097857799997, 44.511573173000045]]], [[[-67.80594362699998, 44.51726817100007], [-67.80404262699994, 44.51913217100008], [-67.80239762599996, 44.51295817000005], [-67.80594362699998, 44.51726817100007]]], [[[-67.66499957999997, 44.53150217700005], [-67.65858257799994, 44.530825177000054], [-67.66523757999994, 44.521674175000044], [-67.66499957999997, 44.53150217700005]]], [[[-67.82567163499994, 44.54082117400003], [-67.82424563299998, 44.517607170000076], [-67.83280163699999, 44.51998017000005], [-67.82567163499994, 44.54082117400003]]], [[[-67.53687153699997, 44.53212418100003], [-67.52919553399994, 44.53199818100006], [-67.53381653599996, 44.529168180000056], [-67.53687153699997, 44.53212418100003]]], [[[-67.75959661199994, 44.53302717500003], [-67.75888361199998, 44.53133317400005], [-67.76221061299998, 44.52930017400007], [-67.75959661199994, 44.53302717500003]]], [[[-67.76339961399998, 44.53844917600003], [-67.76126061299993, 44.53743217500005], [-67.76743961499994, 44.53438317500007], [-67.76339961399998, 44.53844917600003]]], [[[-67.82590863599995, 44.54505617500007], [-67.83612963899998, 44.55217017600006], [-67.82590863599995, 44.549460176000025], [-67.82590863599995, 44.54505617500007]]], [[[-67.43342750299996, 44.55893018800003], [-67.43161750299998, 44.55731718800007], [-67.43518250399995, 44.55562418800008], [-67.43342750299996, 44.55893018800003]]], [[[-67.48104451999995, 44.56505518800003], [-67.47844051899995, 44.56510718800007], [-67.48155651999997, 44.56007518700005], [-67.48104451999995, 44.56505518800003]]], [[[-67.47137551699996, 44.56910418900003], [-67.46964651599995, 44.56798618900007], [-67.47424151799999, 44.56665718800008], [-67.47137551699996, 44.56910418900003]]], [[[-67.36245247999994, 44.57391219300007], [-67.36142347999998, 44.573066193000045], [-67.36719848099995, 44.567427191000036], [-67.36245247999994, 44.57391219300007]]], [[[-67.40355449399993, 44.57513319200007], [-67.40618549499999, 44.567986191000045], [-67.40804349499996, 44.56902119100005], [-67.40355449399993, 44.57513319200007]]], [[[-67.48913552199997, 44.55968818700006], [-67.54161054199994, 44.58934919100005], [-67.48152852099997, 44.58042319100008], [-67.52003453399993, 44.57966819000006], [-67.48913552199997, 44.55968818700006]]], [[[-67.46056151299996, 44.569661189000044], [-67.45768151199997, 44.57547319100007], [-67.45372151099997, 44.57238819000003], [-67.46056151299996, 44.569661189000044]]], [[[-67.39430149099996, 44.57645219200003], [-67.39216248999998, 44.57442019200005], [-67.39588249099995, 44.57246119200005], [-67.39430149099996, 44.57645219200003]]], [[[-67.35555947799998, 44.58373119500004], [-67.35058447699998, 44.58416719500008], [-67.35528247799994, 44.57618719300007], [-67.35555947799998, 44.58373119500004]]], [[[-67.39335049099998, 44.58965619500003], [-67.39263749099996, 44.58491619400007], [-67.39605049199997, 44.58322219400003], [-67.39335049099998, 44.58965619500003]]], [[[-67.42947850399997, 44.597441195000044], [-67.42686350299994, 44.598795196000026], [-67.42780050299996, 44.595267195000076], [-67.42947850399997, 44.597441195000044]]], [[[-67.38835948999997, 44.60319519700005], [-67.38360648899999, 44.60167219700003], [-67.39026149099993, 44.59574919600004], [-67.38835948999997, 44.60319519700005]]], [[[-67.37267248499995, 44.598626197000044], [-67.36855748399995, 44.601935198000035], [-67.36666448299997, 44.59967019700008], [-67.37267248499995, 44.598626197000044]]], [[[-67.49032452499995, 44.60438019500003], [-67.48652152299996, 44.60015619400008], [-67.49151252499996, 44.60167219400006], [-67.49032452499995, 44.60438019500003]]], [[[-67.30140046199995, 44.62362020300003], [-67.26098444699994, 44.608665202000054], [-67.30802646299998, 44.59717019800007], [-67.30140046199995, 44.62362020300003]]], [[[-67.50743753199998, 44.62282219800005], [-67.49769252799996, 44.62146919800006], [-67.50387152999997, 44.61707019700003], [-67.50743753199998, 44.62282219800005]]], [[[-67.35437148099999, 44.644641206000074], [-67.35223247999994, 44.644810206000045], [-67.35389648099994, 44.64108920500007], [-67.35437148099999, 44.644641206000074]]], [[[-67.36102648399998, 44.65208120700004], [-67.35674848199994, 44.65394120700006], [-67.35674848199994, 44.64683920600004], [-67.36102648399998, 44.65208120700004]]], [[[-67.33131647399995, 44.652757208000025], [-67.32723447199999, 44.65128320800005], [-67.33440647399993, 44.64853020700008], [-67.33131647399995, 44.652757208000025]]], [[[-67.36411648599994, 44.667634210000074], [-67.35033048099996, 44.66932521000007], [-67.35603548299997, 44.66357720900004], [-67.36411648599994, 44.667634210000074]]], [[[-67.33797147699994, 44.67980421300007], [-67.33012847499998, 44.68386021300006], [-67.33393047599998, 44.677945212000054], [-67.33797147699994, 44.67980421300007]]]]}}, {"type": "Feature", "properties": {"id": "领地", "name": "领地", "color": "#8a8f96", "owner": "领地", "units": ["Arizona", "Colorado", "Idaho", "Montana", "Nebraska", "Nevada", "New Mexico", "North Dakota", "Oklahoma", "South Dakota", "Utah", "Washington", "Wyoming"], "label_lon": -108.299, "label_lat": 41.394}, "geometry": {"type": "MultiPolygon", "coordinates": [[[[-123.86482198099998, 46.96514941700008], [-123.853412978, 46.95866141800008], [-123.86054397799995, 46.95606541700005], [-123.86482198099998, 46.96514941700008]]], [[[-124.49116824299995, 47.67408438100006], [-124.48066824299997, 47.67980738300008], [-124.48380024199997, 47.67208438200004], [-124.49116824299995, 47.67408438100006]]], [[[-124.50931827699998, 47.79885538500008], [-124.50716827699995, 47.79917838500006], [-124.50438027599995, 47.79694638500007], [-124.50931827699998, 47.79885538500008]]], [[[-124.64571932399997, 47.90738037400007], [-124.64595732299995, 47.90419437400004], [-124.65165532399999, 47.90528737300008], [-124.64571932399997, 47.90738037400007]]], [[[-122.92950311799996, 48.133413577000056], [-122.90865311199997, 48.125600579000036], [-122.94856711699998, 48.11757857400005], [-122.92950311799996, 48.133413577000056]]], [[[-124.75142740299998, 48.16056837300005], [-124.74548340099994, 48.155544374000044], [-124.74863640099994, 48.154887373000065], [-124.75142740299998, 48.16056837300005]]], [[[-124.75568940699998, 48.17556937300003], [-124.75522740699995, 48.17419937300008], [-124.762365408, 48.17560337300006], [-124.75568940699998, 48.17556937300003]]], [[[-124.60222343899994, 48.38693540000003], [-124.59295443499997, 48.37793840000006], [-124.59937143599996, 48.37683240000007], [-124.60222343899994, 48.38693540000003]]], [[[-124.73722646099998, 48.39561638500004], [-124.73223445899998, 48.39088138500006], [-124.746495461, 48.391355383000075], [-124.73722646099998, 48.39561638500004]]], [[[-123.20332427799997, 48.59555456800007], [-123.10531626999995, 48.62264858100008], [-122.96978422599994, 48.536111592000054], [-123.02064722499995, 48.501003585000035], [-122.960990203, 48.45121258900008], [-123.132995242, 48.49831457200003], [-123.20332427799997, 48.59555456800007]]], [[[-122.90281722599997, 48.57850760200006], [-122.94827422499998, 48.546890595000036], [-123.01744724799994, 48.59014658900003], [-122.96659124099995, 48.59467859500006], [-122.90281722599997, 48.57850760200006]]], [[[-123.03366025099996, 48.59250658700006], [-123.02865225, 48.59296158800004], [-123.03334724999996, 48.590808587000026], [-123.03366025099996, 48.59250658700006]]], [[[-123.01920024999998, 48.59743358900005], [-123.01838624899995, 48.59482558900004], [-123.02502124999995, 48.594079588000056], [-123.01920024999998, 48.59743358900005]]], [[[-123.01719725199996, 48.606292590000066], [-123.01506825099995, 48.60683059000007], [-123.01613224999994, 48.602401590000056], [-123.01719725199996, 48.606292590000066]]], [[[-123.04248625899999, 48.61869858800003], [-123.03863825599996, 48.61049458800005], [-123.05045425799995, 48.61193258600008], [-123.04248625899999, 48.61869858800003]]], [[[-123.147331281, 48.638461577000044], [-123.15184628099996, 48.63877557600006], [-123.14994528199998, 48.64144557600008], [-123.147331281, 48.638461577000044]]], [[[-123.13816027899998, 48.63854057800006], [-123.16359728599997, 48.64919457500008], [-123.10516327299996, 48.633382581000035], [-123.13816027899998, 48.63854057800006]]], [[[-123.078403273, 48.64961158500006], [-123.07697727199997, 48.64772758500004], [-123.08689327299999, 48.64524258400007], [-123.078403273, 48.64961158500006]]], [[[-123.128058281, 48.65075057900003], [-123.12356327899994, 48.64772758000004], [-123.13140628099995, 48.648512579000055], [-123.128058281, 48.65075057900003]]], [[[-123.12750228199997, 48.65675558000004], [-123.18283829099994, 48.65744157300003], [-123.23607630699996, 48.68499356900003], [-123.18322029799998, 48.68430257500006], [-123.12750228199997, 48.65675558000004]]], [[[-123.00980228099996, 48.722296596000035], [-123.042352274, 48.67566859000004], [-123.06794628399996, 48.70030558900004], [-123.00980228099996, 48.722296596000035]]], [[[-123.03211928699994, 48.733103594000056], [-123.03181928699996, 48.73212959400007], [-123.03843128799997, 48.73157959300005], [-123.03211928699994, 48.733103594000056]]], [[[-122.94378928699996, 48.78821160700005], [-122.94016528599997, 48.78498560700007], [-122.95416528699997, 48.78154060500003], [-122.94378928699996, 48.78821160700005]]], [[[-123.02200634899998, 48.97647860700005], [-123.08402135799997, 48.97146059900007], [-123.09056136699996, 49.00198160000008], [-123.03540835799998, 49.00215960600008], [-123.02200634899998, 48.97647860700005]]], [[[-122.69476283799997, 47.12590155200007], [-122.741751852, 47.15505054800008], [-122.70672785399995, 47.18739055400005], [-122.673941846, 47.174680557000045], [-122.69476283799997, 47.12590155200007]]], [[[-122.63114483799995, 47.167680561000054], [-122.630402834, 47.15354856000005], [-122.63589883699996, 47.16396456000007], [-122.63114483799995, 47.167680561000054]]], [[[-122.64181484799997, 47.20501856200008], [-122.67773084999999, 47.19110555700007], [-122.72688286199997, 47.20739955300007], [-122.68524086099995, 47.23238155800004], [-122.64181484799997, 47.20501856200008]]], [[[-122.59050184499995, 47.22775756800007], [-122.614250847, 47.22087756600007], [-122.670063428, 47.27479574400007], [-122.62813485999999, 47.267480566000074], [-122.59050184499995, 47.22775756800007]]], [[[-122.84006589399996, 47.26809354300008], [-122.82532989199996, 47.27051254500003], [-122.83412388999994, 47.25680254400004], [-122.84006589399996, 47.26809354300008]]], [[[-122.84281415099997, 48.321460596000065], [-122.83760314999995, 48.31967659600008], [-122.84238414999999, 48.31682159600007], [-122.84281415099997, 48.321460596000065]]], [[[-122.69966116599994, 48.46973261900007], [-122.69585816299997, 48.45980361900007], [-122.705705164, 48.45918161800006], [-122.69966116599994, 48.46973261900007]]], [[[-122.70916817099999, 48.48407061900008], [-122.68611316799996, 48.48690662200005], [-122.69095616499999, 48.472781620000035], [-122.70916817099999, 48.48407061900008]]], [[[-122.83702819999996, 48.51676360600004], [-122.76942018799997, 48.512105613000074], [-122.81621218899994, 48.48779060700008], [-122.812637172, 48.42098760400006], [-122.92626219399995, 48.437051592000046], [-122.94574820699995, 48.477772592000065], [-122.88469422199995, 48.573160603000076], [-122.84178920699998, 48.53996060700007], [-122.87328620299996, 48.50596460100007], [-122.84928018399995, 48.44719260100004], [-122.83702819999996, 48.51676360600004]]], [[[-122.57298216099997, 48.529033637000055], [-122.640429171, 48.525865629000066], [-122.64561018799998, 48.58889963100006], [-122.57298216099997, 48.529033637000055]]], [[[-122.80770119899995, 48.53132761000006], [-122.83109821299996, 48.572531609000066], [-122.81089521399997, 48.58888461200007], [-122.76903519999996, 48.55928561600007], [-122.80770119899995, 48.53132761000006]]], [[[-122.66852518699994, 48.569228628000076], [-122.72242218799994, 48.54061162000005], [-122.74049720199997, 48.58499162000004], [-122.71106920399995, 48.60931862500007], [-122.66852518699994, 48.569228628000076]]], [[[-122.61290818099997, 48.58275263500008], [-122.60934317999994, 48.580865635000066], [-122.61338317999997, 48.57913563400007], [-122.61290818099997, 48.58275263500008]]], [[[-122.81455221799996, 48.601224613000056], [-122.80458821599996, 48.597787614000026], [-122.81255921499996, 48.590456612000025], [-122.81455221799996, 48.601224613000056]]], [[[-122.60173718699997, 48.61403263700004], [-122.598495185, 48.60767963700005], [-122.60613018599997, 48.60589063600003], [-122.60173718699997, 48.61403263700004]]], [[[-122.67418820299997, 48.629949630000056], [-122.67681119799994, 48.61006062900003], [-122.69928120499998, 48.62112062700004], [-122.67418820299997, 48.629949630000056]]], [[[-122.86189222899998, 48.61228760800003], [-122.947561238, 48.59721559700006], [-122.98392625599996, 48.64215259500003], [-122.971243244, 48.603821595000056], [-123.00389124599997, 48.59297159100004], [-123.03035725999996, 48.62989559000005], [-122.95183526899996, 48.71222460200005], [-122.74149322199997, 48.66035262400004], [-122.82715621999995, 48.599916611000026], [-122.88505125199998, 48.69002960900008], [-122.91808825799995, 48.68955860500006], [-122.86189222899998, 48.61228760800003]]], [[[-122.58383919599999, 48.659993642000074], [-122.57765219199996, 48.647622642000044], [-122.58383919299996, 48.64524264100004], [-122.58383919599999, 48.659993642000074]]], [[[-122.68753923199995, 48.73472663300004], [-122.60858719499998, 48.640453638000054], [-122.71884823299996, 48.71682362900003], [-122.68753923199995, 48.73472663300004]]], [[[-122.75776623299998, 48.69521162400008], [-122.759362233, 48.692775623000045], [-122.76430123499995, 48.69610062300006], [-122.75776623299998, 48.69521162400008]]], [[[-122.777085237, 48.698813622000046], [-122.77512623899997, 48.70413362200003], [-122.77367923699995, 48.69817462200007], [-122.777085237, 48.698813622000046]]], [[[-122.61414021599995, 48.71511064100008], [-122.62241521099997, 48.69395163900003], [-122.65046122099994, 48.712304637000045], [-122.61414021599995, 48.71511064100008]]], [[[-122.84119926099999, 48.75016461700005], [-122.81845125599995, 48.74463461900007], [-122.83770025899997, 48.74378961700006], [-122.84119926099999, 48.75016461700005]]], [[[-122.91262027799996, 48.770410609000066], [-122.87542527, 48.763640613000064], [-122.92499527599995, 48.75597560700004], [-122.91262027799996, 48.770410609000066]]], [[[-106.52825176099998, 31.783153135000077], [-108.20840412099994, 31.783604061000062], [-108.20858309399995, 31.333399990000032], [-111.07483567999998, 31.332243865000066], [-114.813624469, 32.49428185100004], [-114.80940447599994, 32.61712386700003], [-114.70192946599997, 32.745552889000066], [-114.53923543599996, 32.74981689800006], [-114.46898242999998, 32.84515991400008], [-114.46767543799996, 32.96686592900005], [-114.51135444999994, 33.02345993400007], [-114.66232847899994, 33.03267592800006], [-114.70649949099999, 33.08816493300003], [-114.67209949699998, 33.25850395600003], [-114.73123451099997, 33.30243895900003], [-114.698046509, 33.35244696700005], [-114.72529351799994, 33.40505297200008], [-114.643313504, 33.41674997800004], [-114.52461049199997, 33.55223600100004], [-114.53153450299999, 33.67511301600007], [-114.49420849899997, 33.707927023000025], [-114.52806151299995, 33.81496803400006], [-114.50793151599999, 33.90381204700003], [-114.53548952399996, 33.93465604900007], [-114.43827751299995, 34.02261406500003], [-114.41591951599997, 34.10764107700004], [-114.13122247499996, 34.262735113000076], [-114.17692049099998, 34.34931112100003], [-114.38671053899998, 34.457916123000075], [-114.38084954399994, 34.52972913200006], [-114.43647755899997, 34.59540513700006], [-114.47048857599998, 34.71137314900005], [-114.63439361999997, 34.87289515900005], [-114.63651417851266, 35.00419594671721], [-117.50012935899997, 37.22038524200008], [-120.00102698599994, 38.99957923000005], [-119.99924741099994, 41.99494948000006], [-111.04869886142725, 42.001707643906336], [-117.02620989899998, 41.999895740000056], [-117.03289420299996, 43.83003089700003], [-116.95876520599995, 43.92325191200007], [-116.97619321899998, 43.974724914000035], [-116.935597213, 43.986879919000046], [-116.97736423899994, 44.08536992300003], [-116.89409623699999, 44.16019693700008], [-116.97168825799997, 44.19726193300005], [-116.97591826699994, 44.24284993600003], [-117.05304327799996, 44.22908192800003], [-117.10422129699998, 44.27994592700003], [-117.19816031299996, 44.27383391800004], [-117.22266032199997, 44.29758391800004], [-117.18978232299997, 44.33659092400006], [-117.24268834399999, 44.396553924000045], [-117.21508534399999, 44.42716792900006], [-117.22508935599996, 44.48235193200003], [-117.14925535199995, 44.53615694400003], [-117.06228637199996, 44.72714896700006], [-116.93471335999999, 44.78388698400005], [-116.85244036399996, 44.887583], [-116.82628437699998, 44.982499010000026], [-116.85697738199997, 44.975179007000065], [-116.84795738899999, 45.022608012000035], [-116.72962038999998, 45.14209703300003], [-116.67380641499994, 45.32151705200005], [-116.55484241999994, 45.46293607500007], [-116.52857143299997, 45.55108408500007], [-116.46364843099997, 45.60279109500004], [-116.54665647599995, 45.750978098000076], [-116.66535750499997, 45.782004089000054], [-116.71183552199994, 45.82627308800005], [-116.78268953499997, 45.82538208100004], [-116.98249262699994, 46.08939508100008], [-116.91600259499995, 45.99541908100008], [-118.98714297099997, 45.999860872000056], [-119.12613398099995, 45.93286485400006], [-119.60056306099995, 45.91958680400006], [-119.66989105999994, 45.856872793000036], [-119.96575810399997, 45.82437076100007], [-120.21076812499996, 45.725956729000075], [-120.48237616399996, 45.69445470000005], [-120.63498219999997, 45.74585268800007], [-120.89558922199996, 45.64295065400006], [-121.06438425199997, 45.652554638000026], [-121.14554825599998, 45.60789162700007], [-121.19657026599998, 45.61669462200007], [-121.21579327999996, 45.671243624000056], [-121.53312034399994, 45.72654659500006], [-121.86718138999998, 45.69328255800008], [-121.98305239399997, 45.622817542000064], [-122.266715423, 45.54384650800006], [-122.675022502, 45.618044471000076], [-122.774525531, 45.680442464000066], [-122.76146554499996, 45.75916847000008], [-122.79561956099997, 45.81000546900003], [-122.81401259599994, 45.960989476000066], [-122.90413363699997, 46.08373947300004], [-123.00424766299994, 46.13382846500008], [-123.16642869999998, 46.188978451000025], [-123.28018070799999, 46.144848437000064], [-123.37144772199997, 46.14637742700006], [-123.43100173899995, 46.18157642300008], [-123.42764374899997, 46.229353426000046], [-123.46875776299999, 46.26453642300004], [-123.66951579399995, 46.26683740200008], [-123.70074380699998, 46.30460840100005], [-123.87553981899998, 46.23979237900005], [-124.00127885399996, 46.31326537000007], [-124.07778285599994, 46.272329359000025], [-124.06906493899999, 46.64726337900004], [-124.02358091699995, 46.582564381000054], [-124.01527287099998, 46.37868637100007], [-123.95371386099998, 46.37885037800004], [-123.99269489199997, 46.48862237900005], [-123.94254287899997, 46.46519538300004], [-123.89330688799998, 46.53961539200003], [-123.96065691999996, 46.63636939000003], [-123.93612591399994, 46.62703039200005], [-123.92328392299999, 46.67271339600006], [-123.829370918, 46.713361408000026], [-123.88877493499996, 46.750388404000034], [-123.97500894399997, 46.73339639300008], [-123.973677937, 46.70335839200004], [-124.09219096399994, 46.74162938100005], [-124.13824000799997, 46.905539384000065], [-124.09297600099995, 46.90166038900003], [-124.07312798799995, 46.861498389000076], [-123.98509698899994, 46.921921402000066], [-123.83891497499997, 46.953956419000065], [-123.85911798099994, 46.967582417000074], [-124.01223300799995, 46.98518140200008], [-124.02636001999997, 47.03019240200007], [-124.12207203799994, 47.04165539200005], [-124.151303037, 47.02111738800005], [-124.10511600999996, 46.93286138900004], [-124.173892019, 46.92724038100005], [-124.20903209199997, 47.218156391000036], [-124.236364112, 47.28729239200004], [-124.31939414099998, 47.355564386000026], [-124.42521024899997, 47.73843939100004], [-124.48005626499997, 47.76730538700008], [-124.48975227799997, 47.81699338800007], [-124.64144132299998, 47.907858375000046], [-124.67619334299997, 47.96703737300004], [-124.68711637799998, 48.09866237800003], [-124.73318940099995, 48.16339837500004], [-124.65895543299996, 48.331062391000046], [-124.73184345599998, 48.38116238500004], [-124.67627745099998, 48.39137639100005], [-123.98104728899995, 48.16476646000007], [-123.709474248, 48.167586491000066], [-123.33271417599997, 48.112975531000075], [-123.239144163, 48.11822254200007], [-123.10190715799996, 48.18495756000004], [-123.14215715699999, 48.15707355400008], [-123.03874212199997, 48.08114356200008], [-122.91410310599997, 48.09440657700003], [-122.92686609999998, 48.06459857400006], [-122.85634707699995, 48.017038580000076], [-122.87200707399995, 47.993498577000025], [-122.82749707999994, 48.04677358400005], [-122.89032809699995, 48.076871579000056], [-122.88486910399996, 48.106946581000045], [-122.75414509299998, 48.14470559700004], [-122.748926085, 48.11703159600006], [-122.80141408599997, 48.08756658900006], [-122.73988406199999, 48.03118659300003], [-122.74836007399995, 48.07210259400006], [-122.68725507099998, 48.10166760300007], [-122.66988304799997, 48.017222600000025], [-122.72912705799996, 48.019746594000026], [-122.678815037, 47.967935597000064], [-122.69923502799998, 47.91870859200003], [-122.65773702499996, 47.93116159700003], [-122.61035600599996, 47.88734860000005], [-122.69377501499997, 47.86800759000005], [-122.68735700499997, 47.83100858900008], [-122.74582600699995, 47.80435558100004], [-122.78456798499997, 47.68656657100007], [-122.83329199399998, 47.69248656600007], [-122.79764002099995, 47.82590257700008], [-122.82069502799999, 47.83802857500007], [-122.84182301599998, 47.779040569000074], [-122.86466602599995, 47.80467456800005], [-122.85115200799999, 47.73855056600007], [-122.88272901099998, 47.73118856200006], [-122.90412099399998, 47.64558955600006], [-122.98160399799997, 47.61307354600007], [-123.15796296399998, 47.35624151300004], [-123.03028094299998, 47.350954527000056], [-122.87792793399996, 47.410984547000055], [-123.02956794499994, 47.35884452700003], [-123.11969596499995, 47.38553751900008], [-122.96513298899998, 47.585250546000054], [-122.75145897599998, 47.67030757400005], [-122.714815994, 47.76818158300006], [-122.57368699299997, 47.85758760300007], [-122.61703701999994, 47.93899260200004], [-122.52534399899997, 47.912341611000045], [-122.47034795199994, 47.75711460900004], [-122.55446896299998, 47.745709599000065], [-122.50461894399996, 47.699141602000054], [-122.50641091899996, 47.59454759700003], [-122.47910391199997, 47.58365959900004], [-122.54313291499994, 47.55633159100006], [-122.54230090799996, 47.52461758900006], [-122.494896897, 47.510270594000076], [-122.57599986599996, 47.32642557500003], [-122.54753585199995, 47.285349576000044], [-122.58584085099994, 47.25385757000004], [-122.59245085599997, 47.27202857100008], [-122.69584187399994, 47.28138156000006], [-122.626201886, 47.37562357200005], [-122.68395789199997, 47.36516056500005], [-122.75740088299995, 47.276705553000056], [-122.71889686499998, 47.22653055400008], [-122.77163385999995, 47.16711454600005], [-122.83281388699999, 47.24341754300008], [-122.78622190699997, 47.35797255400007], [-122.82667492399997, 47.40581255200004], [-122.81872190499996, 47.32747654900004], [-122.87148690099997, 47.27686654000007], [-122.83678585899997, 47.11908553600006], [-122.81520186899996, 47.179107542000054], [-122.786397852, 47.12668654200007], [-122.70179083299996, 47.09873955000006], [-122.59084383399994, 47.17811256600004], [-122.52970384899999, 47.28331657800004], [-122.547422859, 47.317739578000044], [-122.43677082899995, 47.26186758700004], [-122.40921383099999, 47.288561591000075], [-122.44464983899996, 47.30042658800005], [-122.42998684099996, 47.31966359100005], [-122.32484783099994, 47.34852660400003], [-122.42115390099997, 47.57602560500004], [-122.33952789299997, 47.599118615000066], [-122.43695592399996, 47.66172460800004], [-122.37645492699994, 47.71652461700006], [-122.39565195199998, 47.80681362000007], [-122.33596495399996, 47.85231162900004], [-122.30706297299997, 47.94912263700007], [-122.23006096599994, 47.970922647000066], [-122.21899697599997, 48.02028165100006], [-122.361664024, 48.120181640000055], [-122.38392605399997, 48.227491643000064], [-122.44962006599997, 48.23260363600008], [-122.47902305699995, 48.17570863000003], [-122.35897800699996, 48.05485663700006], [-122.51057705099998, 48.13221262400003], [-122.53101108299995, 48.24982662700006], [-122.39704306299996, 48.25318364300006], [-122.38806307299996, 48.30083564600005], [-122.53494911599995, 48.375092633000065], [-122.55713413099994, 48.41988463300004], [-122.58034613199999, 48.410918630000026], [-122.55039813699995, 48.44845363500008], [-122.618612139, 48.41265462600006], [-122.674173151, 48.424731620000045], [-122.65445915599997, 48.457563624000045], [-122.66828716499998, 48.48627662400003], [-122.70293417199997, 48.49201662000007], [-122.68453617399996, 48.50912862300004], [-122.59996616299998, 48.52095163300004], [-122.58058314599998, 48.463743632000046], [-122.56744515199995, 48.49927563600005], [-122.53737013899996, 48.466754637000065], [-122.46964913, 48.472192645000064], [-122.50444315899995, 48.56478064600003], [-122.560856173, 48.581651640000075], [-122.46887415099997, 48.55727465000007], [-122.42528615499998, 48.59952765700007], [-122.50995018599997, 48.66437465000007], [-122.49121618799995, 48.68359665300005], [-122.51926220099995, 48.71716565200006], [-122.49041620499997, 48.751133657000025], [-122.53581821899996, 48.776133653000045], [-122.60815422699994, 48.762778644000036], [-122.65188722199997, 48.71591163700003], [-122.67348722999998, 48.73308763500006], [-122.64679223899998, 48.78501664000004], [-122.71028824999996, 48.78702363300005], [-122.71708826699995, 48.84719563500005], [-122.79319029099997, 48.89293262900003], [-122.749217295, 48.93482363600003], [-122.82164630799997, 48.94137462800006], [-122.75803531399998, 49.00236263800008], [-97.22873154299998, 49.00057022000004], [-97.23406353399997, 48.94761921400004], [-97.17779950399995, 48.87532021000004], [-97.19032249599996, 48.815722202000075], [-97.15876948599998, 48.81093920400008], [-97.18123948999994, 48.79789820000008], [-97.09033744299995, 48.68452019400007], [-97.17533844399998, 48.56246917200008], [-97.12687342199996, 48.51976617100007], [-97.16267742399998, 48.47779116300006], [-97.12812441399996, 48.47360416600003], [-97.15055141399995, 48.44121116000008], [-97.12246240199994, 48.41828415900005], [-97.16329940799994, 48.39199515300004], [-97.13338639799997, 48.38203415400005], [-97.15628540199998, 48.36620615000004], [-97.11224037599999, 48.29648014500003], [-97.14512137999998, 48.26775113900004], [-97.12075836499997, 48.22583413600006], [-97.15175537299996, 48.218940133000046], [-97.13506536899996, 48.22065613400008], [-97.11784736199996, 48.20977213400005], [-97.13896236899996, 48.217083133000074], [-97.14634036199999, 48.16859112700007], [-97.12102935299998, 48.15909412800005], [-97.14667635799998, 48.14321112400006], [-97.07226631899994, 48.04807611800004], [-97.02316527399995, 47.87398610100007], [-96.97419325099997, 47.82298609800006], [-96.99101625299994, 47.80768009500008], [-96.93518322999995, 47.76747409500007], [-96.85106017599998, 47.59794808000004], [-96.87167215099998, 47.41940005600003], [-96.83745313599997, 47.38928205500008], [-96.85822013799998, 47.36761005000005], [-96.82880912299998, 47.328146048000065], [-96.84472010399998, 47.192910029000075], [-96.82156409599997, 47.18432203000003], [-96.84111009599997, 47.15140902400003], [-96.81273506899998, 47.03827901200003], [-96.83955707099994, 47.00673600600004], [-96.79176704499997, 46.928473], [-96.75326603299999, 46.92457100200005], [-96.80255302799998, 46.81152898400006], [-96.77569501299996, 46.766050980000045], [-96.79794999599994, 46.62912096000008], [-96.74189596999997, 46.564237956000056], [-96.72190594399996, 46.440084941000066], [-96.59976989299997, 46.330393936000064], [-96.59269086599994, 46.17521891600006], [-96.55451584099995, 46.083985907000056], [-96.58309380699995, 45.82003187000004], [-96.662603817, 45.73868985300004], [-96.83577784999994, 45.64965582800005], [-96.85775984999998, 45.60596982000004], [-96.69254977499997, 45.41734580700006], [-96.52179572199998, 45.375652814000034], [-96.45307569199997, 45.29812280900006], [-96.45326843699996, 43.50039755500006], [-96.59893647699994, 43.50046454400007], [-96.60286847099997, 43.450914537000074], [-96.52158044099997, 43.38564753300005], [-96.53040043199996, 43.300041520000036], [-96.58850044699994, 43.29634651600003], [-96.55322543199998, 43.25914851300007], [-96.56851343299996, 43.23156150700004], [-96.47557940699994, 43.22106151200006], [-96.436597383, 43.12084950000008], [-96.46085838199997, 43.064040490000025], [-96.51843939499997, 43.042075483000076], [-96.49167838299996, 43.00971448000007], [-96.54169738599995, 42.92258346400007], [-96.52636537799998, 42.89185946100008], [-96.63971238799996, 42.737078430000054], [-96.51634634199996, 42.630442422000044], [-96.52990234299995, 42.610439419000045], [-96.47696032199997, 42.55608641400005], [-96.49297832099995, 42.51728940700008], [-96.44551630499996, 42.490637406000076], [-96.50132931899998, 42.482756401000074], [-96.38601528699996, 42.474502408000035], [-96.41817628099994, 42.354685388000064], [-96.32891324499997, 42.25474137900005], [-96.35987824799997, 42.21055237000007], [-96.34776023899997, 42.16681336400006], [-96.26890821199999, 42.113597361000075], [-96.27555620599998, 42.051983352000036], [-96.22190918899997, 42.02956535200008], [-96.24072118999999, 41.999358346000065], [-96.19456417899994, 42.00866935000005], [-96.18627317299996, 41.97742434600008], [-96.12951315699996, 41.97168034900005], [-96.16176415799998, 41.90182733600005], [-96.064887119, 41.79623732700003], [-96.10643312299999, 41.737897315000055], [-96.073071111, 41.70501131200007], [-96.12140912199999, 41.68852930600008], [-96.09201609599995, 41.53391728400004], [-96.04070907899995, 41.50708328400003], [-95.99997407199999, 41.53948729100006], [-96.01176506799999, 41.476219281000056], [-95.92028903999994, 41.45157328300007], [-95.95669903799995, 41.34550326400006], [-95.87469701199996, 41.30710426300004], [-95.902498015, 41.273405256000046], [-95.92749902499997, 41.29840425800006], [-95.92749901399998, 41.20220524300004], [-95.84129598799996, 41.17500524500008], [-95.88349699699995, 41.15490523900007], [-95.86259498399994, 41.08840623000003], [-95.88242298599994, 41.060418224000045], [-95.80948194799998, 40.891235202000075], [-95.84694595499997, 40.865752196000074], [-95.83523994199999, 40.77915818300005], [-95.88318594799995, 40.71758617000006], [-95.75127890099998, 40.60906416100005], [-95.76286489599994, 40.52837814700007], [-95.65585586899994, 40.546616157000074], [-95.69997687599994, 40.50528214700006], [-95.62373583899995, 40.34657412700005], [-95.65733584399999, 40.31086311900003], [-95.56216481799999, 40.297366123000074], [-95.55248081099995, 40.26191111700007], [-95.47750878899996, 40.24272711900005], [-95.47920078399994, 40.185659110000074], [-95.39335475399997, 40.11921910400008], [-95.41359575099995, 40.038431090000074], [-95.30829771899994, 40.00000509000006], [-102.0492494256885, 40.003083513478636], [-102.04211464544817, 36.99997290122492], [-94.61797125899994, 36.99891161700003], [-94.61792621899997, 36.49942052700004], [-94.43066908599997, 35.39248433500006], [-94.48752098199998, 33.628945], [-94.56953000299995, 33.62783799600004], [-94.54385099899997, 33.65710400200004], [-94.59083700999997, 33.645568998000044], [-94.56036000299997, 33.66535800300005], [-94.58833201199997, 33.685764006000056], [-94.67032403199994, 33.66489899800007], [-94.64432902799996, 33.70167200700007], [-94.71342904499994, 33.687369001000036], [-94.72787404999997, 33.71557100600006], [-94.73586305099997, 33.691631001000076], [-94.73498205299995, 33.726118007000025], [-94.78820906699997, 33.736336007000034], [-94.76444706299998, 33.760184012000025], [-94.80008606999996, 33.73338800600004], [-94.82179007799994, 33.768758012000035], [-94.82205807599996, 33.733120005000046], [-94.86930708899996, 33.74587700500007], [-94.96890212199997, 33.86092202300006], [-95.04657514299998, 33.86257101900003], [-95.06569715099994, 33.915972029000045], [-95.08961415499994, 33.88086302100004], [-95.08239415599996, 33.92176402900003], [-95.12204516499997, 33.90480102400005], [-95.12470716799999, 33.934681029000046], [-95.21764019399996, 33.96265203100006], [-95.28930920599998, 33.873109010000064], [-95.54520427299997, 33.8803], [-95.55448527899995, 33.928078009000046], [-95.59383428999996, 33.94303701000007], [-95.62906229599997, 33.905876001000024], [-95.75637432799994, 33.89263099300007], [-95.77056332899997, 33.845274983000024], [-95.80515633899995, 33.86130998500005], [-95.83752334599995, 33.83564597900005], [-95.92956837199995, 33.88500598400003], [-95.98426038399998, 33.852669975000026], [-96.00341339099998, 33.872349978000045], [-96.01960639299995, 33.84057197100003], [-96.14807742499994, 33.83780496500003], [-96.17806642799997, 33.76052394900006], [-96.29371545799995, 33.76941494500005], [-96.34831346699997, 33.68638492700006], [-96.42265049199995, 33.77604694100006], [-96.50027551099998, 33.77258893700008], [-96.526662521, 33.820896944000026], [-96.62929754899994, 33.845493944000054], [-96.58794154199995, 33.89478995500008], [-96.66719456299995, 33.91694595600006], [-96.69958156599995, 33.83905494000004], [-96.76159558099994, 33.82441193400007], [-96.79428359299999, 33.86889194100007], [-96.87528861299995, 33.860510936000026], [-96.91630762899996, 33.95780395200006], [-96.97381464299997, 33.93570294500006], [-96.98134464599997, 33.95638394900004], [-97.01786464799994, 33.85014792700008], [-97.08947166599995, 33.84985292400006], [-97.04815365399998, 33.81746192000003], [-97.09211966399994, 33.804102915000044], [-97.086202658, 33.74393890500005], [-97.12610966699998, 33.71694689800006], [-97.19282468699998, 33.76117490300004], [-97.20352169299997, 33.82183091400003], [-97.16663668599995, 33.847316920000026], [-97.21092870099994, 33.91606993100004], [-97.25663270899997, 33.86329191900006], [-97.31015072499997, 33.88853792100008], [-97.32873672699998, 33.855439914000044], [-97.33246472999997, 33.88425891900005], [-97.36551473399999, 33.823768906000055], [-97.42650074899996, 33.81940390300008], [-97.46286475999995, 33.84177790500007], [-97.46038376399997, 33.903953917000024], [-97.58108579399999, 33.899684910000076], [-97.59042979999998, 33.954109920000064], [-97.67177982299995, 33.99137592300008], [-97.83434085499994, 33.85767689100004], [-97.96778488999996, 33.88243588900008], [-97.984547895, 33.90070889200007], [-97.94573789099996, 33.989844910000045], [-98.08821092799997, 34.005486906000044], [-98.12021594099997, 34.072132916000044], [-98.08976293699999, 34.12821692800003], [-98.10946994399995, 34.15411693200008], [-98.16912795599995, 34.11417692200007], [-98.36562900799998, 34.156998920000035], [-98.416097015, 34.084148904000074], [-98.48633603099995, 34.06260389700003], [-98.59979706599995, 34.16057690900004], [-98.75704510299994, 34.12463889500003], [-98.98730216699994, 34.221228901000075], [-99.04347917899997, 34.19821389500004], [-99.18951921599995, 34.214317890000075], [-99.20691322899995, 34.33828291100008], [-99.27486624899996, 34.38492791600004], [-99.261329247, 34.403504920000046], [-99.31961426199996, 34.40887491800004], [-99.36961827799996, 34.45870492500006], [-99.40296827999998, 34.373486908000075], [-99.56970432399999, 34.41842390800008], [-99.600034328, 34.37469389900008], [-99.69497835199996, 34.378338894000024], [-99.92321942199999, 34.57455791700005], [-100.00038944, 34.56051491100004], [-100.00041459299996, 36.49970823900003], [-103.04193332399996, 36.500445067000044], [-103.06443199699999, 32.00052332400003], [-106.61849579399995, 32.00050016600005], [-106.63593578899997, 31.866240144000074], [-106.52825176099998, 31.783153135000077]], [[-114.15235136676613, 36.024967413457404], [-114.14764163299998, 36.02519132800006], [-114.12218263699998, 36.10899834000003], [-114.15235136676613, 36.024967413457404]], [[-114.48114800971638, 36.12892352102483], [-114.44374769799998, 36.12559832200003], [-114.42697480641411, 36.13597690138865], [-114.48114800971638, 36.12892352102483]], [[-114.60431009275175, 36.13987365538486], [-114.51438138020413, 36.13187824428956], [-114.57110172499995, 36.15110431700003], [-114.60431009275175, 36.13987365538486]], [[-114.75152710059074, 36.08624556801938], [-114.72193672729803, 36.10009377401897], [-114.75320775199998, 36.08951829800003], [-114.75152710059074, 36.08624556801938]], [[-111.05354619205056, 44.47869943992878], [-111.0597340352056, 44.48028534792079], [-111.05354229816243, 44.47670965839096], [-111.05354619205056, 44.47869943992878]], [[-104.05325959776826, 41.001892286898276], [-104.04789351897004, 44.99808053512833], [-111.05456822899998, 45.00096155400007], [-104.05788962399998, 44.99761216600007], [-104.05325959776826, 41.001892286898276]], [[-111.131394162, 44.532435501000066], [-111.22751618999996, 44.577178496000045], [-111.13006932070128, 44.52090353667324], [-111.131394162, 44.532435501000066]]], [[[-122.47451485799996, 47.35913958800006], [-122.43315785799996, 47.38811259400006], [-122.46001586499995, 47.40162759200007], [-122.49314085399999, 47.33025958400003], [-122.52604586599995, 47.358911582000076], [-122.47663889399996, 47.511084596000046], [-122.43766786299994, 47.40743059500005], [-122.37379328199995, 47.38879823900004], [-122.457511851, 47.34257258900004], [-122.47451485799996, 47.35913958800006]]], [[[-122.491439905, 47.545438596000054], [-122.47953790199995, 47.54186759700008], [-122.4891639, 47.52948259500005], [-122.491439905, 47.545438596000054]]], [[[-122.32237699299998, 48.02104263900003], [-122.30346998599998, 48.00560864000005], [-122.32612999099996, 48.01030063800005], [-122.32237699299998, 48.02104263900003]]], [[[-122.61848110899996, 48.29416462000006], [-122.65869310299996, 48.244514613000035], [-122.73237310999997, 48.22614960400006], [-122.60642108499997, 48.20826761700005], [-122.54154002699994, 48.01775061500007], [-122.50966702799997, 48.039761619000046], [-122.52543704399994, 48.09654262000004], [-122.37627400499997, 48.03446263400008], [-122.34961198199994, 47.958801633000064], [-122.37731497299995, 47.90594662700005], [-122.43104998399997, 47.914737622000075], [-122.47267500899994, 47.98845462100007], [-122.54683901599998, 47.96722061200006], [-122.54293902199998, 47.996409613000026], [-122.60735704099994, 48.030997608000064], [-122.61272807299997, 48.155908614000055], [-122.67957108299998, 48.15511860600003], [-122.76995411599995, 48.22755360000008], [-122.66467414299996, 48.40151362000006], [-122.59674713299995, 48.40563162800004], [-122.59713412099995, 48.355666625000026], [-122.50584309099997, 48.29768263300008], [-122.55845109299997, 48.272171626000045], [-122.61848110899996, 48.29416462000006]]], [[[-122.53209711299996, 48.36530363300005], [-122.52401511099998, 48.362461634000056], [-122.52790311099994, 48.35973663300007], [-122.53209711299996, 48.36530363300005]]], [[[-122.57535412899995, 48.400978630000054], [-122.56014312699995, 48.40271463200003], [-122.56230512599996, 48.397930631000065], [-122.57535412899995, 48.400978630000054]]], [[[-122.54915715699997, 48.52843463900007], [-122.54421815399996, 48.52060663900005], [-122.55115115599995, 48.52185263900003], [-122.54915715699997, 48.52843463900007]]], [[[-122.55463715999997, 48.53707663900008], [-122.55305315899994, 48.53307863900005], [-122.55943016099997, 48.53587563800005], [-122.55463715999997, 48.53707663900008]]], [[[-122.56656016099998, 48.53508863800005], [-122.57036316199998, 48.53587563700006], [-122.568643163, 48.53796963700006], [-122.56656016099998, 48.53508863800005]]]]}}]}