{"type": "FeatureCollection", "_meta": {"topic": "huang-chao-rebellion", "year": 881, "method": "使用 gazetteer 中国历史朝代底图：以现代县界为几何底图，省级单元治所经纬度定位；不采用唐代当时州县界线。黄巢起义控制范围仅依据主要城市与区域归属的史料重建，非精确战线。", "max_km": 260.0, "units_total": 24, "units_matched": 25, "units_missing": [], "counties_placed": 3099, "counties_outside": 1664, "control_sha1": "4ce8a563fd7e9b25", "gazetteer_sha1": "689fd7f108b2b726", "built_from": {"control": "huang-chao-rebellion_control.json", "units": "huang-chao-rebellion_province_gazetteer.json"}}, "features": [{"type": "Feature", "properties": {"id": "其他（未载）", "name": "其他（未载）", "color": "#efa6bb", "owner": "其他（未载）", "units": ["其他（未载）"], "label_lon": 100.893, "label_lat": 37.017}, "geometry": {"type": "MultiPolygon", "coordinates": [[[[104.85506878800004, 8.40903615700006], [104.85815719300007, 8.417684052000027], [104.86413732600005, 8.415862271000037], [104.85506878800004, 8.40903615700006]]], [[[104.81917031200004, 8.427601011000036], [104.84418320700007, 8.454783974000065], [104.82343430700007, 8.421757055000057], [104.81917031200004, 8.427601011000036]]], [[[104.84956016500007, 8.45210736200005], [104.84902042500005, 8.453078967000067], [104.85043615000006, 8.453347560000054], [104.84956016500007, 8.45210736200005]]], [[[104.80219400900006, 9.178269258000057], [104.79783279000009, 9.180512885000041], [104.79943660900005, 9.181085574000065], [104.80219400900006, 9.178269258000057]]], [[[103.19913004200004, 9.254902465000043], [103.19813479800007, 9.256803399000034], [103.19961133900006, 9.258514556000023], [103.19913004200004, 9.254902465000043]]], [[[103.23059824600006, 9.295124584000064], [103.23370693000004, 9.29766502800004], [103.23476497100006, 9.295569595000075], [103.23059824600006, 9.295124584000064]]], [[[103.24040558100006, 9.316546593000055], [103.21473980500008, 9.285046310000041], [103.18678909600004, 9.304333908000046], [103.20944567000004, 9.319216855000036], [103.24040558100006, 9.316546593000055]]], [[[103.26635637800007, 9.319478253000057], [103.25461107000007, 9.31767108300005], [103.26022469200007, 9.323414623000076], [103.26635637800007, 9.319478253000057]]], [[[103.27082752700005, 9.327534643000035], [103.27288643400004, 9.330154887000049], [103.27577845300004, 9.321711309000023], [103.27082752700005, 9.327534643000035]]], [[[104.40210507000006, 9.637359159000027], [104.39052625200009, 9.63470391800007], [104.40236182200005, 9.639221357000054], [104.40210507000006, 9.637359159000027]]], [[[104.36645172500005, 9.640502841000057], [104.36878691300006, 9.639119386000061], [104.36641837500008, 9.637553869000044], [104.36645172500005, 9.640502841000057]]], [[[104.35886214000004, 9.639862351000033], [104.35883667100006, 9.64308103600007], [104.36100956100006, 9.64014584000006], [104.35886214000004, 9.639862351000033]]], [[[104.35399881200004, 9.646897746000036], [104.35638222000006, 9.645774710000069], [104.35451925800004, 9.644132926000054], [104.35399881200004, 9.646897746000036]]], [[[104.35637091900008, 9.65173009700004], [104.36008310100004, 9.652122494000025], [104.35818144800004, 9.65032657200004], [104.35637091900008, 9.65173009700004]]], [[[104.39915446800006, 9.675075324000034], [104.40217548400005, 9.665081250000071], [104.39639164800008, 9.661251599000025], [104.39915446800006, 9.675075324000034]]], [[[104.38641953100006, 9.680375574000038], [104.38671696400007, 9.67662792300007], [104.38457544900007, 9.677639193000061], [104.38641953100006, 9.680375574000038]]], [[[104.40192078100006, 9.680443672000024], [104.40402754200005, 9.682814521000068], [104.40271883900004, 9.679661735000025], [104.40192078100006, 9.680443672000024]]], [[[104.35442102600007, 9.710276872000065], [104.36156630900007, 9.660722677000024], [104.35706661900008, 9.657261835000043], [104.35442102600007, 9.710276872000065]]], [[[104.40521727300006, 9.683706819000065], [104.40456292100004, 9.686621659000025], [104.40575265100006, 9.68650268500005], [104.40521727300006, 9.683706819000065]]], [[[104.38816735500006, 9.68818191500003], [104.39361248800009, 9.684330751000061], [104.38767889100006, 9.68053025100005], [104.38816735500006, 9.68818191500003]]], [[[104.38832798800007, 9.701525465000032], [104.38239255400003, 9.702908137000065], [104.38354629700007, 9.71080026900006], [104.38832798800007, 9.701525465000032]]], [[[104.34354433600004, 9.702032511000027], [104.34392709900004, 9.715707055000053], [104.34539021200004, 9.700919171000066], [104.34354433600004, 9.702032511000027]]], [[[104.36406268600007, 9.710235367000053], [104.36756732200007, 9.710650733000023], [104.36577626000008, 9.709114341000031], [104.36406268600007, 9.710235367000053]]], [[[104.35114840000006, 9.725647108000032], [104.35578076400009, 9.72271293800003], [104.35361082500003, 9.718931912000073], [104.35114840000006, 9.725647108000032]]], [[[104.34130789000005, 9.731088275000047], [104.34370852900008, 9.73074960100007], [104.34217707300007, 9.729471391000061], [104.34130789000005, 9.731088275000047]]], [[[104.36195161800003, 9.742920739000056], [104.36518590900005, 9.73792379200006], [104.36079507700003, 9.73675746500004], [104.36195161800003, 9.742920739000056]]], [[[104.61893785400008, 9.812221511000075], [104.64960910600007, 9.79639809500003], [104.60663604000007, 9.797230906000038], [104.61893785400008, 9.812221511000075]]], [[[104.04625385300005, 9.820656430000042], [104.04412661500004, 9.823483229000033], [104.04623957600006, 9.822426749000044], [104.04625385300005, 9.820656430000042]]], [[[104.09289933900004, 9.84897955100007], [104.09778199300007, 9.846538224000028], [104.09492664000004, 9.843325951000054], [104.09289933900004, 9.84897955100007]]], [[[103.99223511800005, 9.902708185000051], [103.99282403500007, 9.90430837200006], [103.99406730300007, 9.901922963000061], [103.99223511800005, 9.902708185000051]]], [[[104.02141746200004, 9.909335352000028], [104.02356849500006, 9.90791719300006], [104.02138890900005, 9.90554725000004], [104.02141746200004, 9.909335352000028]]], [[[103.99063187700006, 9.908807774000024], [103.98952304800008, 9.914290053000059], [103.99505291600008, 9.913152670000045], [103.99063187700006, 9.908807774000024]]], [[[104.01541289300008, 9.90956794400006], [104.01509880400005, 9.912873016000049], [104.01797557200007, 9.914557674000037], [104.01541289300008, 9.90956794400006]]], [[[104.02272854500006, 9.91840903000002], [104.02193142600004, 9.91629844800002], [104.02121044900008, 9.920688554000037], [104.02272854500006, 9.91840903000002]]], [[[103.99556925900004, 9.919962688000055], [104.00257439200004, 9.921485543000074], [104.00290751600005, 9.915041962000032], [103.99556925900004, 9.919962688000055]]], [[[103.98021995100004, 9.918018668000059], [103.98032464700003, 9.919170327000074], [103.98140016300005, 9.92233501000004], [103.98204737700007, 9.91954152300002], [103.98021995100004, 9.918018668000059]]], [[[104.01873073400009, 9.927687143000071], [104.02038683900008, 9.933987956000067], [104.02325171000007, 9.93092321000006], [104.01873073400009, 9.927687143000071]]], [[[104.01017563200008, 9.949184614000046], [104.02582296700007, 9.945551177000027], [104.02254882900007, 9.939704841000037], [104.01017563200008, 9.949184614000046]]], [[[104.83585399200007, 9.948531160000073], [104.83968254500007, 9.974855137000077], [104.85781403800007, 9.974334036000073], [104.83585399200007, 9.948531160000073]]], [[[104.49920564800004, 9.971702563000065], [104.49809919900008, 9.97366561900003], [104.49969343700008, 9.97329680200005], [104.49920564800004, 9.971702563000065]]], [[[104.01336963000006, 9.984313199000042], [104.02370838800005, 9.974640690000058], [104.02642097300009, 9.96868014100005], [104.01336963000006, 9.984313199000042]]], [[[104.03843058900009, 9.993222496000044], [104.04189270500007, 9.993058313000063], [104.04167855300005, 9.991045289000056], [104.03843058900009, 9.993222496000044]]], [[[104.00731532900005, 9.994002840000064], [104.00722966800004, 10.001702776000059], [104.01347337400006, 9.991651933000071], [104.00731532900005, 9.994002840000064]]], [[[104.02970034600008, 10.005671836000033], [104.03577511000009, 9.998369270000069], [104.02873666500005, 10.006307152000034], [104.02970034600008, 10.005671836000033]]], [[[104.54638860700004, 10.008662634000075], [104.54789076200007, 10.009795803000031], [104.54762682400008, 10.007947975000036], [104.54638860700004, 10.008662634000075]]], [[[104.54463810500005, 10.030882877000067], [104.56159890300006, 10.022107425000058], [104.55105313200005, 10.014264721000075], [104.54463810500005, 10.030882877000067]]], [[[104.53860584200004, 10.037179065000032], [104.53736749500007, 10.03789368200006], [104.53886974600005, 10.039026895000063], [104.53860584200004, 10.037179065000032]]], [[[104.50438027000007, 10.083303846000035], [104.50316674500004, 10.084779111000046], [104.50829828200006, 10.087359628000058], [104.50438027000007, 10.083303846000035]]], [[[104.50968646800004, 10.089419060000068], [104.51225924000005, 10.090121785000065], [104.51076466600006, 10.088455227000054], [104.50968646800004, 10.089419060000068]]], [[[104.51198324300009, 10.104117189000021], [104.51698011100007, 10.103631779000068], [104.51315393700008, 10.094566033000035], [104.51198324300009, 10.104117189000021]]], [[[104.49917770700006, 10.111855504000062], [104.50532861400006, 10.106644484000071], [104.49640563500009, 10.10167141100004], [104.49917770700006, 10.111855504000062]]], [[[104.53644202000004, 10.116251350000027], [104.53790776800008, 10.116850974000045], [104.53778403600006, 10.11563269000004], [104.53644202000004, 10.116251350000027]]], [[[104.50000051500007, 10.11863483600007], [104.50014804100005, 10.119891192000068], [104.50168517300006, 10.118882300000053], [104.50000051500007, 10.11863483600007]]], [[[104.49825478400004, 10.12096789800006], [104.49381946800008, 10.126619118000065], [104.49643211700004, 10.129212730000063], [104.49825478400004, 10.12096789800006]]], [[[104.54585905100004, 10.129182677000074], [104.54037439300004, 10.126487937000036], [104.54408635200008, 10.134500772000024], [104.54585905100004, 10.129182677000074]]], [[[104.55456017700004, 10.13325781900005], [104.55358804100007, 10.134438977000059], [104.55493205200008, 10.134256062000077], [104.55456017700004, 10.13325781900005]]], [[[104.49634778400008, 10.134216538000032], [104.49497721500006, 10.13750733300003], [104.49682605600009, 10.135858366000036], [104.49634778400008, 10.134216538000032]]], [[[104.54488228200006, 10.135495387000049], [104.54594590100004, 10.137308536000035], [104.54612436100007, 10.134667334000028], [104.54488228200006, 10.135495387000049]]], [[[104.54283114900005, 10.139625554000077], [104.54466164000007, 10.139397516000031], [104.54403101100007, 10.13824373500006], [104.54283114900005, 10.139625554000077]]], [[[104.49692123500006, 10.138658992000046], [104.49877245500005, 10.141062248000026], [104.49770645700005, 10.136898191000057], [104.49692123500006, 10.138658992000046]]], [[[104.49347418900004, 10.142066777000025], [104.49603210900005, 10.141971598000055], [104.49271871000008, 10.137837285000046], [104.49347418900004, 10.142066777000025]]], [[[104.51944584400007, 10.138493210000036], [104.52349330700008, 10.138571733000049], [104.52200852300007, 10.13761518900003], [104.51944584400007, 10.138493210000036]]], [[[104.55104508600004, 10.139883113000053], [104.54898923200005, 10.145244039000033], [104.55190883000006, 10.14613633600004], [104.55104508600004, 10.139883113000053]]], [[[104.54942288800004, 10.15152581600006], [104.55532633100006, 10.149391439000055], [104.55455538600006, 10.148192191000021], [104.54942288800004, 10.15152581600006]]], [[[104.50451066900007, 10.153258011000048], [104.50702470900006, 10.151908430000049], [104.50603547900005, 10.150689029000034], [104.50451066900007, 10.153258011000048]]], [[[104.59271184700003, 10.15372061100004], [104.58577571900008, 10.152626059000056], [104.58692380900004, 10.154398757000024], [104.59271184700003, 10.15372061100004]]], [[[104.52525743900009, 10.156969428000025], [104.52042118500003, 10.147612197000058], [104.51811310800008, 10.150663856000051], [104.52525743900009, 10.156969428000025]]], [[[104.58125038000009, 10.153100761000076], [104.57193479100005, 10.156227373000036], [104.58230686100006, 10.155734824000035], [104.58125038000009, 10.153100761000076]]], [[[104.53116683100006, 10.161775443000067], [104.53028643000005, 10.159741004000068], [104.52928705700003, 10.164589156000034], [104.53116683100006, 10.161775443000067]]], [[[104.57826106300007, 10.174919784000053], [104.57882142700004, 10.171910956000033], [104.57756864000004, 10.171625420000055], [104.57826106300007, 10.174919784000053]]], [[[104.59259755400006, 10.175970594000034], [104.59107469900005, 10.179153123000049], [104.59365046500005, 10.179575477000071], [104.59259755400006, 10.175970594000034]]], [[[104.57098496900005, 10.178262034000056], [104.57168453100007, 10.179956211000047], [104.57205096800004, 10.177305491000027], [104.57098496900005, 10.178262034000056]]], [[[104.52374909900004, 10.185137753000049], [104.53476005500005, 10.171681901000056], [104.53172029300003, 10.169284594000032], [104.52374909900004, 10.185137753000049]]], [[[104.50647572700007, 10.183457314000066], [104.50309632600005, 10.188159450000057], [104.50876129900007, 10.18722652300005], [104.50647572700007, 10.183457314000066]]], [[[104.06066427400003, 10.404872865000073], [104.08110448900004, 10.24492790100004], [104.01704642400006, 10.083723448000057], [104.05211967900004, 10.005125092000071], [104.01034943100007, 10.010004176000052], [103.95012011700004, 10.23873375200003], [103.91387378800005, 10.28914977200003], [103.86043109400003, 10.302462856000034], [103.83259650600007, 10.365289104000055], [103.92499454600005, 10.360536130000071], [103.99480674200004, 10.451708589000077], [104.06066427400003, 10.404872865000073]]], [[[104.52193857000009, 10.24537050400005], [104.52382310300004, 10.245420472000035], [104.52313068000007, 10.242108263000034], [104.52193857000009, 10.24537050400005]]], [[[104.31426240500008, 10.27881006900003], [104.31362747000009, 10.279828389000045], [104.31655500200009, 10.28106221400003], [104.31426240500008, 10.27881006900003]]], [[[104.32488651800008, 10.287734397000065], [104.33419871600006, 10.28709559500004], [104.32400061900006, 10.283761396000045], [104.32488651800008, 10.287734397000065]]], [[[104.31659355000005, 10.293079919000036], [104.31683149600008, 10.291444040000044], [104.31171565500006, 10.290432769000063], [104.31659355000005, 10.293079919000036]]], [[[104.33761041700006, 10.29087455900003], [104.34160544700006, 10.297617566000042], [104.34262264100005, 10.292568488000029], [104.33761041700006, 10.29087455900003]]], [[[104.34945397500007, 10.300786937000055], [104.35218830700006, 10.296867817000077], [104.34610870300008, 10.296370667000076], [104.34945397500007, 10.300786937000055]]], [[[104.31692984600005, 10.304412641000056], [104.32098150500008, 10.303841763000037], [104.31659773000007, 10.300017903000025], [104.31692984600005, 10.304412641000056]]], [[[104.32032292200006, 10.312151132000054], [104.32273928900008, 10.314656494000076], [104.32321762800007, 10.312547821000067], [104.32032292200006, 10.312151132000054]]], [[[104.33854723000007, 10.320705702000055], [104.32890327900009, 10.31263780200004], [104.32419703400006, 10.32234287600005], [104.33854723000007, 10.320705702000055]]], [[[103.83569602000006, 10.323106164000023], [103.83281822100008, 10.321591563000027], [103.83317681300008, 10.323875119000036], [103.83569602000006, 10.323106164000023]]], [[[103.82239845600009, 10.361088965000022], [103.81952048400007, 10.359574218000034], [103.81987891600005, 10.361857688000043], [103.82239845600009, 10.361088965000022]]], [[[106.47288055100006, 17.887133892000065], [106.47030002400004, 17.871784235000064], [106.46555342900007, 17.875302342000055], [106.47288055100006, 17.887133892000065]]], [[[106.49723932900008, 17.912162111000043], [106.49526437600008, 17.906998680000072], [106.49430228100005, 17.914892939000026], [106.49723932900008, 17.912162111000043]]], [[[106.52227538300008, 17.939742245000048], [106.52287500700004, 17.944267980000063], [106.52432730500004, 17.94125764200004], [106.52227538300008, 17.939742245000048]]], [[[106.46424150300004, 18.101753994000035], [106.45449115100007, 18.10264129500007], [106.46361332500004, 18.10740759400005], [106.46424150300004, 18.101753994000035]]], [[[106.48774391500007, 18.116854054000044], [106.48929532400007, 18.117748731000063], [106.48961893000006, 18.116720804000067], [106.48774391500007, 18.116854054000044]]], [[[106.11614297400007, 18.28156278700004], [106.11854860900007, 18.279885267000054], [106.11587171500008, 18.280456338000022], [106.11614297400007, 18.28156278700004]]], [[[106.12131116300009, 18.281948260000036], [106.12259964100008, 18.28069785300005], [106.12026776900007, 18.280340934000037], [106.12131116300009, 18.281948260000036]]], [[[105.95879868800006, 18.79406214000005], [105.96438744300008, 18.796725739000067], [105.96525854900005, 18.790977462000058], [105.95879868800006, 18.79406214000005]]], [[[105.76976233400006, 18.800464119000026], [105.78204035300007, 18.80133500200003], [105.77200378600008, 18.79616681300007], [105.76976233400006, 18.800464119000026]]], [[[105.91287523000005, 19.319628785000077], [105.91000518400006, 19.31986646400003], [105.91173315400005, 19.32041021300006], [105.91287523000005, 19.319628785000077]]], [[[105.90775506500006, 19.33909016900003], [105.90919086100007, 19.338845942000034], [105.90902460300003, 19.337598452000066], [105.90775506500006, 19.33909016900003]]], [[[105.89859009100007, 19.349077974000068], [105.90315292900004, 19.345623954000075], [105.90470206100008, 19.341105173000074], [105.89859009100007, 19.349077974000068]]], [[[105.92974415800006, 19.35561446500003], [105.93375953900005, 19.350683439000022], [105.93506168600004, 19.346027828000047], [105.92974415800006, 19.35561446500003]]], [[[105.87471791400009, 19.357486363000078], [105.87405166500008, 19.35613482900004], [105.87170552500004, 19.357080635000045], [105.87471791400009, 19.357486363000078]]], [[[105.90656646700006, 19.370493649000025], [105.90726013800008, 19.371600998000076], [105.90937705000005, 19.366849153000032], [105.90656646700006, 19.370493649000025]]], [[[105.93489567800003, 19.38125785400007], [105.91364884100005, 19.36928183300006], [105.91415358100005, 19.38270608600004], [105.93489567800003, 19.38125785400007]]], [[[93.71096047300006, 26.95901483800003], [93.18676427500009, 26.87234746400003], [92.81313752700004, 26.904352752000023], [92.63237312200005, 26.956068994000077], [92.43639314500007, 26.89849872600007], [92.14526340100008, 26.872156790000076], [92.14025355400008, 26.975168213000075], [92.05640412700006, 27.133725611000045], [92.09568124500004, 27.244914186000074], [92.16510059100005, 27.30356086300003], [92.04768021400008, 27.489858326000046], [91.69778223600008, 27.491917993000072], [91.64621504100006, 27.583320446000073], [91.66110630400004, 27.78031683000006], [91.64958371400007, 27.813570346000063], [91.58656827200008, 27.826150184000028], [91.65527286300005, 27.883955891000028], [91.51927210500008, 27.92964207800003], [91.38376001700004, 28.05303925100003], [91.32666061600008, 28.023911086000055], [91.30418828400008, 27.97285920400003], [91.19424332200003, 27.971683366000036], [91.16018468200008, 27.901917732000072], [90.86317709200006, 28.009938870000042], [90.75569809000007, 28.094058226000072], [90.53825082400004, 28.07433283100005], [90.24097897100006, 28.171601881000072], [90.18684595600007, 28.215679480000063], [90.15925060000006, 28.166178622000075], [90.07846349200008, 28.170145743000035], [89.82557166900006, 28.251267823000035], [89.52261100700008, 28.09129192300003], [89.44748657300005, 27.95549393400006], [89.27070417200008, 27.823619131000044], [89.17966550100004, 27.66021532900004], [89.19640893600007, 27.584267101000023], [89.14225125700005, 27.550650441000073], [89.13987368800008, 27.487795343000073], [89.20217493100006, 27.373024068000063], [89.06662312000003, 27.267802637000045], [88.96475632500005, 27.29875853200008], [88.81924938000003, 27.482785232000026], [88.80276862700003, 27.56905415600005], [88.84770648900007, 27.617842905000032], [88.89631434600005, 27.87963560600008], [88.83337857200007, 28.039724302000025], [88.67170634700005, 28.117367672000057], [88.60204114800007, 28.093583730000034], [88.59875847100005, 28.04824984000004], [88.37783501100006, 27.970469915000024], [88.31707552300009, 27.900680111000042], [88.19141991900005, 27.928888357000062], [88.15190238500008, 27.87625210400006], [87.93733431700008, 27.921855984000047], [87.89692088200007, 27.90531455400003], [87.87331556800007, 27.962129250000032], [87.72759231900005, 27.79631511900004], [87.56307521900004, 27.853274249000037], [87.50821249200004, 27.80744665800006], [87.46760151500007, 27.871018611000068], [87.35636193800008, 27.824694780000073], [87.16856916500006, 27.832379872000047], [87.09603811700003, 27.929402837000055], [86.99097667500007, 27.93822794500005], [86.90642211200003, 28.019545952000044], [86.82232681200009, 28.013957121000033], [86.77749831000006, 28.101728387000037], [86.74045048400006, 28.115391953000028], [86.63868806900007, 28.08067552800003], [86.59232953600008, 28.10447265700003], [86.53461310200004, 27.951764979000075], [86.46384233500004, 27.90286540200003], [86.39188242700004, 27.956649095000046], [86.25546017700003, 27.98802315900008], [86.22823921800006, 28.053296571000033], [86.26289043200006, 28.119794883000054], [86.20832289100008, 28.179136636000067], [86.11002992300007, 28.102527174000045], [86.09948656300008, 28.038401726000075], [86.13967687300004, 27.94316870700004], [86.06507078800007, 27.91563043800005], [85.96712606700004, 27.969137445000058], [86.00132690100008, 28.01413178200005], [85.93529576800006, 28.071803161000048], [85.89834627400006, 28.169583059000047], [85.79605200300006, 28.258589064000034], [85.75262652400005, 28.388629216000027], [85.70531337200003, 28.37351191500005], [85.64948575100004, 28.262753519000057], [85.60958493900006, 28.32514556600006], [85.53187883400005, 28.351002444000073], [85.40307475900005, 28.305384057000026], [85.29953063800008, 28.32718581100005], [85.27404333300007, 28.365546636000033], [85.14357885800007, 28.361467231000063], [85.11422837500004, 28.480564939000033], [85.20898716300007, 28.56101852300003], [85.22789218000008, 28.64215749300007], [85.07874003300003, 28.694866758000046], [85.02522501600004, 28.664016737000054], [85.00635390200006, 28.611899468000047], [84.94480795300007, 28.596998244000076], [84.94603653000007, 28.617921291000073], [84.89091493100005, 28.581923585000027], [84.73801677500006, 28.63900286300003], [84.72402209200004, 28.684611360000076], [84.59380745300007, 28.765515780000044], [84.49456862700004, 28.74922329700007], [84.43545737100004, 28.876438420000056], [84.25198030000007, 28.906220639000026], [84.28058960900006, 29.030282183000054], [84.20841046200007, 29.05860147800007], [84.22328646900007, 29.11183312600008], [84.18800246800004, 29.199421941000026], [84.22934088400007, 29.238123710000025], [84.14659333800006, 29.250833967000062], [84.12143033900009, 29.29569119300004], [83.91210628400006, 29.32382444700005], [83.82574060600007, 29.258427463000032], [83.73814401700008, 29.25844338400003], [83.67742902800006, 29.17167510200005], [83.57884350400008, 29.199040108000077], [83.43964388700005, 29.36433558400006], [83.44611245600004, 29.418546218000074], [83.35911621100007, 29.503120981000052], [83.30009291000005, 29.50875106600006], [83.30896285100005, 29.565429965000078], [83.23740726200003, 29.61225424500003], [83.12322774300003, 29.61116239300003], [83.03611109000008, 29.671082590000026], [82.98203834200007, 29.664600703000076], [82.95934719000007, 29.70617201400006], [82.87682539900004, 29.682399013000065], [82.76682379600004, 29.766744587000062], [82.71359012200008, 29.757525926000028], [82.73121245800007, 29.855994655000075], [82.64776298200007, 29.821504209000068], [82.66181179100005, 29.868255581000028], [82.59436270900005, 29.943116990000078], [82.50105176800008, 29.95039575000004], [82.41891396900007, 30.025361781000072], [82.30734577000004, 30.033663800000056], [82.29419885800007, 30.07188463400007], [82.21544920400004, 30.068429778000052], [82.20143104200008, 30.11868002500006], [82.23973153300005, 30.130044604000034], [82.16265615000003, 30.198614791000068], [82.10578476800004, 30.35604636000005], [81.99017288900006, 30.326391242000057], [81.65620763600003, 30.43520562300006], [81.63752779600009, 30.405966423000052], [81.58483733100007, 30.428545034000024], [81.55705738300009, 30.371506615000044], [81.46148867300008, 30.42660907800007], [81.42421617400004, 30.39638049100006], [81.41768129000008, 30.214339751000068], [81.26519054800008, 30.157437151000067], [81.31356718900008, 30.07815444700003], [81.15301836900005, 30.02272255200006], [81.04522278000007, 30.241734355000062], [80.82897954700007, 30.329524966000065], [80.69082501200006, 30.416581432000044], [80.66662436100006, 30.46421181200003], [80.52779361000006, 30.466733265000073], [80.26346775400003, 30.59512908000005], [80.09495485200006, 30.60072853300005], [80.00991644200008, 30.686175347000074], [79.94260802800005, 30.84645809700004], [79.83781719400008, 30.86971952500005], [79.81568229200008, 30.936811542000044], [79.72851268500006, 30.987467528000025], [79.61729690400006, 30.952907577000076], [79.52456198900006, 31.03516393600006], [79.46070570400008, 31.027434447000076], [79.45766923000008, 31.061726471000043], [79.34006390700006, 31.034669266000037], [79.37549263000005, 30.99585485700004], [79.25250494200003, 30.962469811000062], [79.21552110100004, 31.025532867000038], [79.05320709900008, 31.023027111000033], [78.98268939000008, 31.237472258000025], [78.94036783800004, 31.25249063600006], [78.91533600600008, 31.315953639000043], [78.86322079400009, 31.28645813600008], [78.80589640300008, 31.333441556000025], [78.83301022900008, 31.460629407000056], [78.76966036200008, 31.487917500000037], [78.88220840600007, 31.598554456000045], [78.85912784500005, 31.671085186000028], [78.82164709000006, 31.664640294000037], [78.71986117600005, 31.802089056000057], [78.73305310300003, 31.857954783000025], [78.82146359200004, 31.93242602500004], [78.64986310900008, 32.00522652700005], [78.64162541500008, 32.04572303300006], [78.58500998300008, 32.04066369700007], [78.57224494500008, 32.100824869000064], [78.49552428800007, 32.13963563900006], [78.47989446600008, 32.218014666000045], [78.54249877400008, 32.27698109100004], [78.50265754200007, 32.30977361600003], [78.50432755600008, 32.40237878200003], [78.43758223800006, 32.518050867000056], [78.50628374400003, 32.579574851000075], [78.75952558100005, 32.69486670400005], [78.79938688200008, 32.64206853500008], [78.81310433400006, 32.46740687400006], [78.88257769900008, 32.397955996000064], [78.97808849600005, 32.36396129600007], [79.13819961000007, 32.36430940500003], [79.14237622100006, 32.46400814400005], [79.29767057700008, 32.52344046700006], [79.31496498300004, 32.742075525000075], [79.24298206500004, 32.83568570700004], [79.25987946600003, 32.93580858900003], [79.17409477900003, 33.03713127200007], [79.16922442200007, 33.179780925000045], [79.09765781600004, 33.21005927300007], [79.04394078400009, 33.30282481200004], [78.85862270100006, 33.43731604100003], [78.77810790200004, 33.53429433600007], [78.77306870900003, 33.62392794600004], [78.71224246300005, 33.65792074600006], [78.80324503000008, 33.707772903000034], [78.80795660800004, 33.750710199000025], [78.77262088400005, 33.988583652000045], [78.68783237400004, 34.03427033300005], [78.68186636300004, 34.068694880000066], [78.97200173200008, 34.18613333800005], [79.01452030100006, 34.30707391400006], [79.07855217800005, 34.32667279800006], [78.98047339900006, 34.38142021400006], [78.91531629600007, 34.35296263400005], [78.72208661300004, 34.53118673900008], [78.57682633300004, 34.512647713000035], [78.53373831600004, 34.57606347500007], [78.45931472800004, 34.558176366000055], [78.40438570300006, 34.59852798400004], [78.29639141500007, 34.60951429000005], [78.28860041200005, 34.698464675000025], [78.22714558500007, 34.71996833500003], [78.24911773200006, 34.84817786100007], [78.19127659400004, 34.91143675300003], [78.19315598300005, 34.968838978000065], [78.14007081500006, 35.05424607200007], [78.17246069900006, 35.09893462300005], [78.09014679200004, 35.13196023900008], [78.02064672000006, 35.274643903000026], [78.03115914700004, 35.36757834000008], [78.14450886400004, 35.50115092300007], [78.01457316200003, 35.47604004100003], [77.93512837700007, 35.498454095000056], [77.92748597900004, 35.46320050200006], [77.78404072100005, 35.50540222500007], [77.70635212000008, 35.456951712000034], [77.64333174200004, 35.48553572800006], [77.45728045100003, 35.46742438900003], [77.29697199900005, 35.53308521500003], [77.17899278600004, 35.51602944200005], [77.02750287200007, 35.59336558600006], [76.94722181400005, 35.58361994000006], [76.78390502800005, 35.640354270000046], [76.70663253900005, 35.731349428000044], [76.55514745500005, 35.78738239100005], [76.60695507500003, 35.87139043500008], [76.57526890700007, 35.90642836500007], [76.36739686200008, 35.850319858000034], [76.38729771400006, 35.81201099300006], [76.16516001600007, 35.80873883800007], [76.14953914100005, 35.92748857400005], [76.08526285000005, 36.022030735000044], [75.99291426700006, 36.01600430700006], [75.93639970400005, 36.077386097000044], [75.91769612600007, 36.13610147000003], [76.05212388500007, 36.23900034700006], [75.99012864800005, 36.330410063000045], [76.02958352800005, 36.472341681000046], [75.85726689300003, 36.68083194700006], [75.60058148200005, 36.79663398400004], [75.47515601700007, 36.71508224400003], [75.40620579300008, 36.95860696200003], [75.36149559700004, 36.98224177700007], [75.26579156100007, 36.959727429000054], [75.12424493500004, 37.03509899300008], [74.93589587200006, 36.996259964000046], [74.92403377800008, 36.943941617000064], [74.87088881900007, 36.96405080000005], [74.81643128700006, 37.05570520600003], [74.74583488500008, 37.03237632400004], [74.69998037600004, 37.08815077200006], [74.56820980300006, 37.03401807800003], [74.48305042800007, 37.144980177000036], [74.49703278100003, 37.23548703400007], [74.61224815000008, 37.254612128000076], [74.62661369500006, 37.28373524800003], [74.86743156400007, 37.24209902000007], [75.16380231700003, 37.36252725400004], [75.13357408600007, 37.39413681700006], [75.13705095300008, 37.45644298600007], [74.96504601400005, 37.55871609900004], [74.90326954100004, 37.64936708100004], [74.98504203300007, 37.76380949300005], [74.91463335400005, 37.93833239400004], [74.94333742000003, 38.01554257200007], [74.84531520900003, 38.061441167000055], [74.80211137000003, 38.21793209800006], [74.78633818700007, 38.33910353500005], [74.85981770500007, 38.42043011100003], [74.85216370600006, 38.484439767000026], [74.62444598700006, 38.60101325000005], [74.14906454000004, 38.66240859100003], [74.06708437200007, 38.530914831000075], [73.96170114300008, 38.52335501600004], [73.81126343700004, 38.61134223800008], [73.74952340600004, 38.70694500500008], [73.61313626500004, 38.72671121800005], [73.56279245100006, 38.804462095000076], [73.71118965300008, 38.86337316000004], [73.70065809700003, 38.90365090900008], [73.72868580900007, 38.93111114300007], [73.82611948400006, 38.91808873100007], [73.83960157200005, 39.021209433000024], [73.71818360300006, 39.040781811000045], [73.69756095200006, 39.12535222200006], [73.62235885000007, 39.22101750100006], [73.45139478300007, 39.28291111200008], [73.49084225000007, 39.37741705900004], [73.58681765500006, 39.39577897800007], [73.65821874500006, 39.476328393000074], [73.79646024000004, 39.53759501900004], [73.82037910800005, 39.61580476700004], [73.90296884900005, 39.69546993900008], [73.88971969500005, 39.74849392500005], [73.83620066000003, 39.762008120000075], [73.84494795300003, 39.82233920200008], [73.98937834900005, 39.97550963600003], [73.93912461100007, 40.032427779000045], [74.04656936600003, 40.09776714700007], [74.08543027200005, 40.08282427100005], [74.16172079500006, 40.12086973800007], [74.37640853800008, 40.11423529100006], [74.59765981200007, 40.26961492000004], [74.67491992700008, 40.27581109100004], [74.70302567700008, 40.34033919500007], [74.88831103500007, 40.31780642900003], [74.93935870100006, 40.34249034700008], [74.80900856700003, 40.433185011000035], [74.84384666200003, 40.512946372000044], [74.98884586200006, 40.44735004000006], [75.21806561900007, 40.43544391000006], [75.57193923200003, 40.638993207000055], [75.73104622400007, 40.446293386000036], [75.66850117900003, 40.363372939000044], [75.69577093200007, 40.29510166000006], [75.88311377900004, 40.308226312000045], [75.92365948700007, 40.28084744200004], [75.97324097700005, 40.36681846700003], [76.04929872800005, 40.346020827000075], [76.07608037300008, 40.383759937000036], [76.29579002000008, 40.42873330300006], [76.34541651400008, 40.33965543800008], [76.55006168900007, 40.47184598200005], [76.57410451400006, 40.55068983500007], [76.67785316800007, 40.652240249000045], [76.63354353100004, 40.752347977000056], [76.72231849900004, 40.80218124400005], [76.76039492200005, 40.93611324300008], [76.85280859500006, 40.97623273700003], [76.86091352700004, 41.01075910800006], [76.94267, 41.013691066000035], [76.99011818300005, 41.06118022600003], [77.23324504600004, 41.006125515000065], [77.40621704300008, 41.027222908000056], [77.43797531400008, 41.105722050000054], [77.37140188500007, 41.23555582700004], [77.74526735400008, 41.295270978000076], [77.77582676600008, 41.313354676000074], [77.72186124400008, 41.367449460000046], [77.94687162900004, 41.48236936500007], [78.03424026700003, 41.434549599000036], [78.18575476200004, 41.469968695000034], [78.24647393900005, 41.414565792000076], [78.33621068800005, 41.39190561100003], [78.49949676800003, 41.42127592700007], [78.59231439000007, 41.47417565100005], [78.65511483300008, 41.46471165400004], [78.72387402400005, 41.50502633700006], [78.71655315700008, 41.54974234500003], [78.87055850300004, 41.57442917100008], [79.05724783400007, 41.67683384900005], [79.26719469400007, 41.73983975900006], [79.33524006500005, 41.80322467600007], [79.48128681900005, 41.85264626700007], [79.56570309300008, 41.82976533500005], [79.67873144100008, 41.886358037000036], [79.80590299200009, 41.88744440200003], [79.87757979900005, 42.008961870000064], [79.90149300100006, 41.984210276000056], [79.91295302300006, 42.02940134500005], [79.97608197300008, 42.04010703700004], [79.96696441000006, 42.09664656100006], [79.99383652300008, 42.12171323100006], [80.28215076900005, 42.22423927700004], [80.28834404500003, 42.28516504700008], [80.21626929700005, 42.462624865000066], [80.27348450400007, 42.505808872000046], [80.18082461600005, 42.609685478000074], [80.27121373500006, 42.808836564000046], [80.67504511000004, 42.88573897400005], [80.39309154400007, 43.01871212000003], [80.66272754200008, 43.14290604900003], [80.74642346400003, 43.12356103900004], [80.81655547600008, 43.18151493200003], [80.78872638000007, 43.30110481400004], [80.71635928200004, 43.33058422300007], [80.76622837800005, 43.41434329900005], [80.74100965300005, 43.54595209400003], [80.53941688900005, 43.82158718800008], [80.48280948900003, 44.03841272200003], [80.39035766700005, 44.123278527000025], [80.42310664200005, 44.27368940800005], [80.38646576800005, 44.441157489000034], [80.41003966700004, 44.609581684000034], [80.29401044800005, 44.69998345400006], [80.22216702300005, 44.718377178000026], [80.18582297100005, 44.84152902200003], [80.10545992900006, 44.797184094000045], [80.02732919800007, 44.79605818500005], [79.97550205200008, 44.841635550000035], [80.00193514200004, 44.873180382000044], [79.91025933200007, 44.89565248200006], [80.12748081100005, 45.04930997100007], [80.22480924700005, 45.017434140000034], [80.32279388600006, 45.047461172000055], [80.44069055000006, 45.03611313000005], [80.49702144000008, 45.11394084900007], [80.76439707100008, 45.12420511500005], [80.74666040300008, 45.16122984000003], [80.91845099800008, 45.12306308900003], [81.22711174500006, 45.23136545500006], [81.50523512500007, 45.25755951100007], [81.66880719100004, 45.351335187000075], [81.84499326800005, 45.36220140300003], [82.03285298500003, 45.242710859000056], [82.10084859000006, 45.25190569000006], [82.12324157800003, 45.214848962000076], [82.24131634800005, 45.237038236000046], [82.60246219400005, 45.20888464900003], [82.53714614500007, 45.376266506000036], [82.30919985800006, 45.52516416900005], [82.29648307700006, 45.67214426400005], [82.35717017600007, 45.78097175900007], [82.35279936300003, 45.90512502400003], [82.44265198100004, 45.96483763400005], [82.52949562200007, 46.22191223800007], [82.75801608400008, 46.59041902600006], [82.79444423700005, 46.764537801000074], [82.84558619300003, 46.814398993000054], [82.82965719400005, 46.842609491000076], [82.91513013100007, 46.90008428600004], [83.04403367400005, 47.19756500200003], [83.18433375000006, 47.19134149700005], [83.69674414400004, 46.98348741700005], [83.90202513900005, 46.954831815000034], [84.13029918700005, 46.94058552700005], [84.21941171900005, 46.98073712900003], [84.43136590700004, 46.997036681000054], [84.54517109400007, 46.96396410500006], [84.85477355700004, 47.02006102200005], [85.14877791200007, 46.98393637000004], [85.22399030400004, 47.021827415000075], [85.50272470800007, 47.036054782000065], [85.69333337300003, 47.24186256200005], [85.68827315700008, 47.399494857000036], [85.62853887300008, 47.455223010000054], [85.58068886400008, 47.884479629000055], [85.53395619400004, 47.96722092300007], [85.58402665700004, 48.17089946100003], [85.65451658800004, 48.21428902100007], [85.75333544100005, 48.379961765000076], [85.80143779000008, 48.40522506100007], [86.18692296600005, 48.426837754000076], [86.24376818500008, 48.38714050600004], [86.33547704100005, 48.45829477600006], [86.56241027800007, 48.51009025900004], [86.75955784000007, 48.71844169500008], [86.75417238200004, 48.78762891900004], [86.81911610400005, 48.83418581800004], [86.72302855700008, 48.88484987600003], [86.72828563900003, 48.99847905300004], [86.89162080900007, 49.11407518200008], [87.13575709000008, 49.12863978900003], [87.43281084600005, 49.05360907000005], [87.51779236700008, 49.12946444200003], [87.77090021900005, 49.17463678900003], [87.84233601500006, 49.07501368900006], [87.83492652700005, 49.01901716200007], [87.87807256600007, 48.99638531100004], [87.73952617200007, 48.86334815400005], [88.06247122200006, 48.69802669400008], [88.03019954400008, 48.61192697000007], [87.97496268000003, 48.580764884000075], [88.16731335400004, 48.49346374000004], [88.29587570100006, 48.48579168100008], [88.44045683000007, 48.35520900100005], [88.50661574500003, 48.39534635200005], [88.51520412500008, 48.35711598800003], [88.59138307700005, 48.32531867400007], [88.57570496300008, 48.24675330800005], [88.63370393300005, 48.17274969300007], [88.94805920300007, 48.08348915700003], [89.08512687300004, 47.96485032000004], [89.24356734800006, 47.95906562700003], [89.33708680100005, 47.99150264600007], [89.36299273000003, 48.03186354400003], [89.44388754700003, 48.004217062000066], [89.61195617500005, 48.011621330000025], [89.66147983700006, 47.907202752000046], [89.75076695500007, 47.838501575000066], [89.91288497000005, 47.81011632700006], [89.95358838400006, 47.81683016000005], [89.96323497900005, 47.86593579400005], [90.03996956400005, 47.85898834200003], [90.08530866300003, 47.83729682200004], [90.08605631700004, 47.776577832000044], [90.15349244400005, 47.714028461000055], [90.38487974300006, 47.62762297300003], [90.35995925000003, 47.60546746600005], [90.46884697400003, 47.47672946600005], [90.46302885400007, 47.40030367600008], [90.52336051200007, 47.34986345100003], [90.53292679000003, 47.24015984600004], [90.77857382100007, 46.972950307000076], [90.92092246900006, 46.91417881800004], [90.95328527100008, 46.80783684000005], [91.04494522800007, 46.68820370200007], [91.01974116900004, 46.57414976500007], [91.06514738400006, 46.51990297400005], [91.04394114400009, 46.44361752200007], [90.91721235700004, 46.28047748700004], [91.03060411500007, 46.08803986300006], [91.02380581300008, 46.04164254400007], [90.74603153500004, 45.72410988200005], [90.68100949800004, 45.498078347000046], [90.77901948800007, 45.40798842400005], [90.82341305800009, 45.290992122000034], [90.87883507200007, 45.269073011000046], [90.89620842600004, 45.222419573000025], [90.85645543400005, 45.16690745500006], [91.08877723800003, 45.212024142000075], [91.22641497500007, 45.13282741300003], [91.38827609300006, 45.10769465200008], [91.45548554700008, 45.137126315000046], [91.56755962100004, 45.05240240000006], [92.05895630300006, 45.06670728900008], [92.14608754400007, 45.056833803000075], [92.21615743300003, 45.006867156000055], [92.42463239400007, 44.991296756000054], [92.85781777700004, 45.02305420500005], [93.54260826600006, 44.958646929000054], [94.23102345500007, 44.65902319200006], [94.33218563000008, 44.584341867000035], [94.34407222700008, 44.52785497600007], [94.53164043600003, 44.48960006600004], [94.67722325200003, 44.41154269700007], [94.72605370400004, 44.33998929100005], [95.01070147200005, 44.25890306700006], [95.42407893200004, 44.291962056000045], [95.42189344300004, 44.25417386700008], [95.36707324300005, 44.219880087000035], [95.33846134500004, 44.029981097000075], [95.53175807200006, 44.00317075700008], [95.55286889300004, 43.97705097000005], [95.73208234900005, 43.61287989900006], [95.81874168700006, 43.50596423800005], [95.87738128500007, 43.28010450700003], [96.36788846400003, 42.919374893000054], [96.39557202600008, 42.71889710200003], [96.97291543000006, 42.75290372400008], [97.17302849500004, 42.80056574500003], [98.23897840600006, 42.63705457300006], [99.43725607200008, 42.55360120300003], [100.05339108600003, 42.637717759000054], [100.26591522400008, 42.623615881000035], [100.34244896400008, 42.67005415600005], [100.81358841900004, 42.67196682400004], [101.82925619400004, 42.49261369800007], [102.10230589800005, 42.19985224200008], [102.30447429100008, 42.148637164000036], [102.72127747800005, 42.129260034000026], [103.39683968000008, 41.86504235000007], [103.50728183500007, 41.638830866000035], [103.88391729200004, 41.37447441300003], [103.96847259800006, 41.203922109000075], [104.10104418900005, 41.082017687000075], [104.19435363600007, 40.912489798000024], [104.49847023800004, 40.59407885300004], [104.48898005400008, 40.468213899000034], [104.59711188300008, 40.41484115900005], [104.57841434600005, 40.29208552600005], [104.68167700700008, 40.14043258500004], [104.44353037800005, 40.06798256500008], [104.24860686400007, 39.88858135700008], [104.30336035700009, 39.73640578000004], [104.32333206600003, 39.53503865500005], [104.27947693900006, 39.482473836000054], [104.09378960400005, 39.39861390300007], [104.07953296000005, 39.27348495900003], [104.20733149900008, 39.073827754000035], [104.17999896200007, 38.93631531800003], [104.02318506300008, 38.84751804900003], [103.89664627900004, 38.60598161300004], [103.42454245600004, 38.38905586200008], [103.50591293600007, 38.324816035000026], [103.53765203200004, 38.24068409600005], [103.53339235200008, 38.111161924000044], [103.43096560400005, 38.10721223400003], [103.37732481200004, 38.06378196400004], [103.42048928000008, 37.83101063500004], [103.71279701200007, 37.74872845900006], [103.83290137600005, 37.62335292300003], [103.79534093500007, 37.57732700200006], [103.75776785900007, 37.38317594000006], [103.78750033000006, 37.26472521900007], [103.70870124000004, 37.23914454700008], [103.58029224900008, 37.03597279400003], [103.60813714700004, 36.85270056000007], [103.70363583100004, 36.77540067000007], [103.81408242000003, 36.81176392300006], [103.97546403600006, 36.74922570700005], [103.95422382700008, 36.65578562600007], [104.04953190600008, 36.48089820400003], [104.08051468900004, 36.33537123200006], [104.13223703900007, 36.27957912000005], [104.18163975000004, 36.29004709900005], [104.24074501100006, 36.358736488000034], [104.31375478000007, 36.332966516000056], [104.42505864800006, 36.424367937000056], [104.50306810800004, 36.37286547100007], [104.55534224200005, 36.20238911600006], [104.67842795900003, 36.169964632000074], [104.88477544800008, 36.27693122200003], [105.08210933400005, 36.296411644000045], [105.24656505600007, 36.38348498800008], [105.29082284300006, 36.38303833000003], [105.37770072800004, 36.308794645000035], [105.46938936000004, 36.32701614900003], [105.48690444900006, 36.296647645000064], [105.49301175600004, 36.07371143000006], [105.35776039800004, 35.99202217900006], [105.32349512300004, 35.902950486000066], [105.33313138200003, 35.859401148000074], [105.38359271000007, 35.83380076200007], [105.37758462500005, 35.77869734600006], [105.51567503100006, 35.73219341500004], [105.48205815400007, 35.66615478400007], [105.49029689500009, 35.56588682800003], [105.25502415600005, 35.443516282000076], [105.20941044300008, 35.455387261000055], [105.10046281100006, 35.40875785900005], [104.99608428400006, 35.429050604000054], [104.91540326700004, 35.28998827300006], [104.86693643000007, 35.28107737600004], [104.89117412200005, 35.24749415000008], [104.83352379900003, 35.17794543600007], [104.86878389200007, 35.12573323100003], [104.84365175000005, 35.102002724000045], [104.87664060300006, 34.950290030000076], [104.86085979600006, 34.860681285000055], [104.59361905600008, 34.84563686000007], [104.60103877400007, 34.71004478900005], [104.72575696400008, 34.65147774900004], [104.71224082600008, 34.545811152000056], [104.77706358000006, 34.50001660200007], [104.80730596500007, 34.41470413400003], [104.94609960800005, 34.443707277000044], [105.04611961700004, 34.423920526000074], [104.98672294000005, 34.380503556000065], [104.85947802600003, 34.35767589500006], [104.80254939500009, 34.23852253500007], [104.63735883800007, 34.221777254000074], [104.65888521000005, 34.13359162300003], [104.80391641200004, 33.98946566300003], [104.82500985100006, 33.88517243800004], [104.75124635700007, 33.84416027900005], [104.77292980300007, 33.786213006000025], [104.73945979300004, 33.762762837000025], [104.78324532600004, 33.67347620800007], [104.74143113600007, 33.61089080000005], [104.71044279500006, 33.57874800400003], [104.62199976200009, 33.63287832700007], [104.56641337900004, 33.56085318300006], [104.57232724900007, 33.52052836400003], [104.70254321800007, 33.430367389000025], [104.74298408000004, 33.338723694000066], [104.86334632600006, 33.30148298600005], [104.98102249000004, 33.204868248000025], [105.01889686100009, 33.11077878400005], [104.99813748800005, 32.98146370400008], [105.10322426700009, 32.88590895600004], [105.20657866600004, 32.87337320100005], [105.25586836500008, 32.91067272200007], [105.31284048900005, 32.81438620000006], [105.40204626600007, 32.83732575400006], [105.41659936600007, 32.77404630600006], [105.46897301000007, 32.762774629000035], [105.29833295900005, 32.63985338500004], [105.20076230800004, 32.651923629000066], [105.10881995700004, 32.603610512000046], [105.04591510000006, 32.64106087600004], [104.92372230300003, 32.58714600500008], [104.85171370300009, 32.64722269500004], [104.74321442200005, 32.63369804200005], [104.58539638100007, 32.72633146100003], [104.48775389300005, 32.743283089000045], [104.31325582400007, 32.833929855000065], [104.29269337300008, 32.89238068700007], [104.21127292500006, 32.91179084200007], [104.01913343800004, 33.04242996200003], [103.98018889200006, 33.03608189200003], [103.97311192000006, 32.938105103000055], [103.89226384000006, 32.91704387400006], [103.83450537900006, 33.01632801000005], [103.72653246700008, 33.04045764400007], [103.66140609600006, 33.12523474400007], [103.51177184500006, 33.136676125000065], [103.39330036000007, 33.06241802900007], [103.38664588700004, 32.99793921500003], [103.31496106200007, 32.99601787000006], [103.29056687000008, 32.88923111300005], [103.23910564000005, 32.83451871500006], [103.16879543100004, 32.85414068500006], [103.10171136800005, 32.92389867500003], [102.97299588700008, 32.85119020600007], [102.97836552300004, 32.732334097000034], [102.85077172800004, 32.655826716000036], [102.79351583000005, 32.481186396000055], [102.68016276300006, 32.37869045900004], [102.68182638700006, 32.27757471900003], [102.61456324600005, 32.242243245000054], [102.61037257900006, 32.18507137700004], [102.70714639400006, 32.03138575100007], [102.69967369100004, 31.88482510500006], [102.60848601700008, 31.983047964000036], [102.50280596600004, 32.033767305000026], [102.47255842200008, 32.12106492300006], [102.38130608600005, 32.168498672000055], [102.36311531600006, 32.238699293000025], [102.28235329200004, 32.23720124400006], [102.23947893300004, 32.323052207000046], [102.14819112900005, 32.29578976600004], [102.09120472500007, 32.35070332200007], [101.91748759000006, 32.33118639300005], [101.80640476700006, 32.36637046900006], [101.71192071200005, 32.33082537100006], [101.65471615600006, 32.36621325700003], [101.43492151000004, 32.39240651000006], [101.49337664600006, 32.31346110700002], [101.28878637500009, 32.05144642100004], [101.39779067900008, 31.970145641000045], [101.42603410900006, 31.838765945000034], [101.48744511800004, 31.77464220400003], [101.24830422900004, 31.518901460000052], [101.29484834800007, 31.380327971000042], [101.41194740400005, 31.367983700000025], [101.45929804500008, 31.31889433400005], [101.42856045200006, 31.265479606000042], [101.36019902500004, 31.243122867000068], [101.35000363500006, 31.152786796000044], [101.29185403500009, 31.11423399800003], [101.29676458900008, 31.07941547300004], [101.43315090200008, 30.92267868600004], [101.52332344400008, 30.974541011000042], [101.63520607800007, 30.89767898200006], [101.64734087400007, 30.819328102000043], [101.60435592600004, 30.619620031000068], [101.78533385000009, 30.398761570000033], [101.71408004500006, 30.33766089100004], [101.64359490600003, 30.397475154000063], [101.37924745600009, 30.39246795200006], [101.34776914800005, 30.41506813700005], [101.27810327200007, 30.333905107000078], [101.26412813300004, 30.256162723000045], [101.37009924400007, 30.203222656000037], [101.39921017600005, 30.09968728000007], [101.36586621000004, 30.045076791000042], [101.42222128000009, 30.017104172000074], [101.39929113500006, 29.863152127000035], [101.32305800300009, 29.776074318000042], [101.26166777800006, 29.75385835000003], [101.24732170900006, 29.471154502000047], [101.02667818200007, 29.353419073000055], [101.05398736500007, 29.223773316000063], [101.11304813300006, 29.148463566000032], [101.26654456900008, 29.234256204000076], [101.33494513400007, 29.196677788000045], [101.36658799400004, 29.256419097000048], [101.47224129300008, 29.323614875000032], [101.51428620200005, 29.291243381000072], [101.70262533400006, 29.282727967000028], [101.71683237500008, 29.217176907000066], [101.75488887200004, 29.206286439000053], [101.90007153000005, 29.287225438000064], [102.05733213800005, 29.29398112000007], [102.13121234900007, 29.225172582000027], [102.06942739700008, 29.185296879000077], [102.15186943200007, 29.139469704000078], [102.16770388900005, 29.035978785000054], [102.25796981700006, 28.904752792000068], [102.34855036700009, 28.843803337000054], [102.66070136400003, 28.84058907800005], [102.72992053200005, 28.673521395000023], [102.87011836200008, 28.632333931000062], [102.96340514100007, 28.64691080600005], [102.96875420900005, 28.67856172000006], [103.06791004000007, 28.69045870900004], [103.11263723100006, 28.795046439000032], [103.22166934200004, 28.806598957000062], [103.26910236500004, 28.773313347000055], [103.29766937400007, 28.703792943000053], [103.24947382800008, 28.617216633000055], [103.23775035300008, 28.470593506000057], [103.26210752400004, 28.437391348000062], [103.43585127600005, 28.426750221000077], [103.47289814900006, 28.54394701900003], [103.61963805000005, 28.61476646400007], [103.63293786300005, 28.565934698000035], [103.67146353000004, 28.56073748600005], [103.66999104800004, 28.427992967000023], [103.81964690300003, 28.518593457000065], [103.84181267400004, 28.465393697000025], [103.91858929700004, 28.409025717000077], [103.98200214500008, 28.407015854000065], [104.05305655500007, 28.33403444000004], [104.08243320900004, 28.367850022000027], [104.27156128400009, 28.402894247000063], [104.28595595400009, 28.32990483100008], [104.39761155600007, 28.305840732000036], [104.43649993500009, 28.22975853300005], [104.40473864900008, 28.196837954000046], [104.46396794300006, 28.13467666400004], [104.51280704300007, 28.168691917000046], [104.50003416700008, 28.19883890400007], [104.63283867100006, 28.21696505400007], [104.62330327200004, 28.280685667000057], [104.68941662600008, 28.377851571000065], [104.65942662200007, 28.472281472000077], [104.72980164500007, 28.491267805000064], [104.84051849800005, 28.320028380000053], [104.89929792700008, 28.317290781000054], [105.00921948000007, 28.24083518900005], [105.03445717200009, 28.259817767000072], [105.03830719400008, 28.375398499000028], [105.09861038200006, 28.417970258000025], [105.31519238600004, 28.48460205600003], [105.45617972100007, 28.45858299100007], [105.46488751500004, 28.49302756000003], [105.53460282600008, 28.48883502700005], [105.56139839200006, 28.67682658700005], [105.65968248200005, 28.81968278100004], [105.60481939900006, 28.868243128000074], [105.71945311200005, 28.93068188500007], [105.75969304500006, 29.04009675100008], [105.84485738700005, 29.07410292900005], [105.86351252200006, 29.016903598000056], [105.89465369800007, 29.009703615000035], [106.04078554900008, 29.295668527000032], [106.12934614900007, 29.262345534000076], [106.19041665200007, 29.30554963800006], [106.26137718400008, 29.39378110000007], [106.25105503700007, 29.571326699000053], [106.34941900100006, 29.770557799000073], [106.33469786100005, 29.879640979000044], [106.36778398300004, 29.911345588000074], [106.48561877200007, 29.88430866500005], [106.53009674200007, 29.90270819400007], [106.67962474700005, 30.15311924300005], [106.72373227900005, 30.165997917000027], [107.00353616900009, 30.539724420000027], [107.04404023000006, 30.65867251800006], [106.99704537300005, 30.631908390000035], [106.90366579700009, 30.64479112500004], [106.86375447900008, 30.69190876600004], [106.90185573400004, 30.692907297000033], [106.90064891200007, 30.724983906000034], [106.67818232300004, 30.842617164000046], [106.69090919600006, 30.908930946000055], [106.80757519300005, 30.979709780000064], [106.95132758700004, 31.151573814000074], [106.98008088000006, 31.268838575000075], [106.94612914900006, 31.341225740000027], [106.87225513500005, 31.399399678000066], [106.83592233600007, 31.531436668000026], [106.65215173800004, 31.58234942400003], [106.64469453800007, 31.52392504900007], [106.59187167600004, 31.507829275000063], [106.46790594400005, 31.58504091100008], [106.38201262100006, 31.71278669700007], [106.45051983800005, 31.991719489000047], [106.48356633700007, 31.99619313000005], [106.57887440800005, 31.88883388800008], [106.64856133800004, 31.87733655900007], [106.68614114800005, 31.976170684000067], [106.94331300600004, 32.01159547700007], [107.07201461500006, 32.18998312200006], [107.06197347300008, 32.43356678300006], [107.10585141700005, 32.49706993500007], [107.12403032500004, 32.45045313300005], [107.22402184300006, 32.41362331600004], [107.29027522100006, 32.524608288000024], [107.39726326000005, 32.53734917200006], [107.40566122600006, 32.407437480000056], [107.64581987800005, 32.394574584000054], [107.76942611700008, 32.24181938900006], [107.90553443100004, 32.145068706000075], [107.95364351100005, 32.153332015000046], [108.01334902500008, 32.228332031000036], [108.18715415100007, 32.24738419900007], [108.19371293400008, 32.27677648100007], [108.26563506800005, 32.28454805000007], [108.29502057500008, 32.24263956100003], [108.45484866300006, 32.26366135500007], [108.44836924600008, 32.228968767000026], [108.89818893800003, 31.982773938000037], [109.02463629500005, 31.94665671000007], [109.29907407700006, 31.693420746000072], [109.39895320500005, 31.728380349000076], [109.63855763900006, 31.73284551100005], [109.70972409400008, 31.62713733100003], [109.69170399800004, 31.548031215000037], [109.83373672700009, 31.545789267000032], [109.92773503500007, 31.487587507000057], [109.92902691300009, 31.42969346700005], [109.60232164500007, 31.301165990000072], [109.56848824500008, 31.262413895000066], [109.64075852700006, 31.183588620000023], [109.74532565300007, 31.164757008000038], [109.74631898700005, 31.13433109300007], [109.61132081800008, 31.03003620900006], [109.53562916400006, 30.913988904000064], [109.63724124800007, 30.775683198000024], [109.56565140200007, 30.667981428000076], [109.52047273400007, 30.665516350000075], [109.65595326100004, 30.519166916000074], [109.87153037800005, 30.541519433000076], [109.89990270000004, 30.511220827000045], [109.86942198200006, 30.44565967300008], [109.94338991300003, 30.31628280800004], [109.92917170800007, 30.23548919700005], [109.97247506000008, 30.10736061700004], [109.81972317000009, 29.99672870200004], [109.76286911700004, 29.863021494000066], [109.77114830300007, 29.789842520000036], [109.81380141900007, 29.75844036600006], [109.64392708100007, 29.631614458000058], [109.73523610300003, 29.59892621000006], [109.73011637700006, 29.529756349000024], [109.79918637400004, 29.38137552300003], [109.90890428800009, 29.43238618500004], [109.97178052700008, 29.294673999000054], [110.11500823300008, 29.32556854300003], [110.05527711600007, 29.21084043700006], [110.06558692500005, 29.14393090300007], [110.09908099900008, 29.12488840900005], [110.16739361000003, 29.170445706000066], [110.31307308600009, 29.042824428000074], [110.29898625800007, 28.95628528900005], [110.35221282800006, 28.917085368000073], [110.35116671300005, 28.825870649000024], [110.18930964600008, 28.626540099000067], [110.20486559000005, 28.56637633400004], [110.13224806000005, 28.55981416900005], [110.13413499200004, 28.482622824000032], [110.07890302200008, 28.441679883000063], [110.16680420900008, 28.37058425200007], [110.17690767600004, 28.27597312100005], [110.23007694100005, 28.20222804900004], [110.30740329300005, 28.182484074000058], [110.33435687200006, 28.084572671000046], [110.46421481100003, 28.06945415100006], [110.44337804400004, 27.908498570000063], [110.36557903500005, 27.886976321000077], [110.30244416800008, 27.92996810900007], [110.23372548800006, 27.816199383000026], [110.30823203600005, 27.81108477500004], [110.37033377800009, 27.762193898000078], [110.46137837700007, 27.808971443000075], [110.49240942900008, 27.751129517000038], [110.48512699700007, 27.662723972000038], [110.45490079700005, 27.586316657000054], [110.36451706200006, 27.57087126700003], [110.25744752700007, 27.690456211000026], [109.94219598200004, 27.74416559100007], [109.88994163600006, 27.817424997000046], [109.82752743600008, 27.73995949400006], [109.84307874600006, 27.686983310000073], [109.76295272500005, 27.669351320000033], [109.70785043200004, 27.611943108000048], [109.57998975100008, 27.595261893000043], [109.49791032600007, 27.525048250000054], [109.42984061600004, 27.57605361000003], [109.23712280100006, 27.430135483000072], [109.18093902000004, 27.44184113500006], [109.09064828600003, 27.334870226000078], [108.98808775300006, 27.286667459000057], [108.83119776000007, 27.099895272000026], [108.76752850300005, 27.071472610000058], [108.76769784100009, 27.039239190000046], [108.73234694600006, 27.023976095000023], [108.66273151100006, 27.08709697000006], [108.58802943100005, 27.055491697000036], [108.53196947600009, 26.97504916400004], [108.52783018600007, 26.86062967500004], [108.46503480400008, 26.807141629000057], [108.29016335400007, 26.873570960000052], [108.17651433100008, 26.86731285700006], [108.09485863000003, 26.694004170000028], [108.18884712400006, 26.581253305000075], [108.08108116300008, 26.500446271000044], [107.96516872200004, 26.493357928000023], [107.92096457700006, 26.413646650000032], [108.02151571200005, 26.253090400000076], [108.08105306500005, 26.25690426500006], [108.12291038300003, 26.216498100000024], [108.12656077800006, 26.11144332500004], [107.94628009800005, 26.08348214800003], [107.86079135700004, 26.14612012400005], [107.80137409200006, 26.130493026000067], [107.72368716000005, 26.18116953200007], [107.74987379700008, 26.08609169300007], [107.66486108100008, 26.02041134800004], [107.72801331500006, 25.944026604000044], [107.67703529600004, 25.890833453000027], [107.69397365500004, 25.84960958100004], [107.80249017700004, 25.83605384400005], [107.82658901600007, 25.80047117400005], [107.78627069100008, 25.643677525000044], [107.62468096400005, 25.617823221000037], [107.63709268800005, 25.299560976000066], [107.68181000600003, 25.192838437000034], [107.76257414300005, 25.237488330000076], [107.76351291500004, 25.126729999000077], [107.83944032200009, 25.135940659000028], [107.89916393500005, 24.995048885000074], [107.86851068100009, 24.93934616000007], [107.74868976400006, 24.94261241600003], [107.68375020000008, 24.90406404500004], [107.70176397200004, 24.782399275000046], [107.66171419600005, 24.773202361000074], [107.58849071300006, 24.82862824500006], [107.56474677300008, 24.80874029100005], [107.55379886100008, 24.64617013700007], [107.66139933100004, 24.49581154300006], [107.65714894900009, 24.428749320000065], [107.69945963000004, 24.364361728000063], [107.73345648100008, 24.36248392500005], [107.79090722200004, 24.42838039800006], [107.86639273400004, 24.42257190600003], [107.87254440500004, 24.45037142700005], [107.90287053600008, 24.380177229000026], [107.78284757600005, 24.153784244000065], [107.82270197200006, 24.125673997000035], [107.79246148300007, 24.08168293800003], [107.84844393000009, 24.032188951000023], [107.83403461400007, 23.981277157000022], [107.91471274400004, 23.87434791000004], [107.91777964900007, 23.70788807300005], [107.99110504700008, 23.709643958000072], [108.10562069600007, 23.83810242900006], [108.20768779100007, 23.846861165000064], [108.31163377200005, 23.957316696000078], [108.43550312900004, 24.029331828000068], [108.41647249000005, 23.827773884000067], [108.50953314500003, 23.675327066000023], [108.37329967600004, 23.672924301000023], [108.40873663700006, 23.54391528800005], [108.57534465000003, 23.326026299000034], [108.58702026700007, 23.244269575000033], [108.65723846500003, 23.225595987000077], [108.79562551400005, 23.409668741000075], [108.85950888500008, 23.442669162000072], [108.91188219300005, 23.401946458000054], [109.09374245600009, 23.367300476000025], [109.13235267000005, 23.311141631000055], [109.22027159400005, 23.31171543800008], [109.22467453200005, 23.140669092000053], [109.31353462300007, 23.101419648000046], [109.33703775500004, 22.987584928000047], [109.43204962600004, 22.944361033000064], [109.59223407800005, 22.707093522000037], [109.65099667300007, 22.67520093400003], [109.73342939500009, 22.73820044200005], [109.73947393200007, 22.830994357000066], [109.82518477800005, 22.906659140000045], [109.83794707400006, 23.00632215400003], [109.88199605500006, 23.049795881000023], [110.10450917300005, 22.90834872000005], [110.26826342100009, 22.885883980000074], [110.25109938100007, 22.95419105600007], [110.31963837200004, 23.049438637000037], [110.54635626100008, 23.13011358500006], [110.55985305500008, 23.097162651000076], [110.62777003600007, 23.122898242000076], [110.67984501000007, 23.068112675000066], [110.71519228000005, 23.077171356000065], [110.72130133900004, 22.894700064000062], [110.78042521800006, 22.83989516300005], [110.75836153300008, 22.750198441000066], [110.84200129300007, 22.694209831000023], [110.87842772600004, 22.61494692800005], [110.77025342800005, 22.600477667000064], [110.73180894400008, 22.550497138000026], [110.74542439900006, 22.49238045800007], [110.68093641400009, 22.482300474000056], [110.72441630800006, 22.425133794000033], [110.70823336300003, 22.355138883000052], [110.76798317900005, 22.297951870000077], [110.75498016100005, 22.207223979000048], [110.91191393000008, 22.200045144000057], [111.03201295500008, 22.281560338000077], [111.07748038400007, 22.243210859000044], [111.26707198900004, 22.306257428000038], [111.32860616900007, 22.293822098000078], [111.34846422000004, 22.264333484000076], [111.24480969400008, 21.994749429000024], [111.28858678700004, 21.889280477000057], [111.38060974900009, 21.847319687000038], [111.36014071100004, 21.751964287000078], [111.40155114200007, 21.68738604300006], [111.39781903100004, 21.570972718000064], [111.42550199200008, 21.528046395000047], [111.36096084400003, 21.565745020000065], [111.30995235500006, 21.493837339000038], [111.35284853900004, 21.525933403000067], [111.37884225600004, 21.509928870000067], [111.23770852600006, 21.414629768000054], [111.27698150200007, 21.486690716000055], [111.21627304400005, 21.525201928000058], [111.14068814200004, 21.51740026300007], [111.21112597000007, 21.483498159000078], [111.07836296900007, 21.461215923000054], [111.11435008100005, 21.487890415000038], [111.01587533800006, 21.539512115000036], [110.96053222900008, 21.511982232000037], [110.97376224700008, 21.44604548600006], [111.06195317900006, 21.466884781000033], [110.86513879700004, 21.379742346000057], [110.78589171500005, 21.39675018300005], [110.67068554800005, 21.326540942000065], [110.64352588700007, 21.26068495000004], [110.61369353500004, 21.353576367000073], [110.62610460900004, 21.22914916700006], [110.56423248300007, 21.09827847300005], [110.53145865300007, 21.092740298000024], [110.50927067600009, 21.15128811900007], [110.44946630100009, 21.162461218000033], [110.57297598500008, 21.191159731000027], [110.58942145900005, 21.223640312000043], [110.56239000600004, 21.24225046600003], [110.43015287100008, 21.18475664700003], [110.41172412600008, 21.271115145000067], [110.47644625300006, 21.27110789900007], [110.45131911800007, 21.291542950000064], [110.48030183700007, 21.32123802700005], [110.46675590100006, 21.34630827500007], [110.42425086600008, 21.307324744000027], [110.44158142400005, 21.402927507000072], [110.40098184800007, 21.37972207200005], [110.34868088100006, 21.429806995000035], [110.39717112300008, 21.331455211000048], [110.34694488000008, 21.31193447100003], [110.40986873300005, 21.196827037000048], [110.37328923900009, 21.13179174100003], [110.31450836000005, 21.104803109000045], [110.34927272000004, 21.07417447100005], [110.40130863300004, 21.08628185300006], [110.43218941400005, 21.04911866300006], [110.52470114000005, 21.055579977000036], [110.52276176300006, 20.91522685900003], [110.42164705300007, 20.989637109000057], [110.25419637300007, 20.943937197000025], [110.34255054100004, 21.05930214800003], [110.29629488500007, 21.05553476500006], [110.29040549600006, 21.101986081000064], [110.21829878500006, 21.035889075000057], [110.18149578400005, 21.091557676000036], [110.17125709600003, 20.98466267300006], [110.10179587200008, 21.015135377000036], [110.16365769700008, 20.954898196000045], [110.16120386500006, 20.838661456000068], [110.36219279500006, 20.819462646000034], [110.37485831400005, 20.703179702000057], [110.35759204600004, 20.68176767400007], [110.33450979900005, 20.713387139000076], [110.34209221700007, 20.763634101000036], [110.31416020600005, 20.80174553300003], [110.32010925800006, 20.707788796000045], [110.28183243100005, 20.653764697000042], [110.32787949300007, 20.66405863400007], [110.31738506200008, 20.632401639000022], [110.37779072000006, 20.656650697000032], [110.42681812200004, 20.565438003000054], [110.48435344600006, 20.550528600000064], [110.51023261000006, 20.451797342000077], [110.41268282300007, 20.312067996000053], [110.26847130800007, 20.23923533800007], [110.24447162700005, 20.277413892000027], [110.16623405800004, 20.23435713200007], [110.03221693500006, 20.283327858000064], [109.97584188500008, 20.276568223000027], [109.93314412600006, 20.223228858000027], [109.92784676300005, 20.309893971000065], [109.85933270900006, 20.402715391000072], [109.96179725900004, 20.39392362700005], [109.98698525700007, 20.33999107300008], [110.03369345600004, 20.371866734000037], [109.97814191800006, 20.38095420700006], [110.01026462700008, 20.46213802400007], [109.93565795000006, 20.445036594000044], [109.91615332300006, 20.502687043000037], [109.91274756000007, 20.43374517600006], [109.87985671000007, 20.483870680000052], [109.82325144300006, 20.49752143300003], [109.80957154300006, 20.532826901000078], [109.84787911000006, 20.536774783000055], [109.83311533500006, 20.592552392000073], [109.81414566400008, 20.56264858800006], [109.73663486300006, 20.664551192000033], [109.85344957700005, 20.70529225200005], [109.77000847500005, 20.69269009100003], [109.72910611000009, 20.764063288000045], [109.75686959500007, 20.778202947000068], [109.69580794600006, 20.838246033000075], [109.70293965100007, 20.790859442000055], [109.65389502200009, 20.90303361800005], [109.70850801600005, 20.996661826000036], [109.67642084700009, 21.12194676200005], [109.70973700300004, 21.17514482100006], [109.73116304100006, 21.14927163300007], [109.75962767000004, 21.21263411600006], [109.75677575600008, 21.332424305000075], [109.90937220200004, 21.34906380800004], [109.91542131000006, 21.467913053000075], [109.82532350800005, 21.48135915100005], [109.79163700900006, 21.455176003000076], [109.78629404600008, 21.522886748000076], [109.73354722100004, 21.581004390000032], [109.74893880100007, 21.470688992000078], [109.72002607700006, 21.45379467300006], [109.65281076000008, 21.50529034300007], [109.67746102300003, 21.609624840000038], [109.60667479500006, 21.571744632000048], [109.59628356600007, 21.646797522000043], [109.55229559100007, 21.682608335000054], [109.60510330600005, 21.739593034000052], [109.57803946800004, 21.729181880000056], [109.57350496500004, 21.762428570000054], [109.49490514700005, 21.69695461300006], [109.51942523600007, 21.671204129000046], [109.45752227800006, 21.654887445000043], [109.54732071400008, 21.597241953000037], [109.55304648800006, 21.509150614000077], [109.50697511400006, 21.46885472100007], [109.45940049000006, 21.48234633800007], [109.35446277100004, 21.433992681000063], [109.31926444400005, 21.463328989000047], [109.24804005600004, 21.432849522000026], [109.23294590000006, 21.477229802000068], [109.14216769200004, 21.39447116200006], [109.03406861900004, 21.442289150000022], [109.15127836400006, 21.502252903000056], [109.14477896700004, 21.566286950000062], [109.02286075300009, 21.60359981000005], [108.93483890800007, 21.59217689600007], [108.85835781200007, 21.67406340100007], [108.87538925500007, 21.725796253000055], [108.93793242400005, 21.759153982000043], [108.87004912300006, 21.754460080000058], [108.82371992800006, 21.793629374000034], [108.84829177100005, 21.72168378300006], [108.80542118800008, 21.730301033000046], [108.79618924900007, 21.70419444600003], [108.86861344700009, 21.611622590000025], [108.75040216300005, 21.607938731000047], [108.70409584900005, 21.647074017000023], [108.75899362900009, 21.668368220000048], [108.71829997500004, 21.665855728000054], [108.72501073200004, 21.722536069000057], [108.64520134800006, 21.73326511500005], [108.70296936500006, 21.810252313000035], [108.64095569800008, 21.80179890000005], [108.60380584700005, 21.715860044000067], [108.57531245300004, 21.78119183900003], [108.62107814100005, 21.873757999000077], [108.58264962600003, 21.850845440000057], [108.59072743200005, 21.884351586000037], [108.53307780800009, 21.898153540000067], [108.47679162700007, 21.847075072000052], [108.47870947200005, 21.80262037700004], [108.51177696900004, 21.80044660300007], [108.50605438300005, 21.74934966400008], [108.55372428500004, 21.744649279000043], [108.48372357000005, 21.703500860000077], [108.51078858100004, 21.66226292400006], [108.55117006000006, 21.697598757000037], [108.56806744000005, 21.659586727000033], [108.50663361400007, 21.58240795300003], [108.48311826400004, 21.59403377600006], [108.47909656900003, 21.555918071000065], [108.40481628000003, 21.540587412000036], [108.40204029300008, 21.578580376000048], [108.44704482500003, 21.603563346000044], [108.41162331300006, 21.620769771000028], [108.46047116300008, 21.656692271000054], [108.42033306900004, 21.672624607000046], [108.36237879100008, 21.618621865000023], [108.34609642200007, 21.69528847600003], [108.32665197200004, 21.56966576600007], [108.25699654900006, 21.522770851000075], [108.21381711200007, 21.50608671200007], [108.27140909000008, 21.569466731000034], [108.22127806600008, 21.63985903300005], [108.13939003700006, 21.578719875000047], [108.18882926300006, 21.538033032000044], [108.14091950900007, 21.51657754300004], [108.10896341800009, 21.554849841000078], [108.02969058984391, 21.547847161219007], [108.04716395600008, 21.524416316000043], [108.00919965500009, 21.538704980000034], [108.04010885400004, 21.517825209000023], [108.00846202200006, 21.522334288000025], [108.01491036200008, 21.50639189900005], [108.05448198800008, 21.511692545000074], [108.01740641600009, 21.48860047100004], [108.08693988000005, 21.484577674000036], [107.96931160600008, 21.433496775000037], [107.96771736700003, 21.445679616000064], [107.96014045400005, 21.450160821000054], [107.91678834100009, 21.442882647000033], [107.95195888500007, 21.401824753000028], [107.88428701400005, 21.438182917000063], [107.92496023400008, 21.489084116000072], [107.88955805600006, 21.505323001000022], [107.88170583500005, 21.49896984000003], [107.89057170700005, 21.486915490000058], [107.88286284800006, 21.469128186000034], [107.85045931000008, 21.50459820100008], [107.78900214600009, 21.472281912000028], [107.75437072200003, 21.403823750000072], [107.67376767100006, 21.390303652000057], [107.60569583100005, 21.291644733000055], [107.48366956600006, 21.296328127000038], [107.48004759900005, 21.264721528000052], [107.53451013000006, 21.18993602000006], [107.60879270700008, 21.211001129000067], [107.51453059700003, 21.14964720300003], [107.50191921600003, 21.131249686000046], [107.50638857700005, 21.121343712000055], [107.43607524000004, 21.076570754000045], [107.42759603100006, 21.058304821000036], [107.42754983000003, 21.059850380000057], [107.42494432000007, 21.061944306000044], [107.42042334400008, 21.058196655000074], [107.41886003800005, 21.063065032000054], [107.37277523200004, 21.04197408500005], [107.34753549600003, 20.995466726000075], [107.21882485800006, 20.98970091500007], [107.22558014800006, 20.97562402400007], [107.15367561300008, 20.945060244000047], [107.15670466700004, 20.938094372000023], [107.06377910700007, 20.96018581100003], [107.03123997800009, 20.946271913000032], [106.98711168400007, 20.957038974000056], [106.97859321400006, 20.94982920700005], [106.92442491900005, 20.960380023000027], [106.90460638800005, 20.95658478300004], [106.93957732700005, 20.910190052000075], [106.85340076800009, 20.869223765000072], [106.90288365900005, 20.800237856000024], [106.77086494300005, 20.80314773400005], [106.75634381200007, 20.777819719000036], [106.80987949600006, 20.67283960700007], [106.74392088300004, 20.70475129500005], [106.59306047700005, 20.556551127000034], [106.62887136600006, 20.44626310900003], [106.58443156000004, 20.219598231000077], [106.36248534900005, 20.178337880000072], [106.10121345900006, 19.889412150000055], [106.10503824700004, 19.919927689000076], [106.02619913400008, 19.955594430000076], [105.95350361400006, 19.918584011000064], [105.94136955200008, 19.799126741000066], [105.85080068100007, 19.695556155000077], [105.81262936700006, 19.559707967000065], [105.81446155200007, 19.430049154000073], [105.78465999300005, 19.398785416000067], [105.82823030400004, 19.304766011000027], [105.73866739100004, 19.220932841000035], [105.73821053500006, 19.104320216000076], [105.65677735200006, 19.087652287000026], [105.61611920100006, 18.980292873000053], [105.63511681700004, 18.900571412000033], [105.72001816700003, 18.84789713300006], [105.77719185600006, 18.760537601000067], [105.81369913300006, 18.626749392000022], [105.92195266400006, 18.45203775300007], [105.94242120400008, 18.47182445900006], [106.10010147200006, 18.275734966000073], [106.25272416000007, 18.215109255000073], [106.36349087800005, 18.108460998000055], [106.43513704300005, 18.122283981000066], [106.43822082500009, 18.05172344400006], [106.51563658900005, 17.941479447000063], [106.44706251300005, 17.859959185000037], [106.45841867300004, 17.773745504000033], [106.68586500300006, 17.415610423000032], [107.11680037300005, 17.085002273000043], [107.14072109400007, 16.966031602000044], [107.34854229500007, 16.770510972000068], [107.97629936300007, 16.31741213300006], [108.03431300100004, 16.335812029000067], [108.09130109300008, 16.22643673300007], [108.19458300900004, 16.21008709800003], [108.12321971400007, 16.134858808000047], [108.15031520700006, 16.092433319000065], [108.23679239500007, 16.092725993000045], [108.21294305700007, 16.122424284000033], [108.24748020700008, 16.155251930000077], [108.30508902300005, 16.12314258400005], [108.32406213400009, 16.140665013000046], [108.33832557300008, 16.11768616200004], [108.24753448700005, 16.079512068000042], [108.28924294400008, 15.96724025800006], [108.40439560000004, 15.867052096000066], [108.43139296500004, 15.777850862000037], [108.60667175600008, 15.52683440900006], [108.67902474500005, 15.511564786000065], [108.69680098000003, 15.44112995100005], [108.74888262300004, 15.392474733000029], [108.82809488000004, 15.417062298000076], [108.82796480200005, 15.377107975000058], [108.88354663200005, 15.327967941000054], [108.87612509300004, 15.287814537000031], [108.94199261900008, 15.242904391000025], [108.89650133800006, 15.193209043000024], [108.91975427300008, 15.016785205000076], [109.07688133800008, 14.705227695000076], [109.06877594300005, 14.557327537000049], [109.22745252000004, 14.137911152000072], [109.20499925200005, 14.11269649600007], [109.25368778300009, 14.017799626000055], [109.24426511800004, 13.93915368000006], [109.29803030800008, 13.876922844000035], [109.28828879500008, 13.753772352000055], [109.24440474800008, 13.771374844000036], [109.21436048800007, 13.745683821000057], [109.22565362400007, 13.641799152000033], [109.29854246300005, 13.567823841000063], [109.28787058100005, 13.49574184100004], [109.33002273200009, 13.462131954000029], [109.31122261100006, 13.41347197600004], [109.26851113000004, 13.41220714900004], [109.29278401100004, 13.454935130000024], [109.24142207700004, 13.491677498000058], [109.21834685700009, 13.393937171000061], [109.29430632700007, 13.36460939400007], [109.28293270800003, 13.320073874000059], [109.31732841100006, 13.255174551000039], [109.29494958000004, 13.140751030000047], [109.45896015700004, 12.895172154000022], [109.45270812300004, 12.85984905500004], [109.42032365800009, 12.848058826000056], [109.42913361300003, 12.881169026000066], [109.35780840600006, 12.823776163000048], [109.39748829800004, 12.709999855000035], [109.45991583700004, 12.65899372900003], [109.43491246000008, 12.640643326000031], [109.44013775700006, 12.567841337000061], [109.39742881100005, 12.60720000200007], [109.41223413500006, 12.649059071000067], [109.39635205700006, 12.684308144000056], [109.36416508800005, 12.641984671000046], [109.35319339400007, 12.661201199000061], [109.33824562000007, 12.651500136000038], [109.32870874000008, 12.662928687000033], [109.37966204200006, 12.711495866000064], [109.35041231900004, 12.799115105000055], [109.19060586200004, 12.631367374000035], [109.19426547300009, 12.572689866000076], [109.24390539200004, 12.585581706000028], [109.23909888100007, 12.508877401000063], [109.29504066700008, 12.479605510000056], [109.28964895700005, 12.427679712000042], [109.34198180700008, 12.399046205000047], [109.29311898000009, 12.346036454000057], [109.17701080100005, 12.456372060000035], [109.15135228000008, 12.424584444000061], [109.19834553400005, 12.398539923000044], [109.20220026000004, 12.335914889000037], [109.24302467300004, 12.305433994000055], [109.20317583900004, 12.282036754000046], [109.20089761500009, 12.16373634000007], [109.22396886900009, 12.148660075000066], [109.19515835500005, 12.09061074400006], [109.28403122400005, 11.954625500000077], [109.25813317000006, 11.922721686000045], [109.28086178200004, 11.878606479000041], [109.17996895200008, 11.856342709000046], [109.23348023900007, 11.72750271700005], [109.19700786100009, 11.725932273000069], [109.13030539700009, 11.564693747000035], [109.02647117100008, 11.576214621000076], [109.01890400900004, 11.360069142000043], [108.93255674000005, 11.30693803500003], [108.87876902400006, 11.337447484000052], [108.78682189200003, 11.312712987000054], [108.70871370500004, 11.16551952900005], [108.65118547600008, 11.193551959000047], [108.52363684900007, 11.153184403000068], [108.47529096000005, 11.04849351200005], [108.37618640900007, 11.033851896000044], [108.29534541100008, 10.914595392000024], [108.22762833000007, 10.954912979000028], [108.08513668700004, 10.914211109000064], [107.99278742600006, 10.699517101000026], [107.90467253500009, 10.721373521000032], [107.82260474000009, 10.701931132000027], [107.75560311000004, 10.640984740000022], [107.56536520300006, 10.565413059000036], [107.51303292400007, 10.501532859000065], [107.32907241500004, 10.451118747000066], [107.25678035300007, 10.38014953100003], [107.16665338100006, 10.402930121000054], [107.08346028600005, 10.320279543000026], [107.05530627800005, 10.378425822000054], [107.09707794100007, 10.414337257000057], [107.04688019200006, 10.477574513000036], [106.99348346700003, 10.47800683500003], [106.97385147800009, 10.410110553000038], [106.90061959900004, 10.377275974000042], [106.87310113300003, 10.408815730000072], [106.84277757400008, 10.363319841000077], [106.81669194500006, 10.392579600000033], [106.78321223400008, 10.381922467000038], [106.75346996300004, 10.254070953000053], [106.79953632800004, 10.21247797500007], [106.79083774500003, 10.108252106000066], [106.65548471100004, 9.973454934000074], [106.64247686400006, 9.940430208000066], [106.68803100200006, 9.881361501000072], [106.58584504900006, 9.768334724000056], [106.57024750600004, 9.638850236000053], [106.52621795900006, 9.576546429000075], [106.41487441300006, 9.529950872000029], [106.28396836600007, 9.520972372000074], [106.20952255900005, 9.48141561600005], [106.17598644200007, 9.429977817000065], [106.18776715400008, 9.37854100900006], [106.12813310200005, 9.333868215000052], [105.88726026400008, 9.268847063000067], [105.47591094300009, 9.079204021000066], [105.39596105300006, 8.991687445000025], [105.32767052200006, 8.829884097000047], [105.26689908800006, 8.767970522000041], [105.18019152900007, 8.737227885000038], [105.10651032900006, 8.635076276000063], [104.84356799100004, 8.562764456000025], [104.71834885500004, 8.596969208000075], [104.71715912500008, 8.652737825000031], [104.79821719900008, 8.660112855000023], [104.77961997600005, 8.702111641000045], [104.80991451400007, 8.746548050000058], [104.78055481300004, 8.812712177000037], [104.86039288700005, 9.732034387000056], [104.89706809500007, 9.847823321000021], [104.95838874500004, 9.853187899000034], [105.09096385000004, 9.978062918000035], [104.99111506000008, 10.098720900000046], [104.88126724200004, 10.091701490000048], [104.76392677500007, 10.221000263000064], [104.70400252200005, 10.212631670000064], [104.64551024600007, 10.137589396000067], [104.60076448200005, 10.143407178000075], [104.58279003300004, 10.252741032000074], [104.53091897300004, 10.277717639000059], [104.47842806300008, 10.382255451000049], [104.44296457600007, 10.364709306000066], [104.43842036900008, 10.423802612000031], [104.49841119300004, 10.40574089100005], [104.59557276700008, 10.534880044000033], [104.86802524900008, 10.523145506000048], [104.95560853100005, 10.638493735000054], [105.09692706500005, 10.722182631000067], [105.02843015700006, 10.891677088000051], [105.08153610700003, 10.956157468000072], [105.11599613500005, 10.960387729000047], [105.10783364000008, 10.917574820000027], [105.33820863300008, 10.859770637000054], [105.42603454200008, 10.973858594000035], [105.53684360000005, 10.953099895000037], [105.77840501600008, 11.031806030000041], [105.86466116800005, 10.90138931100006], [105.84863571800008, 10.86398513100005], [105.93584945200007, 10.83984212100006], [105.94404007700007, 10.917543230000035], [106.07188522000007, 10.81247958800003], [106.19050583400008, 10.789129464000041], [106.13766163000008, 10.914007132000052], [106.14504580900007, 10.978584004000027], [106.20499044900004, 10.975954409000053], [106.18776099000007, 11.04875658700007], [106.15430102800008, 11.101515003000031], [106.10211578000008, 11.07187495900007], [106.02298535000006, 11.14023140200004], [106.01383342500009, 11.190774997000062], [105.94113317500006, 11.205785040000023], [105.90891147100007, 11.283157814000049], [105.86289609900007, 11.28590846700007], [105.87032979600008, 11.40363370600005], [105.90373447100006, 11.44780436800005], [105.87501660400005, 11.461241223000059], [105.88147723200007, 11.546431236000046], [105.81739558200007, 11.568602225000063], [105.80991155200007, 11.618852510000067], [105.88484030700005, 11.677141004000077], [105.95399422700007, 11.639740312000072], [106.03993231500004, 11.779629911000029], [106.11090014400008, 11.743781776000048], [106.18851872300007, 11.753258982000034], [106.29971723400007, 11.674889076000056], [106.36990957600005, 11.697626798000044], [106.45110470000009, 11.671873282000035], [106.41348000600004, 11.766987584000049], [106.46696234100006, 11.86874782500007], [106.41304573000008, 11.975388895000037], [106.72242742500003, 11.97127951300007], [106.79439605800007, 12.084406855000054], [106.93387471400007, 12.06281169600004], [107.00183929200006, 12.090721142000064], [107.20830420600004, 12.300273121000032], [107.34577215700006, 12.335329847000025], [107.41709456200005, 12.239160995000077], [107.54713152200009, 12.35973741500004], [107.58971863700003, 12.558664169000053], [107.58211996900008, 12.67930770700002], [107.55430413500005, 12.816187680000041], [107.49880751100005, 12.87699566200007], [107.48426114300008, 12.947187247000045], [107.49035597000005, 13.03375838900007], [107.63124379600004, 13.360155174000056], [107.61731674300006, 13.528540295000028], [107.53350872200008, 13.743771649000053], [107.45265285500005, 13.790062524000064], [107.47527674700007, 13.854094063000048], [107.45479726100007, 13.979646845000048], [107.38388109800007, 13.986320576000026], [107.35656458400007, 14.026886083000022], [107.38280077500008, 14.077574669000057], [107.33237926400005, 14.105308638000054], [107.40719183300007, 14.233612348000065], [107.39058294900008, 14.325575886000024], [107.41920668500006, 14.40728517100007], [107.48777718600007, 14.405258582000044], [107.52766163100006, 14.536451860000057], [107.55638310200004, 14.685282599000061], [107.50535359400004, 14.785846613000047], [107.59146326300004, 14.873552334000067], [107.48324107900004, 14.950897292000036], [107.46776600100009, 15.007017735000034], [107.54016641700008, 15.049482561000048], [107.58392413400009, 15.028361183000072], [107.62151991300004, 15.050886379000076], [107.59786810800006, 15.087861794000048], [107.62675381700006, 15.149723564000055], [107.58268136000004, 15.195843508000053], [107.63305791400006, 15.230395006000037], [107.63499886000005, 15.319435958000042], [107.59635214800005, 15.382809377000058], [107.62451260700004, 15.414637404000075], [107.55948796200005, 15.394423656000072], [107.46896530600009, 15.498560789000067], [107.38223909800007, 15.493533958000057], [107.34379249500006, 15.613927613000044], [107.27796179900008, 15.632708366000031], [107.27668460500007, 15.707504580000034], [107.21146173100004, 15.757214560000023], [107.22171291400008, 15.835932480000054], [107.41539641700007, 15.912044303000073], [107.46668159800004, 16.025034196000036], [107.45652814000005, 16.08221429200006], [107.33313454500006, 16.05488871600005], [107.26220810200005, 16.136905369000033], [107.15937882800006, 16.16792220900004], [107.15626126900008, 16.256402535000063], [107.08568612400006, 16.31219721900004], [106.96021900100004, 16.304165801000067], [106.96488479200008, 16.353916224000045], [106.87192830600009, 16.428371303000063], [106.89042857700008, 16.511486691000073], [106.86277870000004, 16.541002040000023], [106.83077452900005, 16.54875124700004], [106.80217699000008, 16.463546870000073], [106.77107876400004, 16.467816370000037], [106.74028150100008, 16.41082449000004], [106.73530222000005, 16.43872329900006], [106.67599126700009, 16.452083112000025], [106.64743743700006, 16.52168365600005], [106.66732896000008, 16.584131764000063], [106.58573756400006, 16.601207670000065], [106.55129666900007, 16.694343746000072], [106.55132543700006, 16.865156915000057], [106.51429532100008, 16.89588518000005], [106.54752255400007, 16.925768895000033], [106.54932251900004, 17.005153304000032], [106.51530847600009, 16.97151612500005], [106.43980459600004, 16.99492553400006], [106.40206802700004, 17.053230539000026], [106.41600735300005, 17.078680089000045], [106.30425056400009, 17.208018727000024], [106.33422105300008, 17.23397484700007], [106.30748879400005, 17.239154883000026], [106.30380039900007, 17.295246834000068], [106.24972823600007, 17.243756654000038], [106.14586787900004, 17.309095503000037], [105.86183444100004, 17.62734493800002], [105.75071697900006, 17.66850160900003], [105.73009622500007, 17.74460938800007], [105.67566789400007, 17.795361365000076], [105.68339810700007, 17.833366802000057], [105.60792432900007, 17.877006652000034], [105.64346931300008, 17.992529473000047], [105.58110453200004, 18.01421543200007], [105.57108839000006, 18.08400822300007], [105.50576866100005, 18.12445219500006], [105.49111400800007, 18.202920388000052], [105.36793406000004, 18.160901611000043], [105.31990628100004, 18.20038109500007], [105.32860894400005, 18.264610998000023], [105.29990797900007, 18.23623247300003], [105.18434076600005, 18.324791056000038], [105.18461883400005, 18.386287168000024], [105.10346925300007, 18.447354003000044], [105.13496522600008, 18.59178537400004], [105.19196032900004, 18.60637878500006], [105.19817996500007, 18.640330843000072], [105.13389861800005, 18.716704595000067], [105.05183541800005, 18.708739682000044], [105.02299163800006, 18.749089474000073], [104.94220252100007, 18.738404691000028], [104.91267882800008, 18.786737217000052], [104.73992598900008, 18.800391180000076], [104.58116499300007, 18.900852761000067], [104.49706157500003, 19.00336806000007], [104.44548630200006, 18.98396451700006], [104.39633280900006, 19.056203726000035], [104.28826410600004, 19.118311558000073], [104.21459125900009, 19.121477465000055], [104.22281398100006, 19.15671634200004], [104.17919091600004, 19.19767009700007], [104.06920521300003, 19.248017], [103.99955693200008, 19.23252530600007], [103.87281968300005, 19.310009553000043], [103.97537841000008, 19.398699228000055], [104.06970969500009, 19.416312686000026], [104.06297654200006, 19.453655371000025], [104.11965678600006, 19.501496415000076], [104.05831981300008, 19.620130365000023], [104.06844529500006, 19.682682750000026], [104.13093764300004, 19.660932501000048], [104.15789876100007, 19.697114087000045], [104.23239, 19.706963270000074], [104.30275299100003, 19.696630751000043], [104.32002167300004, 19.666054420000023], [104.41270769100004, 19.704932420000034], [104.55776690800008, 19.61020151100007], [104.64609430900003, 19.62480141900005], [104.66316187300004, 19.70136151300005], [104.71319750600009, 19.754555004000053], [104.83096403500008, 19.791356475000043], [104.84203745500008, 19.92349019100004], [104.99376778000004, 20.094807170000024], [104.92713828900008, 20.158924354000078], [104.86189326100003, 20.14159372000006], [104.61405750100005, 20.242781963000027], [104.61728557900005, 20.36114623900005], [104.71978115500008, 20.407002454000065], [104.66098468100006, 20.47490444300007], [104.60885662600003, 20.421866152000064], [104.52772214600009, 20.413309296000023], [104.47447965200007, 20.368954319000068], [104.41415814300007, 20.381065068000055], [104.41555181300004, 20.426808296000047], [104.37675036300004, 20.443134029000078], [104.38760095800006, 20.489964695000026], [104.52268708200006, 20.549207765000062], [104.54138150100005, 20.598513491000062], [104.60158493900008, 20.605722812000067], [104.63754125000008, 20.671365601000048], [104.55728603700004, 20.71840620300003], [104.49937160800005, 20.712271403000045], [104.48383042100005, 20.766278373000034], [104.32929984400005, 20.856053791000022], [104.29230864600004, 20.922712568000065], [104.25759432700005, 20.898192297000037], [104.24261546700006, 20.93297362000004], [104.10551294400005, 20.976555793000045], [104.03186440800005, 20.901896711000063], [103.89983884800006, 20.90297759400005], [103.85254515400004, 20.85889303600004], [103.81368500800005, 20.86393192500003], [103.78051323000005, 20.801597680000043], [103.79095595400008, 20.746619328000065], [103.73343210600007, 20.731368064000037], [103.74489165400007, 20.675594468000043], [103.69517735800008, 20.660858284000028], [103.60168442100007, 20.742632902000025], [103.50957699000008, 20.75313714600003], [103.46733596000007, 20.826138652000054], [103.39016806600006, 20.784080221000067], [103.29068304600008, 20.837624160000075], [103.23734169800008, 20.833660198000075], [103.21142951900003, 20.901022669000042], [103.10976348300005, 20.900134881000042], [103.03427179000005, 21.058505807000074], [102.96805183500004, 21.070702797000024], [102.94938805600003, 21.141220876000034], [102.90301242800007, 21.165820050000036], [102.91183755900005, 21.22973171700005], [102.80797643900007, 21.263040511000042], [102.89694943300003, 21.304205556000056], [102.89618795700005, 21.38601780500005], [102.94223117900003, 21.456580235000047], [102.86939019400006, 21.428721293000024], [102.99155976600008, 21.58539958800003], [102.97416206200006, 21.744842663000043], [102.87758908400008, 21.70239845900005], [102.83352989600007, 21.846004266000023], [102.81049765500006, 21.824916967000036], [102.82613738500004, 21.73538125400006], [102.74912499300007, 21.664451977000056], [102.67445270900004, 21.654904919000046], [102.61732203400004, 21.912850972000058], [102.50615464200007, 21.97353514200006], [102.48802611800005, 22.006614268000078], [102.51890770700004, 22.029965737000055], [102.44140180800008, 22.074092716000052], [102.43478923800006, 22.11693073200007], [102.27916923100008, 22.204598942000075], [102.23414709400004, 22.282769488000042], [102.17746589900008, 22.304773085000022], [102.19515955000008, 22.33705885300003], [102.13098871600005, 22.44266514900005], [101.95038833500007, 22.443112194000037], [101.94664962100006, 22.398272682000027], [101.89241595700008, 22.401309019000053], [101.78275153400006, 22.514828881000028], [101.69363559400006, 22.480567687000075], [101.65731818900008, 22.303972686000066], [101.59100416300004, 22.26962091000007], [101.63135319800006, 22.174561268000048], [101.63394107600004, 22.126466270000037], [101.60878463400007, 22.123422186000028], [101.64397131800007, 21.978609994000067], [101.70514311200009, 21.951198430000034], [101.78896851200005, 21.826132262000044], [101.76484020800007, 21.74971653700004], [101.84863259000008, 21.611497605000068], [101.83194645700007, 21.581263113000034], [101.76824250900006, 21.575973220000037], [101.78929428100008, 21.51627760100007], [101.76699649200003, 21.304830208000055], [101.86846542400008, 21.234057447000055], [101.81435263000009, 21.20066536400003], [101.79984798300006, 21.14724480900003], [101.62917750300005, 21.181331820000025], [101.63525438300007, 21.23033527800004], [101.39947267400004, 21.21280166400004], [101.32387783800004, 21.172589840000057], [101.26138714000007, 21.21742581500007], [101.28446597500005, 21.28940615700003], [101.19188207500008, 21.382798283000056], [101.25268079600005, 21.52610618600005], [101.16516036500008, 21.555592588000025], [101.19991488200009, 21.62760933900006], [101.16612347100005, 21.772631733000026], [100.97190554100007, 21.687198258000024], [100.89883203900007, 21.687047450000023], [100.76086387300006, 21.53175876800003], [100.64954383600008, 21.460729941000068], [100.52147522200005, 21.45788755500007], [100.41807165900008, 21.543047994000062], [100.26506913700007, 21.45449239000004], [100.23913504800004, 21.487385261000043], [100.14854323200007, 21.497087494000027], [100.13307510400006, 21.602788602000032], [100.19332695400004, 21.648830050000072], [100.12390744700008, 21.69509339600006], [100.07841917500008, 21.647694492000028], [100.04162026800009, 21.65427175600007], [99.99075741500008, 21.743313343000068], [99.96284441000006, 21.827168174000064], [100.01876401300007, 21.956650988000035], [99.96747020800007, 22.055323731000044], [99.89379265100007, 22.058629361000044], [99.88243253900004, 22.01186305600004], [99.82075064200006, 22.054958140000053], [99.72480780900008, 22.046097841000062], [99.61970553900005, 22.10789588800003], [99.53340373500004, 22.099862595000047], [99.50692875900006, 22.133409060000076], [99.34489302200006, 22.102378179000027], [99.18180345000007, 22.15386451100005], [99.27482945200006, 22.310927097000047], [99.28397827100008, 22.398443787000076], [99.38476762100004, 22.48537553700004], [99.39411149400007, 22.59700691300003], [99.32854532700009, 22.708156037000037], [99.46858420800004, 22.85008169500003], [99.46484291700006, 22.923051861000033], [99.50761480100005, 22.904268992000027], [99.57262989300006, 22.93139210100003], [99.52779104800004, 23.084561971000028], [99.36953465700009, 23.115486545000067], [99.08146443000004, 23.104508887000065], [99.06853498300006, 23.16902614600008], [98.90611908600005, 23.174697139000045], [98.95437608000003, 23.272739252000065], [98.95722124100007, 23.305519206000042], [98.91992892400003, 23.325605706000033], [98.94423555300006, 23.377402489000076], [98.87746338200009, 23.488884737000035], [98.83604565200005, 23.47788964600005], [98.82508314800003, 23.540678988000025], [98.90313148300004, 23.585301997000045], [98.81838606600007, 23.75775763000007], [98.69617710100005, 23.791667446000076], [98.71456704800005, 23.904845427000055], [98.69094988600006, 23.95597433100005], [98.87064973600008, 24.045853126000054], [98.89524401900007, 24.080893141000047], [98.88256448200008, 24.148929621000036], [98.68206304800003, 24.086471507000056], [98.60616683300003, 24.092023104000077], [98.56670823700006, 24.133031929000026], [97.98561256700003, 24.032024512000078], [97.87364656100004, 23.935543838000058], [97.65872831800004, 23.839620246000038], [97.58094488000006, 23.92954403500005], [97.57539620100005, 23.968752292000033], [97.77486556000008, 24.176924970000073], [97.74722237500004, 24.19497085300003], [97.77514951400008, 24.282551391000027], [97.69606713200005, 24.287112507000074], [97.67720470200004, 24.320996465000064], [97.73095993600003, 24.33939042700007], [97.68090689800005, 24.437176813000065], [97.55987320200006, 24.43111912300003], [97.59676821900007, 24.653023749000056], [97.56821117100009, 24.725491112000043], [97.60842258200006, 24.797779682000055], [97.65124118500006, 24.79543998400004], [97.70724069000005, 24.857625281000026], [97.79387744100006, 24.832076594000057], [97.79805494200008, 24.866614496000068], [97.74602654000006, 24.912304151000058], [97.73474417200003, 25.08471331900006], [97.80267978400008, 25.142505698000036], [97.87917412600007, 25.291697353000075], [97.95304024600006, 25.221710904000076], [98.07223504300003, 25.322047085000065], [98.17439106500007, 25.451644241000054], [98.13099258100004, 25.52977165300007], [98.17854573600005, 25.539720290000048], [98.17655051900005, 25.642750542000044], [98.36231592500008, 25.567503444000067], [98.52848875400008, 25.84085465800007], [98.66047591200004, 25.801655701000072], [98.73674631100005, 25.881604577000076], [98.62010165500004, 26.004456937000043], [98.57906296200008, 26.157398215000057], [98.69702951200009, 26.149754763000033], [98.70784307000008, 26.09938889600005], [98.75811010400008, 26.176459433000048], [98.70223366500005, 26.256991242000026], [98.76770755000007, 26.39813087400006], [98.79876839200006, 26.61363621000004], [98.78416806300004, 26.831578055000023], [98.75334551100008, 26.86874636500005], [98.78569034500003, 26.920772449000026], [98.75564215900005, 26.98279513600005], [98.78965801200007, 27.03038667000004], [98.73502036300005, 27.06689249300007], [98.72173026700005, 27.16549720300003], [98.74884550800004, 27.303135664000024], [98.71020811200003, 27.45037442100005], [98.72475440200009, 27.558197069000073], [98.69286573400007, 27.59336515600006], [98.61980390300005, 27.57107127200004], [98.56673328600004, 27.646134827000026], [98.45742341500005, 27.65932798800003], [98.45910266500005, 27.58710552100007], [98.42167871200007, 27.526290863000042], [98.33187883400007, 27.54234595500003], [98.20263495500006, 27.851026043000047], [98.20473693000008, 27.939202997000052], [98.16541462600009, 27.965177449000066], [98.18115455000009, 28.144375497000055], [98.04582829100008, 28.169240699000056], [97.92536298400006, 28.346496583000032], [97.89511225000007, 28.36605624500004], [97.83778714000005, 28.312119763000055], [97.74884609200006, 28.41485847900003], [97.74762794800006, 28.47971909900008], [97.61456900100006, 28.529838255000072], [97.52136116900004, 28.476294840000037], [97.53408649800008, 28.31563741800005], [97.48207305200003, 28.276750398000047], [97.44781006800008, 28.287498371000027], [97.37584472200007, 28.214197377000062], [97.39485035600006, 28.186140554000076], [97.34380988300006, 28.100522502000047], [97.40819524600005, 28.050183925000056], [97.41762833100006, 27.884392843000057], [97.34780495300004, 27.909350532000076], [97.12157974200005, 27.759065021000026], [97.06990903900004, 27.754789708000033], [97.06809148400004, 27.847265033000042], [96.99873980200005, 27.84179061900005], [96.93527579100004, 27.912228752000033], [96.85071363800006, 27.903016268000044], [96.80656947400007, 27.956435929000065], [96.71766674100007, 27.97414212800004], [96.46065190600007, 28.159303804000047], [96.35249451700008, 28.13215260000004], [96.29156111700007, 28.18239075100007], [96.27435670800008, 28.241734989000065], [96.05740539800007, 28.19058083400006], [95.86686466800006, 28.288389120000033], [95.70708643200004, 28.26042035900008], [95.41773956300005, 28.12965247900007], [95.35334132900005, 28.070529875000034], [95.32678321300006, 27.958473174000062], [95.26682144300008, 27.910884770000052], [94.57833623400006, 27.606077827000036], [94.24576068600004, 27.56688980000007], [94.16909930900005, 27.44510467400005], [93.89451756300008, 27.155547599000045], [93.85022447200004, 27.015920940000058], [93.71096047300006, 26.95901483800003]], [[106.78966842300008, 22.009850993000043], [106.81221844600009, 21.97347762100003], [106.91318282550331, 21.975705251271567], [106.78966842300008, 22.009850993000043]], [[106.92168748300008, 21.96985442500005], [106.9194207308688, 21.971413849694788], [106.92344426556384, 21.96323331720781], [106.92168748300008, 21.96985442500005]], [[106.9235796582552, 21.962723038006356], [106.92914156400008, 21.93132723900004], [106.93541254666053, 21.93054698217772], [106.9235796582552, 21.962723038006356]], [[106.96054512400008, 21.91958826900003], [106.98426042428935, 21.935215706172528], [106.9576574158303, 21.921609794470182], [106.96054512400008, 21.91958826900003]], [[107.04375211300004, 21.933077223000055], [107.03680411064116, 21.933656951828965], [107.05436827448892, 21.930411384013762], [107.04375211300004, 21.933077223000055]], [[107.02514900700004, 21.86463649500007], [107.05684362100004, 21.86769288800008], [107.07320979800005, 21.925680063000073], [107.06244408100008, 21.893078266000032], [107.02514900700004, 21.86463649500007]], [[107.02139177200007, 21.827607338000064], [107.13065636314906, 21.775568468090253], [107.10081211100004, 21.807911472000058], [107.02139177200007, 21.827607338000064]], [[107.13531376972887, 21.772146955755538], [107.13991368300009, 21.762718149000023], [107.15365504825623, 21.758672737939172], [107.13531376972887, 21.772146955755538]], [[107.16578533455483, 21.74976135700581], [107.16247871784536, 21.752190526472493], [107.16368324000007, 21.74990447700003], [107.16578533455483, 21.74976135700581]], [[105.26829838343716, 23.34170334463968], [105.28501830800008, 23.342952769000078], [105.28900782661121, 23.35783308288107], [105.26829838343716, 23.34170334463968]], [[105.28990391174317, 23.35853124569308], [105.29517740600005, 23.361888388000068], [105.29598154429115, 23.363266484431904], [105.28990391174317, 23.35853124569308]], [[105.3467247519103, 23.37173918258676], [105.3474128412919, 23.37118021890642], [105.34714992200009, 23.37162550900007], [105.3467247519103, 23.37173918258676]], [[105.42559944400006, 23.294333834000042], [105.35183368682601, 23.363692907084097], [105.37167795100004, 23.319481272000075], [105.42559944400006, 23.294333834000042]], [[102.50033149000006, 22.780186017000062], [102.56867714700007, 22.703800600000022], [102.58468484800005, 22.707401360000063], [102.59722807484818, 22.731468193393567], [102.54572495400004, 22.768311727000025], [102.47519052100006, 22.787114555000073], [102.46650911890686, 22.769127778843743], [102.50033149000006, 22.780186017000062]], [[102.40471745392075, 22.685616416951], [102.42377949400009, 22.691861608000067], [102.42582035307981, 22.693525724951694], [102.41448284000006, 22.69266838300007], [102.40471745392075, 22.685616416951]], [[102.40065798850885, 22.647036624175268], [102.39662403500006, 22.65749515600004], [102.39203457318231, 22.661496035627792], [102.40065798850885, 22.647036624175268]], [[102.41848395400007, 22.63654808800004], [102.38678467900007, 22.626616701000046], [102.37962283664943, 22.60216636609155], [102.41848395400007, 22.63654808800004]], [[102.24556043000007, 22.421521519000066], [102.26647169075252, 22.428399272917897], [102.2401101948063, 22.427908982428647], [102.24556043000007, 22.421521519000066]], [[102.22179016106816, 22.42597233981231], [102.22267052600006, 22.425438573000065], [102.22341898514952, 22.426160359014972], [102.22179016106816, 22.42597233981231]], [[104.73326170600006, 22.82226217400006], [104.77729288748691, 22.901998320435684], [104.70507322600008, 22.838481803000036], [104.62628952017019, 22.84269406652718], [104.73326170600006, 22.82226217400006]], [[104.59862646900007, 22.815647504000026], [104.62124203013059, 22.841268389673278], [104.59973694261093, 22.84288019963247], [104.59862646900007, 22.815647504000026]], [[104.38768429900006, 22.702936059000024], [104.51708990000009, 22.79339591200005], [104.54712101400008, 22.83735514700004], [104.59827951193184, 22.845765932468257], [104.59151795700006, 22.86096290200004], [104.52915871800008, 22.836247694000065], [104.37013210000003, 22.696847542000057], [104.34904626777953, 22.701974651302976], [104.35691949100004, 22.691018558000053], [104.38768429900006, 22.702936059000024]], [[102.90871310992544, 22.524219313476028], [102.93110519400005, 22.48394840700007], [102.9845953510071, 22.479816868927895], [102.90871310992544, 22.524219313476028]], [[102.98740059537428, 22.47760660302418], [103.03057736000005, 22.442965119000064], [103.05611176156947, 22.449412936255356], [103.02578037200004, 22.451881119000063], [102.98740059537428, 22.47760660302418]], [[103.06848168200008, 22.447221850000062], [103.07992600434177, 22.465482837550816], [103.05934345118722, 22.451421548976835], [103.06848168200008, 22.447221850000062]], [[103.11822551400007, 22.517605810000077], [103.12266095392305, 22.5225473219418], [103.11590714525494, 22.517749250052063], [103.11822551400007, 22.517605810000077]], [[103.7685542106883, 22.68929426490378], [103.91405772500008, 22.53496203900005], [103.96365636700006, 22.505541980000032], [103.7685542106883, 22.68929426490378]], [[103.99698265166721, 22.519011072904977], [104.01181561871556, 22.570925039102544], [104.00436643600005, 22.56048529800006], [103.99698265166721, 22.519011072904977]], [[102.60628003483428, 22.73325018520513], [102.65557127800008, 22.690227053000058], [102.66098182748685, 22.693975670820183], [102.62258462200003, 22.73232790900005], [102.60628003483428, 22.73325018520513]], [[102.72194879912226, 22.679445149146503], [102.70917153661328, 22.68827359046954], [102.70950848300004, 22.681650841000078], [102.72194879912226, 22.679445149146503]], [[102.73848077393677, 22.668022391767803], [102.72546813142974, 22.677013468749312], [102.73280584600008, 22.66764986100003], [102.73848077393677, 22.668022391767803]], [[102.78056177400003, 22.666064025000026], [102.76406271500008, 22.647697039000036], [102.78557970067128, 22.644900163584513], [102.78056177400003, 22.666064025000026]], [[102.7862535954843, 22.64205791072476], [102.80042327600006, 22.622972686000026], [102.81982062579935, 22.62593494557852], [102.7862535954843, 22.64205791072476]], [[102.83621861185223, 22.62166715972556], [102.88904858800004, 22.536595298000066], [102.90765952059495, 22.52528582494548], [102.88550917300006, 22.58466715900005], [102.86341031800004, 22.614590170000042], [102.83621861185223, 22.62166715972556]], [[104.27307391058717, 22.741520321236223], [104.26941780595416, 22.751676498614753], [104.26980544500009, 22.741483643000038], [104.27307391058717, 22.741520321236223]], [[103.57726586849702, 22.671280135050562], [103.5786983633347, 22.662795164925722], [103.57976123900005, 22.663953828000047], [103.57726586849702, 22.671280135050562]], [[103.59165162900007, 22.735303328000043], [103.59151286953414, 22.73709063858219], [103.59055476868669, 22.73522105621864], [103.59165162900007, 22.735303328000043]], [[103.60047961600009, 22.754587827000023], [103.60971822300007, 22.756516499000043], [103.60905548428299, 22.76231100649813], [103.60047961600009, 22.754587827000023]], [[103.63597663217723, 22.79017960350222], [103.6334478126104, 22.78721688468715], [103.63802151400006, 22.78649641800007], [103.63597663217723, 22.79017960350222]], [[103.63892611700004, 22.79217350600004], [103.63880187477365, 22.793489130138177], [103.63736891838603, 22.791810546026852], [103.63892611700004, 22.79217350600004]], [[103.64434176500004, 22.799978631000045], [103.64584504700008, 22.794727245000047], [103.6553269158703, 22.79018988194345], [103.64434176500004, 22.799978631000045]], [[103.66442669946082, 22.78208116326597], [103.75011277900006, 22.688805124000055], [103.76706821811959, 22.690618416799985], [103.66442669946082, 22.78208116326597]], [[103.15687860000008, 22.53963329100003], [103.15719683525782, 22.540204555101802], [103.15642717036583, 22.539888827850316], [103.15687860000008, 22.53963329100003]], [[103.17103185023878, 22.550613828006252], [103.18394738000006, 22.559269355000026], [103.16917621038468, 22.57658712255586], [103.17103185023878, 22.550613828006252]], [[103.37286389700006, 22.798904079000067], [103.38562594500007, 22.785393386000067], [103.3954683242021, 22.781673927236863], [103.37286389700006, 22.798904079000067]], [[103.44493755629853, 22.691877655787323], [103.43689410375293, 22.73854121782032], [103.42767953700007, 22.717292746000055], [103.44493755629853, 22.691877655787323]], [[103.47077624800005, 22.64892924700007], [103.45642634605598, 22.663453363299215], [103.4950521886421, 22.617049842131337], [103.47077624800005, 22.64892924700007]], [[103.53040907500008, 22.59480164300004], [103.53067916776332, 22.595172657391306], [103.53033286956952, 22.59483396646054], [103.53040907500008, 22.59480164300004]], [[104.27374279800006, 22.830984631000035], [104.25500362300005, 22.777614654000047], [104.26842346401259, 22.754438649632636], [104.27374279800006, 22.830984631000035]], [[104.21831283599124, 22.830007420112803], [104.22020515000008, 22.828779904000044], [104.22639499470948, 22.832053443178445], [104.21831283599124, 22.830007420112803]], [[104.16072065816125, 22.815427785098386], [104.16184053400008, 22.815546168000026], [104.16190158863392, 22.81572674123996], [104.16072065816125, 22.815427785098386]], [[104.13244288127284, 22.80826917985742], [104.13398140200007, 22.80444460600006], [104.15496457263443, 22.813970614537123], [104.13244288127284, 22.80826917985742]], [[104.08835197000008, 22.77020206900005], [104.09233560671014, 22.781853039196804], [104.07979010358406, 22.76627314109275], [104.08835197000008, 22.77020206900005]], [[104.07710297059361, 22.762405463169046], [104.07878289000007, 22.761338919000025], [104.07875800527987, 22.76478760843009], [104.07710297059361, 22.762405463169046]], [[104.04555367300009, 22.73046559100004], [104.04628022068297, 22.73286170654055], [104.03976573965511, 22.72420205447298], [104.04555367300009, 22.73046559100004]], [[104.03419636897279, 22.699888932214492], [104.03930306981401, 22.7232153848087], [104.03237747300005, 22.708446157000026], [104.03419636897279, 22.699888932214492]], [[105.24337009400006, 23.301129615000036], [105.24751332800008, 23.29125212400004], [105.25173894799809, 23.304811938770698], [105.24337009400006, 23.301129615000036]], [[105.21261525400007, 23.26593413100005], [105.22053890692557, 23.268863860442295], [105.2110337090235, 23.26890294064], [105.21261525400007, 23.26593413100005]], [[104.84060046200005, 22.920735362000073], [104.80921521100004, 22.920773402000066], [104.77855189232038, 22.902738802826594], [104.84060046200005, 22.920735362000073]], [[104.84906410848319, 22.969015518235985], [104.85656782651137, 22.940075055053654], [104.86248581700005, 22.946718562000058], [104.84906410848319, 22.969015518235985]], [[104.8635255988315, 23.12402398171617], [104.87173875000008, 23.125147081000023], [104.873592151678, 23.12841744730197], [104.8635255988315, 23.12402398171617]], [[104.8072164681899, 23.089092057243725], [104.80567719845355, 23.09535846212775], [104.80551839900005, 23.093374551000068], [104.8072164681899, 23.089092057243725]], [[104.81443932800005, 23.070939035000038], [104.81131424331255, 23.078757557046437], [104.81679190062418, 23.064943023824473], [104.81443932800005, 23.070939035000038]], [[104.82189960504822, 23.052061503780532], [104.82189381200004, 23.05346568500005], [104.82105453698394, 23.054192747154218], [104.82189960504822, 23.052061503780532]], [[105.10367034100005, 23.249590650000073], [105.11668151958477, 23.24816397429134], [105.105303289136, 23.25519321851053], [105.10367034100005, 23.249590650000073]], [[106.63900453473634, 22.876580185923974], [106.63871019800007, 22.876039411000022], [106.6399624218797, 22.87568025935168], [106.63900453473634, 22.876580185923974]], [[106.56331536700009, 22.922076326000024], [106.57179447078471, 22.921334055031707], [106.5525713678445, 22.9246152997701], [106.56331536700009, 22.922076326000024]], [[106.58534180200007, 22.394529815000055], [106.55988992400006, 22.34971197400006], [106.60700009108025, 22.338393727819202], [106.57915368300007, 22.456954965000023], [106.58823750200008, 22.473935191000066], [106.61758084000007, 22.568406261000064], [106.72992724600005, 22.55203776700006], [106.71812574348223, 22.581752245042736], [106.60940080200004, 22.599868694000065], [106.56016360300003, 22.446635996000055], [106.58534180200007, 22.394529815000055]], [[105.86350206700007, 22.93986954500008], [105.88013863034203, 22.92781106884211], [105.8645856529847, 22.95168483555855], [105.86350206700007, 22.93986954500008]], [[105.44851017196281, 23.284707579327996], [105.47576269828768, 23.258652923956042], [105.46789921800007, 23.297013736000054], [105.44851017196281, 23.284707579327996]], [[105.48763189053216, 23.23998794208743], [105.48088379658869, 23.25022858832923], [105.47815253200008, 23.247133226000074], [105.48763189053216, 23.23998794208743]], [[105.49160882356028, 23.23395270241687], [105.50118743600007, 23.200942088000033], [105.51746280600008, 23.202394707000053], [105.49160882356028, 23.23395270241687]], [[105.58549218500008, 23.073474598000075], [105.58234055174266, 23.13292219430706], [105.56509133100008, 23.08731018800006], [105.58549218500008, 23.073474598000075]], [[105.75196276305108, 23.033328965252057], [105.73121076467872, 23.047574779522964], [105.74012665400005, 23.031967357000042], [105.75196276305108, 23.033328965252057]], [[105.86244280622367, 22.953437243779547], [105.8575207151982, 22.95746250257751], [105.85813630200005, 22.955396216000054], [105.86244280622367, 22.953437243779547]], [[105.56953952800006, 23.161036783000043], [105.57583426200006, 23.162596332000078], [105.5661956511469, 23.167249002555], [105.56953952800006, 23.161036783000043]], [[106.22568067900005, 22.956755661000045], [106.22092267800008, 22.97022678600007], [106.21264476338617, 22.97043439766237], [106.22568067900005, 22.956755661000045]], [[106.23804404900005, 22.94652436900003], [106.24490382400006, 22.94069560300005], [106.23833399536788, 22.94953414646947], [106.23804404900005, 22.94652436900003]], [[106.24960752800007, 22.926326567000046], [106.25928275900009, 22.92740312500007], [106.24796433749368, 22.93786633864337], [106.24960752800007, 22.926326567000046]], [[106.27187487381491, 22.904829186614865], [106.27172373200005, 22.90171190500007], [106.27563888514082, 22.898081427322488], [106.27187487381491, 22.904829186614865]], [[106.27656751533026, 22.893611705791056], [106.27540910700009, 22.889748952000048], [106.27685909744731, 22.887200799651993], [106.27656751533026, 22.893611705791056]], [[106.27475192500003, 22.88084492300004], [106.2774122134546, 22.87503964641483], [106.27705078594441, 22.882986216894903], [106.27475192500003, 22.88084492300004]], [[106.76744348100004, 22.810023174000037], [106.79806465020694, 22.815864272480017], [106.71134853300003, 22.86839217200003], [106.76744348100004, 22.810023174000037]], [[106.77015721900005, 22.74338861600006], [106.778518449564, 22.710178610411454], [106.81075287900006, 22.73784799400005], [106.83114497006824, 22.78794552750465], [106.77015721900005, 22.74338861600006]], [[106.70648118400004, 22.15925817300007], [106.71311579900004, 22.095658265000054], [106.68333391700008, 21.996118290000027], [106.70391986600004, 21.967799119000063], [106.72565380400005, 22.076174913000045], [106.7022201929615, 22.22064508494797], [106.67006318800009, 22.186416506000057], [106.70648118400004, 22.15925817300007]], [[106.75596550200004, 22.693639580000024], [106.7292876347737, 22.614454510108327], [106.77410050688458, 22.701425254473254], [106.75596550200004, 22.693639580000024]], [[106.65844206053858, 22.325115990048083], [106.68665667353899, 22.283722887851866], [106.68233390100005, 22.302428296000073], [106.65844206053858, 22.325115990048083]], [[106.68511048400006, 22.26531442600003], [106.70632158400008, 22.24125534600006], [106.6902379719464, 22.272863356911124], [106.68511048400006, 22.26531442600003]], [[107.48854137000006, 21.601098011000033], [107.54305359500006, 21.589575225000033], [107.5523748534738, 21.60422750878764], [107.52125563000004, 21.601518896000073], [107.51189579500004, 21.621667675000026], [107.48541217372926, 21.652389114811875], [107.48854137000006, 21.601098011000033]], [[107.58969238600008, 21.614524543000073], [107.58944041500007, 21.608185797000033], [107.61721492618197, 21.606489162598763], [107.58969238600008, 21.614524543000073]], [[107.7075004210765, 21.619242525893128], [107.71276852800008, 21.620997197000065], [107.71793684907756, 21.624400038241898], [107.7075004210765, 21.619242525893128]], [[107.73025603809515, 21.63059659598086], [107.77119890900008, 21.645138881000037], [107.77288486588667, 21.64805648554473], [107.74784947200004, 21.643721387000028], [107.73025603809515, 21.63059659598086]], [[107.77376560454918, 21.648208993186966], [107.77955263400008, 21.648495738000065], [107.77973531522159, 21.64924270107131], [107.77376560454918, 21.648208993186966]], [[107.79414849805299, 21.654907064938], [107.80241827240205, 21.655120499885687], [107.80172931100009, 21.658992590000025], [107.79414849805299, 21.654907064938]], [[107.84198238500005, 21.64229033400005], [107.84201348600004, 21.642160423000064], [107.84246652678539, 21.642321600883054], [107.84198238500005, 21.64229033400005]], [[107.87130476802554, 21.644972886718936], [107.89918003600008, 21.58808717100004], [107.91267588615085, 21.587607748566572], [107.89840192700007, 21.636252157000058], [107.87130476802554, 21.644972886718936]], [[107.95494984300007, 21.536984677000078], [108.00814725800006, 21.556271596000045], [107.94268019555551, 21.569313905579715], [107.95494984300007, 21.536984677000078]], [[107.31144690340543, 21.729808880555723], [107.35707916500007, 21.605907615000035], [107.38312727900006, 21.596034936000024], [107.37386462200004, 21.661338081000054], [107.32299451100005, 21.731259914000077], [107.31144690340543, 21.729808880555723]], [[107.24055777500007, 21.704663390000064], [107.24883915369956, 21.706680670321656], [107.23188069201092, 21.707442774491682], [107.24055777500007, 21.704663390000064]]], [[[106.55776764200004, 8.63022574300004], [106.55874679000004, 8.628993183000034], [106.55617935100008, 8.628964629000052], [106.55776764200004, 8.63022574300004]]], [[[106.62950058300004, 8.639206424000065], [106.62933878000007, 8.632534415000066], [106.62700690800006, 8.636189267000077], [106.62950058300004, 8.639206424000065]]], [[[106.61706918600004, 8.635769003000064], [106.62041908100008, 8.63813556100007], [106.61939591200007, 8.63497682700006], [106.61706918600004, 8.635769003000064]]], [[[106.62247136600007, 8.639694108000072], [106.62348858500008, 8.638415148000036], [106.62216718100007, 8.638802817000055], [106.62247136600007, 8.639694108000072]]], [[[106.57628222800008, 8.645786823000037], [106.54013345600004, 8.658885756000075], [106.55109087400007, 8.66507473400003], [106.57628222800008, 8.645786823000037]]], [[[106.67395816300007, 8.650479689000065], [106.67546198200006, 8.651797911000074], [106.67540011600005, 8.649789646000045], [106.67395816300007, 8.650479689000065]]], [[[106.71064384000005, 8.668094601000064], [106.67287069000008, 8.657899801000042], [106.65960916000006, 8.678115701000024], [106.71064384000005, 8.668094601000064]]], [[[106.55544339000005, 8.688233275000073], [106.55923610200006, 8.683524400000067], [106.55494777100006, 8.68403913800006], [106.55544339000005, 8.688233275000073]]], [[[106.74086299500004, 8.699003007000044], [106.74018722800008, 8.682651351000061], [106.73372699100008, 8.687652978000074], [106.74086299500004, 8.699003007000044]]], [[[106.57163620400007, 8.654800711000064], [106.59300947400004, 8.724873458000047], [106.66386506400005, 8.76093657000007], [106.63744352900005, 8.717951606000042], [106.65953682500009, 8.69322900700007], [106.60412013000007, 8.679512842000065], [106.61362179300005, 8.640583432000028], [106.57163620400007, 8.654800711000064]]], [[[106.53816779600004, 8.710312250000072], [106.54678382400004, 8.70428507500003], [106.53648313700006, 8.708208807000062], [106.53816779600004, 8.710312250000072]]], [[[106.58738932600005, 8.737912808000033], [106.58741312100005, 8.734986071000037], [106.58422464300008, 8.736068726000042], [106.58738932600005, 8.737912808000033]]], [[[106.53323518000008, 17.93150633500005], [106.52558283400003, 17.937711970000066], [106.53519585600009, 17.936322364000034], [106.53323518000008, 17.93150633500005]]], [[[106.81689132700006, 20.665542644000027], [106.81353325700007, 20.66814291700007], [106.81775482600005, 20.66817919600004], [106.81689132700006, 20.665542644000027]]], [[[107.04661622300006, 20.70696634600006], [107.04708066400008, 20.705604364000067], [107.04469120400006, 20.70669990700003], [107.04661622300006, 20.70696634600006]]], [[[107.03873310900008, 20.708800394000036], [107.03674405800007, 20.706954222000036], [107.03575274200006, 20.710251370000037], [107.03873310900008, 20.708800394000036]]], [[[107.02101633600006, 20.706934799000067], [107.02255501600007, 20.707953632000056], [107.02279314800006, 20.70640067000005], [107.02101633600006, 20.706934799000067]]], [[[107.02607271800008, 20.710880840000073], [107.02833686500009, 20.70987488000003], [107.02789640600008, 20.708478813000056], [107.02607271800008, 20.710880840000073]]], [[[107.05108729800008, 20.71326792900004], [107.05338843000004, 20.71030183700003], [107.05164993100004, 20.710953119000067], [107.05108729800008, 20.71326792900004]]], [[[107.02143285200003, 20.715575417000025], [107.01955161100005, 20.709285141000066], [107.01689222200008, 20.71458023200006], [107.02143285200003, 20.715575417000025]]], [[[107.01809613400007, 20.71647757200003], [107.01567892500009, 20.716583471000035], [107.01733914200008, 20.717426012000033], [107.01809613400007, 20.71647757200003]]], [[[107.02948069000007, 20.718085896000048], [107.02939674500004, 20.720738148000066], [107.03088526000005, 20.719209254000077], [107.02948069000007, 20.718085896000048]]], [[[107.01115073400007, 20.719228593000025], [107.01357217300006, 20.721198865000076], [107.01507744000008, 20.718398217000072], [107.01115073400007, 20.719228593000025]]], [[[107.01057424500004, 20.72339669100006], [107.00727511900004, 20.724929495000026], [107.01026595200005, 20.724478559000033], [107.01057424500004, 20.72339669100006]]], [[[107.01236468900004, 20.740023876000066], [107.01659340100008, 20.743470702000025], [107.01249013200004, 20.73839909900005], [107.01236468900004, 20.740023876000066]]], [[[107.05884591500006, 20.741863211000066], [107.06034181300004, 20.74145592600007], [107.05957173100006, 20.740320005000058], [107.05884591500006, 20.741863211000066]]], [[[107.05867273600006, 20.742328147000023], [107.06382907000005, 20.74410593600004], [107.06337809800004, 20.742329881000046], [107.05867273600006, 20.742328147000023]]], [[[107.05612910300005, 20.754895651000027], [107.05489753400008, 20.760546199000032], [107.06417997300008, 20.75662852800008], [107.05612910300005, 20.754895651000027]]], [[[107.05068712800005, 20.758828764000043], [107.04993372300004, 20.759547946000055], [107.05226997100004, 20.760008739000057], [107.05068712800005, 20.758828764000043]]], [[[107.05704761400006, 20.764734902000043], [107.05795163200008, 20.760667746000024], [107.05566196800004, 20.76279177400005], [107.05704761400006, 20.764734902000043]]], [[[107.05222502900006, 20.762936445000037], [107.05163077300006, 20.76494056100006], [107.05410294400008, 20.764268093000055], [107.05222502900006, 20.762936445000037]]], [[[107.05367063300008, 20.769997024000077], [107.05347943800007, 20.771510255000067], [107.05625241800004, 20.769011415000023], [107.05367063300008, 20.769997024000077]]], [[[106.83575894600006, 20.769532742000024], [106.83795699300003, 20.775806079000063], [106.84020201400006, 20.767849297000055], [106.83575894600006, 20.769532742000024]]], [[[107.06028036000004, 20.77660785000006], [107.06292250500007, 20.77580019800007], [107.06112284600005, 20.775081561000036], [107.06028036000004, 20.77660785000006]]], [[[106.95906008800006, 20.84687916300004], [107.01628911100005, 20.83934464500004], [107.00787827800008, 20.861688120000053], [107.03456872200007, 20.862026109000055], [107.04677464500008, 20.81413641100005], [107.04816642200007, 20.83448283100006], [107.05013479900003, 20.82552079900006], [107.06020723500006, 20.833337392000033], [107.06469347300003, 20.812676773000078], [107.07656366400005, 20.82436773300003], [107.09792717800008, 20.80036199600005], [107.10901746400003, 20.798801575000027], [107.10866438300008, 20.78665298100003], [107.08994513700009, 20.805801689000077], [107.07797659300007, 20.806508163000046], [107.10201386100005, 20.777311934000068], [107.08508747800005, 20.77729019900005], [107.08553496100006, 20.789427731000046], [107.08028213800009, 20.779354608000062], [107.06301811500003, 20.81522903700005], [107.05143076200005, 20.817898410000055], [107.07486126500004, 20.785367853000025], [107.05656445400007, 20.785314597000024], [107.04570616200004, 20.762203069000066], [107.03234963600005, 20.787137433000055], [107.04358605700008, 20.758916639000063], [107.07251823100006, 20.74146386700005], [107.05503748900009, 20.748795764000022], [107.05907388000008, 20.719595413000036], [107.04835582500004, 20.71192730300004], [107.01394835700006, 20.731876056000033], [107.03900484800005, 20.732992599000056], [107.04145806100007, 20.738908534000075], [107.00115229200009, 20.750734614000066], [106.99930143500006, 20.72761477800003], [106.91792536300005, 20.79815026800003], [106.91833938900004, 20.803504055000076], [106.92380739100008, 20.799392346000047], [106.92773350200008, 20.799006874000042], [106.92996067700005, 20.800448827000025], [106.93782717500005, 20.817509562000055], [106.94932390100007, 20.804452019000053], [106.95025123200008, 20.87740229900004], [106.95906008800006, 20.84687916300004]]], [[[107.06081803300003, 20.813337786000034], [107.06166289800007, 20.810477959000025], [107.06014744900006, 20.812053431000038], [107.06081803300003, 20.813337786000034]]], [[[106.91875305900004, 20.823470112000052], [106.93015067700009, 20.80136967800007], [106.92240315200007, 20.80110317900005], [106.91875305900004, 20.823470112000052]]], [[[107.05784975000006, 20.81363557700007], [107.05612484700004, 20.814291424000032], [107.05751085700007, 20.812307498000052], [107.05784975000006, 20.81363557700007]]], [[[106.93847682900008, 20.820026485000028], [106.93847120600009, 20.818404463000036], [106.93630883900005, 20.82073827800008], [106.93847682900008, 20.820026485000028]]], [[[106.93882876500004, 20.82325656000006], [106.94112242900007, 20.824536531000035], [106.94231492800009, 20.822324723000065], [106.93882876500004, 20.82325656000006]]], [[[106.93257972000004, 20.82460708800005], [106.93408356500004, 20.825117302000024], [106.93348696200007, 20.822936838000032], [106.93257972000004, 20.82460708800005]]], [[[106.93508631300006, 20.825684272000046], [106.93521331000005, 20.829726993000065], [106.93907601400008, 20.830218261000027], [106.93508631300006, 20.825684272000046]]], [[[107.05349739800005, 20.83022760700004], [107.05049025200009, 20.82929032100003], [107.05005418000007, 20.83091654800006], [107.05349739800005, 20.83022760700004]]], [[[106.91790717500004, 20.839793902000054], [106.91314901300007, 20.820949900000073], [106.90837977900009, 20.826453204000074], [106.91790717500004, 20.839793902000054]]], [[[106.94676988100008, 20.83891385900006], [106.92752607000006, 20.842668570000058], [106.93709141700003, 20.84650209700004], [106.94676988100008, 20.83891385900006]]], [[[107.05140680000005, 20.841005976000076], [107.04997912400006, 20.838421882000034], [107.04925100900005, 20.843737598000075], [107.05140680000005, 20.841005976000076]]], [[[107.05777623000006, 20.848865086000046], [107.05183537800008, 20.84810458900006], [107.05614622400009, 20.85167573600006], [107.05777623000006, 20.848865086000046]]], [[[107.04989823400007, 20.85131608200004], [107.05306992600003, 20.85069086900006], [107.05189920100008, 20.848943403000078], [107.04989823400007, 20.85131608200004]]], [[[106.94772769900004, 20.850239072000022], [106.94734210200005, 20.851525733000074], [106.94937373700009, 20.850693060000026], [106.94772769900004, 20.850239072000022]]], [[[107.05047743100005, 20.853657758000054], [107.05068059800004, 20.85519659700003], [107.05416792100004, 20.854763338000055], [107.05047743100005, 20.853657758000054]]], [[[107.04998912800005, 20.856110014000024], [107.04533949000006, 20.85154182100007], [107.04322904100007, 20.85741411300006], [107.04998912800005, 20.856110014000024]]], [[[106.87797523400008, 20.84860816500003], [106.89339351800004, 20.871341680000057], [106.89950568800003, 20.84493920400007], [106.87797523400008, 20.84860816500003]]], [[[107.00266834600006, 20.85834429600004], [107.00408076900004, 20.86005200900007], [107.00458628600006, 20.858350463000022], [107.00266834600006, 20.85834429600004]]], [[[106.96051100300008, 20.86323589500006], [106.95579796100009, 20.85880867900005], [106.95658204700004, 20.864948450000043], [106.96051100300008, 20.86323589500006]]], [[[107.05136997900007, 20.86253196800004], [107.05015536400003, 20.860498963000055], [107.04799672100006, 20.86221110400004], [107.05136997900007, 20.86253196800004]]], [[[106.98305223600005, 20.863519978000056], [106.98209673600007, 20.866594004000035], [106.98769213900005, 20.865330177000033], [106.98305223600005, 20.863519978000056]]], [[[107.03577364100005, 20.86602954800003], [107.03723974100006, 20.866173726000056], [107.03626835200004, 20.864387024000052], [107.03577364100005, 20.86602954800003]]], [[[106.99503075600006, 20.864589634000026], [106.99586226300005, 20.868929084000058], [106.99747620900007, 20.863783988000023], [106.99503075600006, 20.864589634000026]]], [[[107.04817817100007, 20.86612328900003], [107.04906878100007, 20.867919366000024], [107.04919735900006, 20.865569123000057], [107.04817817100007, 20.86612328900003]]], [[[107.02780074800006, 20.86684987500007], [107.02696551900004, 20.864402600000062], [107.02498077700005, 20.869142344000068], [107.02780074800006, 20.86684987500007]]], [[[107.03403912100003, 20.86596340400007], [107.03318360300005, 20.866726564000032], [107.03162791000005, 20.86880590100003], [107.03403912100003, 20.86596340400007]]], [[[106.97700349600007, 20.869152976000066], [106.96023788300005, 20.864018044000034], [106.96530807300007, 20.86922246900008], [106.95844179800008, 20.877963542000032], [106.97700349600007, 20.869152976000066]]], [[[106.95916125900004, 20.870950806000053], [106.96235111900006, 20.867486807000034], [106.95842498800005, 20.87208898500006], [106.95916125900004, 20.870950806000053]]], [[[106.94368026500007, 20.870719818000055], [106.94012812800008, 20.870127770000067], [106.94262428700006, 20.872658294000075], [106.94368026500007, 20.870719818000055]]], [[[107.00906080700008, 20.87669868000006], [107.00873167700007, 20.864483488000076], [107.00391027900008, 20.872470127000042], [107.00906080700008, 20.87669868000006]]], [[[107.03212543200004, 20.871203974000025], [107.03184278500004, 20.869217633000062], [107.03056762000006, 20.87225168300006], [107.03212543200004, 20.871203974000025]]], [[[107.04716091500006, 20.869206813000062], [107.03801746100004, 20.868127426000058], [107.03995646200008, 20.876270399000077], [107.04716091500006, 20.869206813000062]]], [[[106.94437446900008, 20.869961439000065], [106.94673202400008, 20.874416878000034], [106.94725780100003, 20.870354134000024], [106.94437446900008, 20.869961439000065]]], [[[107.01726456100005, 20.876339870000038], [107.01810205500004, 20.868060065000066], [107.01274255000004, 20.869307113000048], [107.01726456100005, 20.876339870000038]]], [[[107.02158960100007, 20.870642753000027], [107.02452549100008, 20.874209993000022], [107.02389944400005, 20.870425629000067], [107.02158960100007, 20.870642753000027]]], [[[107.00551150400008, 20.874748908000072], [107.00621654200006, 20.877609954000036], [107.00781342400006, 20.876443519000077], [107.00551150400008, 20.874748908000072]]], [[[106.93992508500008, 20.876746515000036], [106.93398134900008, 20.875460949000058], [106.93827375000006, 20.87942036100003], [106.93992508500008, 20.876746515000036]]], [[[106.97696089100003, 20.87600331300007], [106.97572837000007, 20.877396071000078], [106.97730419700008, 20.877301282000076], [106.97696089100003, 20.87600331300007]]], [[[106.95967507700004, 20.880695347000028], [106.96645339700007, 20.881306779000056], [106.96671278300005, 20.876172507000035], [106.95967507700004, 20.880695347000028]]], [[[107.03131068000005, 20.88273114800006], [107.04017941400008, 20.87713070600006], [107.02928610000004, 20.875340976000075], [107.03131068000005, 20.88273114800006]]], [[[106.97130286800007, 20.87788112800007], [106.97115449600005, 20.885260680000044], [106.97218492000007, 20.87462884000007], [106.97130286800007, 20.87788112800007]]], [[[106.99052547000008, 20.879256542000064], [106.99272080800006, 20.881737754000028], [106.99414625700007, 20.878474805000053], [106.99052547000008, 20.879256542000064]]], [[[106.97992651700008, 20.87115740300004], [106.98566725200004, 20.88194674700003], [106.98714198800008, 20.889949639000065], [106.99467308300007, 20.88804446900002], [106.98606850400006, 20.87939605200006], [106.99656935200005, 20.869911046000027], [106.97992651700008, 20.87115740300004]]], [[[106.96939770500006, 20.879817799000023], [106.96757410200007, 20.881753420000052], [106.97022721900004, 20.88088046000007], [106.96939770500006, 20.879817799000023]]], [[[107.01448550700007, 20.882491214000027], [107.01245243900007, 20.87976730400004], [107.01178331100004, 20.88117001200004], [107.01448550700007, 20.882491214000027]]], [[[106.96103508900006, 20.886365675000036], [106.95457001700004, 20.886088726000025], [106.95381985900008, 20.892076082000074], [106.96103508900006, 20.886365675000036]]], [[[107.00161220900009, 20.89106735000007], [107.01249985700008, 20.884151432000067], [107.00403582100006, 20.879137549000063], [107.00161220900009, 20.89106735000007]]], [[[107.01564500300009, 20.888012169000035], [107.01548575900006, 20.889576015000046], [107.01865926100004, 20.889853971000036], [107.01564500300009, 20.888012169000035]]], [[[106.94791914300004, 20.887969664000025], [106.95208693100005, 20.890228386000047], [106.95332786700004, 20.88913620200003], [106.94791914300004, 20.887969664000025]]], [[[106.99610133000004, 20.887012568000046], [106.99907726800006, 20.89398422000005], [106.99812255700004, 20.886412396000026], [106.99610133000004, 20.887012568000046]]], [[[106.96237680300004, 20.886876725000036], [106.96581604200009, 20.896738932000062], [106.96578967900007, 20.88445603300005], [106.96237680300004, 20.886876725000036]]], [[[106.97422313700008, 20.89437341000007], [106.97141483200005, 20.894017274000078], [106.97285142300007, 20.895655161000036], [106.97422313700008, 20.89437341000007]]], [[[106.99690128700007, 20.895012337000026], [106.99673966000006, 20.89288354300004], [106.99562964800003, 20.893748749000054], [106.99690128700007, 20.895012337000026]]], [[[107.01933723700006, 20.899372258000028], [107.01848218800006, 20.895438710000064], [107.01747081200006, 20.896956456000055], [107.01933723700006, 20.899372258000028]]], [[[107.01149674000004, 20.895987113000047], [107.01548842300008, 20.90017061100008], [107.01261803100004, 20.896977840000034], [107.01519502300005, 20.89536987500003], [107.01149674000004, 20.895987113000047]]], [[[107.00688807000006, 20.897116937000078], [107.00572030200004, 20.901253478000058], [107.00850712400006, 20.898173451000048], [107.00688807000006, 20.897116937000078]]], [[[106.96686120700008, 20.90316933200006], [106.97272267400007, 20.902149173000055], [106.96749629300007, 20.89862482500007], [106.96686120700008, 20.90316933200006]]], [[[107.01010282400006, 20.908257384000024], [107.01359884000004, 20.904031717000066], [107.00999748100008, 20.903315001000067], [107.01010282400006, 20.908257384000024]]], [[[107.01389689000007, 20.908368089000078], [107.02472156900006, 20.903999743000043], [107.02025107800006, 20.899489858000038], [107.01389689000007, 20.908368089000078]]], [[[106.94991540100006, 20.906762617000027], [106.94256881500007, 20.90907664300005], [106.94901120600008, 20.908434188000058], [106.94991540100006, 20.906762617000027]]], [[[106.94679860400004, 20.91331922200004], [106.94686404000004, 20.91015453800003], [106.94375289400006, 20.913914087000023], [106.94679860400004, 20.91331922200004]]], [[[106.94177110100009, 20.913143736000052], [106.94159026200003, 20.914366779000034], [106.94326064300009, 20.91441912700003], [106.94177110100009, 20.913143736000052]]], [[[106.94675607200008, 20.913546758000052], [106.94885832500006, 20.91669478400007], [106.94962570100006, 20.916252205000035], [106.94860134400005, 20.916166544000077], [106.94810522600005, 20.91410355100004], [106.94675607200008, 20.913546758000052]]], [[[106.94900165600006, 20.917106696000076], [106.94951339100004, 20.918665176000047], [106.95116116800006, 20.918760355000074], [106.94900165600006, 20.917106696000076]]], [[[106.97291382700007, 20.935649866000063], [106.99335317100008, 20.915830595000045], [106.97824408900004, 20.914389286000073], [106.97291382700007, 20.935649866000063]]], [[[106.92822913700007, 20.941979656000058], [106.94941833000007, 20.94208663200004], [106.95040071500006, 20.939203863000046], [106.92822913700007, 20.941979656000058]]], [[[106.94365827900003, 20.947142172000042], [106.95579122500004, 20.94860293000005], [106.95839475200006, 20.944604835000064], [106.94365827900003, 20.947142172000042]]], [[[106.92197565100008, 20.958775037000066], [106.92366982700008, 20.956033898000044], [106.92247057900005, 20.952683617000048], [106.92197565100008, 20.958775037000066]]], [[[107.13259537400006, 20.65070438500004], [107.13168469600004, 20.651025262000076], [107.13312205100004, 20.651729944000067], [107.13259537400006, 20.65070438500004]]], [[[107.07708311000005, 20.70296994100005], [107.07351174500008, 20.701909382000053], [107.07439637300007, 20.704404918000023], [107.07708311000005, 20.70296994100005]]], [[[107.06381371900005, 20.712086930000055], [107.06532228400005, 20.712817306000034], [107.06789335700006, 20.711019045000057], [107.06381371900005, 20.712086930000055]]], [[[107.07111961000004, 20.719219398000064], [107.07302775900007, 20.720285757000056], [107.07208340800008, 20.718474852000043], [107.07111961000004, 20.719219398000064]]], [[[107.06492949500006, 20.721414883000023], [107.06386701600007, 20.71785511300004], [107.06323287800006, 20.723765539000055], [107.06492949500006, 20.721414883000023]]], [[[107.08214029900006, 20.719207013000073], [107.07860021000005, 20.72501462200006], [107.08110553100005, 20.72201213200003], [107.08214029900006, 20.719207013000073]]], [[[107.06297612600008, 20.723949395000034], [107.06196595400007, 20.724858700000027], [107.06334220300005, 20.724963556000034], [107.06297612600008, 20.723949395000034]]], [[[107.06884702900004, 20.724548346000063], [107.06891786600005, 20.726918331000036], [107.07080952800004, 20.723728313000038], [107.06884702900004, 20.724548346000063]]], [[[107.07668460500008, 20.729107159000023], [107.08125135200004, 20.73029912800007], [107.08133253300008, 20.72396231700003], [107.07668460500008, 20.729107159000023]]], [[[107.06887051900009, 20.728822269000034], [107.06744269000006, 20.729194489000065], [107.06784983600005, 20.731806490000054], [107.06887051900009, 20.728822269000034]]], [[[107.06160955300004, 20.728626743000063], [107.06328222100007, 20.73457144200006], [107.06951004700005, 20.735877147000053], [107.06524965700004, 20.72795460100002], [107.06768148600008, 20.72653462900007], [107.06160955300004, 20.728626743000063]]], [[[107.07953420400008, 20.735658407000074], [107.08427292200008, 20.734056602000067], [107.08418566500006, 20.731211071000075], [107.07953420400008, 20.735658407000074]]], [[[107.07728180000004, 20.741279683000073], [107.07866757800008, 20.73956806600006], [107.07458010700009, 20.743365744000073], [107.07728180000004, 20.741279683000073]]], [[[107.07259443300006, 20.742995103000055], [107.07068582700003, 20.744167583000035], [107.07313852000004, 20.744061444000067], [107.07259443300006, 20.742995103000055]]], [[[107.08644342700006, 20.745539145000066], [107.07103902600005, 20.758990305000054], [107.07792661000008, 20.756632112000034], [107.08644342700006, 20.745539145000066]]], [[[107.06190822300005, 20.753968749000023], [107.06248517500006, 20.75528846900005], [107.06376035500006, 20.75411013100006], [107.06190822300005, 20.753968749000023]]], [[[107.12744956500006, 20.756068233000065], [107.12523221600009, 20.75573116000004], [107.12655066300005, 20.758412563000036], [107.12744956500006, 20.756068233000065]]], [[[107.06965923200005, 20.757461959000068], [107.06627634700004, 20.75695277400007], [107.06512405900008, 20.75938478000006], [107.06965923200005, 20.757461959000068]]], [[[107.12700418100007, 20.760302583000055], [107.12942742000007, 20.75870496500005], [107.12862914600004, 20.75714735200006], [107.12700418100007, 20.760302583000055]]], [[[107.08180901200006, 20.75864918900004], [107.07745709400007, 20.76010083400007], [107.08109386100006, 20.760317316000055], [107.08180901200006, 20.75864918900004]]], [[[107.12570641100007, 20.761886245000028], [107.12314540500006, 20.75918381200006], [107.12381277600008, 20.762492973000064], [107.12570641100007, 20.761886245000028]]], [[[107.06700208000007, 20.762111275000052], [107.06908138600005, 20.759030420000045], [107.06014938100009, 20.761218128000053], [107.06700208000007, 20.762111275000052]]], [[[107.08718678200006, 20.761722705000068], [107.08333404200005, 20.758980415000053], [107.07935449600006, 20.766593467000064], [107.08718678200006, 20.761722705000068]]], [[[107.12976806500006, 20.76362230500007], [107.13547400800007, 20.76368084300003], [107.13122917200008, 20.757078638000053], [107.12976806500006, 20.76362230500007]]], [[[107.07384294100007, 20.762411309000072], [107.07162674500006, 20.762857933000078], [107.07230061800004, 20.76389037900003], [107.07384294100007, 20.762411309000072]]], [[[107.07850083500006, 20.762112107000064], [107.07557402500004, 20.76429646300005], [107.07888693300004, 20.764353733000064], [107.07850083500006, 20.762112107000064]]], [[[107.09627777300005, 20.76708172900004], [107.09801492300005, 20.76629282300007], [107.09719182300006, 20.76533825100006], [107.09627777300005, 20.76708172900004]]], [[[107.07405295700005, 20.764067066000052], [107.07593186900004, 20.768702751000035], [107.08141473200004, 20.768129095000063], [107.07405295700005, 20.764067066000052]]], [[[107.08788306300005, 20.763266789000056], [107.07937392800005, 20.776155860000074], [107.09621881200007, 20.76926407600007], [107.08788306300005, 20.763266789000056]]], [[[107.09780172500007, 20.767516311000065], [107.10063395100008, 20.774046689000045], [107.09966017600004, 20.768618224000022], [107.09780172500007, 20.767516311000065]]], [[[107.06551265200005, 20.76884284500005], [107.06113920700005, 20.774880997000025], [107.06663038900007, 20.769832954000037], [107.06551265200005, 20.76884284500005]]], [[[107.07151442300005, 20.771866088000024], [107.06664520000004, 20.771573243000034], [107.06889012500005, 20.775020728000072], [107.07151442300005, 20.771866088000024]]], [[[107.07567131000008, 20.774162232000037], [107.07332782800006, 20.77632298900005], [107.07822386600009, 20.773368530000027], [107.07567131000008, 20.774162232000037]]], [[[107.09505326700008, 20.773935738000034], [107.09625035400006, 20.773327704000053], [107.09529865500008, 20.772856873000023], [107.09505326700008, 20.773935738000034]]], [[[107.10156393100004, 20.78124139600004], [107.09939734500006, 20.782830199000045], [107.10056935200004, 20.783959715000037], [107.10156393100004, 20.78124139600004]]], [[[107.13583079900008, 20.798585244000037], [107.12369553200006, 20.768826213000068], [107.11265900600006, 20.80670609200007], [107.13583079900008, 20.798585244000037]]], [[[107.10385966900009, 20.78725390900007], [107.10425931800006, 20.789473694000037], [107.10607893800005, 20.787657481000053], [107.10385966900009, 20.78725390900007]]], [[[107.10188411900003, 20.78910009200007], [107.10139067600005, 20.79097506100004], [107.10503803200004, 20.790029568000023], [107.10188411900003, 20.78910009200007]]], [[[107.10075723800009, 20.80474385800005], [107.10428765400007, 20.805688752000037], [107.10136463500004, 20.803391111000053], [107.10075723800009, 20.80474385800005]]], [[[107.12107801700006, 20.805854241000077], [107.11564074700004, 20.81153193700004], [107.12031166000008, 20.809062475000076], [107.12433664200006, 20.80875874000003], [107.12107801700006, 20.805854241000077]]], [[[107.11945913800008, 20.81191637300003], [107.12225973800008, 20.811069350000025], [107.12210138200004, 20.809421100000066], [107.11945913800008, 20.81191637300003]]], [[[107.09975647600004, 20.81431969600004], [107.10470256100007, 20.808870340000055], [107.09986785500007, 20.811097244000052], [107.09975647600004, 20.81431969600004]]], [[[107.12423064300003, 20.810841869000058], [107.12172216600004, 20.81323384800004], [107.12374212900005, 20.812650364000035], [107.12423064300003, 20.810841869000058]]], [[[107.12728198400004, 20.81094597200007], [107.13055788700007, 20.81231404700003], [107.12861050600009, 20.809931104000043], [107.12728198400004, 20.81094597200007]]], [[[107.11788580300004, 20.81350982600003], [107.11455804500008, 20.813398584000026], [107.11364819800008, 20.816024636000066], [107.11788580300004, 20.81350982600003]]], [[[107.12216039700007, 20.81556405300006], [107.12349452900008, 20.818136975000073], [107.12373888000008, 20.81435127000003], [107.12216039700007, 20.81556405300006]]], [[[107.06938990800006, 20.822217083000055], [107.07032729600007, 20.824345593000032], [107.07154217300007, 20.822152791000065], [107.06938990800006, 20.822217083000055]]], [[[107.07170066800006, 20.82797189200005], [107.07490904700006, 20.825576434000027], [107.07375380100007, 20.826389447000054], [107.06710003400008, 20.822494840000047], [107.06513383100008, 20.824935869000058], [107.07170066800006, 20.82797189200005]]], [[[107.06128762200007, 20.82881418200003], [107.06251455500006, 20.82822711600005], [107.06191118000004, 20.826387820000036], [107.06128762200007, 20.82881418200003]]], [[[107.08786102200008, 20.83083969100005], [107.08791945700005, 20.825759692000076], [107.08618873700004, 20.828981562000024], [107.08786102200008, 20.83083969100005]]], [[[107.06394489500008, 20.831411253000056], [107.06651224700005, 20.828928579000035], [107.06515883000009, 20.827710008000054], [107.06394489500008, 20.831411253000056]]], [[[107.07232349300006, 20.836320968000052], [107.08750721500007, 20.833220663000077], [107.08580761300004, 20.830192187000023], [107.07232349300006, 20.836320968000052]]], [[[107.11017047000007, 20.83670866700004], [107.10872917700004, 20.838046974000065], [107.11076901600006, 20.83774770800005], [107.11017047000007, 20.83670866700004]]], [[[107.12761748400004, 20.835338575000037], [107.11634342100007, 20.840602082000032], [107.11289578300006, 20.84035626000008], [107.11686525100004, 20.842325390000042], [107.12761748400004, 20.835338575000037]]], [[[107.10785372700008, 20.841894714000034], [107.10937320900007, 20.842349324000054], [107.10861571800007, 20.841337156000066], [107.10785372700008, 20.841894714000034]]], [[[107.10888075400004, 20.826170689000037], [107.08347016400006, 20.84130239800004], [107.09590870500006, 20.85801086500004], [107.10888075400004, 20.826170689000037]]], [[[107.12358164900007, 20.844655584000066], [107.12288677400005, 20.843777248000038], [107.12189004000004, 20.84383890600003], [107.12358164900007, 20.844655584000066]]], [[[107.07830598900006, 20.846442654000043], [107.07705573800007, 20.846906055000034], [107.07765413000004, 20.84838469500005], [107.07830598900006, 20.846442654000043]]], [[[107.06320012900005, 20.848053049000043], [107.06196818500007, 20.849463419000074], [107.06361215000004, 20.84959052100004], [107.06320012900005, 20.848053049000043]]], [[[107.07276272300004, 20.850897057000054], [107.07482194600004, 20.850777840000035], [107.07470027900007, 20.84740632300003], [107.07276272300004, 20.850897057000054]]], [[[107.12339412800009, 20.84931651200003], [107.12259526600008, 20.847640280000064], [107.12239306500004, 20.85074888400004], [107.12339412800009, 20.84931651200003]]], [[[107.08530933800006, 20.849494612000058], [107.08383074700004, 20.849795604000064], [107.08460636500007, 20.851366506000033], [107.08530933800006, 20.849494612000058]]], [[[107.10986277700005, 20.85538328900003], [107.11657480500008, 20.855264918000046], [107.11963753000003, 20.85047576200003], [107.10986277700005, 20.85538328900003]]], [[[107.10288953300005, 20.855600409000033], [107.09991411900006, 20.85428117500004], [107.10308881700007, 20.856491152000046], [107.10288953300005, 20.855600409000033]]], [[[107.07060676300006, 20.857027866000067], [107.07208625600003, 20.857311002000074], [107.07110672100004, 20.85605845200007], [107.07060676300006, 20.857027866000067]]], [[[107.09233217100007, 20.860627945000033], [107.09221452800006, 20.858510799000044], [107.09115667200007, 20.85928898000003], [107.09233217100007, 20.860627945000033]]], [[[107.08555932800004, 20.861841312000024], [107.08511423300007, 20.857930731000067], [107.08396599500009, 20.861350832000028], [107.08555932800004, 20.861841312000024]]], [[[107.06766355100007, 20.865815463000047], [107.06663350200006, 20.85734678500006], [107.06428673300007, 20.865193473000033], [107.06766355100007, 20.865815463000047]]], [[[107.09467376700007, 20.860982324000076], [107.09171675500005, 20.862141768000072], [107.09216349500008, 20.86373063900004], [107.09467376700007, 20.860982324000076]]], [[[107.08251360000008, 20.86628698100003], [107.08576363500003, 20.86260298800005], [107.08245520100007, 20.864866448000043], [107.08251360000008, 20.86628698100003]]], [[[107.07195365500007, 20.865191259000028], [107.07032901100007, 20.86602431400007], [107.07219261300008, 20.866242657000043], [107.07195365500007, 20.865191259000028]]], [[[107.11843465100009, 20.869241835000025], [107.11595634000008, 20.872884528000043], [107.11895578600007, 20.87307944300005], [107.11843465100009, 20.869241835000025]]], [[[107.11154728000008, 20.87216502700005], [107.11316590700005, 20.87191279800004], [107.11229887100006, 20.870865717000072], [107.11154728000008, 20.87216502700005]]], [[[107.05926030900008, 20.877696307000065], [107.06793252100005, 20.87257563000003], [107.06527164500005, 20.86683851500004], [107.06063312600008, 20.86779831900003], [107.05724848500006, 20.87484351200004], [107.05926030900008, 20.877696307000065]]], [[[107.11003057000005, 20.873809037000058], [107.11303265800007, 20.87614560700007], [107.11066573800008, 20.87204687800005], [107.11003057000005, 20.873809037000058]]], [[[107.12972064400009, 20.878152642000032], [107.13066521100006, 20.875950277000072], [107.12804879900006, 20.87820623500005], [107.12972064400009, 20.878152642000032]]], [[[107.11006037900006, 20.87791089600006], [107.10886024100006, 20.878596497000046], [107.11059711900003, 20.878936330000045], [107.11006037900006, 20.87791089600006]]], [[[107.11395920000007, 20.879488111000057], [107.11555828100006, 20.87980377200006], [107.11482922900007, 20.878780737000056], [107.11395920000007, 20.879488111000057]]], [[[107.12471188500007, 20.88629601200006], [107.12610285500006, 20.887790944000074], [107.12595967300007, 20.886204832000033], [107.12471188500007, 20.88629601200006]]], [[[107.10972105300004, 20.890990341000077], [107.10598936800005, 20.894646589000047], [107.10918668300008, 20.89463396800005], [107.10972105300004, 20.890990341000077]]], [[[107.12819655700008, 20.89339798700007], [107.12431044900006, 20.89212309900006], [107.12486715900008, 20.894460184000025], [107.12819655700008, 20.89339798700007]]], [[[107.12912521300007, 20.894874353000034], [107.13136989400004, 20.89533900600003], [107.13085543500006, 20.894126921000066], [107.12912521300007, 20.894874353000034]]], [[[107.12857740700008, 20.895218242000055], [107.12740155100005, 20.896088502000055], [107.12969269300004, 20.895930297000064], [107.12857740700008, 20.895218242000055]]], [[[107.10663127500004, 20.896662520000064], [107.10475957300008, 20.895506080000075], [107.10471342100004, 20.89731604700006], [107.10663127500004, 20.896662520000064]]], [[[107.10904478200007, 20.90451592100004], [107.10780245100005, 20.911592037000048], [107.10991079000007, 20.910482476000027], [107.10904478200007, 20.90451592100004]]], [[[107.11888060100006, 20.907155531000058], [107.11648286200005, 20.908863091000057], [107.11797582100007, 20.90905433200004], [107.11888060100006, 20.907155531000058]]], [[[107.11323797800009, 20.908623728000066], [107.11295267500009, 20.912192582000046], [107.11528051300007, 20.910800513000027], [107.11323797800009, 20.908623728000066]]], [[[107.12831596700005, 20.91370442500005], [107.12925078500007, 20.910343546000036], [107.12606758700008, 20.907191356000055], [107.12831596700005, 20.91370442500005]]], [[[107.10277089600004, 20.91366735400004], [107.10388643800007, 20.913248103000058], [107.10230475300006, 20.912215480000043], [107.10277089600004, 20.91366735400004]]], [[[107.11934975300005, 20.91676059400004], [107.11823603800008, 20.914234383000064], [107.11691875300005, 20.917689805000066], [107.11934975300005, 20.91676059400004]]], [[[107.09665125000004, 20.91810318100005], [107.09608584300008, 20.91734118000005], [107.09499259900008, 20.917561102000036], [107.09665125000004, 20.91810318100005]]], [[[107.10941948800007, 20.922668685000076], [107.11030828100007, 20.921002349000048], [107.10925606200004, 20.919673955000064], [107.10941948800007, 20.922668685000076]]], [[[107.09858011300008, 20.920962023000072], [107.10118489100006, 20.92397847600006], [107.10075452400008, 20.92153004100004], [107.09858011300008, 20.920962023000072]]], [[[107.08563002800008, 20.92311083800007], [107.08555163100004, 20.92662596400004], [107.08757702500009, 20.923861308000028], [107.08563002800008, 20.92311083800007]]], [[[107.12895876600004, 20.927810226000076], [107.13572690800004, 20.932858040000042], [107.13293422800007, 20.928144323000026], [107.12895876600004, 20.927810226000076]]], [[[107.10704051800008, 20.928287328000067], [107.10627561000007, 20.92755518900003], [107.10725453600008, 20.933306986000048], [107.10704051800008, 20.928287328000067]]], [[[107.09698416900005, 20.936399772000073], [107.09816565300008, 20.94123916700005], [107.09499458100004, 20.930289467000023], [107.09698416900005, 20.936399772000073]]], [[[107.08098519000004, 20.934979871000053], [107.07735962300006, 20.935634900000025], [107.08064677500005, 20.938053109000066], [107.08098519000004, 20.934979871000053]]], [[[107.07730284800004, 20.93725954200005], [107.07581059700004, 20.937247909000064], [107.07655117100006, 20.940307921000056], [107.07730284800004, 20.93725954200005]]], [[[107.08130203800005, 20.938581261000024], [107.07944793400009, 20.942162008000025], [107.08170178700004, 20.939673434000042], [107.08130203800005, 20.938581261000024]]], [[[107.08455000200007, 20.94754707000004], [107.08986095900008, 20.94232891200005], [107.08491406000007, 20.93746767300007], [107.08298669600003, 20.941143941000064], [107.08455000200007, 20.94754707000004]]], [[[107.09392034000007, 20.945241877000058], [107.09670002100006, 20.941962294000064], [107.09653292900003, 20.940227367000034], [107.09392034000007, 20.945241877000058]]], [[[107.09222076600008, 20.94287265500003], [107.09243400300005, 20.94450878500004], [107.09359380200004, 20.943451655000047], [107.09222076600008, 20.94287265500003]]], [[[107.14704742200007, 20.613592734000065], [107.15064108900003, 20.61597144800004], [107.15092070400004, 20.61321778100006], [107.14704742200007, 20.613592734000065]]], [[[107.14268529600008, 20.619377986000075], [107.13624117500007, 20.620165719000056], [107.13920013100005, 20.62061921700007], [107.14268529600008, 20.619377986000075]]], [[[107.13514734100005, 20.621678683000027], [107.13660267600005, 20.62259758600004], [107.13795171000004, 20.62152823300005], [107.13514734100005, 20.621678683000027]]], [[[107.13690235100006, 20.624078779000058], [107.13462180600004, 20.622446006000075], [107.13448631200004, 20.625197796000066], [107.13690235100006, 20.624078779000058]]], [[[107.15389105000008, 20.625491754000052], [107.16170597500007, 20.62627446500005], [107.16006702300007, 20.620282306000036], [107.15389105000008, 20.625491754000052]]], [[[107.16000596000003, 20.627816017000043], [107.16184451100008, 20.627782714000034], [107.16077604800006, 20.626863894000053], [107.16000596000003, 20.627816017000043]]], [[[107.15084438200006, 20.73495703100002], [107.15074212000007, 20.737198036000052], [107.15215169900006, 20.73650030700003], [107.15084438200006, 20.73495703100002]]], [[[107.15510545300003, 20.737987634000035], [107.15300308600007, 20.738945440000066], [107.15280022500008, 20.740692987000045], [107.15510545300003, 20.737987634000035]]], [[[107.16066948600007, 20.74211640900006], [107.15681395500008, 20.74214930100004], [107.15758387000005, 20.743927168000027], [107.16066948600007, 20.74211640900006]]], [[[107.14654894600005, 20.741755542000078], [107.14739085200006, 20.74353834300007], [107.14955704800008, 20.741448967000053], [107.14654894600005, 20.741755542000078]]], [[[107.14964096800009, 20.74264809600004], [107.15032007900004, 20.745231920000037], [107.15108196500006, 20.74419051500007], [107.14964096800009, 20.74264809600004]]], [[[107.19249105100005, 20.747095814000033], [107.19337113700004, 20.74834757700006], [107.19372474000005, 20.746561979000035], [107.19249105100005, 20.747095814000033]]], [[[107.14434247100007, 20.749536763000037], [107.14708557300008, 20.748471361000043], [107.14589128200004, 20.74732935000003], [107.14434247100007, 20.749536763000037]]], [[[107.13944663900008, 20.745796966000057], [107.14593051800006, 20.743820690000064], [107.12982397100006, 20.74021567400007], [107.12633024200005, 20.751269861000026], [107.13896599000009, 20.76195982400003], [107.13566484000006, 20.765061950000074], [107.14375288600007, 20.767109075000064], [107.13944663900008, 20.745796966000057]]], [[[107.14972786000004, 20.756190900000036], [107.14492111900006, 20.755288635000056], [107.14648178100003, 20.759501189000048], [107.14972786000004, 20.756190900000036]]], [[[107.15279498400008, 20.753385734000062], [107.14909315900007, 20.76149408300006], [107.15420223000007, 20.75333531800004], [107.15304602900005, 20.749751995000054], [107.15279498400008, 20.753385734000062]]], [[[107.13181739700008, 20.77156684600004], [107.13344472000006, 20.772097334000023], [107.13286999600007, 20.770950611000046], [107.13181739700008, 20.77156684600004]]], [[[107.14484442800006, 20.771661935000054], [107.14391936300007, 20.770365861000073], [107.14442959900003, 20.773248332000037], [107.14484442800006, 20.771661935000054]]], [[[107.18149691700006, 20.77620526800007], [107.18712284600008, 20.771866240000065], [107.18070126200007, 20.77345642800003], [107.18149691700006, 20.77620526800007]]], [[[107.13143498900007, 20.776161228000035], [107.13434409900009, 20.773492119000025], [107.13165874200007, 20.774191490000078], [107.13143498900007, 20.776161228000035]]], [[[107.17529564600005, 20.775322808000055], [107.17330533400008, 20.774430382000048], [107.17451634900004, 20.776140974000043], [107.17529564600005, 20.775322808000055]]], [[[107.16992628000008, 20.775674734000063], [107.17393452700009, 20.779381516000058], [107.17469002100006, 20.778519951000078], [107.16992628000008, 20.775674734000063]]], [[[107.13967249500007, 20.784389485000077], [107.13843976300006, 20.787466790000053], [107.14211312900005, 20.78402621600003], [107.13967249500007, 20.784389485000077]]], [[[107.13722378500006, 20.789212595000038], [107.13792108500007, 20.790901243000064], [107.13878408300008, 20.789259698000023], [107.13722378500006, 20.789212595000038]]], [[[107.17600163900005, 20.799300661000075], [107.17970933700008, 20.796437928000046], [107.17203631500007, 20.79415535800007], [107.17600163900005, 20.799300661000075]]], [[[107.18319980000007, 20.802462642000023], [107.18246568700005, 20.80388892900004], [107.18429237200007, 20.80468912400005], [107.18319980000007, 20.802462642000023]]], [[[107.13428094200003, 20.80378828100004], [107.13627650100005, 20.80521236900006], [107.13504426400004, 20.803199187000075], [107.13428094200003, 20.80378828100004]]], [[[107.17433755500008, 20.807832474000065], [107.17304768300005, 20.80728161600007], [107.16949240700006, 20.80967061700005], [107.17433755500008, 20.807832474000065]]], [[[107.18651269600008, 20.808674894000035], [107.18974136800006, 20.809663272000023], [107.18661170900003, 20.80505241900005], [107.18651269600008, 20.808674894000035]]], [[[107.16814742500009, 20.808301201000063], [107.16643039200005, 20.810560793000036], [107.16873194500005, 20.810147048000033], [107.16814742500009, 20.808301201000063]]], [[[107.17765841300007, 20.809719221000023], [107.17365453900004, 20.81081904200005], [107.17751108700008, 20.81241349100003], [107.17765841300007, 20.809719221000023]]], [[[107.17596275800008, 20.813447127000074], [107.17797038000003, 20.817180547000078], [107.17955095600007, 20.815502254000023], [107.17596275800008, 20.813447127000074]]], [[[107.17070703200005, 20.811608161000038], [107.16708753500006, 20.82164294200004], [107.17435474200005, 20.814219390000062], [107.17070703200005, 20.811608161000038]]], [[[107.13524929000005, 20.82079262900004], [107.13688603000008, 20.820519404000038], [107.13640140900009, 20.819146310000065], [107.13524929000005, 20.82079262900004]]], [[[107.17096850800004, 20.824157193000076], [107.17456279100008, 20.824734985000077], [107.18088256500005, 20.820893668000053], [107.17609601100008, 20.818980660000022], [107.17096850800004, 20.824157193000076]]], [[[107.14313046300003, 20.826666481000075], [107.14446192500009, 20.822932828000035], [107.14112022800003, 20.825664174000053], [107.14313046300003, 20.826666481000075]]], [[[107.18044244000004, 20.82470170000005], [107.18090732400009, 20.82569323000007], [107.18173188600008, 20.824539918000028], [107.18044244000004, 20.82470170000005]]], [[[107.17834969000006, 20.824853104000056], [107.17992519600006, 20.828199120000022], [107.17959173500009, 20.82502430100004], [107.17834969000006, 20.824853104000056]]], [[[107.18498078100004, 20.829020555000056], [107.18587809100006, 20.831645510000044], [107.18666437300004, 20.83094682600006], [107.18498078100004, 20.829020555000056]]], [[[107.13789337300005, 20.829693526000028], [107.13941454600007, 20.834811840000043], [107.14081078100008, 20.833373996000034], [107.13789337300005, 20.829693526000028]]], [[[107.17154653800009, 20.834146404000023], [107.16663578900005, 20.82748674100003], [107.15817144900006, 20.83499609100005], [107.16604351800004, 20.835168848000023], [107.16859550200007, 20.839795958000025], [107.16716769400006, 20.843614770000045], [107.17154653800009, 20.834146404000023]]], [[[107.16491028100006, 20.83740444500006], [107.16688148900005, 20.838160897000023], [107.16629666500006, 20.836706294000066], [107.16491028100006, 20.83740444500006]]], [[[107.16256970500007, 20.840887501000054], [107.16131699300007, 20.841558747000022], [107.16581104300008, 20.842182576000027], [107.16256970500007, 20.840887501000054]]], [[[107.18983714500007, 20.839299349000044], [107.18878756800007, 20.83849437400005], [107.18714313900006, 20.83962605200003], [107.18983714500007, 20.839299349000044]]], [[[107.19225281400008, 20.839953561000073], [107.19374571400004, 20.84231097600008], [107.19571416500008, 20.841407488000073], [107.19225281400008, 20.839953561000073]]], [[[107.15936132300004, 20.83907827200005], [107.15766989800005, 20.844797742000026], [107.15881621000005, 20.844178154000076], [107.15936132300004, 20.83907827200005]]], [[[107.15392370500007, 20.845828288000064], [107.15232713700004, 20.841234345000032], [107.15082344800004, 20.845117753000068], [107.15392370500007, 20.845828288000064]]], [[[107.16451083100009, 20.84602251000007], [107.16491453800006, 20.844202092000046], [107.16142987800004, 20.844725121000067], [107.16451083100009, 20.84602251000007]]], [[[107.15883024000004, 20.845161346000054], [107.15559193800004, 20.847899899000026], [107.15951914200008, 20.84825382300005], [107.15883024000004, 20.845161346000054]]], [[[107.17319282900007, 20.845671528000025], [107.18750691500009, 20.843140213000027], [107.18639677600004, 20.84036558400004], [107.17319282900007, 20.845671528000025]]], [[[107.18888263300005, 20.85747395100003], [107.19053205000006, 20.857916214000056], [107.18942931100008, 20.856573894000064], [107.18888263300005, 20.85747395100003]]], [[[107.14965545500007, 20.85533978600006], [107.14785809200004, 20.86180155200003], [107.15235898100008, 20.859303668000052], [107.14965545500007, 20.85533978600006]]], [[[107.18320834800005, 20.85961356000007], [107.18129641800004, 20.859739613000045], [107.18109745800007, 20.860962160000042], [107.18320834800005, 20.85961356000007]]], [[[107.12757167500007, 20.861830114000043], [107.13529875300009, 20.861818904000074], [107.13872669800008, 20.858773491000022], [107.12757167500007, 20.861830114000043]]], [[[107.17482356400006, 20.86412573900003], [107.17720269200004, 20.86382442200005], [107.17646302800006, 20.86261391200003], [107.17482356400006, 20.86412573900003]]], [[[107.15145325200007, 20.862530453000034], [107.15132212800006, 20.864467243000036], [107.15229786100008, 20.863919085000077], [107.15145325200007, 20.862530453000034]]], [[[107.16474068500008, 20.866083657000047], [107.16808738900005, 20.862754125000038], [107.16082399500004, 20.864913159000025], [107.16474068500008, 20.866083657000047]]], [[[107.13697096300007, 20.866287199000055], [107.13779921600008, 20.864701151000077], [107.13651358000004, 20.864023945000042], [107.13697096300007, 20.866287199000055]]], [[[107.19619344900008, 20.86596595800006], [107.19360960900008, 20.86835650100005], [107.19602010700004, 20.870191139000042], [107.19619344900008, 20.86596595800006]]], [[[107.14840831800007, 20.86703439100006], [107.13847996500004, 20.86827960900007], [107.14908201800006, 20.86309614000004], [107.14840831800007, 20.86703439100006]]], [[[107.15689702500003, 20.87289277800005], [107.15847717300005, 20.87319870300007], [107.15744671800007, 20.872108972000035], [107.15689702500003, 20.87289277800005]]], [[[107.18076868500003, 20.873320384000067], [107.18054530300009, 20.871605902000056], [107.17949461900008, 20.873890200000062], [107.18076868500003, 20.873320384000067]]], [[[107.18650337100007, 20.87772456600004], [107.18262910800007, 20.874585637000052], [107.18440718300008, 20.877649604000055], [107.18650337100007, 20.87772456600004]]], [[[107.13667313700006, 20.87847682000006], [107.14020717700004, 20.871505557000035], [107.13671496900008, 20.871340649000047], [107.13667313700006, 20.87847682000006]]], [[[107.13417617900006, 20.87289838600003], [107.13206848100003, 20.87661937200005], [107.13529630300008, 20.87572898700006], [107.13417617900006, 20.87289838600003]]], [[[107.16808340200004, 20.877278524000076], [107.16704554200004, 20.878131119000045], [107.16791893300007, 20.879361009000036], [107.16808340200004, 20.877278524000076]]], [[[107.17291556500004, 20.877910617000055], [107.16892209100007, 20.878800760000047], [107.17163843500003, 20.881065630000023], [107.17291556500004, 20.877910617000055]]], [[[107.17280783700005, 20.88123334100004], [107.17535351500004, 20.879741052000043], [107.17380224100003, 20.877351910000073], [107.17280783700005, 20.88123334100004]]], [[[107.16830762900008, 20.882056870000042], [107.16987215700004, 20.882657589000075], [107.16946655300006, 20.88149473200008], [107.16830762900008, 20.882056870000042]]], [[[107.13999603900004, 20.882534177000025], [107.13862697700006, 20.88243465200003], [107.14034310600005, 20.88361875800007], [107.13999603900004, 20.882534177000025]]], [[[107.17953776000007, 20.88129366900006], [107.17947118700005, 20.88476177000007], [107.18125157800006, 20.881454287000054], [107.17953776000007, 20.88129366900006]]], [[[107.17539347000007, 20.882514369000035], [107.17396926600009, 20.883554400000037], [107.17512757900005, 20.885656625000024], [107.17539347000007, 20.882514369000035]]], [[[107.18409909000007, 20.884702787000037], [107.18281214000007, 20.884463615000072], [107.18377178000009, 20.88627630800005], [107.18409909000007, 20.884702787000037]]], [[[107.18591074300008, 20.88624896500005], [107.18729099900008, 20.88754521100003], [107.18826615300009, 20.88638902200006], [107.18591074300008, 20.88624896500005]]], [[[107.19106982000005, 20.889275072000032], [107.19247094500008, 20.889330148000056], [107.18980124200004, 20.888590500000078], [107.19106982000005, 20.889275072000032]]], [[[107.17032472500006, 20.893638458000055], [107.16767036500005, 20.892223521000062], [107.16893914700006, 20.894139019000022], [107.17032472500006, 20.893638458000055]]], [[[107.15686590200005, 20.89247382700006], [107.15714711800007, 20.890964754000038], [107.15582180800004, 20.897798859000034], [107.15686590200005, 20.89247382700006]]], [[[107.14918367800004, 20.893585683000026], [107.15001464300008, 20.896934540000075], [107.15074125200005, 20.892971242000044], [107.14918367800004, 20.893585683000026]]], [[[107.16946724500008, 20.897171599000046], [107.16742679300006, 20.89844739700004], [107.16939523300005, 20.898479205000058], [107.16946724500008, 20.897171599000046]]], [[[107.16405540300008, 20.902664481000045], [107.16573392400005, 20.898876260000065], [107.16260299700008, 20.89863845900004], [107.16405540300008, 20.902664481000045]]], [[[107.13834092800005, 20.90220947100005], [107.13960129700007, 20.903013904000034], [107.14100422900009, 20.901566909000053], [107.13834092800005, 20.90220947100005]]], [[[107.14989537400004, 20.903400936000025], [107.15220434700007, 20.904215905000058], [107.15082098600004, 20.901771525000072], [107.14989537400004, 20.903400936000025]]], [[[107.14125123200006, 20.909636655000043], [107.14079309600004, 20.906970113000057], [107.14019907600004, 20.911183188000052], [107.14125123200006, 20.909636655000043]]], [[[107.15483977000008, 20.907781517000046], [107.14868213100004, 20.911146719000044], [107.15242847400003, 20.91292703700003], [107.15483977000008, 20.907781517000046]]], [[[107.14850448300007, 20.912695291000034], [107.14674774700006, 20.913841972000057], [107.14902656000004, 20.91428182900006], [107.14850448300007, 20.912695291000034]]], [[[107.14942151100007, 20.916579025000033], [107.14846966900006, 20.916958403000024], [107.15057373300004, 20.91803419100006], [107.14942151100007, 20.916579025000033]]], [[[107.16606202700007, 20.92142416400003], [107.16494792700007, 20.920175146000076], [107.16479853300007, 20.92210231000007], [107.16606202700007, 20.92142416400003]]], [[[107.18017986600006, 20.92307895400006], [107.18233738400005, 20.923732528000073], [107.18225595800004, 20.92228603700005], [107.18017986600006, 20.92307895400006]]], [[[107.13794052300005, 20.92815553300005], [107.13689958000003, 20.930530615000066], [107.13902821600004, 20.930922085000077], [107.13794052300005, 20.92815553300005]]], [[[107.15462617900005, 20.931054794000033], [107.16466988400003, 20.934566879000045], [107.15414790700004, 20.92438040600007], [107.15462617900005, 20.931054794000033]]], [[[107.15341220300007, 20.932543550000048], [107.15007803200007, 20.934441812000046], [107.15414853100003, 20.934746392000022], [107.15341220300007, 20.932543550000048]]], [[[107.17016970700007, 20.934132755000064], [107.17105486600008, 20.93376631800004], [107.16487302700006, 20.932119731000057], [107.17016970700007, 20.934132755000064]]], [[[107.14413628900007, 20.93596586800004], [107.15034359300006, 20.937845527000036], [107.14780680400008, 20.931037805000074], [107.14413628900007, 20.93596586800004]]], [[[107.19224555300008, 20.938313270000037], [107.18684893500006, 20.93632880000007], [107.19158882200009, 20.940331053000023], [107.19224555300008, 20.938313270000037]]], [[[107.19295436700008, 20.934932068000023], [107.19989049600008, 20.93791710200003], [107.19965255000005, 20.935068887000057], [107.19295436700008, 20.934932068000023]]], [[[107.19093328000008, 20.941583046000062], [107.16899346000008, 20.937146144000053], [107.16621543900004, 20.937776702000065], [107.16961806800003, 20.94309479700007], [107.17319320900003, 20.943178078000074], [107.17305401000004, 20.946256307000056], [107.19093328000008, 20.941583046000062]]], [[[107.19384169500006, 20.94226867800006], [107.19128377500004, 20.944564858000035], [107.19322898400009, 20.94521326100005], [107.19384169500006, 20.94226867800006]]], [[[107.16725843600005, 20.94020355300006], [107.16589024600006, 20.94520637000005], [107.16781166100009, 20.943201674000022], [107.16725843600005, 20.94020355300006]]], [[[107.15934943700006, 20.940021735000073], [107.15946246200008, 20.944721171000026], [107.16416189700004, 20.945524239000065], [107.15934943700006, 20.940021735000073]]], [[[107.17166638800006, 20.945420522000063], [107.16843032100007, 20.944076126000027], [107.17034578700009, 20.94633066600005], [107.17166638800006, 20.945420522000063]]], [[[107.18730142900006, 20.944637431000046], [107.18738114100006, 20.946088902000042], [107.19053630700006, 20.945660599000064], [107.18730142900006, 20.944637431000046]]], [[[107.18328583500005, 20.947918035000043], [107.18362548500005, 20.944037629000036], [107.18246603000006, 20.944284608000032], [107.18328583500005, 20.947918035000043]]], [[[107.19343206900004, 20.947562362000042], [107.20119755200005, 20.961674146000064], [107.19811374200003, 20.948786436000034], [107.19343206900004, 20.947562362000042]]], [[[107.20908767400005, 20.613664564000032], [107.20189182100006, 20.615870796000024], [107.20402408800004, 20.61815525800006], [107.20908767400005, 20.613664564000032]]], [[[107.27417429400003, 20.816735941000047], [107.27379390000004, 20.819215662000033], [107.27563694900005, 20.820006034000073], [107.27417429400003, 20.816735941000047]]], [[[107.26541593200005, 20.81858726300004], [107.26345436700007, 20.82060501500007], [107.26515217800005, 20.820280839000077], [107.26541593200005, 20.81858726300004]]], [[[107.22369752000009, 20.81987064300006], [107.22557857600003, 20.82081990100005], [107.22423642500007, 20.818889971000033], [107.22369752000009, 20.81987064300006]]], [[[107.23129032500009, 20.82048604000005], [107.23322102500003, 20.821672653000064], [107.23431147400004, 20.820598087000064], [107.23129032500009, 20.82048604000005]]], [[[107.22408027200004, 20.82081777700006], [107.22345180500008, 20.82197278500007], [107.22526907700006, 20.821711101000062], [107.22408027200004, 20.82081777700006]]], [[[107.25427351900004, 20.822151688000076], [107.25556111500003, 20.824486918000048], [107.25751019500007, 20.823767747000034], [107.25427351900004, 20.822151688000076]]], [[[107.27089559300003, 20.82516915800005], [107.27438901200009, 20.826752492000026], [107.27214147200004, 20.822557252000024], [107.27089559300003, 20.82516915800005]]], [[[107.21164221100008, 20.824740870000028], [107.21487242200004, 20.825585243000035], [107.21442283900006, 20.824181363000037], [107.21164221100008, 20.824740870000028]]], [[[107.28077812100008, 20.825101618000076], [107.28065271900005, 20.828502395000044], [107.28211402300008, 20.827791971000067], [107.28077812100008, 20.825101618000076]]], [[[107.22575267100007, 20.827373712000053], [107.22732487300004, 20.828195223000023], [107.22753764800007, 20.82676480500004], [107.22575267100007, 20.827373712000053]]], [[[107.26875860100006, 20.828419005000057], [107.27026421100004, 20.828097408000076], [107.26781527600008, 20.827647263000074], [107.26875860100006, 20.828419005000057]]], [[[107.22439203100004, 20.830320003000054], [107.22008585100008, 20.831876838000028], [107.22481793500003, 20.832767173000036], [107.22439203100004, 20.830320003000054]]], [[[107.25862769600008, 20.83192539500004], [107.26184390800006, 20.83215444500007], [107.26009317300009, 20.831091852000043], [107.25862769600008, 20.83192539500004]]], [[[107.22250679900009, 20.834737493000034], [107.21834736600005, 20.835669937000034], [107.22186274200004, 20.836027054000056], [107.22250679900009, 20.834737493000034]]], [[[107.26237024800008, 20.837274098000023], [107.25879941600004, 20.83481819900004], [107.25879254300008, 20.83650702600005], [107.26237024800008, 20.837274098000023]]], [[[107.20614694900007, 20.842170046000035], [107.20904311300006, 20.83774281500007], [107.20356932400006, 20.83902160200006], [107.20614694900007, 20.842170046000035]]], [[[107.21314573200004, 20.842692783000075], [107.21204427600009, 20.844720477000067], [107.21325006000006, 20.844485306000024], [107.21314573200004, 20.842692783000075]]], [[[107.29637062400008, 20.845188646000054], [107.28421864200004, 20.83629651600006], [107.26901388600004, 20.834882340000036], [107.28111117400005, 20.841437493000058], [107.28380473800007, 20.848966304000044], [107.28011818900006, 20.851044098000045], [107.27958276900006, 20.854244206000033], [107.28660395300005, 20.84968417400006], [107.28522918100003, 20.843104424000046], [107.29637062400008, 20.845188646000054]]], [[[107.20855911800004, 20.843777163000027], [107.20927809500006, 20.844939304000036], [107.20975733700004, 20.843029452000053], [107.20855911800004, 20.843777163000027]]], [[[107.28732335200004, 20.844375764000063], [107.28651942700009, 20.84552347700003], [107.28769552300008, 20.846116832000064], [107.28732335200004, 20.844375764000063]]], [[[107.25259304200006, 20.851827532000073], [107.25292523200005, 20.842756476000034], [107.24414479800004, 20.84834803800004], [107.25259304200006, 20.851827532000073]]], [[[107.27653510200008, 20.852639579000027], [107.28095507100005, 20.847842952000065], [107.27008514100004, 20.84564036200004], [107.27653510200008, 20.852639579000027]]], [[[107.28972033200006, 20.851702473000046], [107.29225348900007, 20.852375860000052], [107.28873031200004, 20.849071151000032], [107.28972033200006, 20.851702473000046]]], [[[107.27117622500003, 20.853536636000058], [107.26615206700006, 20.85050224400004], [107.26709050600005, 20.854404567000074], [107.27117622500003, 20.853536636000058]]], [[[107.28844858800005, 20.854271865000044], [107.28689799100005, 20.85140190900006], [107.28644754400005, 20.854113979000033], [107.28844858800005, 20.854271865000044]]], [[[107.27342290600006, 20.85202890100004], [107.27406993000005, 20.85501944400005], [107.27477883500006, 20.852880252000034], [107.27342290600006, 20.85202890100004]]], [[[107.29611625600006, 20.85429212100007], [107.29380627600005, 20.853216019000058], [107.29481046200004, 20.854617059000077], [107.29611625600006, 20.85429212100007]]], [[[107.28884593200007, 20.85454327800005], [107.28913834700006, 20.85653820300007], [107.29146234300003, 20.85638412700007], [107.28884593200007, 20.85454327800005]]], [[[107.28674117800006, 20.85511277200004], [107.28418147600007, 20.858111232000056], [107.28787147800006, 20.858359602000064], [107.28674117800006, 20.85511277200004]]], [[[107.24783458300004, 20.85670812500007], [107.24816149000009, 20.855602861000023], [107.24666211500005, 20.85675033900003], [107.24783458300004, 20.85670812500007]]], [[[107.26904924000007, 20.85904282100006], [107.26994707500006, 20.855678565000062], [107.26798438200007, 20.85760323200003], [107.26904924000007, 20.85904282100006]]], [[[107.29325006200008, 20.85807072800003], [107.29582367900008, 20.859548407000034], [107.29416869500005, 20.85667226000004], [107.29325006200008, 20.85807072800003]]], [[[107.25357505000005, 20.859828073000074], [107.25278190300008, 20.85844213100006], [107.25180106400006, 20.859824615000036], [107.25357505000005, 20.859828073000074]]], [[[107.22561876900005, 20.860518257000024], [107.22713842300004, 20.858781011000076], [107.22448548600005, 20.858128514000043], [107.22561876900005, 20.860518257000024]]], [[[107.26089586800003, 20.859210078000046], [107.26250414700007, 20.861057850000066], [107.26334374600003, 20.86012708100003], [107.26089586800003, 20.859210078000046]]], [[[107.22378603000004, 20.860928527000056], [107.22132151800008, 20.860350100000062], [107.21903190800003, 20.866756656000064], [107.22378603000004, 20.860928527000056]]], [[[107.24836578300005, 20.861642052000036], [107.24646366900004, 20.860727234000024], [107.24813391700008, 20.863363727000035], [107.24836578300005, 20.861642052000036]]], [[[107.28181134200008, 20.86281056200005], [107.28321684800005, 20.862576295000054], [107.28248538600008, 20.861878304000072], [107.28181134200008, 20.86281056200005]]], [[[107.21328689800004, 20.861675212000023], [107.21047128100008, 20.861779512000055], [107.21311892800009, 20.865001568000025], [107.21328689800004, 20.861675212000023]]], [[[107.26576178300007, 20.85905668500004], [107.27263594200008, 20.866322875000037], [107.27405669800004, 20.859895907000066], [107.26576178300007, 20.85905668500004]]], [[[107.23206723700008, 20.862075422000032], [107.22865574200006, 20.859639129000072], [107.22290293300006, 20.866660073000048], [107.23206723700008, 20.862075422000032]]], [[[107.19918600800008, 20.86311217900004], [107.19664625900003, 20.86480677800006], [107.19874514200006, 20.865085174000058], [107.19918600800008, 20.86311217900004]]], [[[107.23233230500006, 20.863426020000077], [107.23451595400007, 20.865895065000075], [107.23469705300005, 20.863017287000048], [107.23233230500006, 20.863426020000077]]], [[[107.27806499900004, 20.864996847000043], [107.28602844900007, 20.866253650000033], [107.27987140400006, 20.862914164000074], [107.27806499900004, 20.864996847000043]]], [[[107.25883325400008, 20.861695573000077], [107.25708896700007, 20.867877452000073], [107.26089383300007, 20.868531887000074], [107.25883325400008, 20.861695573000077]]], [[[107.20781739300008, 20.863068808000037], [107.21142412600005, 20.866431098000078], [107.20968722100008, 20.86250193500007], [107.20781739300008, 20.863068808000037]]], [[[107.21748917900004, 20.868693049000058], [107.21618518900004, 20.862282175000075], [107.21133227800004, 20.868789740000068], [107.21748917900004, 20.868693049000058]]], [[[107.20261544200008, 20.865476356000045], [107.20113631400005, 20.868073263000042], [107.20264674300006, 20.86761284100004], [107.20261544200008, 20.865476356000045]]], [[[107.24433148300005, 20.865508155000043], [107.23913385000009, 20.866193844000065], [107.23940884500007, 20.869305182000062], [107.24433148300005, 20.865508155000043]]], [[[107.22892398000005, 20.86888822900005], [107.22878008800006, 20.865960061000067], [107.22718486900004, 20.868690400000048], [107.22892398000005, 20.86888822900005]]], [[[107.27794894400006, 20.866143042000033], [107.27843816400008, 20.867373178000037], [107.27984800600007, 20.87035785000006], [107.27999179800008, 20.86739671400005], [107.27794894400006, 20.866143042000033]]], [[[107.28156927600008, 20.869345450000026], [107.28298515500006, 20.868881355000042], [107.28237310700007, 20.867609989000073], [107.28156927600008, 20.869345450000026]]], [[[107.22254665500009, 20.869821925000053], [107.22099589800007, 20.870456485000034], [107.22252477400008, 20.871759806000057], [107.22254665500009, 20.869821925000053]]], [[[107.26404688100007, 20.86907713200003], [107.26545445500005, 20.87229211500005], [107.26753034000006, 20.86947600600007], [107.26404688100007, 20.86907713200003]]], [[[107.23581905500004, 20.870263699000077], [107.23925928800008, 20.874389634000067], [107.23807088100006, 20.867868245000068], [107.23581905500004, 20.870263699000077]]], [[[107.27699022600007, 20.871235225000078], [107.27493437200008, 20.87537016400006], [107.27871028900006, 20.87293479400006], [107.27699022600007, 20.871235225000078]]], [[[107.23353979200004, 20.878727130000073], [107.23452829600006, 20.872622104000072], [107.23088348000005, 20.876638139000022], [107.23353979200004, 20.878727130000073]]], [[[107.19416440500004, 20.871741403000044], [107.19275891400008, 20.886887539000043], [107.19454334200009, 20.88289602900005], [107.21356665300004, 20.87337380300005], [107.19416440500004, 20.871741403000044]]], [[[107.22415995200004, 20.875480924000044], [107.22556001600009, 20.877000503000033], [107.22534469300007, 20.874733178000042], [107.22415995200004, 20.875480924000044]]], [[[107.21451742800008, 20.87537394900005], [107.22071695900007, 20.87895114400004], [107.21790424000005, 20.871843811000076], [107.21451742800008, 20.87537394900005]]], [[[107.28223916900004, 20.875247537000064], [107.28050853400003, 20.879174508000062], [107.28317236600009, 20.876188409000065], [107.28223916900004, 20.875247537000064]]], [[[107.21237445800006, 20.879009015000065], [107.21389806100007, 20.878464621000035], [107.21311152600003, 20.877881695000042], [107.21237445800006, 20.879009015000065]]], [[[107.20855517900009, 20.87815974600005], [107.20443367000007, 20.879194565000034], [107.20600579400008, 20.885911236000027], [107.20855517900009, 20.87815974600005]]], [[[107.20895130700006, 20.885739384000033], [107.21259212100006, 20.88109684400007], [107.20872063000007, 20.882976172000042], [107.20895130700006, 20.885739384000033]]], [[[107.20035421300008, 20.889642535000064], [107.20083698800005, 20.88361318500006], [107.19782232600005, 20.88557054300003], [107.20035421300008, 20.889642535000064]]], [[[107.29103365500004, 20.902439836000042], [107.28742031400009, 20.90352456200003], [107.28696372300004, 20.90579296100003], [107.29103365500004, 20.902439836000042]]], [[[107.26226783600004, 20.90956785800006], [107.25930020300007, 20.913107659000048], [107.26376989200008, 20.91099262800003], [107.26226783600004, 20.90956785800006]]], [[[107.28412534400007, 20.92836613000003], [107.28309705000004, 20.92772171000007], [107.28135375500005, 20.92918878300003], [107.28412534400007, 20.92836613000003]]], [[[107.29160304900006, 20.937293649000026], [107.28725931100007, 20.936068186000057], [107.28433802300003, 20.94198725700005], [107.29160304900006, 20.937293649000026]]], [[[107.27235282700008, 20.941709218000028], [107.27783093600004, 20.93693306700004], [107.27393252700006, 20.937724615000036], [107.27235282700008, 20.941709218000028]]], [[[107.29538951800004, 20.943251098000076], [107.29794728700006, 20.938646170000027], [107.28917413300007, 20.944977925000046], [107.29538951800004, 20.943251098000076]]], [[[107.26550977500006, 20.94575244600003], [107.26387253500008, 20.947776289000046], [107.26547553800003, 20.947911463000025], [107.26550977500006, 20.94575244600003]]], [[[107.27367186000004, 20.947333145000073], [107.27249734500003, 20.949069290000068], [107.27489213600006, 20.948630706000074], [107.27367186000004, 20.947333145000073]]], [[[107.26914889300008, 20.948206694000078], [107.26949195400005, 20.95104884500006], [107.27037496400004, 20.949879622000026], [107.26914889300008, 20.948206694000078]]], [[[107.26137540900004, 20.951397134000047], [107.25670243800005, 20.948954600000036], [107.25572220700008, 20.950313653000023], [107.26137540900004, 20.951397134000047]]], [[[107.21859359600006, 20.950359896000066], [107.21748714700004, 20.950181436000037], [107.21772271300006, 20.951630528000067], [107.21859359600006, 20.950359896000066]]], [[[107.24630473500008, 20.952192274000026], [107.24694673200008, 20.950445066000043], [107.24537966100007, 20.951263762000053], [107.24630473500008, 20.952192274000026]]], [[[107.24176662100007, 20.95133984000006], [107.24419841400004, 20.951478940000072], [107.24350997300007, 20.950119699000027], [107.24176662100007, 20.95133984000006]]], [[[107.21648824900007, 20.95005786300004], [107.21293095500005, 20.950224425000044], [107.21440027200003, 20.952919165000026], [107.21648824900007, 20.95005786300004]]], [[[107.23525729800008, 20.951690847000066], [107.23346615100007, 20.95174285400003], [107.23348517900007, 20.95302441800004], [107.23525729800008, 20.951690847000066]]], [[[107.24904007500004, 20.95333923800007], [107.24634594100007, 20.95495677100007], [107.25087522400008, 20.954198654000038], [107.24904007500004, 20.95333923800007]]], [[[107.23748337800004, 20.954339207000032], [107.23549487300005, 20.95541922500007], [107.23703565700004, 20.956908704000057], [107.23748337800004, 20.954339207000032]]], [[[107.29125139400008, 20.959141189000036], [107.28547242000008, 20.954592845000036], [107.28179262200007, 20.95587408700004], [107.29125139400008, 20.959141189000036]]], [[[107.23179248200006, 20.957661097000027], [107.23310199800005, 20.95790036300008], [107.23301667900006, 20.956249309000043], [107.23179248200006, 20.957661097000027]]], [[[107.20582535100004, 20.94903943500003], [107.21073655800006, 20.965393470000038], [107.21973568000004, 20.965562412000054], [107.20582535100004, 20.94903943500003]]], [[[107.29433770700007, 20.956542984000066], [107.29320378000006, 20.959373956000036], [107.29472132100005, 20.95827435500007], [107.29433770700007, 20.956542984000066]]], [[[107.23126011100004, 20.964646794000032], [107.22840475800007, 20.964878792000036], [107.23211671700005, 20.968549110000026], [107.23126011100004, 20.964646794000032]]], [[[107.23300306700008, 20.967746042000044], [107.23401433800007, 20.969149924000078], [107.23505535200007, 20.966175598000063], [107.23300306700008, 20.967746042000044]]], [[[107.23959473100007, 20.970003161000022], [107.23986574900005, 20.97128140600006], [107.24158372000005, 20.969220792000044], [107.23959473100007, 20.970003161000022]]], [[[107.22440482500008, 20.971916409000073], [107.23253877400003, 20.97211723600003], [107.22765136100008, 20.96821967900007], [107.22440482500008, 20.971916409000073]]], [[[107.28537448100008, 20.97702973300005], [107.28259527100005, 20.97973280100007], [107.28823935200006, 20.976848894000057], [107.28537448100008, 20.97702973300005]]], [[[107.27326748000007, 20.975628979000078], [107.27399305700004, 20.978694979000068], [107.27452843600008, 20.975839626000038], [107.27326748000007, 20.975628979000078]]], [[[107.29640497200006, 20.979066165000063], [107.28992332000007, 20.97820242000006], [107.29013747200008, 20.97962295900004], [107.29640497200006, 20.979066165000063]]], [[[107.26645183100004, 20.978140564000057], [107.27037794200004, 20.982423594000068], [107.27114888700004, 20.977362481000057], [107.26645183100004, 20.978140564000057]]], [[[107.24259783700006, 20.98340537400003], [107.24446571400006, 20.983304247000035], [107.24533421700005, 20.982090722000066], [107.24259783700006, 20.98340537400003]]], [[[107.28051206600009, 20.982202304000054], [107.27655740200004, 20.983351584000047], [107.27930567900006, 20.98310174100004], [107.28051206600009, 20.982202304000054]]], [[[107.24791712200005, 20.987349331000075], [107.25649032000007, 20.981624348000025], [107.24671073500008, 20.986449895000078], [107.24791712200005, 20.987349331000075]]], [[[107.27434394800008, 20.98605806200004], [107.27645572000006, 20.985159816000078], [107.27465922700009, 20.983309785000074], [107.27434394800008, 20.98605806200004]]], [[[107.23332299500004, 20.98738948400006], [107.23593445400007, 20.986818414000027], [107.23536933200006, 20.98316594100004], [107.23332299500004, 20.98738948400006]]], [[[107.28784010200008, 20.982088556000065], [107.28211749800005, 20.990922305000026], [107.29748881700004, 20.98817402800006], [107.28784010200008, 20.982088556000065]]], [[[107.22857775500006, 20.986431156000037], [107.22764639200005, 20.98799881800005], [107.22921426100004, 20.987442427000076], [107.22857775500006, 20.986431156000037]]], [[[107.24051281400006, 20.98558476200003], [107.23518282100008, 20.99001056000003], [107.24079834900004, 20.990545938000025], [107.24051281400006, 20.98558476200003]]], [[[107.33173617000006, 17.162602237000044], [107.34801168300004, 17.15702002200004], [107.33654744000006, 17.151566297000045], [107.33173617000006, 17.162602237000044]]], [[[107.37811890800003, 20.749285703000055], [107.37648570400006, 20.751351666000062], [107.37897596000005, 20.752553438000064], [107.37811890800003, 20.749285703000055]]], [[[107.38662025700006, 20.745410468000046], [107.39477459600005, 20.758956368000042], [107.40003307000006, 20.75715696800006], [107.38662025700006, 20.745410468000046]]], [[[107.38502219700007, 20.788876710000068], [107.38346559300004, 20.788784589000045], [107.38534487200008, 20.786274363000075], [107.38502219700007, 20.788876710000068]]], [[[107.40037360000008, 20.801058450000028], [107.41528923200008, 20.773885522000057], [107.41031611000005, 20.768764556000065], [107.40037360000008, 20.801058450000028]]], [[[107.33660774900005, 20.788274561000037], [107.33752262300004, 20.79066040500004], [107.33857977100007, 20.78933444000006], [107.33660774900005, 20.788274561000037]]], [[[107.33478469300007, 20.80924774600004], [107.33255208800006, 20.81267788200006], [107.33589734900005, 20.81071784900007], [107.33478469300007, 20.80924774600004]]], [[[107.38447527300008, 20.798620570000026], [107.34461102300008, 20.804680700000063], [107.33513563100007, 20.85436602900006], [107.35012948700006, 20.821204996000063], [107.38300871800004, 20.82919977100005], [107.38447527300008, 20.798620570000026]]], [[[107.37072173000007, 20.833464753000044], [107.37085844000006, 20.827305438000053], [107.36767479000008, 20.82600543800004], [107.37072173000007, 20.833464753000044]]], [[[107.31362180100007, 20.83272917000005], [107.31147229000004, 20.82828096000003], [107.31002961800004, 20.83257921200004], [107.31362180100007, 20.83272917000005]]], [[[107.30666816800004, 20.837668483000073], [107.30759851000005, 20.83734428300005], [107.30390016900009, 20.836175592000075], [107.30666816800004, 20.837668483000073]]], [[[107.35925305100005, 20.84375428900006], [107.35614152100004, 20.83774973100003], [107.35811551800003, 20.848224688000073], [107.35925305100005, 20.84375428900006]]], [[[107.30338206400006, 20.842762467000057], [107.30250866700004, 20.840877139000042], [107.30110859500007, 20.842056851000052], [107.30338206400006, 20.842762467000057]]], [[[107.33208288900005, 20.841177822000077], [107.32998476400007, 20.842903097000033], [107.33185767500004, 20.84302638400004], [107.33208288900005, 20.841177822000077]]], [[[107.38939453700004, 20.844228299000065], [107.38587506900006, 20.846913692000044], [107.38995682500007, 20.846829572000047], [107.38939453700004, 20.844228299000065]]], [[[107.32401200300006, 20.844294037000054], [107.32108359500006, 20.845673229000056], [107.32300575000005, 20.846927205000043], [107.32401200300006, 20.844294037000054]]], [[[107.34302442300009, 20.851971769000045], [107.34658468600009, 20.852063378000025], [107.34411040500004, 20.846792152000035], [107.34302442300009, 20.851971769000045]]], [[[107.41030778400005, 20.85187921000005], [107.41565936600006, 20.850184584000033], [107.41390821900006, 20.84855843500003], [107.41030778400005, 20.85187921000005]]], [[[107.29971059800005, 20.862698352000052], [107.30096921000006, 20.866908943000055], [107.30444360300004, 20.860241202000054], [107.29971059800005, 20.862698352000052]]], [[[107.32168142800003, 20.863776966000046], [107.31903689900008, 20.864811385000053], [107.32125078800004, 20.867232573000024], [107.32168142800003, 20.863776966000046]]], [[[107.30721794900006, 20.867956304000074], [107.30966070400007, 20.86795439200006], [107.30719288500006, 20.866314901000067], [107.30721794900006, 20.867956304000074]]], [[[107.31111471000008, 20.86805871100006], [107.30928494400007, 20.86929143800006], [107.31184, 20.870155340000053], [107.31111471000008, 20.86805871100006]]], [[[107.30428915300007, 20.870721855000056], [107.30519386200007, 20.86727115900004], [107.30327930900006, 20.87160282700006], [107.30428915300007, 20.870721855000056]]], [[[107.30089102600004, 20.87193463600005], [107.29931547400008, 20.869270925000023], [107.29931720100006, 20.874807824000072], [107.30089102600004, 20.87193463600005]]], [[[107.31079336500005, 20.872957566000025], [107.31322260400009, 20.87365097000003], [107.31319140700003, 20.87160870300005], [107.31079336500005, 20.872957566000025]]], [[[107.30706991500006, 20.872316442000056], [107.30321740800008, 20.872957305000057], [107.30563819300005, 20.875838807000036], [107.30706991500006, 20.872316442000056]]], [[[107.39493127900005, 20.873214002000054], [107.39370552400004, 20.875737085000026], [107.39570103100004, 20.875028419000046], [107.39493127900005, 20.873214002000054]]], [[[107.29747136600008, 20.877157663000048], [107.29506858400003, 20.873283917000037], [107.29462906900005, 20.874777809000022], [107.29747136600008, 20.877157663000048]]], [[[107.37931627700004, 20.873966558000063], [107.37620970600005, 20.878218771000036], [107.38431732600009, 20.875700707000078], [107.37931627700004, 20.873966558000063]]], [[[107.38674478100006, 20.890509920000056], [107.39464367300008, 20.87637514100004], [107.37653735500004, 20.878780642000038], [107.37262725400007, 20.875894663000054], [107.39109238200007, 20.864725538000073], [107.36625489900007, 20.85759144000008], [107.32876065300007, 20.879782766000062], [107.38674478100006, 20.890509920000056]]], [[[107.39896036600004, 20.881775049000055], [107.39602337400004, 20.881298397000023], [107.39716114900006, 20.88343373500004], [107.39896036600004, 20.881775049000055]]], [[[107.39617213800005, 20.885320019000062], [107.39799545100004, 20.887844233000067], [107.39899719100003, 20.88675448300006], [107.39617213800005, 20.885320019000062]]], [[[107.39134555800007, 20.886184440000022], [107.39146952100003, 20.88865269200005], [107.39241433800004, 20.88664751700003], [107.39134555800007, 20.886184440000022]]], [[[107.32317950300006, 20.872443404000023], [107.29121883200008, 20.907284138000023], [107.30866746500004, 20.894540305000078], [107.32371279100005, 20.876142136000055], [107.32317950300006, 20.872443404000023]]], [[[107.38902976700007, 20.892151884000043], [107.39317717000006, 20.89336273500004], [107.39147687900004, 20.891616772000077], [107.38902976700007, 20.892151884000043]]], [[[107.34755837500006, 20.89380631800003], [107.35440942900004, 20.89429057600006], [107.34802656800008, 20.88741978400003], [107.34274724300008, 20.89206028600006], [107.34025229600007, 20.900580904000037], [107.34755837500006, 20.89380631800003]]], [[[107.33604625800007, 20.894978262000052], [107.33571535700008, 20.896656547000077], [107.33801539600006, 20.896472867000057], [107.33604625800007, 20.894978262000052]]], [[[107.34974351800008, 20.898770351000053], [107.35189040100005, 20.89913651300003], [107.34836909900008, 20.895928105000053], [107.34974351800008, 20.898770351000053]]], [[[107.35916278800005, 20.89676428100006], [107.35712578300007, 20.89944777900007], [107.35940367500007, 20.89876070200006], [107.35916278800005, 20.89676428100006]]], [[[107.31234355700008, 20.914324161000025], [107.31925017800006, 20.901157084000033], [107.32371244600006, 20.88318330100003], [107.30818884400009, 20.897180192000064], [107.31061663000008, 20.900985998000067], [107.31011808100004, 20.907713152000042], [107.30633138900004, 20.908190841000078], [107.31234355700008, 20.914324161000025]]], [[[107.35351543500008, 20.898710841000025], [107.35475911000009, 20.90003773500007], [107.35603906700004, 20.899216843000033], [107.35351543500008, 20.898710841000025]]], [[[107.37649210300003, 20.897704243000078], [107.36263341900008, 20.89982382100004], [107.37001825000004, 20.902269442000033], [107.37649210300003, 20.897704243000078]]], [[[107.30793418200005, 20.898833223000054], [107.30817264600006, 20.900828811000054], [107.30914690000009, 20.900248115000068], [107.30793418200005, 20.898833223000054]]], [[[107.32869745400006, 20.899143335000076], [107.32641036900009, 20.90051006500005], [107.32742377000005, 20.90136244000007], [107.32869745400006, 20.899143335000076]]], [[[107.33504545300008, 20.90377966500006], [107.33776803300009, 20.90341685900006], [107.33632488200004, 20.90216803800007], [107.33504545300008, 20.90377966500006]]], [[[107.34131640500004, 20.902270503000068], [107.34156707900007, 20.903788604000056], [107.34513384200005, 20.903602526000043], [107.34131640500004, 20.902270503000068]]], [[[107.32705138600005, 20.902161559000035], [107.31934719700007, 20.909015800000077], [107.32229239200007, 20.907892996000044], [107.32705138600005, 20.902161559000035]]], [[[107.29449409900008, 20.911224986000036], [107.29551575200009, 20.91128212800004], [107.29521502700004, 20.908909867000034], [107.29449409900008, 20.911224986000036]]], [[[107.36806242800009, 20.912983024000027], [107.36300186900007, 20.91567907900003], [107.37109962400007, 20.915520299000036], [107.36806242800009, 20.912983024000027]]], [[[107.30395067600006, 20.92020627900007], [107.30340250900008, 20.911553123000033], [107.30167625600006, 20.912392848000025], [107.30395067600006, 20.92020627900007]]], [[[107.30716265100006, 20.920092019000037], [107.30959297000004, 20.914610759000027], [107.30598744700006, 20.917410290000078], [107.30716265100006, 20.920092019000037]]], [[[107.34951751800008, 20.914956149000034], [107.32336090100006, 20.92237838500006], [107.31064643000008, 20.923449239000036], [107.31843375100004, 20.927843191000022], [107.34951751800008, 20.914956149000034]]], [[[107.39669262800004, 20.925548535000075], [107.39528382900005, 20.92733482700004], [107.39870828200009, 20.927658673000053], [107.39669262800004, 20.925548535000075]]], [[[107.41926305900006, 20.919833608000033], [107.34482372100007, 20.905398174000027], [107.40693202700004, 20.920159712000043], [107.45452494800008, 20.966684301000043], [107.41926305900006, 20.919833608000033]]], [[[107.39738786200007, 20.937155362000055], [107.39638453200007, 20.937960495000027], [107.39744214100006, 20.939015809000068], [107.39738786200007, 20.937155362000055]]], [[[107.39060590100007, 20.939297930000066], [107.39485892200008, 20.94255361300003], [107.39607929100004, 20.937476188000062], [107.39060590100007, 20.939297930000066]]], [[[107.39224359300005, 20.945649554000056], [107.37991935900004, 20.939051419000066], [107.38874563200005, 20.950142279000033], [107.39224359300005, 20.945649554000056]]], [[[107.31914346600007, 20.939759938000066], [107.35069892800004, 20.934396984000045], [107.39033791800006, 20.961844274000043], [107.35156550700003, 20.92525994700003], [107.31914346600007, 20.939759938000066]]], [[[107.32917415700007, 20.94771180500004], [107.32611667300006, 20.94897850900003], [107.33591711000008, 20.94877734100004], [107.32917415700007, 20.94771180500004]]], [[[107.30791811600005, 20.95170097600004], [107.30316011800005, 20.952569848000053], [107.30732568300004, 20.953267750000066], [107.30791811600005, 20.95170097600004]]], [[[107.33148615600004, 20.952427646000046], [107.32933858500007, 20.952884406000067], [107.33175576700006, 20.953784072000076], [107.33148615600004, 20.952427646000046]]], [[[107.39216907800005, 20.95197471700004], [107.39342105600008, 20.954305687000044], [107.39469818600008, 20.951985791000027], [107.39216907800005, 20.95197471700004]]], [[[107.38763954800004, 20.95401481700003], [107.38966584500008, 20.955149048000067], [107.38879054100005, 20.95311502800007], [107.38763954800004, 20.95401481700003]]], [[[107.30903716200004, 20.952518240000074], [107.31071077600006, 20.953856143000053], [107.31067246300006, 20.951356970000063], [107.30903716200004, 20.952518240000074]]], [[[107.30305273300007, 20.956065844000022], [107.30466986500005, 20.954887445000054], [107.30365515000005, 20.953392783000027], [107.30305273300007, 20.956065844000022]]], [[[107.35009783600009, 20.95432250400006], [107.35304194500009, 20.957156824000037], [107.35070026000005, 20.953109743000027], [107.35009783600009, 20.95432250400006]]], [[[107.30098521800005, 20.954082502000063], [107.29892329500007, 20.957730552000044], [107.30173734300007, 20.955932749000056], [107.30098521800005, 20.954082502000063]]], [[[107.33344010000008, 20.95819102100006], [107.33500707300004, 20.957703340000023], [107.33369082200005, 20.955661745000043], [107.33344010000008, 20.95819102100006]]], [[[107.29939565400008, 20.962648654000077], [107.30110445600008, 20.963454759000058], [107.30044448100006, 20.961904729000025], [107.29939565400008, 20.962648654000077]]], [[[107.30124924600005, 20.963684924000063], [107.30569507900009, 20.963217280000038], [107.31339429600007, 20.95713568800005], [107.30124924600005, 20.963684924000063]]], [[[107.32567531700005, 20.973479964000035], [107.32300760400005, 20.971232919000045], [107.32295083400004, 20.97350375800005], [107.32567531700005, 20.973479964000035]]], [[[107.39858190300004, 20.973186080000062], [107.39794083100008, 20.97172743300007], [107.39683087500003, 20.973584127000038], [107.39858190300004, 20.973186080000062]]], [[[107.41749463600007, 20.974743583000077], [107.41878496000004, 20.97671545000003], [107.41997501600008, 20.975364410000054], [107.41749463600007, 20.974743583000077]]], [[[107.37655527800007, 20.977116996000063], [107.37671480700004, 20.975359354000034], [107.37421113200008, 20.978027402000066], [107.37655527800007, 20.977116996000063]]], [[[107.41681368200005, 20.97750297500005], [107.41518337900004, 20.977073763000078], [107.41467216700005, 20.978502349000053], [107.41681368200005, 20.97750297500005]]], [[[107.40783086800008, 20.97822649400007], [107.40187683400006, 20.976999902000045], [107.40310926400008, 20.979560892000052], [107.40783086800008, 20.97822649400007]]], [[[107.31893430400004, 20.983109642000045], [107.32001933800007, 20.979654665000055], [107.31492253300007, 20.981353600000034], [107.31893430400004, 20.983109642000045]]], [[[107.38293206700007, 20.980222725000033], [107.38264189800009, 20.983175790000075], [107.38618571600006, 20.982353814000078], [107.38293206700007, 20.980222725000033]]], [[[107.41515519800004, 20.982512335000024], [107.41618312500009, 20.981584345000044], [107.41402257400006, 20.98237432700006], [107.41515519800004, 20.982512335000024]]], [[[107.34953842900006, 20.984846049000055], [107.34890939900004, 20.986417689000064], [107.35149613000004, 20.984635206000064], [107.34953842900006, 20.984846049000055]]], [[[107.38726551400003, 20.98669215900003], [107.38948980300006, 20.98764391900005], [107.38908535000007, 20.98575371900006], [107.38726551400003, 20.98669215900003]]], [[[107.41058841700004, 20.986230243000023], [107.41068121600006, 20.98793631700005], [107.41201609400008, 20.985673449000046], [107.41058841700004, 20.986230243000023]]], [[[107.34728536400007, 20.988498204000052], [107.34716047900008, 20.98678375700007], [107.34402648600008, 20.987010852000026], [107.34728536400007, 20.988498204000052]]], [[[107.34231275600007, 20.98843408500005], [107.34063331000004, 20.990553633000047], [107.34374913300007, 20.992071818000056], [107.34231275600007, 20.98843408500005]]], [[[107.30937445200004, 20.989834425000026], [107.30435379000005, 20.990506623000044], [107.31243206000005, 20.991262102000064], [107.30937445200004, 20.989834425000026]]], [[[107.40233287700005, 20.993484506000073], [107.40498359700007, 20.99199972200006], [107.40121928900004, 20.993103792000056], [107.40233287700005, 20.993484506000073]]], [[[107.35062039300004, 20.993587305000062], [107.35078985200005, 20.99658998800004], [107.34763551100008, 20.991362435000042], [107.35062039300004, 20.993587305000062]]], [[[107.38133718800009, 20.99578340200003], [107.37860752400007, 20.995091624000054], [107.38108139500008, 20.997490666000033], [107.38133718800009, 20.99578340200003]]], [[[107.36273078900007, 20.997213286000033], [107.36183359300009, 20.998359674000028], [107.36336564200008, 20.998093106000056], [107.36273078900007, 20.997213286000033]]], [[[107.40881429100006, 20.996301708000033], [107.40948054000006, 20.99753307900005], [107.41117590600004, 20.999531827000055], [107.40881429100006, 20.996301708000033]]], [[[107.39269970900006, 20.997481148000077], [107.39112926400009, 20.999983151000038], [107.39450928900004, 20.997573947000035], [107.39269970900006, 20.997481148000077]]], [[[107.37919405300005, 21.004480323000053], [107.38431443300004, 21.006618597000056], [107.38320628400004, 21.00193089800007], [107.37919405300005, 21.004480323000053]]], [[[107.38493661800004, 21.008626717000027], [107.38787763200008, 21.008091338000042], [107.38625721900007, 21.006692215000044], [107.38493661800004, 21.008626717000027]]], [[[107.40433193200005, 21.008838196000056], [107.40422570600003, 21.012425757000074], [107.40804489300007, 21.011278897000068], [107.40433193200005, 21.008838196000056]]], [[[107.40859770900005, 21.014322850000042], [107.40543026900008, 21.013946713000053], [107.40808191400004, 21.01545520800005], [107.40859770900005, 21.014322850000042]]], [[[107.41430120400008, 21.020192036000026], [107.41213942600007, 21.019749212000022], [107.41229006900005, 21.020669089000023], [107.41430120400008, 21.020192036000026]]], [[[107.40958221400007, 21.02790900800005], [107.40832446000007, 21.028032732000042], [107.41142049800004, 21.03048701800003], [107.40958221400007, 21.02790900800005]]], [[[107.41865618000008, 21.029487732000064], [107.41688580200008, 21.028122092000046], [107.41902442000008, 21.03237725400004], [107.41865618000008, 21.029487732000064]]], [[[107.40358575500005, 21.034747039000024], [107.40585728200006, 21.033344371000055], [107.40502769700004, 21.031954357000075], [107.40358575500005, 21.034747039000024]]], [[[107.37443149600006, 21.033554263000042], [107.37240419500006, 21.037775427000042], [107.37316720800004, 21.04200738800006], [107.37443149600006, 21.033554263000042]]], [[[107.41734418200008, 21.039193055000055], [107.41649048400006, 21.039703536000047], [107.41776013100008, 21.040320937000047], [107.41734418200008, 21.039193055000055]]], [[[107.40939393700006, 21.041031665000048], [107.41095701700004, 21.04133340800007], [107.41010773800008, 21.039445370000067], [107.40939393700006, 21.041031665000048]]], [[[107.41837112300004, 21.049195860000054], [107.41618469700006, 21.047258380000073], [107.41596939700008, 21.049117919000025], [107.41837112300004, 21.049195860000054]]], [[[107.44640423100009, 20.718100727000035], [107.45976892200008, 20.73213688100003], [107.47233389000007, 20.740976588000024], [107.45785453700006, 20.71793751000007], [107.44640423100009, 20.718100727000035]]], [[[107.47920345000006, 20.770752841000046], [107.48347813000004, 20.75887044800004], [107.47245545700008, 20.762213305000046], [107.47920345000006, 20.770752841000046]]], [[[107.49023353600006, 20.775271055000076], [107.49331000500007, 20.775301771000045], [107.48886519400008, 20.77174943800003], [107.49023353600006, 20.775271055000076]]], [[[107.43443632200007, 20.787797028000057], [107.43109741500007, 20.786673089000033], [107.43036835300006, 20.79166910600003], [107.43443632200007, 20.787797028000057]]], [[[107.46075178900008, 20.867486593000024], [107.46100837100005, 20.862836869000034], [107.45829832700008, 20.86577573200003], [107.46075178900008, 20.867486593000024]]], [[[107.46317277400004, 20.867202305000035], [107.46408277900008, 20.87002669700007], [107.46770615600008, 20.864018784000052], [107.46317277400004, 20.867202305000035]]], [[[107.46204988700003, 20.875130011000067], [107.45914482800003, 20.871712752000064], [107.45853021900007, 20.87424683000006], [107.46204988700003, 20.875130011000067]]], [[[107.55796404300008, 20.969081437000057], [107.47091710600006, 20.814840317000062], [107.47473925800006, 20.885896350000053], [107.51091418000004, 20.889199834000067], [107.55796404300008, 20.969081437000057]]], [[[107.46751622600004, 20.896740573000045], [107.46342020600008, 20.89472485500005], [107.46333632300008, 20.897443399000053], [107.46751622600004, 20.896740573000045]]], [[[107.44115147100007, 20.905233020000026], [107.43130332700008, 20.88387150500006], [107.41571679300006, 20.89213767900003], [107.42199123900008, 20.892794286000026], [107.44115147100007, 20.905233020000026]]], [[[107.41964897200006, 20.896493982000038], [107.42115268100008, 20.894539258000066], [107.41867761300006, 20.89526161300006], [107.41964897200006, 20.896493982000038]]], [[[107.48264340900005, 20.901729142000022], [107.51791275000005, 20.913686159000065], [107.47838461800006, 20.895704125000066], [107.48264340900005, 20.901729142000022]]], [[[107.44555399600006, 20.905731557000024], [107.44687712400008, 20.907231526000032], [107.44945564700004, 20.907096425000077], [107.44555399600006, 20.905731557000024]]], [[[107.47576263200006, 20.908065216000068], [107.47705785900007, 20.90804643100006], [107.47670656900004, 20.90694013700005], [107.47576263200006, 20.908065216000068]]], [[[107.43274536800004, 20.92860343800004], [107.43545803700005, 20.92954994200005], [107.43081162000004, 20.92563050900003], [107.43274536800004, 20.92860343800004]]], [[[107.48160355900006, 20.967790038000032], [107.44327542900004, 20.932570533000046], [107.47568652600006, 20.97791261800006], [107.48160355900006, 20.967790038000032]]], [[[107.43153217600008, 20.961870890000057], [107.43233446300007, 20.966124169000068], [107.43519322900005, 20.96601453900007], [107.43153217600008, 20.961870890000057]]], [[[107.55184737400003, 20.99544295100003], [107.50921955700005, 20.91767574100004], [107.44252403200005, 20.912251639000033], [107.39469987900009, 20.89063668800003], [107.49087791400007, 20.956203027000072], [107.47763335400003, 20.98526504700004], [107.48701740300004, 20.98134334200006], [107.50931248100005, 21.01742396700007], [107.50436022000008, 20.998994809000067], [107.51012013500008, 21.001060428000073], [107.53686181800003, 21.04122907800007], [107.53712960000007, 21.00930343700003], [107.55135888800004, 21.031782801000077], [107.55122268000008, 21.044997932000058], [107.55549147600004, 21.037171897000064], [107.54255327400006, 21.00243047200007], [107.55184737400003, 20.99544295100003]]], [[[107.44489014300007, 20.97144720800003], [107.44782853000004, 20.97171456600006], [107.44565386100004, 20.968788054000072], [107.44489014300007, 20.97144720800003]]], [[[107.43356449300006, 20.97501915500004], [107.43156574500006, 20.97184971300004], [107.43045215800004, 20.973096550000037], [107.43356449300006, 20.97501915500004]]], [[[107.44093108900006, 20.98019869600006], [107.44200999300006, 20.98224272300007], [107.44290092900007, 20.975555562000068], [107.43623773500008, 20.979877720000047], [107.44093108900006, 20.98019869600006]]], [[[107.46786236800006, 20.97776899400003], [107.46761895600008, 20.98053641300004], [107.46915707500006, 20.979186336000055], [107.46786236800006, 20.97776899400003]]], [[[107.47414679800005, 20.97862623800006], [107.47212376600004, 20.978601454000056], [107.47149289100008, 20.984165192000034], [107.47499496700004, 20.980998363000026], [107.47414679800005, 20.97862623800006]]], [[[107.44045764300006, 20.981467019000036], [107.43595243400006, 20.98212231100007], [107.43731790400005, 20.984128506000047], [107.44045764300006, 20.981467019000036]]], [[[107.48659608800006, 20.987468426000078], [107.48603769700009, 20.988361999000062], [107.48826966500008, 20.988740498000027], [107.48659608800006, 20.987468426000078]]], [[[107.44703021900006, 20.99377571200006], [107.44792489700006, 20.994789363000052], [107.44831512800005, 20.99380426600004], [107.44703021900006, 20.99377571200006]]], [[[107.42493320400007, 20.998255008000058], [107.42296420000008, 20.99454304900007], [107.42202431300007, 20.99673810200005], [107.42493320400007, 20.998255008000058]]], [[[107.425133, 20.999817045000043], [107.42461546700008, 20.99937684500003], [107.42415742100007, 21.000750983000046], [107.425133, 20.999817045000043]]], [[[107.44575865600007, 21.00806816000005], [107.44274147900006, 21.009369054000047], [107.44767445600007, 21.00417350300006], [107.44575865600007, 21.00806816000005]]], [[[107.44243708700009, 21.009972626000035], [107.44023298000008, 21.007672676000027], [107.44132492700004, 21.011395019000076], [107.44243708700009, 21.009972626000035]]], [[[107.43602170700007, 21.010250245000066], [107.43823373800006, 21.009737098000073], [107.43762896800007, 21.00879550800005], [107.43602170700007, 21.010250245000066]]], [[[107.45463744900007, 21.009167664000074], [107.45385818400007, 21.011073088000046], [107.45483270400007, 21.010870167000064], [107.45463744900007, 21.009167664000074]]], [[[107.45283753200005, 21.01089428800003], [107.44949438900005, 21.011399924000045], [107.45135356500003, 21.01233011000005], [107.45283753200005, 21.01089428800003]]], [[[107.42203465100005, 21.011578395000072], [107.42480384900006, 21.013102636000042], [107.42278960600004, 21.010296707000066], [107.42203465100005, 21.011578395000072]]], [[[107.43363567400007, 21.012785089000033], [107.43591381400006, 21.01241907800005], [107.43521697600005, 21.01157945700004], [107.43363567400007, 21.012785089000033]]], [[[107.44623272200005, 21.013440676000073], [107.44399316700009, 21.012261360000025], [107.44404703800006, 21.013921953000022], [107.44623272200005, 21.013440676000073]]], [[[107.45995509500005, 21.014862634000053], [107.45394814500008, 21.014544976000025], [107.45825972900008, 21.016811413000028], [107.45995509500005, 21.014862634000053]]], [[[107.47709643300004, 21.013217240000074], [107.47794899500008, 21.01535706900006], [107.47832266700004, 21.01243799100007], [107.47709643300004, 21.013217240000074]]], [[[107.47870914900005, 21.018193538000048], [107.48037822200007, 21.019279941000036], [107.47889279200007, 21.016136199000073], [107.47870914900005, 21.018193538000048]]], [[[107.45902034500006, 21.021478052000077], [107.46134687500006, 21.01957531000005], [107.46013218100006, 21.01739042500003], [107.45902034500006, 21.021478052000077]]], [[[107.44453289300009, 21.027958884000043], [107.44089114100007, 21.011284880000062], [107.43644646000007, 21.011449362000064], [107.44453289300009, 21.027958884000043]]], [[[107.42760233900009, 21.023012849000054], [107.42886063500004, 21.019026993000068], [107.42721453000007, 21.020161278000046], [107.42760233900009, 21.023012849000054]]], [[[107.45487552500003, 21.019722410000043], [107.45395536400008, 21.02263365400006], [107.45551129100005, 21.021733340000026], [107.45487552500003, 21.019722410000043]]], [[[107.45204440400005, 21.026306501000022], [107.45162619500007, 21.018760817000043], [107.45033327000004, 21.01731634400005], [107.44741500500004, 21.021760357000062], [107.45204440400005, 21.026306501000022]]], [[[107.48633074000008, 21.021875325000053], [107.48353986600006, 21.022215021000022], [107.48509311300006, 21.02318353800007], [107.48633074000008, 21.021875325000053]]], [[[107.42287604200004, 21.022052915000074], [107.42418570600006, 21.02371124600006], [107.42387083000006, 21.02163898400005], [107.42287604200004, 21.022052915000074]]], [[[107.46241652500004, 21.02291086200006], [107.46053296200006, 21.02772718700004], [107.46287120300008, 21.02693816200008], [107.46241652500004, 21.02291086200006]]], [[[107.47487083300007, 21.025981983000065], [107.47607458500005, 21.027487394000048], [107.47570481800005, 21.02415747200007], [107.47487083300007, 21.025981983000065]]], [[[107.48640729900006, 21.02528505300006], [107.48747408500009, 21.027409043000034], [107.48743533600003, 21.024263090000034], [107.48640729900006, 21.02528505300006]]], [[[107.43139317000004, 21.02504796100004], [107.42906758300006, 21.024769664000075], [107.43189280900003, 21.02694133400007], [107.43139317000004, 21.02504796100004]]], [[[107.45593591000005, 21.023526953000044], [107.45526533400005, 21.02797326600006], [107.45501268600009, 21.030141740000033], [107.45593591000005, 21.023526953000044]]], [[[107.49022731100007, 21.028621013000077], [107.48643812700004, 21.031782030000045], [107.49234857900007, 21.028495581000072], [107.49022731100007, 21.028621013000077]]], [[[107.48314799200006, 21.030905093000058], [107.48451624800003, 21.030205417000047], [107.48372045500008, 21.028464454000073], [107.48314799200006, 21.030905093000058]]], [[[107.51435331100004, 21.031882132000078], [107.51317015900008, 21.02947778400005], [107.51155107900007, 21.032201525000062], [107.51435331100004, 21.031882132000078]]], [[[107.49141707500007, 21.031296910000037], [107.49380239100009, 21.03132484300005], [107.49267836800004, 21.03040058700003], [107.49141707500007, 21.031296910000037]]], [[[107.48150578000008, 21.03225377600006], [107.48318105300007, 21.03350678100003], [107.48239988800009, 21.03143826300004], [107.48150578000008, 21.03225377600006]]], [[[107.42854327900005, 21.032980948000045], [107.42160813700008, 21.030597280000052], [107.42316647400008, 21.034999130000074], [107.42854327900005, 21.032980948000045]]], [[[107.49244014800007, 21.035004189000063], [107.49046355300004, 21.03457376500006], [107.49224289200004, 21.036627508000038], [107.49244014800007, 21.035004189000063]]], [[[107.43365463100008, 21.03607646300003], [107.43468650800008, 21.035262455000066], [107.43352453100005, 21.034668647000046], [107.43365463100008, 21.03607646300003]]], [[[107.50096017200008, 21.034639405000064], [107.49988681300005, 21.03626974900004], [107.50187446300004, 21.03651925500003], [107.50096017200008, 21.034639405000064]]], [[[107.49676941300004, 21.038927217000037], [107.49875726400006, 21.03722404000007], [107.49712569200005, 21.033588681000026], [107.49676941300004, 21.038927217000037]]], [[[107.49010295700003, 21.039481220000027], [107.48642860900009, 21.039481597000076], [107.48936939300006, 21.04068449500005], [107.49010295700003, 21.039481220000027]]], [[[107.51123831000007, 21.042878888000075], [107.51226879600006, 21.042158614000073], [107.51077355400008, 21.039747498000054], [107.51123831000007, 21.042878888000075]]], [[[107.42060492200005, 21.04299038700003], [107.41954672900005, 21.04378420000006], [107.42075837600004, 21.044078395000042], [107.42060492200005, 21.04299038700003]]], [[[107.44581722000004, 21.046562306000055], [107.43987835200005, 21.043290334000062], [107.44458397800008, 21.04981467300007], [107.44581722000004, 21.046562306000055]]], [[[107.41795041000006, 21.04696539500003], [107.41987468200006, 21.048071787000026], [107.41884022200009, 21.04622382100007], [107.41795041000006, 21.04696539500003]]], [[[107.43550838000004, 21.04749080700003], [107.43746914700006, 21.049004516000025], [107.43659823300004, 21.045508580000046], [107.43550838000004, 21.04749080700003]]], [[[107.42241223800005, 21.047119834000057], [107.42379974700003, 21.048657508000076], [107.42459446800007, 21.04634119600007], [107.42241223800005, 21.047119834000057]]], [[[107.42544496100004, 21.05013533300007], [107.42694548200006, 21.050861482000073], [107.42674341700007, 21.049039051000022], [107.42544496100004, 21.05013533300007]]], [[[107.44382221200004, 21.053013124000074], [107.44585392000005, 21.054752205000057], [107.44444342000008, 21.05002758200004], [107.44382221200004, 21.053013124000074]]], [[[107.47049790500006, 21.053710300000034], [107.46988324400007, 21.051179981000075], [107.46792705300004, 21.05219955700005], [107.47049790500006, 21.053710300000034]]], [[[107.42181495300008, 21.05329666700004], [107.42340631800005, 21.05448368200007], [107.42249541600006, 21.052454239000042], [107.42181495300008, 21.05329666700004]]], [[[107.45858395500005, 21.05400908200005], [107.46051143200003, 21.053880504000063], [107.45910753800007, 21.053252663000023], [107.45858395500005, 21.05400908200005]]], [[[107.43115206400006, 21.05316666400006], [107.43770656100008, 21.057817731000057], [107.43799989300004, 21.05525850300006], [107.43115206400006, 21.05316666400006]]], [[[107.49737257100008, 21.05530342900005], [107.49523692100007, 21.05760350500003], [107.49774331200007, 21.056440210000062], [107.49737257100008, 21.05530342900005]]], [[[107.43019002100004, 21.05689651800003], [107.42971077300007, 21.055709369000056], [107.42766099600004, 21.05668913200003], [107.43019002100004, 21.05689651800003]]], [[[107.53302497700008, 21.070890407000036], [107.50728838700007, 21.04011736800004], [107.49356414200008, 21.040953375000072], [107.50187451200009, 21.041472486000032], [107.49725977400004, 21.046743693000053], [107.51911531000007, 21.057100452000043], [107.52573657700009, 21.07297755700006], [107.53302497700008, 21.070890407000036]]], [[[107.49089478300004, 21.056556630000046], [107.49357762600005, 21.05774118000005], [107.49192512800005, 21.055468421000057], [107.49089478300004, 21.056556630000046]]], [[[107.46272248400004, 21.05653865900007], [107.46035808000005, 21.05657926200007], [107.46244213600005, 21.05863206600003], [107.46272248400004, 21.05653865900007]]], [[[107.42443802600008, 21.06112637700005], [107.42661542800005, 21.06027834400004], [107.42600613400003, 21.058036436000066], [107.42443802600008, 21.06112637700005]]], [[[107.46398509300008, 21.059367990000055], [107.46676277700004, 21.06062075400007], [107.46539253400005, 21.05857976300007], [107.46398509300008, 21.059367990000055]]], [[[107.50511246200006, 21.058329379000043], [107.50045886900006, 21.05878689000008], [107.50458843000007, 21.061593276000053], [107.50511246200006, 21.058329379000043]]], [[[107.44631972800005, 21.06234126100003], [107.44580784500005, 21.064434745000028], [107.44992947500003, 21.06326770000004], [107.44631972800005, 21.06234126100003]]], [[[107.51501191500006, 21.067294154000024], [107.51249082100009, 21.065619834000074], [107.50595794400004, 21.066280093000046], [107.51501191500006, 21.067294154000024]]], [[[107.48913535500009, 21.065575283000044], [107.49269091000008, 21.064034838000055], [107.48863640100006, 21.062766406000037], [107.48913535500009, 21.065575283000044]]], [[[107.47736104700004, 21.067062874000044], [107.47437792100004, 21.065759676000027], [107.47596433400008, 21.06809650300005], [107.47736104700004, 21.067062874000044]]], [[[107.44624561700005, 21.06723205800006], [107.44056568900004, 21.064890905000027], [107.44634114100006, 21.06999638600007], [107.44624561700005, 21.06723205800006]]], [[[107.51628175600007, 21.069806305000043], [107.51796490300006, 21.070523559000037], [107.51655172100004, 21.068427718000066], [107.51628175600007, 21.069806305000043]]], [[[107.49683485300005, 21.071846701000027], [107.50788385200008, 21.07600638100007], [107.51422133200003, 21.074537987000042], [107.51465961900004, 21.069225525000036], [107.50008557000007, 21.067903346000037], [107.49683485300005, 21.071846701000027]]], [[[107.45020938600004, 21.072724598000036], [107.45352189700009, 21.07318489100004], [107.45083097700007, 21.070895293000035], [107.45020938600004, 21.072724598000036]]], [[[107.49908014600004, 21.078500118000022], [107.50000042600004, 21.07783207400007], [107.49841007000003, 21.077698157000043], [107.49908014600004, 21.078500118000022]]], [[[107.47984436800004, 21.08064515600006], [107.48120742400005, 21.082022400000028], [107.48072765900008, 21.079763799000034], [107.47984436800004, 21.08064515600006]]], [[[107.48733068000007, 21.084355576000064], [107.48639852000008, 21.085111840000025], [107.49153148900007, 21.083705504000022], [107.48733068000007, 21.084355576000064]]], [[[107.46381687300004, 21.085312300000055], [107.46203941500005, 21.082970911000075], [107.46214649100006, 21.08477692200006], [107.46381687300004, 21.085312300000055]]], [[[107.45224139000004, 21.084181065000053], [107.45405929800006, 21.087036418000025], [107.45445904700006, 21.08409540400004], [107.45224139000004, 21.084181065000053]]], [[[107.49187096000009, 21.084572109000078], [107.49031587600007, 21.08936520900005], [107.49575452900007, 21.089606255000035], [107.49187096000009, 21.084572109000078]]], [[[107.51649287700008, 21.086167534000026], [107.51350509300005, 21.08734305400003], [107.51539122200006, 21.08846163800007], [107.51649287700008, 21.086167534000026]]], [[[107.46856399700005, 21.087616412000045], [107.46829630700006, 21.087033444000042], [107.46684483600006, 21.089567570000042], [107.46856399700005, 21.087616412000045]]], [[[107.50288606100008, 21.093902025000034], [107.49906107700008, 21.09299783000006], [107.50249939800005, 21.095008474000053], [107.50288606100008, 21.093902025000034]]], [[[107.50477526500003, 21.102295534000064], [107.50388549100006, 21.10119011000006], [107.50314478400009, 21.10331380300005], [107.50477526500003, 21.102295534000064]]], [[[107.51855914700008, 21.110981713000058], [107.52078127200008, 21.111467548000064], [107.51979497500008, 21.110252442000046], [107.51855914700008, 21.110981713000058]]], [[[107.52042704900003, 21.143448169000067], [107.52229518500008, 21.14377085600006], [107.52176851600007, 21.142419302000064], [107.52042704900003, 21.143448169000067]]], [[[107.48990824600008, 21.292655429000035], [107.48507794000005, 21.291337207000026], [107.48475433300007, 21.29613420100003], [107.48990824600008, 21.292655429000035]]], [[[107.80113075700007, 10.650779580000062], [107.80305416900006, 10.65186746300003], [107.80234069900007, 10.650073905000056], [107.80113075700007, 10.650779580000062]]], [[[107.71697360800005, 20.128001744000073], [107.74240228100007, 20.14604453900006], [107.73419381600007, 20.123982124000065], [107.71697360800005, 20.128001744000073]]], [[[107.79023276700008, 20.97358028700006], [107.78558273600004, 20.978110421000054], [107.79042618700004, 20.97514364700004], [107.79023276700008, 20.97358028700006]]], [[[107.80349512800007, 20.981404433000023], [107.81046930200006, 20.980106595000052], [107.80554146400004, 20.976978635000023], [107.80349512800007, 20.981404433000023]]], [[[107.76176190100006, 20.980681076000053], [107.78079239100003, 20.97199108700005], [107.73828918100008, 20.943693642000028], [107.76250274500006, 20.972104269000056], [107.73111615400006, 21.00494899100005], [107.74829113200008, 21.023563985000067], [107.78680734100004, 20.98921946200005], [107.76176190100006, 20.980681076000053]]], [[[107.56730923700007, 20.98699591600007], [107.56767318200008, 20.98372280600006], [107.56582025400007, 20.98462339300005], [107.56730923700007, 20.98699591600007]]], [[[107.79822462200008, 20.984759473000054], [107.80231729400003, 20.986877193000055], [107.80331666800004, 20.98454532100004], [107.79822462200008, 20.984759473000054]]], [[[107.55196216300004, 21.01005762500006], [107.54970623700007, 21.011058992000073], [107.55117402300004, 21.012004599000022], [107.55196216300004, 21.01005762500006]]], [[[107.82125780400008, 20.99318276500003], [107.82453999300009, 21.029948035000075], [107.85981502600004, 21.042786655000043], [107.86282266500007, 21.02377000200005], [107.82125780400008, 20.99318276500003]]], [[[107.79409187600004, 21.03303503500007], [107.79567047600005, 21.03571291800006], [107.79616390800004, 21.034066075000055], [107.79409187600004, 21.03303503500007]]], [[[107.82487370600006, 21.03311889400004], [107.81886690900006, 21.037566592000076], [107.82502589400008, 21.03693663300004], [107.82487370600006, 21.03311889400004]]], [[[107.55642770800006, 21.036678924000057], [107.56034697500007, 21.036929803000078], [107.55480027100003, 21.028785097000025], [107.55372422600004, 21.030247234000058], [107.55642770800006, 21.036678924000057]]], [[[107.56268108000006, 21.03604534300007], [107.56126631200004, 21.03630779100007], [107.56146758600005, 21.038060521000034], [107.56268108000006, 21.03604534300007]]], [[[107.54716169600005, 21.03412738000003], [107.54084134200008, 21.040831079000043], [107.54641863800003, 21.043956440000045], [107.54716169600005, 21.03412738000003]]], [[[107.77723315500003, 21.050832505000074], [107.77627661200006, 21.036812720000057], [107.76209978300005, 21.032515414000045], [107.77723315500003, 21.050832505000074]]], [[[107.57572167800004, 20.991838931000075], [107.58691150800007, 21.06958774900005], [107.63159794800004, 21.125540573000023], [107.57618934700008, 20.979781306000064], [107.56396995900008, 20.97041074300006], [107.57572167800004, 20.991838931000075]]], [[[107.52784974600007, 21.048478068000065], [107.52149756300008, 21.04797751900003], [107.52513540100006, 21.052314859000035], [107.52784974600007, 21.048478068000065]]], [[[107.75192575800008, 21.04779800600005], [107.75558397700007, 21.053194261000044], [107.75693801300008, 21.046749926000075], [107.75192575800008, 21.04779800600005]]], [[[107.85021418000008, 21.050972110000032], [107.85218218600005, 21.052330962000042], [107.85298547300005, 21.051217714000074], [107.85021418000008, 21.050972110000032]]], [[[107.53680129800006, 21.05515694500008], [107.54121670100005, 21.054320533000066], [107.53976008100005, 21.053186852000067], [107.53680129800006, 21.05515694500008]]], [[[107.86578797900006, 21.06115939800003], [107.86195402200008, 21.052873642000066], [107.86348519500007, 21.06058833700007], [107.86578797900006, 21.06115939800003]]], [[[107.54135769900006, 21.05916067900006], [107.54270573600007, 21.062524498000073], [107.54384263100008, 21.056922460000067], [107.54135769900006, 21.05916067900006]]], [[[107.56044891700009, 21.05100769300003], [107.54751373900007, 21.05892108000006], [107.55778184000008, 21.070176245000027], [107.56044891700009, 21.05100769300003]]], [[[107.56848474600008, 21.063906890000055], [107.56743208000006, 21.06442056800006], [107.568087, 21.066822133000073], [107.56848474600008, 21.063906890000055]]], [[[107.57546643300009, 21.062253317000057], [107.57052313200006, 21.067955597000037], [107.57255451100008, 21.068645075000063], [107.57546643300009, 21.062253317000057]]], [[[107.53461512500007, 21.06554251800003], [107.53461178200007, 21.06880761000008], [107.53569913100006, 21.067177215000072], [107.53461512500007, 21.06554251800003]]], [[[107.54851769200008, 21.066483550000044], [107.54710582700005, 21.068708898000068], [107.54963645000004, 21.067682063000063], [107.54851769200008, 21.066483550000044]]], [[[107.77284424000004, 21.066665141000044], [107.77301080200004, 21.074874281000064], [107.77534267400006, 21.075136022000038], [107.77284424000004, 21.066665141000044]]], [[[107.52248404900007, 21.072518436000053], [107.52282690600003, 21.073722898000028], [107.52468844800006, 21.07111098000007], [107.52248404900007, 21.072518436000053]]], [[[107.57175823300008, 21.079859810000073], [107.57645677300007, 21.079593609000028], [107.57444835500007, 21.07613987900004], [107.57175823300008, 21.079859810000073]]], [[[107.57985320500006, 21.086581093000063], [107.57690416300005, 21.084891318000075], [107.57809703500004, 21.089429173000042], [107.57985320500006, 21.086581093000063]]], [[[107.58119080300008, 21.089173036000034], [107.58503703400004, 21.091183492000027], [107.58210499300009, 21.084038960000044], [107.58119080300008, 21.089173036000034]]], [[[107.52603890300009, 21.087791321000054], [107.52805881200004, 21.090199734000066], [107.52819741100006, 21.084792090000064], [107.52603890300009, 21.087791321000054]]], [[[107.57082612500005, 21.08402400600005], [107.53852966400007, 21.064530108000042], [107.53733101400007, 21.076315304000047], [107.52499530700004, 21.079099480000025], [107.55386402000005, 21.11824693500006], [107.55594604100008, 21.113001603000043], [107.57184482300005, 21.110793630000046], [107.57965309800005, 21.121061535000024], [107.57082612500005, 21.08402400600005]]], [[[107.58431318600009, 21.09958548000003], [107.58834908900008, 21.099659745000054], [107.58461364000004, 21.092475198000045], [107.58431318600009, 21.09958548000003]]], [[[107.53950090300003, 21.10578080700003], [107.53774383400008, 21.107104692000064], [107.53728086800004, 21.110402016000023], [107.53950090300003, 21.10578080700003]]], [[[107.82106029400006, 21.109492227000032], [107.81292253800007, 21.114070310000045], [107.82028238300006, 21.114436736000073], [107.82106029400006, 21.109492227000032]]], [[[107.59979085400005, 21.109563766000065], [107.59759356600006, 21.111955726000076], [107.60062467300008, 21.112997579000023], [107.59979085400005, 21.109563766000065]]], [[[107.56929577700004, 21.111619099000052], [107.56807231300007, 21.112631701000055], [107.57130829100004, 21.112356758000033], [107.56929577700004, 21.111619099000052]]], [[[107.61449385900005, 21.113347978000036], [107.61582709700008, 21.112099760000035], [107.61310861400005, 21.11249854600004], [107.61449385900005, 21.113347978000036]]], [[[107.54141177400004, 21.116387899000074], [107.54275404200007, 21.113934768000036], [107.54136400800007, 21.11358488600007], [107.54141177400004, 21.116387899000074]]], [[[107.60317318100005, 21.121706104000054], [107.61140106900007, 21.123815517000025], [107.60714566600006, 21.11817583000004], [107.60317318100005, 21.121706104000054]]], [[[107.56406103100005, 21.11870525300003], [107.56452782900004, 21.137123231000032], [107.58261739500006, 21.136721585000032], [107.56406103100005, 21.11870525300003]]], [[[107.85845848900004, 21.13194576500007], [107.86140618200005, 21.128032121000047], [107.85537237000005, 21.13402639900005], [107.85845848900004, 21.13194576500007]]], [[[107.58919798100004, 21.12988168800007], [107.58922341100003, 21.131345182000075], [107.59242991400004, 21.132787244000042], [107.58919798100004, 21.12988168800007]]], [[[107.79582464200007, 21.13102562200004], [107.79749232800003, 21.13482515900006], [107.80288894500006, 21.128828917000078], [107.79582464200007, 21.13102562200004]]], [[[107.50625670000005, 21.129396929000052], [107.53865056700005, 21.143804914000043], [107.50772354000009, 21.12330743700005], [107.50625670000005, 21.129396929000052]]], [[[107.64426188700008, 21.138559833000045], [107.65106809300005, 21.142060693000076], [107.64429377400006, 21.132403685000043], [107.64426188700008, 21.138559833000045]]], [[[107.84866105200007, 21.13391486300003], [107.84980517100007, 21.14157963200006], [107.85477712300008, 21.13453337800007], [107.84866105200007, 21.13391486300003]]], [[[107.86766708300007, 21.147701908000045], [107.86903338000008, 21.138941828000043], [107.86257621900006, 21.146888141000034], [107.86766708300007, 21.147701908000045]]], [[[107.52141401100005, 21.144935948000068], [107.52259707800005, 21.148975397000072], [107.52525655500006, 21.145536900000025], [107.52141401100005, 21.144935948000068]]], [[[107.52610405500008, 21.146898091000025], [107.52772448200005, 21.148805878000076], [107.52768044900006, 21.145314744000075], [107.52610405500008, 21.146898091000025]]], [[[107.84223732700008, 21.146977066000034], [107.84644857300009, 21.149872987000037], [107.84478178200004, 21.145953590000033], [107.84223732700008, 21.146977066000034]]], [[[107.58570857300003, 21.144986671000026], [107.58121191400005, 21.14959792700006], [107.58988634200006, 21.15494624100006], [107.58570857300003, 21.144986671000026]]], [[[107.85356376900006, 21.15706777200006], [107.86113603000007, 21.154689976000043], [107.84981831800008, 21.15203133600005], [107.85356376900006, 21.15706777200006]]], [[[107.86717868800008, 21.16058247600006], [107.86210056500005, 21.164215284000022], [107.86826202700007, 21.166249288000074], [107.86717868800008, 21.16058247600006]]], [[[107.67965727100005, 21.216013323000027], [107.66604359800004, 21.14429104000004], [107.65626844200006, 21.137913516000026], [107.66169277100005, 21.190867007000065], [107.67965727100005, 21.216013323000027]]], [[[107.62184864300008, 21.179158029000064], [107.62430111500004, 21.180759909000074], [107.62368366000004, 21.177122565000047], [107.62184864300008, 21.179158029000064]]], [[[107.62038146300006, 21.181669431000046], [107.62646205600004, 21.188345679000065], [107.61791491800005, 21.172132652000073], [107.62038146300006, 21.181669431000046]]], [[[107.58304095500006, 21.210868878000042], [107.57749516900009, 21.212827282000035], [107.58853545200009, 21.215850786000033], [107.58304095500006, 21.210868878000042]]], [[[107.69662276500009, 21.23404269300005], [107.68687580000005, 21.220347281000045], [107.68224643900004, 21.219505962000028], [107.69662276500009, 21.23404269300005]]], [[[107.57910289000006, 21.223711992000062], [107.60024448700005, 21.231176454000035], [107.59104484100004, 21.225581024000064], [107.57910289000006, 21.223711992000062]]], [[[107.61261028700005, 21.22869183100005], [107.61826743300009, 21.231960367000056], [107.61517171500009, 21.226742908000062], [107.61261028700005, 21.22869183100005]]], [[[107.59794123700004, 21.23548583200005], [107.59965817000005, 21.236147291000066], [107.59895155100008, 21.234187836000046], [107.59794123700004, 21.23548583200005]]], [[[107.58729902100004, 21.237423962000037], [107.59046715100004, 21.239004459000057], [107.59097505300008, 21.235712183000032], [107.58729902100004, 21.237423962000037]]], [[[107.63159529400008, 21.238115867000033], [107.64040761400008, 21.243538923000074], [107.62924966800006, 21.231838313000026], [107.63159529400008, 21.238115867000033]]], [[[107.59346341200006, 21.240384883000047], [107.62030354400008, 21.255397395000045], [107.64267107000006, 21.26071815800003], [107.61528419800004, 21.23370393600004], [107.59346341200006, 21.240384883000047]]], [[[107.54297233400007, 21.253673039000034], [107.54190279500006, 21.255610842000067], [107.54633209000008, 21.25367041100003], [107.54297233400007, 21.253673039000034]]], [[[107.67991669900005, 21.25950252100006], [107.67462674100005, 21.26005109500005], [107.67978492900005, 21.260861171000045], [107.67991669900005, 21.25950252100006]]], [[[107.54903492300008, 21.259823624000035], [107.53911257100003, 21.265034643000035], [107.54199647700005, 21.267611599000077], [107.54903492300008, 21.259823624000035]]], [[[107.67878496700007, 21.26360571300006], [107.68039998400008, 21.26403872900005], [107.67936672600007, 21.262764961000073], [107.67878496700007, 21.26360571300006]]], [[[107.53179357200008, 21.263402804000066], [107.53407071600009, 21.263802553000062], [107.53357816700009, 21.262553336000053], [107.53179357200008, 21.263402804000066]]], [[[107.58875207000006, 21.261769542000025], [107.54758739500005, 21.26889602800003], [107.56814593800004, 21.277289576000044], [107.58875207000006, 21.261769542000025]]], [[[107.69608869400008, 21.271345348000068], [107.68881921300004, 21.266867184000034], [107.68091301300007, 21.26446779400004], [107.69608869400008, 21.271345348000068]]], [[[107.64785582600007, 21.26701046200003], [107.64743573000004, 21.27441493400005], [107.64890136500009, 21.27274790100006], [107.64785582600007, 21.26701046200003]]], [[[107.52538592800005, 21.274099618000037], [107.52738467500006, 21.27367131500006], [107.52607597100007, 21.272814709000045], [107.52538592800005, 21.274099618000037]]], [[[107.53500014000008, 21.275112078000063], [107.53683470400006, 21.275304815000027], [107.53597809800004, 21.274476762000063], [107.53500014000008, 21.275112078000063]]], [[[107.65302427600005, 21.277858344000038], [107.67008355100006, 21.279387806000045], [107.65109036600006, 21.26973004200005], [107.65302427600005, 21.277858344000038]]], [[[107.70218801900006, 21.276333958000066], [107.70472506200008, 21.277803007000045], [107.70334844200005, 21.27566328100005], [107.70218801900006, 21.276333958000066]]], [[[107.55855478100005, 21.280104515000062], [107.54964370000005, 21.28085404500007], [107.55078584100005, 21.283304890000068], [107.55855478100005, 21.280104515000062]]], [[[107.53332714100009, 21.284437186000048], [107.53444786700004, 21.281860230000063], [107.52947955200005, 21.28396605300003], [107.53332714100009, 21.284437186000048]]], [[[107.67436757500008, 21.280828258000042], [107.70134087400004, 21.299712256000078], [107.69936484800007, 21.293810312000062], [107.65241728500007, 21.26596960200004], [107.67436757500008, 21.280828258000042]]], [[[107.75177501900004, 21.284281710000073], [107.79126331400005, 21.29753534100007], [107.79517999600006, 21.296266372000048], [107.75177501900004, 21.284281710000073]]], [[[107.647998, 21.301552972000025], [107.65015304000008, 21.30194732700005], [107.65063867700007, 21.300678238000046], [107.647998, 21.301552972000025]]], [[[107.65795309500004, 21.305256216000032], [107.66460505700007, 21.305712912000047], [107.66406700100003, 21.304343393000067], [107.65795309500004, 21.305256216000032]]], [[[107.65460209500009, 21.307217232000028], [107.65854185100005, 21.307379378000064], [107.65743283900008, 21.305132745000037], [107.65460209500009, 21.307217232000028]]], [[[107.80599969700006, 21.31583166100006], [107.80320271000005, 21.316584401000057], [107.80595358300008, 21.31701188200003], [107.80599969700006, 21.31583166100006]]], [[[107.82374663600007, 21.353864474000034], [107.74672168200004, 21.30319688000003], [107.70402415200004, 21.301040647000036], [107.82374663600007, 21.353864474000034]]], [[[107.66995243800005, 21.334280920000026], [107.67103355300009, 21.335116077000066], [107.67074834000005, 21.33285466700005], [107.66995243800005, 21.334280920000026]]], [[[107.68670679800005, 21.339534592000064], [107.69027010900004, 21.342573774000073], [107.68971902800007, 21.34026893600003], [107.68670679800005, 21.339534592000064]]], [[[107.68993915800007, 21.343361641000058], [107.68837286600007, 21.344186352000065], [107.69021680100008, 21.34463312500003], [107.68993915800007, 21.343361641000058]]], [[[107.67298299600009, 21.341665808000073], [107.67806698100009, 21.346120547000055], [107.67760529200007, 21.342936071000054], [107.67298299600009, 21.341665808000073]]], [[[107.72527123400005, 21.345722951000027], [107.72707811600009, 21.352735535000022], [107.72824502000009, 21.350426518000063], [107.72527123400005, 21.345722951000027]]], [[[107.69349358700003, 21.349305209000022], [107.68751593200005, 21.350135564000027], [107.69413067900007, 21.35274836600007], [107.69349358700003, 21.349305209000022]]], [[[107.72586133600004, 21.35681244700004], [107.72698110400006, 21.35392943200003], [107.72525897400004, 21.354969482000058], [107.72586133600004, 21.35681244700004]]], [[[107.70804412500007, 21.357721724000044], [107.70946559300006, 21.358190516000036], [107.70797132400008, 21.35566848900004], [107.70804412500007, 21.357721724000044]]], [[[107.69490885800008, 21.36001243000004], [107.69455918100005, 21.358999905000076], [107.69144569700006, 21.35944819300005], [107.69490885800008, 21.36001243000004]]], [[[107.69814087400005, 21.359584194000035], [107.69701661900007, 21.360177770000064], [107.69784477200005, 21.361492372000043], [107.69814087400005, 21.359584194000035]]], [[[107.74919418800005, 21.36097927900005], [107.75686414400008, 21.37332572300005], [107.76141563700008, 21.363063079000028], [107.74919418800005, 21.36097927900005]]], [[[107.84742386700009, 21.37481889000003], [107.84775770400006, 21.377794426000037], [107.85062333500008, 21.376612888000068], [107.84742386700009, 21.37481889000003]]], [[[107.76237393800005, 21.383098603000064], [107.76830716500007, 21.389867718000062], [107.76508711900004, 21.381680438000046], [107.76237393800005, 21.383098603000064]]], [[[107.86239501500006, 21.395466121000027], [107.88009820500008, 21.413692792000063], [107.90861604500009, 21.409921346000033], [107.90220339800004, 21.39539473700006], [107.86239501500006, 21.395466121000027]]], [[[107.83257998700009, 21.412097755000048], [107.83514213100005, 21.412518384000066], [107.83432205600008, 21.411140302000035], [107.83257998700009, 21.412097755000048]]], [[[109.79001465800008, 7.565428201000032], [109.95746978700004, 7.522701570000038], [109.78779652200006, 7.534140217000072], [109.66006496300008, 7.507450040000037], [109.49611102200004, 7.312993041000027], [109.46942084600005, 7.320618806000027], [109.61920701300005, 7.525451944000054], [109.79001465800008, 7.565428201000032]]], [[[110.52238694900007, 7.813132924000058], [110.48547752000007, 7.776223496000057], [110.46240912700006, 7.780837174000055], [110.49701171600009, 7.833894478000047], [110.52238694900007, 7.813132924000058]]], [[[110.08329490400007, 7.94211862800006], [110.05453487700004, 7.846426175000033], [109.98460784400004, 7.810297208000065], [109.92506028700006, 7.82963859900002], [109.94374273400007, 7.889069537000069], [110.04094757300004, 7.953841214000022], [110.08329490400007, 7.94211862800006]]], [[[110.55203845800008, 8.090169618000061], [110.46637313600007, 8.071311555000023], [110.44943186000006, 8.137083567000047], [110.59803402100005, 8.176610893000031], [110.55203845800008, 8.090169618000061]]], [[[108.96938413700008, 10.483251495000047], [108.96781369300004, 10.48327291000004], [108.96775777500005, 10.484507851000046], [108.96938413700008, 10.483251495000047]]], [[[108.96604694300004, 10.485811795000075], [108.96381976700007, 10.496804905000033], [108.96925207700008, 10.495220184000061], [108.96604694300004, 10.485811795000075]]], [[[108.95418572600005, 10.504405201000054], [108.93139128300004, 10.513848984000049], [108.92963841300008, 10.553541715000051], [108.95808487000005, 10.548235517000023], [108.95418572600005, 10.504405201000054]]], [[[108.96028814400006, 10.563062518000038], [108.96289089800007, 10.561925277000057], [108.95961697700005, 10.555044636000048], [108.96028814400006, 10.563062518000038]]], [[[108.95742356900007, 10.566534034000028], [108.95840219400009, 10.564114098000061], [108.95547841000007, 10.56390218200005], [108.95742356900007, 10.566534034000028]]], [[[108.95040978400004, 10.566186298000048], [108.95202956100007, 10.568698063000056], [108.95274394000006, 10.566388252000024], [108.95040978400004, 10.566186298000048]]], [[[108.29938923100008, 10.909517015000063], [108.30197287400006, 10.90958872300007], [108.30093507200007, 10.908615576000045], [108.29938923100008, 10.909517015000063]]], [[[108.83250392600007, 11.231101481000053], [108.82961244000006, 11.222880085000043], [108.82105456600004, 11.223653803000047], [108.83250392600007, 11.231101481000053]]], [[[109.14547111700006, 11.582258338000031], [109.14712722100006, 11.578110937000076], [109.14268000900006, 11.58307211400006], [109.14547111700006, 11.582258338000031]]], [[[109.17708364900005, 11.648037362000025], [109.17612140300008, 11.649848864000035], [109.17798749100007, 11.649952871000039], [109.17708364900005, 11.648037362000025]]], [[[109.22362518100005, 11.770464596000068], [109.22407119500008, 11.768934026000068], [109.22233585000004, 11.770576092000056], [109.22362518100005, 11.770464596000068]]], [[[109.21168909400006, 11.783768215000066], [109.22195295900008, 11.783384827000077], [109.22202972800005, 11.77229079500006], [109.21168909400006, 11.783768215000066]]], [[[109.20299457100003, 11.81536727200006], [109.20078804100007, 11.817284920000077], [109.20209467700005, 11.817874258000074], [109.20299457100003, 11.81536727200006]]], [[[109.24955253300004, 11.833218123000051], [109.22164741700004, 11.851691557000038], [109.24799517600007, 11.850573912000073], [109.24955253300004, 11.833218123000051]]], [[[109.27031553600006, 11.861049218000062], [109.27185623700007, 11.861626237000053], [109.27122567900005, 11.859603695000033], [109.27031553600006, 11.861049218000062]]], [[[109.24257968100005, 11.864368257000024], [109.24096164800005, 11.864910774000066], [109.24186108400005, 11.866400316000068], [109.24257968100005, 11.864368257000024]]], [[[109.32076796200005, 12.00437443800007], [109.32274767300004, 12.007301175000066], [109.32324736000004, 12.003398859000072], [109.32076796200005, 12.00437443800007]]], [[[109.32550387000003, 12.032088701000077], [109.32469961200007, 12.029970981000076], [109.32418089000004, 12.031574738000074], [109.32550387000003, 12.032088701000077]]], [[[109.32780145800007, 12.046275524000066], [109.32408236000003, 12.04282411500003], [109.32575988000008, 12.033951105000028], [109.32137334400005, 12.038698130000057], [109.32232988700008, 12.041942525000024], [109.32780145800007, 12.046275524000066]]], [[[109.32573489600009, 12.049118742000076], [109.32675330500007, 12.049370964000047], [109.32636783300006, 12.047029575000067], [109.32573489600009, 12.049118742000076]]], [[[109.29959526600004, 12.164083284000071], [109.30436777200003, 12.171848286000056], [109.31673489500008, 12.163644477000048], [109.29959526600004, 12.164083284000071]]], [[[109.23437891900005, 12.177306291000036], [109.24894170900006, 12.177148572000021], [109.25180918500007, 12.16995337800006], [109.23437891900005, 12.177306291000036]]], [[[109.27568709600007, 12.182064239000056], [109.27112998400008, 12.175081866000028], [109.27206088700007, 12.181638586000076], [109.27568709600007, 12.182064239000056]]], [[[109.22542441700006, 12.18283598000005], [109.22222670200006, 12.196956262000072], [109.23404556800006, 12.194315950000032], [109.22542441700006, 12.18283598000005]]], [[[109.33053645100006, 12.210934804000033], [109.28428987200004, 12.181010826000033], [109.23039524700005, 12.226408333000052], [109.25844847700006, 12.212117984000031], [109.26654794100006, 12.236435228000062], [109.33053645100006, 12.210934804000033]]], [[[109.35785478000008, 12.27262505400006], [109.36245903700006, 12.267799507000063], [109.35948233200008, 12.26805648900006], [109.35785478000008, 12.27262505400006]]], [[[109.36839103400007, 12.281958728000063], [109.36880030100008, 12.285851526000044], [109.37042785200003, 12.28011226600006], [109.36839103400007, 12.281958728000063]]], [[[109.24284978300005, 12.287439207000034], [109.24385272600006, 12.290148224000063], [109.24629048400004, 12.288206583000033], [109.24284978300005, 12.287439207000034]]], [[[109.21547418400007, 12.357761996000022], [109.21476748400005, 12.362601820000066], [109.21858651900004, 12.360852916000056], [109.21547418400007, 12.357761996000022]]], [[[109.37368812500006, 12.36153037300005], [109.36784716200003, 12.367667246000053], [109.37983903100007, 12.356140894000077], [109.37368812500006, 12.36153037300005]]], [[[109.22114817000005, 12.388052294000033], [109.23758072800007, 12.39488551100004], [109.23508824200007, 12.380870486000049], [109.22114817000005, 12.388052294000033]]], [[[109.22063480100007, 12.399931753000033], [109.22457875800006, 12.40228742000005], [109.22481075600007, 12.398283977000062], [109.22063480100007, 12.399931753000033]]], [[[109.20175282700006, 12.401405175000036], [109.20299133600008, 12.402386703000047], [109.20454036500007, 12.400976872000058], [109.20175282700006, 12.401405175000036]]], [[[109.22013511500006, 12.401355960000046], [109.21607813400004, 12.402599228000042], [109.21855277300006, 12.403658088000043], [109.22013511500006, 12.401355960000046]]], [[[109.30712877700006, 12.476284607000025], [109.30512051100004, 12.475466073000064], [109.30327405000008, 12.476498759000037], [109.30712877700006, 12.476284607000025]]], [[[109.35268207000007, 12.477129732000037], [109.35524594000009, 12.48731977400007], [109.36105182400007, 12.47875371400005], [109.35268207000007, 12.477129732000037]]], [[[109.30279565500007, 12.486456395000062], [109.29424387200004, 12.494458522000059], [109.31452401800004, 12.497906361000048], [109.30279565500007, 12.486456395000062]]], [[[109.39307539800006, 12.549203693000038], [109.39280176000005, 12.546633875000055], [109.39101844100009, 12.54729816300005], [109.39307539800006, 12.549203693000038]]], [[[109.45964256800005, 12.564800663000028], [109.46128439600005, 12.566199786000027], [109.46202678800006, 12.565043368000033], [109.45964256800005, 12.564800663000028]]], [[[109.36752286000007, 12.631899052000051], [109.40210237700006, 12.548629814000037], [109.30450521500006, 12.630016899000054], [109.36752286000007, 12.631899052000051]]], [[[109.30168196600005, 12.637279425000031], [109.30313819600008, 12.634980865000045], [109.29693494100007, 12.634374103000027], [109.30168196600005, 12.637279425000031]]], [[[109.30821239700003, 12.635648304000028], [109.30696318000008, 12.638739224000062], [109.30897620400003, 12.637932587000023], [109.30821239700003, 12.635648304000028]]], [[[109.29572855500004, 12.639944421000052], [109.29445078400005, 12.636325261000025], [109.29245203700003, 12.637560201000042], [109.29572855500004, 12.639944421000052]]], [[[109.22011771300004, 12.640438256000039], [109.21845209100007, 12.644084780000071], [109.22005227800008, 12.642936690000056], [109.22011771300004, 12.640438256000039]]], [[[109.31771001500005, 12.645467328000052], [109.31699311400007, 12.640652174000024], [109.31491890800004, 12.645138963000022], [109.31771001500005, 12.645467328000052]]], [[[109.37620002200003, 12.643533441000045], [109.37378724900009, 12.64617940200003], [109.37568130000005, 12.646936070000038], [109.37620002200003, 12.643533441000045]]], [[[109.34001074000008, 12.651242221000075], [109.34817847800008, 12.642998816000045], [109.34325299400007, 12.641785291000076], [109.34001074000008, 12.651242221000075]]], [[[109.40461429600003, 12.650476629000025], [109.39293114300006, 12.650048326000046], [109.39444210000005, 12.656859533000045], [109.40461429600003, 12.650476629000025]]], [[[109.46586021800005, 12.654851464000046], [109.46921049900004, 12.653833055000064], [109.46715464500005, 12.65087300500005], [109.46586021800005, 12.654851464000046]]], [[[109.28723517000009, 12.701230451000072], [109.28085821400003, 12.694149175000064], [109.27949240400005, 12.695329388000061], [109.28723517000009, 12.701230451000072]]], [[[109.29696986500005, 12.719710114000065], [109.31337505200008, 12.722306475000039], [109.29464631500008, 12.711453753000058], [109.29696986500005, 12.719710114000065]]], [[[109.32024931500007, 12.729356818000042], [109.32127248300009, 12.731055753000021], [109.32125344800005, 12.729480550000062], [109.32024931500007, 12.729356818000042]]], [[[109.39166366700005, 12.82543085900005], [109.39316867600007, 12.833985022000036], [109.39735057900003, 12.832206375000055], [109.39166366700005, 12.82543085900005]]], [[[109.32110699700007, 13.16862867900005], [109.32354832400006, 13.168364559000054], [109.32229196800006, 13.16672273100005], [109.32110699700007, 13.16862867900005]]], [[[109.31372590900008, 13.17385944800003], [109.31038575300005, 13.17988854400005], [109.31347606500009, 13.18002701100005], [109.31372590900008, 13.17385944800003]]], [[[109.33650286700004, 13.275301862000049], [109.33193430200004, 13.289447757000062], [109.34401006600007, 13.280703238000058], [109.33650286700004, 13.275301862000049]]], [[[109.28160006400009, 13.38100842600005], [109.27987971400006, 13.379495089000045], [109.28004389700004, 13.38099414900006], [109.28160006400009, 13.38100842600005]]], [[[109.24080698100005, 13.394115767000073], [109.24172069400004, 13.396295353000028], [109.24697454400007, 13.397123405000059], [109.24080698100005, 13.394115767000073]]], [[[109.24737906700005, 13.481192056000054], [109.24887812700007, 13.481527560000075], [109.24823567300007, 13.480549601000064], [109.24737906700005, 13.481192056000054]]], [[[109.36955158000006, 13.594775924000032], [109.37094118500005, 13.593443426000022], [109.37012265100009, 13.592872356000044], [109.36955158000006, 13.594775924000032]]], [[[109.36361779900005, 13.609629152000025], [109.34081780400004, 13.619808486000068], [109.33757697800007, 13.633128708000072], [109.36361779900005, 13.609629152000025]]], [[[109.25574497100007, 13.679060659000072], [109.25053352500004, 13.680138139000064], [109.25216388200005, 13.684818954000036], [109.25574497100007, 13.679060659000072]]], [[[109.24104836200007, 13.681915738000043], [109.23771446900008, 13.684527610000032], [109.24080239200003, 13.685105756000041], [109.24104836200007, 13.681915738000043]]], [[[109.29933223500007, 13.766539163000061], [109.29615565400007, 13.765545738000071], [109.29613661900004, 13.76710190600005], [109.29933223500007, 13.766539163000061]]], [[[109.30450500900008, 13.882475244000034], [109.30267282400007, 13.877180943000042], [109.30289887200007, 13.88242170600006], [109.30450500900008, 13.882475244000034]]], [[[109.34766555600004, 13.898569621000036], [109.34877557500005, 13.896817148000025], [109.34807601300008, 13.896092602000067], [109.34766555600004, 13.898569621000036]]], [[[109.35183556100009, 13.900437795000073], [109.35260591200006, 13.899596061000068], [109.35237986300007, 13.898712686000067], [109.35183556100009, 13.900437795000073]]], [[[109.31796205000006, 13.903272923000031], [109.31727676600008, 13.900035666000065], [109.31772291400006, 13.904233035000061], [109.31796205000006, 13.903272923000031]]], [[[109.29374312300007, 14.13854205000007], [109.29556103100003, 14.138513497000076], [109.29332699200006, 14.136747013000047], [109.29374312300007, 14.13854205000007]]], [[[109.20123234400006, 14.231198470000038], [109.19929070400008, 14.232797467000069], [109.20101343400006, 14.233349502000067], [109.20123234400006, 14.231198470000038]]], [[[109.20856425600005, 14.246130182000059], [109.20943276000008, 14.247260426000025], [109.21054685600006, 14.246060832000069], [109.20856425600005, 14.246130182000059]]], [[[109.20853296700005, 14.250114629000052], [109.20945585100009, 14.252941145000023], [109.21044824700004, 14.251876203000052], [109.20853296700005, 14.250114629000052]]], [[[108.95424709200006, 15.193228873000066], [108.95223644800006, 15.192360370000074], [108.95309305400008, 15.193835636000074], [108.95424709200006, 15.193228873000066]]], [[[109.09904582500008, 15.38961108500007], [109.14161616500007, 15.388606648000064], [109.14736197000008, 15.379724425000063], [109.11940925200008, 15.369159618000026], [109.09904582500008, 15.38961108500007]]], [[[109.08576066900008, 15.427802713000062], [109.07857231700007, 15.432000082000059], [109.08704557800007, 15.432092881000074], [109.08576066900008, 15.427802713000062]]], [[[108.69194065700009, 15.499195158000077], [108.68735424600004, 15.499903048000021], [108.68936489100008, 15.500325402000044], [108.69194065700009, 15.499195158000077]]], [[[108.68572907400005, 15.50508551400003], [108.68652857300003, 15.506008745000031], [108.68688549200004, 15.504347881000058], [108.68572907400005, 15.50508551400003]]], [[[108.69271169600006, 15.817924041000026], [108.69770438700004, 15.811573890000034], [108.69072304900004, 15.812273452000056], [108.69271169600006, 15.817924041000026]]], [[[108.54230297900006, 15.913949400000035], [108.54224587200008, 15.903013397000052], [108.53267706300005, 15.903490306000037], [108.54230297900006, 15.913949400000035]]], [[[108.47186038600006, 15.933584863000021], [108.47660248400007, 15.932338457000071], [108.47367886100005, 15.930855519000033], [108.47186038600006, 15.933584863000021]]], [[[108.48518409000008, 15.948170394000044], [108.47626999000005, 15.944565435000072], [108.48409751400004, 15.94927154100003], [108.48518409000008, 15.948170394000044]]], [[[108.54046627300005, 15.923099419000039], [108.48417417400009, 15.96473641700004], [108.50299690000008, 15.979221386000063], [108.54046627300005, 15.923099419000039]]], [[[108.42044350200007, 15.973670038000023], [108.42337669000005, 15.973306842000056], [108.42341569300004, 15.971873164000044], [108.42044350200007, 15.973670038000023]]], [[[108.44231411200008, 15.97181910300003], [108.45208247900007, 15.976222414000063], [108.44710291400008, 15.967450780000036], [108.44231411200008, 15.97181910300003]]], [[[108.21065347700005, 16.220077722000042], [108.19825640800008, 16.214164881000045], [108.20434330500007, 16.225682703000075], [108.21065347700005, 16.220077722000042]]], [[[109.00408259700004, 18.360858051000037], [108.68592178200004, 18.53153792300003], [108.71300504500005, 18.696260520000067], [108.62199248000007, 18.830699029000073], [108.65433007600006, 18.914711516000068], [108.61721374700005, 19.08085940600006], [108.68079598400004, 19.16626074900006], [108.63440760500004, 19.21976223400003], [108.63893134300008, 19.27974999500003], [108.67735464200007, 19.300069681000025], [108.67067863100004, 19.353292897000074], [108.79218409200007, 19.391789446000075], [109.02614419000008, 19.583194207000076], [109.18098778900008, 19.644050509000067], [109.23877720200005, 19.728815246000067], [109.30866200800006, 19.68941860900003], [109.28373903500005, 19.782556795000062], [109.19704111000004, 19.721788997000033], [109.16438266100005, 19.746619673000055], [109.26224189200008, 19.900896585000055], [109.30581633000008, 19.920975696000028], [109.33390893800004, 19.881135095000047], [109.53715973000004, 19.836377759000072], [109.57020692300006, 19.862793122000028], [109.51389018100008, 19.878189146000068], [109.55443040100005, 19.91773898100007], [109.52473209600004, 19.935221623000075], [109.60139594900005, 19.98904000700003], [109.71750351500003, 20.01134028900003], [109.81338395800009, 19.934483928000077], [109.83300522500008, 19.99058350100006], [109.84018679200005, 19.91596862800003], [109.90922607400006, 19.994708686000024], [110.01364541300006, 19.892496407000067], [110.01153050000005, 19.935423958000058], [110.12953246300009, 19.963795963000052], [110.07897032900007, 19.977650090000054], [110.16635710800006, 20.062779057000057], [110.29711606600006, 20.022874382000055], [110.38666290700007, 20.08261999800004], [110.52784215500009, 20.002306390000058], [110.54784257300008, 19.960288994000052], [110.57835211300005, 19.98543034100004], [110.56689640400003, 19.938792782000064], [110.63066331700009, 19.894795139000053], [110.60600770000008, 20.002172426000072], [110.54979285300004, 20.046120205000022], [110.58986844200007, 20.08336216200007], [110.64710874700006, 20.080438038000068], [110.68441080900004, 20.13349658900006], [110.81376307600004, 19.984728890000042], [110.93673564200009, 19.989742714000045], [111.03391625800003, 19.631542108000076], [110.97976573600005, 19.62720060500004], [110.87301056500007, 19.518407944000046], [110.83436329200003, 19.592429460000062], [110.87232292300007, 19.59038580400005], [110.89245747300004, 19.639816843000062], [110.76890274700008, 19.606714372000056], [110.82844976900009, 19.524220263000075], [110.64032648300008, 19.29851473900004], [110.62508590000004, 19.210575282000036], [110.55791152300009, 19.153599254000028], [110.57392101800008, 19.071162078000043], [110.52104011500006, 18.985992174000046], [110.52008357100004, 18.908211558000062], [110.43717610200008, 18.841725275000044], [110.50971045600005, 18.80697393500003], [110.52102652300005, 18.87821572200005], [110.54737839800003, 18.792857742000024], [110.45981685700008, 18.773259132000078], [110.42695303200009, 18.67572051700006], [110.34795448700004, 18.679468516000043], [110.42221094900009, 18.71512402700006], [110.28026490500008, 18.666280142000062], [110.10039553000007, 18.498838472000045], [110.10159549400004, 18.437800329000027], [110.05376139200007, 18.433890657000063], [110.06802290000007, 18.39166945000005], [110.01467097500006, 18.370813689000045], [109.98918814000007, 18.403592510000067], [110.03774405200005, 18.447924284000067], [109.83179062800008, 18.379339479000066], [109.79694704400004, 18.399803704000078], [109.70620713800008, 18.25450537300003], [109.74581169800007, 18.22092951700006], [109.70572023700004, 18.199035512000023], [109.65859147600008, 18.238180845000045], [109.57501514500007, 18.16324718800007], [109.57706035800004, 18.246003433000055], [109.49044608300005, 18.20012388300006], [109.50494411000005, 18.24632173400005], [109.46807539800005, 18.279822350000074], [109.17193248300003, 18.288830435000023], [109.11182433700009, 18.36607007300006], [109.00408259700004, 18.360858051000037]]], [[[108.01564137300005, 21.196006349000072], [108.01948592600007, 21.188559792000035], [108.00994111400007, 21.19061097200006], [108.01564137300005, 21.196006349000072]]], [[[108.00842527200007, 21.203956447000053], [108.00783055600004, 21.204754966000053], [108.00950886800007, 21.205074559000025], [108.00842527200007, 21.203956447000053]]], [[[108.01295564000009, 21.206798882000044], [108.01315332900003, 21.202415835000068], [108.01085578700008, 21.20535736000005], [108.01295564000009, 21.206798882000044]]], [[[107.94760339700008, 21.235078505000047], [107.97538566500003, 21.24780407000003], [107.97802140300007, 21.22956339900003], [107.94760339700008, 21.235078505000047]]], [[[107.97757949900006, 21.244219843000053], [107.97859235700008, 21.245027778000065], [107.97866765100008, 21.24305160700004], [107.97757949900006, 21.244219843000053]]], [[[107.84476541000004, 21.351192087000072], [107.87581261700007, 21.37166230500003], [107.82797593300006, 21.364504886000077], [107.86391365600008, 21.38102611000005], [108.00547399000004, 21.396745201000044], [107.94426235500003, 21.35570782700006], [107.84476541000004, 21.351192087000072]]], [[[107.89888220700004, 21.41605772400004], [107.90190074600008, 21.416971813000032], [107.90044754700006, 21.414374097000064], [107.89888220700004, 21.41605772400004]]], [[[107.90547609400005, 21.416196568000032], [107.90590775300006, 21.41812165400006], [107.90895044500007, 21.415284926000027], [107.90547609400005, 21.416196568000032]]], [[[107.95832373600007, 21.430883142000027], [107.95624170800005, 21.42770061300007], [107.95621196400003, 21.431359034000025], [107.95832373600007, 21.430883142000027]]], [[[107.95662956000007, 21.438299208000046], [107.95750520100006, 21.44079288300003], [107.95803820100008, 21.433388001000026], [107.95662956000007, 21.438299208000046]]], [[[107.96728954500009, 21.444314486000053], [107.96481490600007, 21.44353402300004], [107.96656618900005, 21.44583734100007], [107.96728954500009, 21.444314486000053]]], [[[110.43006441200004, 36.42457266100007], [110.44297548200007, 36.28575254000003], [110.40771798100008, 36.264654165000024], [110.30782474400007, 36.273099036000076], [110.13711358200004, 36.37096261900007], [110.07730955000005, 36.36573032500007], [110.07124596500006, 36.40805051900003], [109.72839170300006, 36.478751094000074], [109.67920075900008, 36.54270534300008], [109.74597009100006, 36.647821226000076], [109.93153098400006, 36.75308816200004], [110.17659432900007, 36.71304348900003], [110.27035016200006, 36.59813824200006], [110.37984160400003, 36.62661749100005], [110.41627786300006, 36.59521895900008], [110.45948569300003, 36.46711688500005], [110.43006441200004, 36.42457266100007]]], [[[109.16322529200005, 36.498177300000066], [108.87911979300009, 36.63454324500003], [108.88456263800003, 36.66512579000005], [109.04961981900004, 36.91810955400007], [108.91996197400005, 36.99562063800005], [108.95971441800003, 37.11901460300004], [108.92101197700003, 37.16596987600008], [109.01184640100007, 37.267809155000066], [109.34679417000007, 37.359150929000066], [109.27944194500009, 37.37201350500004], [109.27898225200005, 37.47507755400005], [109.23200121300005, 37.54886051200003], [109.01608093000004, 37.62541855600006], [109.06573606600006, 37.77241923400004], [109.13773324900006, 37.81866978700003], [109.03281087600004, 37.88250102500007], [108.92785471300004, 37.874339304000046], [109.02001010900005, 38.002276438000024], [109.01079896500005, 38.08804100100008], [108.86425895800005, 38.204399539000065], [108.89807246400005, 38.34967115300003], [109.06560581200006, 38.44823614100005], [109.16091739600006, 38.57089201300005], [109.25852327600006, 38.616581507000035], [109.33097265000004, 38.61432475300006], [109.30574697100008, 38.68492030900006], [109.35582195900008, 38.70816780000007], [109.39367648600006, 38.793228826000075], [109.54341584400004, 38.816838698000026], [109.58344634500008, 38.874025019000044], [109.68381767200009, 38.866119490000074], [109.78891664600008, 38.80038263800003], [109.73894561300006, 38.611426951000055], [109.84481604400008, 38.62810437100006], [109.92234716400009, 38.583559353000055], [110.08958696000008, 38.58792789700004], [110.21602614600005, 38.482781663000026], [110.31636122100008, 38.48272600100006], [110.34763880600008, 38.43097024300005], [110.35145134800007, 38.37414908100004], [110.30143507600008, 38.34384642400005], [110.06032053200005, 38.34264074300006], [110.02930403100004, 38.27426907900008], [110.03590278800004, 38.188415966000036], [110.10241966800004, 38.08487638500003], [110.08829310300007, 37.92312851200006], [110.15935322000007, 37.79475323500003], [110.12336157200008, 37.77878454900008], [110.02623711500007, 37.817108648000044], [110.01521796700007, 37.894368444000065], [109.94373607900008, 37.821085854000046], [109.87207972000004, 37.85488993900003], [109.80132360600004, 37.78939184400008], [109.82392675700004, 37.76318291200005], [109.70328477300006, 37.75145725700003], [109.71243944300005, 37.69214649800006], [109.60478114000006, 37.66948294100007], [109.61193770500006, 37.60152515600004], [109.57335082000009, 37.60241312000005], [109.55585769900006, 37.567085948000056], [109.58525764800004, 37.50778124200008], [109.57086506000007, 37.41833291100005], [109.68518852800008, 37.40054293400004], [109.79722508000003, 37.32911749500005], [109.79010493000004, 37.26790884400003], [109.90320078000008, 37.295304233000024], [110.01368995900003, 37.23562521200006], [110.02437140600006, 37.20464816900005], [109.94378979900006, 37.198053206000054], [109.96805858800008, 37.10992335000003], [110.00652784300007, 37.124950666000075], [110.01087261200007, 37.067570173000036], [109.92720052900006, 37.01203535800005], [109.67186151500005, 37.036241122000035], [109.59168764100008, 36.99002843300008], [109.47836694400007, 37.03383215000008], [109.41055539200005, 36.99410274400003], [109.36718610800006, 37.01290929000004], [109.44752691600007, 36.691439022000054], [109.26739349300004, 36.67102887300007], [109.32683324200008, 36.59557547900005], [109.25801395900004, 36.512281597000026], [109.16322529200005, 36.498177300000066]]], [[[113.84735394800009, 7.392937706000055], [113.79300902300008, 7.401485490000027], [113.8391362750001, 7.421146286000067], [113.84735394800009, 7.392937706000055]]], [[[111.60383022100007, 7.617040403000033], [111.58101195100005, 7.522915038000065], [111.54678454600008, 7.508653620000075], [111.56960281600004, 7.608483551000063], [111.60383022100007, 7.617040403000033]]], [[[114.00048494600003, 7.618541483000058], [113.98192515000005, 7.585704922000048], [113.95908232400006, 7.604264717000035], [114.00048494600003, 7.618541483000058]]], [[[113.83145732800006, 7.613216559000023], [113.77534147200004, 7.603687452000031], [113.76581236400011, 7.625922036000077], [113.82404580000002, 7.649215411000057], [113.83145732800006, 7.613216559000023]]], [[[111.74073984200004, 7.696904348000032], [111.66658046400005, 7.639858673000049], [111.70936472000005, 7.728279469000029], [111.74073984200004, 7.696904348000032]]], [[[111.54678454600008, 7.816700266000055], [111.64661447800006, 7.945053035000058], [111.72933070700009, 7.93364390000005], [111.74073984200004, 7.902268779000053], [111.63805762600003, 7.856632238000032], [111.59242108600006, 7.756802307000044], [111.56389824900003, 7.762506874000053], [111.54678454600008, 7.816700266000055]]], [[[112.8991384520001, 7.879259744000024], [112.95703054100011, 7.882567864000066], [112.90823578000004, 7.849486670000033], [112.8991384520001, 7.879259744000024]]], [[[113.93733630300005, 8.02085061300005], [113.97015878500008, 7.972146284000075], [113.95745330800003, 7.942500171000063], [113.8971022930001, 7.976381443000037], [113.8960435030001, 8.011321505000069], [113.93733630300005, 8.02085061300005]]], [[[110.61137910900004, 7.982153893000032], [110.63616284400007, 8.041253569000048], [110.64378860900007, 7.984060334000048], [110.61137910900004, 7.982153893000032]]], [[[112.00651232300004, 8.049520190000067], [111.92584180800009, 8.060276258000044], [111.92718631700006, 8.093888973000048], [112.00651232300004, 8.099267007000037], [112.00651232300004, 8.049520190000067]]], [[[114.08970344300008, 8.096956244000069], [114.11363458000005, 8.125673608000056], [114.13517260200001, 8.123280495000074], [114.12320703400007, 8.075418222000053], [114.08970344300008, 8.096956244000069]]], [[[113.3062525580001, 8.078785112000048], [113.28531330100009, 8.130657362000022], [113.32100521600012, 8.129229685000041], [113.3062525580001, 8.078785112000048]]], [[[113.38477477100002, 8.297695525000051], [113.35146231700003, 8.174439445000075], [113.320053432, 8.13969931400004], [113.3105355880001, 8.177294798000048], [113.26818118200003, 8.128277901000047], [113.34908285600011, 8.247250951000069], [113.35717302300009, 8.309592830000042], [113.38477477100002, 8.297695525000051]]], [[[111.47307303100007, 8.518999260000044], [111.48612163800004, 8.554586369000049], [111.50866014000007, 8.554586369000049], [111.47307303100007, 8.518999260000044]]], [[[111.91363621800008, 8.621194236000065], [111.93648372600006, 8.620470612000076], [111.92433954100005, 8.610748117000071], [111.91363621800008, 8.621194236000065]]], [[[111.69608557800007, 8.638809192000053], [111.65914158600009, 8.627895243000069], [111.64151867800007, 8.65304403600004], [111.70438923700004, 8.67795501200004], [111.69608557800007, 8.638809192000053]]], [[[114.19563642800006, 8.791040726000062], [114.23085245100003, 8.780571098000053], [114.25083992400005, 8.71965689600006], [114.22038282300002, 8.738692584000034], [114.210864979, 8.711090837000029], [114.19563642800006, 8.791040726000062]]], [[[113.98719564400005, 8.778667529000074], [113.95293140600006, 8.811979983000072], [113.95578675900003, 8.84243708400004], [114.00527954800009, 8.794847864000076], [113.98719564400005, 8.778667529000074]]], [[[113.98053315300001, 8.870990616000029], [114.03859200200009, 8.839581731000067], [114.04430270800003, 8.77676396000004], [114.01765274500008, 8.784378236000066], [113.98053315300001, 8.870990616000029]]], [[[112.64444011400008, 8.833586505000028], [112.56045385200002, 8.817240567000056], [112.53879204500004, 8.852622193000059], [112.60256160000006, 8.86023646800004], [112.64444011400008, 8.833586505000028]]], [[[112.26277456900004, 8.850718624000024], [112.21529353800008, 8.830574033000062], [112.20186036700011, 8.867850743000076], [112.22375140800011, 8.867850743000076], [112.26277456900004, 8.850718624000024]]], [[[113.93104036400007, 8.837678162000032], [113.89772791000007, 8.853858497000033], [113.90914932300007, 8.889074520000065], [113.92913679600008, 8.880508460000044], [113.93104036400007, 8.837678162000032]]], [[[112.279397431, 8.90339362800006], [112.29252216200007, 8.870581801000071], [112.2750225210001, 8.859644525000022], [112.24439814900006, 8.886987715000032], [112.279397431, 8.90339362800006]]], [[[112.859543389, 8.88974178500007], [112.83574877900003, 8.926861376000033], [112.87572372400007, 8.90497033500003], [112.859543389, 8.88974178500007]]], [[[112.37508512800002, 8.94494528000007], [112.36271193100004, 8.90782568800006], [112.33796553600007, 8.938282789000027], [112.37508512800002, 8.94494528000007]]], [[[113.65502288800008, 8.987108313000022], [113.66739608500006, 8.969024410000031], [113.64074612200011, 8.978542254000047], [113.65502288800008, 8.987108313000022]]], [[[113.72164779600007, 8.99281902000007], [113.72831028700011, 8.973783332000039], [113.69357593400002, 8.972817116000044], [113.72164779600007, 8.99281902000007]]], [[[113.65241891300002, 8.997467572000062], [113.63113763600006, 9.018748849000076], [113.66809985400005, 9.03666992500007], [113.67482025800007, 9.016508714000054], [113.65241891300002, 8.997467572000062]]], [[[113.69404604800002, 9.013758277000022], [113.706419245, 9.03755288700006], [113.72545493300004, 9.006144001000052], [113.69404604800002, 9.013758277000022]]], [[[113.66137945100002, 9.234921825000072], [113.70282193900005, 9.183398732000057], [113.65017877900004, 9.191239203000066], [113.66137945100002, 9.234921825000072]]], [[[114.16092233300003, 9.374978029000033], [114.1980419250001, 9.370695], [114.18519283500007, 9.343569144000071], [114.16092233300003, 9.374978029000033]]], [[[112.5594062130001, 9.561437212000044], [112.56405464500006, 9.520763428000066], [112.51292188800005, 9.525992914000028], [112.51524610500007, 9.550397185000065], [112.5594062130001, 9.561437212000044]]], [[[112.88085530500007, 9.540516383000067], [112.85316825600012, 9.52864975700004], [112.88429130600002, 9.558678106000059], [112.88085530500007, 9.540516383000067]]], [[[112.89018159500006, 9.587638690000063], [112.90637988800006, 9.573894684000038], [112.89852617000008, 9.568004396000049], [112.89018159500006, 9.587638690000063]]], [[[112.9138445110001, 9.607171970000024], [112.90599229000009, 9.63144247200006], [112.9566748090001, 9.66427903400006], [112.96167167800002, 9.636439340000038], [112.9138445110001, 9.607171970000024]]], [[[112.98165915000004, 9.657140651000077], [113.03162783100004, 9.685694183000066], [113.04519075900009, 9.647860753000032], [112.98165915000004, 9.657140651000077]]], [[[114.29719319000003, 9.68622982200003], [114.26031154400005, 9.724301198000035], [114.30552130300009, 9.711214163000022], [114.29719319000003, 9.68622982200003]]], [[[114.34521864400006, 9.758367148000048], [114.35652108400006, 9.739331460000074], [114.34819297000001, 9.738141730000052], [114.34521864400006, 9.758367148000048]]], [[[114.28077490900012, 9.731677528000034], [114.2722088490001, 9.803061358000036], [114.29885881200005, 9.742147156000044], [114.28077490900012, 9.731677528000034]]], [[[114.27383481400011, 9.834509901000047], [114.25717858700011, 9.819638269000052], [114.26134264400002, 9.838673957000026], [114.27383481400011, 9.834509901000047]]], [[[114.26943281100012, 9.844265691000032], [114.27764195200007, 9.854616346000057], [114.27906962800012, 9.848191801000041], [114.26943281100012, 9.844265691000032]]], [[[114.29762942400009, 9.865680840000039], [114.28656493000005, 9.854259427000045], [114.28870644500012, 9.864967002000071], [114.29762942400009, 9.865680840000039]]], [[[114.3326075010001, 9.889832369000032], [114.33647412500011, 9.864253163000058], [114.32844344400007, 9.866632624000033], [114.3326075010001, 9.889832369000032]]], [[[113.88684982600012, 10.121195499000066], [113.88264414200012, 9.979884527000024], [113.85068094600001, 9.973996569000064], [113.85993345000009, 10.10100821800006], [113.88684982600012, 10.121195499000066]]], [[[114.25798417700003, 10.132557740000038], [114.23266734000003, 10.148732386000063], [114.24813874100005, 10.176862205000077], [114.27626856000006, 10.160687559000053], [114.25798417700003, 10.132557740000038]]], [[[114.30439837900008, 10.195146587000067], [114.33885740700009, 10.184597905000032], [114.32901197000001, 10.155764841000064], [114.30017890600004, 10.161390804000064], [114.30439837900008, 10.195146587000067]]], [[[113.61739802600005, 10.21984963400007], [113.61208894100002, 10.261563870000032], [113.63787592400001, 10.235776887000043], [113.61739802600005, 10.21984963400007]]], [[[114.32003524900006, 10.290263985000024], [114.25694999300003, 10.221290772000032], [114.23151472100005, 10.221082843000033], [114.26031454000008, 10.275123523000047], [114.32003524900006, 10.290263985000024]]], [[[114.06772443600005, 10.899604874000033], [114.13349914000003, 10.922879], [114.14260640600003, 10.897075078000057], [114.09049260200004, 10.86975327700003], [114.06772443600005, 10.899604874000033]]], [[[114.29770689700001, 11.038998741000057], [114.27960526400011, 11.038070453000046], [114.29538617500009, 11.047353341000075], [114.29770689700001, 11.038998741000057]]], [[[114.1972500070001, 11.049874775000035], [114.22355988800007, 11.048356897000076], [114.19850095200002, 11.039568961000043], [114.1972500070001, 11.049874775000035]]], [[[114.3814191780001, 11.071125064000057], [114.31665639300002, 11.059488001000034], [114.36118080800009, 11.100976661000061], [114.3814191780001, 11.071125064000057]]], [[[114.25695320000011, 11.08428000500004], [114.23633804100007, 11.063535444000024], [114.23317311400001, 11.069101227000033], [114.25695320000011, 11.08428000500004]]], [[[114.32633401300006, 11.385237027000073], [114.29934259400011, 11.403634921000048], [114.30145308200008, 11.416297850000035], [114.32633401300006, 11.385237027000073]]], [[[114.33733138100001, 11.435819865000042], [114.32519607400002, 11.425267424000026], [114.32625131800012, 11.437402731000077], [114.33733138100001, 11.435819865000042]]], [[[114.3505219320001, 11.445844684000065], [114.36318486000005, 11.459562856000048], [114.36687821500004, 11.455341880000049], [114.3505219320001, 11.445844684000065]]], [[[112.20648910900002, 15.716817597000045], [112.2257710350001, 15.735181337000029], [112.25790758000005, 15.736099524000053], [112.23311653100006, 15.697535670000036], [112.20648910900002, 15.716817597000045]]], [[[111.16993376800008, 15.784731026000031], [111.19196864500009, 15.768204868000055], [111.16580222900006, 15.777845127000035], [111.16993376800008, 15.784731026000031]]], [[[111.18600599900009, 15.794243575000053], [111.19851024900004, 15.803667248000068], [111.20367467400007, 15.792305515000066], [111.18600599900009, 15.794243575000053]]], [[[112.61383599400006, 16.035821639000062], [112.46972151300008, 16.001912349000065], [112.44768047500008, 16.025648852000074], [112.60196774200006, 16.06973092800007], [112.61383599400006, 16.035821639000062]]], [[[112.41793488200005, 16.033696046000045], [112.41731239400008, 16.04614581800007], [112.42592787700005, 16.027737176000073], [112.41793488200005, 16.033696046000045]]], [[[111.76271282400006, 16.03243071000003], [111.75254003700007, 16.073121857000046], [111.82714047500008, 16.074817322000058], [111.82883593900004, 16.042603497000073], [111.76271282400006, 16.03243071000003]]], [[[111.51998634600005, 16.184952274000068], [111.59319802500005, 16.26450132900004], [111.61505891500008, 16.247767425000063], [111.55286542200008, 16.20733513600004], [111.55733153100005, 16.180538483000078], [111.69798470400008, 16.201968004000037], [111.60168043300007, 16.161234424000043], [111.51998634600005, 16.184952274000068]]], [[[111.78638574400009, 16.25984827700006], [111.79734283900007, 16.209758701000055], [111.72499272000005, 16.183714233000046], [111.77974374900003, 16.23770467600002], [111.65598317000007, 16.260720527000046], [111.65199271700004, 16.28569480400006], [111.78638574400009, 16.25984827700006]]], [[[112.38985299400008, 16.278415539000036], [112.36459185400008, 16.280509726000048], [112.40385787600007, 16.28823204400004], [112.38985299400008, 16.278415539000036]]], [[[112.31799617400009, 16.276190464000024], [112.3481001240001, 16.301975152000068], [112.35974904400007, 16.296477909000032], [112.31799617400009, 16.276190464000024]]], [[[112.46362412500002, 16.280036662000043], [112.48198525900011, 16.301962041000024], [112.50339690800001, 16.308957926000062], [112.46362412500002, 16.280036662000043]]], [[[112.05272733900006, 16.362042254000073], [112.04253876100006, 16.326160740000034], [111.93961276100003, 16.329212046000066], [111.96701039100009, 16.37134486800005], [112.05272733900006, 16.362042254000073]]], [[[112.48444371100004, 16.342719169000077], [112.48988513100005, 16.35946199800003], [112.49853559300004, 16.360717710000074], [112.48444371100004, 16.342719169000077]]], [[[112.49476845600009, 16.370205313000042], [112.46002708600008, 16.362671040000066], [112.49058274900005, 16.380669581000063], [112.49476845600009, 16.370205313000042]]], [[[112.60835930400003, 16.38377583600004], [112.63450456100009, 16.404289807000055], [112.61921964100009, 16.36084845700003], [112.60835930400003, 16.38377583600004]]], [[[112.63772243900007, 16.39503840800006], [112.64637048500003, 16.393831704000036], [112.64516378100006, 16.376937846000033], [112.63772243900007, 16.39503840800006]]], [[[112.51302967400011, 16.41535126200006], [112.53113023600008, 16.44491551400006], [112.5415883390001, 16.447731157000078], [112.51302967400011, 16.41535126200006]]], [[[111.51837956000008, 16.424863430000073], [111.48148933600004, 16.442499546000022], [111.52468972900004, 16.430688202000056], [111.51837956000008, 16.424863430000073]]], [[[112.62748252300003, 16.453079756000022], [112.64576713300005, 16.44491551400006], [112.64214702100003, 16.436066350000033], [112.62748252300003, 16.453079756000022]]], [[[111.48634331300008, 16.46045926000005], [111.52695491800006, 16.44638272700007], [111.48128336400003, 16.455040320000023], [111.48634331300008, 16.46045926000005]]], [[[111.59340833800007, 16.440578996000056], [111.55057760500006, 16.476962781000054], [111.60041176700008, 16.443146743000057], [111.59340833800007, 16.440578996000056]]], [[[111.59038021500004, 16.48699433300004], [111.59749938100003, 16.460135661000038], [111.57759807600007, 16.48780332900003], [111.59038021500004, 16.48699433300004]]], [[[112.57215817800011, 16.489362451000034], [112.54641515600008, 16.491976977000036], [112.57235929600006, 16.502837315000022], [112.57215817800011, 16.489362451000034]]], [[[111.57581828500008, 16.496864086000073], [111.57209690200006, 16.492495507000058], [111.56918451600006, 16.49637868800005], [111.57581828500008, 16.496864086000073]]], [[[112.49050452900008, 16.507060779000028], [112.486079947, 16.494792620000055], [112.48768888600011, 16.507261897000035], [112.49050452900008, 16.507060779000028]]], [[[111.72965636000004, 16.479491709000058], [111.71123339200005, 16.547656690000053], [111.71629970800007, 16.557789322000076], [111.75867253400008, 16.527852], [111.74163128900005, 16.469359077000036], [111.70524592800007, 16.439882329000056], [111.72965636000004, 16.479491709000058]]], [[[112.51725313800011, 16.498613850000027], [112.49814698900002, 16.52294905100007], [112.49995704500009, 16.526569163000033], [112.51765537300003, 16.523954638000077], [112.51725313800011, 16.498613850000027]]], [[[111.64108138700004, 16.55650776600004], [111.63533920300006, 16.586716650000028], [111.64907051400007, 16.587465630000054], [111.64108138700004, 16.55650776600004]]], [[[111.69176240600007, 16.582722087000036], [111.67794127900004, 16.56041729900005], [111.68327396000007, 16.591460193000046], [111.69176240600007, 16.582722087000036]]], [[[112.67725017400005, 16.569385148000038], [112.68921770300005, 16.616602486000033], [112.69052325100006, 16.560246308000046], [112.67725017400005, 16.569385148000038]]], [[[112.66049563500007, 16.658380039000065], [112.69792135900002, 16.628352423000024], [112.65875490400003, 16.65489857600005], [112.66049563500007, 16.658380039000065]]], [[[112.67454306900004, 16.676506955000036], [112.69677194000008, 16.66781786300004], [112.68640487800008, 16.65782280800005], [112.67454306900004, 16.676506955000036]]], [[[112.68464828300012, 16.699287226000024], [112.71663422200004, 16.67034756700002], [112.66680578600005, 16.69645853700007], [112.68464828300012, 16.699287226000024]]], [[[112.18107693000002, 16.75001047300003], [112.185160515, 16.764400247000026], [112.20732854500011, 16.739509826000074], [112.18107693000002, 16.75001047300003]]], [[[112.2615856650001, 16.77829023000004], [112.20439548000002, 16.77561779100006], [112.20947311400005, 16.79405761700002], [112.2615856650001, 16.77829023000004]]], [[[112.27131722100012, 16.845344329000056], [112.3117673800001, 16.854782699000054], [112.28237359700006, 16.81325386900005], [112.27131722100012, 16.845344329000056]]], [[[112.32965376300001, 16.86276453200003], [112.35091520700007, 16.840131383000028], [112.34085602900007, 16.826185705000057], [112.32965376300001, 16.86276453200003]]], [[[112.16533780400005, 16.91303092800007], [112.19338324700004, 16.900895881000054], [112.217696197, 16.88287967800005], [112.17801218700004, 16.88363714600007], [112.16533780400005, 16.91303092800007]]], [[[112.305295354, 16.904131893000056], [112.27847478100011, 16.915738041000054], [112.27913758500006, 16.92732331800005], [112.305295354, 16.904131893000056]]], [[[112.31716073400003, 16.94053703700007], [112.30637402500008, 16.917345612000076], [112.30071100300006, 16.939188698000066], [112.31716073400003, 16.94053703700007]]], [[[112.20821497200006, 16.927862653000034], [112.18745055700003, 16.94053703700007], [112.21981068500008, 16.92975032800007], [112.20821497200006, 16.927862653000034]]], [[[112.265114863, 16.937840359000063], [112.25163147700005, 16.947818065000035], [112.26214851800012, 16.957795771000065], [112.265114863, 16.937840359000063]]], [[[112.24654680700007, 16.993644596000024], [112.20028748700008, 16.951423788000056], [112.15500547600004, 16.972669499000062], [112.20946592400003, 17.00025307100003], [112.24654680700007, 16.993644596000024]]], [[[111.51522779900006, 17.085419810000076], [111.49447889900006, 17.084468026000025], [111.51979636400006, 17.096270153000034], [111.51522779900006, 17.085419810000076]]], [[[111.43223219900005, 17.093605156000024], [111.47620463900006, 17.10293264300003], [111.42861541800005, 17.069049119000056], [111.43223219900005, 17.093605156000024]]], [[[111.49581139700007, 17.118732265000062], [111.51770243800007, 17.115876911000043], [111.48458034100008, 17.112069774000076], [111.49581139700007, 17.118732265000062]]], [[[113.14225174800004, 25.61487530100004], [113.1070625970001, 25.62699611000005], [113.01980620800009, 25.53571869600006], [112.77662078900005, 25.435019917000034], [112.74651023800004, 25.454640502000075], [112.7398993810001, 25.548340635000045], [112.76501538900004, 25.577974582000024], [112.72109010200006, 25.66731335700007], [112.79034156900002, 25.66986854700008], [112.80055375300003, 25.69632278100005], [112.75310393400002, 25.73633288600007], [112.79745995400003, 25.838506719000065], [112.88454603100001, 25.905602025000064], [112.88008127800003, 26.00321173800006], [112.91542276000007, 26.03388220900007], [113.042810884, 26.060858015000065], [113.08416263800007, 26.01049217600007], [113.161913346, 26.063511909000056], [113.18215189000011, 26.00886986200004], [113.15579661600009, 25.947151175000045], [113.21762040800002, 25.903213837000067], [113.24160225700007, 25.80261166300005], [113.21055656200008, 25.691430824000065], [113.14225174800004, 25.61487530100004]]], [[[114.86880191000012, 7.214838796000038], [114.84381757000006, 7.180931477000058], [114.8224024210001, 7.189854456000035], [114.83846378300007, 7.236253945000044], [114.86880191000012, 7.214838796000038]]], [[[114.95089331500003, 7.518220074000055], [115.00264659200002, 7.530712245000075], [115.02049255000009, 7.500374117000035], [114.95803169800001, 7.478958968000029], [114.95089331500003, 7.518220074000055]]], [[[114.68498854800009, 7.618157437000036], [114.724249654, 7.598526883000034], [114.67963476000011, 7.557481181000071], [114.66178880300004, 7.582465521000074], [114.68498854800009, 7.618157437000036]]], [[[114.89904920000004, 7.956442868000067], [114.8685062830001, 7.969081316000029], [114.88219793600001, 8.016475498000034], [114.9116876490001, 7.994358213000055], [114.89904920000004, 7.956442868000067]]], [[[114.78131328800009, 8.159177199000055], [114.817209993, 8.14242540400005], [114.80524442500007, 8.104135585000051], [114.77652706100002, 8.111314926000034], [114.78131328800009, 8.159177199000055]]], [[[114.50668468300012, 8.121060468000053], [114.53885341500006, 8.16076445400006], [114.61363090200007, 8.181828535000022], [114.60945311100011, 8.13533386100005], [114.50668468300012, 8.121060468000053]]], [[[114.6640507190001, 8.209432586000048], [114.69994742400002, 8.221398154000042], [114.74302347000003, 8.190287677000072], [114.68319562800002, 8.18550145000006], [114.6640507190001, 8.209432586000048]]], [[[115.29089675700004, 8.352233383000055], [115.24980262800011, 8.319700531000024], [115.18936337900004, 8.34660768200007], [115.18302466900002, 8.381341724000038], [115.22754330900011, 8.398464278000063], [115.29089675700004, 8.352233383000055]]], [[[115.56295682600012, 8.510409835000075], [115.55650693900009, 8.46096069600003], [115.51780761300006, 8.463110659000051], [115.52210753800011, 8.529759497000043], [115.56295682600012, 8.510409835000075]]], [[[115.25336222200008, 8.49536009700006], [115.25336222200008, 8.521159647000047], [115.28991158500003, 8.529759497000043], [115.29421151000008, 8.493210134000037], [115.25336222200008, 8.49536009700006]]], [[[116.32944420900003, 8.918003848000069], [116.29135516500003, 8.855791744000044], [116.27358027800005, 8.868488092000064], [116.30278187800002, 8.928160926000032], [116.32944420900003, 8.918003848000069]]], [[[114.64583045100005, 8.917628052000055], [114.69341967100002, 8.90811020800004], [114.62584297800004, 8.859569203000035], [114.62489119400004, 8.881460245000028], [114.64583045100005, 8.917628052000055]]], [[[116.47418257400011, 9.197323500000039], [116.497036, 9.178278979000027], [116.48687892200007, 9.145268474000034], [116.44752024400009, 9.165582631000063], [116.47418257400011, 9.197323500000039]]], [[[115.94996153600005, 9.347198973000047], [115.97481438700004, 9.306264867000039], [115.944113807, 9.278488151000033], [115.91162807400008, 9.32356509300007], [115.94996153600005, 9.347198973000047]]], [[[115.4285443330001, 9.413346194000042], [115.47427586800006, 9.377142063000065], [115.46474846500007, 9.321883125000056], [115.4209224110001, 9.358087256000033], [115.4285443330001, 9.413346194000042]]], [[[116.96299196600012, 9.40935250900003], [116.89570132200004, 9.455059362000043], [116.92490292200011, 9.465216440000063], [116.98965429600003, 9.452520092000043], [116.96299196600012, 9.40935250900003]]], [[[116.1911803800001, 9.569412696000029], [116.15609400300002, 9.562103034000074], [116.14732240800004, 9.579646223000054], [116.16778946200009, 9.600113276000059], [116.1911803800001, 9.569412696000029]]], [[[114.70057879300009, 9.702472636000039], [114.67666709800005, 9.721479369000065], [114.68709014500007, 9.738646740000036], [114.71651992300008, 9.731289295000067], [114.70057879300009, 9.702472636000039]]], [[[115.871017187, 9.800398013000063], [115.90025583500005, 9.80478381000006], [115.92218482100009, 9.762387771000022], [115.87540298500005, 9.64250931600003], [115.83008308100011, 9.709758205000071], [115.871017187, 9.800398013000063]]], [[[116.55387382200001, 9.753755180000041], [116.5762821300001, 9.763614836000045], [116.58883078200006, 9.727761543000042], [116.57359313300003, 9.72596887900005], [116.55387382200001, 9.753755180000041]]], [[[114.389357646, 9.782875597000043], [114.39435451400004, 9.766814235000027], [114.38400385900002, 9.778235648000077], [114.389357646, 9.782875597000043]]], [[[116.4006009960001, 9.80126079300004], [116.43555795600003, 9.810224116000029], [116.44541761200003, 9.77974881700004], [116.4149423130001, 9.770785494000052], [116.4006009960001, 9.80126079300004]]], [[[116.47768557500001, 9.786023144000069], [116.4669295870001, 9.812016781000068], [116.48037457200007, 9.82277276900004], [116.50905720600008, 9.795882799000026], [116.47768557500001, 9.786023144000069]]], [[[114.4500372010001, 9.814632922000044], [114.46215756200002, 9.79755423100005], [114.4500372010001, 9.80030885900004], [114.4500372010001, 9.814632922000044]]], [[[114.47856387600007, 9.828700155000035], [114.4861781510001, 9.817754635000028], [114.4757085230001, 9.816326958000047], [114.47856387600007, 9.828700155000035]]], [[[114.49739672500004, 9.82703609300006], [114.49913334100006, 9.84845436300003], [114.51360514500004, 9.834561431000054], [114.49739672500004, 9.82703609300006]]], [[[114.40190930300002, 9.85414045400006], [114.38406334500007, 9.843432879000034], [114.37782524700003, 9.846693655000024], [114.40190930300002, 9.85414045400006]]], [[[114.52749807700002, 9.85771631700004], [114.5396543920001, 9.861478986000066], [114.53618115900008, 9.854821956000023], [114.52749807700002, 9.85771631700004]]], [[[114.37335577100009, 9.865442894000068], [114.38406334500007, 9.88269398600005], [114.38703767100003, 9.86068397200006], [114.37335577100009, 9.865442894000068]]], [[[114.5900162690001, 9.867846580000048], [114.58712190900007, 9.884923308000054], [114.59956766000005, 9.879134587000067], [114.5900162690001, 9.867846580000048]]], [[[114.43901869000001, 9.873031026000035], [114.46491218900007, 9.88349861000006], [114.46546311500003, 9.87082732400006], [114.43901869000001, 9.873031026000035]]], [[[114.56223040600003, 9.885791617000052], [114.54717973000004, 9.871898685000076], [114.54486424100003, 9.890712030000032], [114.56223040600003, 9.885791617000052]]], [[[115.54954008800007, 9.925829313000065], [115.58575494500008, 9.865245117000029], [115.53689938900004, 9.842400699000052], [115.51498884300008, 9.900547915000061], [115.54954008800007, 9.925829313000065]]], [[[114.49392349200002, 9.887817669000071], [114.47829394400003, 9.899973984000042], [114.491029131, 9.906631014000027], [114.49392349200002, 9.887817669000071]]], [[[114.51678894200006, 9.898526804000028], [114.51100022000003, 9.91936620100006], [114.5217093550001, 9.913577480000072], [114.51678894200006, 9.898526804000028]]], [[[114.64102530500008, 9.901571043000047], [114.6169162870001, 9.909933822000028], [114.61485123400007, 9.969385682000052], [114.66957883700002, 9.946780802000035], [114.64102530500008, 9.901571043000047]]], [[[114.57120292400009, 9.93268026100003], [114.55875717300012, 9.947152065000068], [114.5732289770001, 9.94512601200006], [114.57120292400009, 9.93268026100003]]], [[[114.58422754800006, 9.957861200000025], [114.58596416400007, 9.946573193000063], [114.57872826200003, 9.953230222000059], [114.58422754800006, 9.957861200000025]]], [[[117.36777016400004, 10.108698944000025], [117.38799558300002, 10.092042717000027], [117.3725290860001, 10.05873026300003], [117.34635501500009, 10.083714603000033], [117.36777016400004, 10.108698944000025]]], [[[116.04206327700001, 10.103018017000068], [116.07422578900002, 10.13518053000007], [116.08299738300002, 10.066469708000056], [116.06253033000007, 10.06208391000007], [116.04206327700001, 10.103018017000068]]], [[[115.34632059300009, 10.175277405000031], [115.30081407600005, 10.144939727000065], [115.28058895700008, 10.176120118000028], [115.31682562800006, 10.20730050900005], [115.34632059300009, 10.175277405000031]]], [[[114.35854828000004, 10.207805006000058], [114.43449879100001, 10.211321233000035], [114.35995477100005, 10.183894660000021], [114.35854828000004, 10.207805006000058]]], [[[115.35474772600003, 10.22836834100002], [115.38087183700009, 10.247750747000055], [115.39688339000008, 10.227525628000024], [115.37665827100011, 10.20982864900003], [115.35474772600003, 10.22836834100002]]], [[[114.54842455800008, 10.26406464300004], [114.62226533300009, 10.268987362000075], [114.54068885800007, 10.23945105200005], [114.54842455800008, 10.26406464300004]]], [[[117.25831495800003, 10.353783428000042], [117.29400687300006, 10.352593697000032], [117.28329929800009, 10.305004477000068], [117.25593549700011, 10.316901782000059], [117.25831495800003, 10.353783428000042]]], [[[114.69032607300005, 10.327372008000054], [114.70556974100009, 10.377411004000066], [114.74566721500003, 10.374097163000044], [114.72578417000011, 10.318093253000029], [114.69032607300005, 10.327372008000054]]], [[[116.53932788200007, 10.426602693000063], [116.52570667200007, 10.35168604300003], [116.64602735300002, 10.344875438000031], [116.57792130700011, 10.30855221400003], [116.47349203800002, 10.306282012000054], [116.46441123200009, 10.372117856000045], [116.53932788200007, 10.426602693000063]]], [[[114.36126168100009, 10.370783322000023], [114.36556967400008, 10.387683910000021], [114.37286012400011, 10.384370070000045], [114.36126168100009, 10.370783322000023]]], [[[114.48022856600005, 10.388678063000043], [114.47658334100004, 10.372771627000077], [114.47161258000006, 10.382050381000056], [114.48022856600005, 10.388678063000043]]], [[[114.41726559100005, 10.391991903000076], [114.40864960500005, 10.38503283800003], [114.40765545200009, 10.391991903000076], [114.41726559100005, 10.391991903000076]]], [[[114.56705119500009, 10.41220633200004], [114.5875970080001, 10.40988664400004], [114.56771396300007, 10.40756695500005], [114.56705119500009, 10.41220633200004]]], [[[115.79968469300002, 10.462691687000074], [115.76458764400002, 10.444250864000026], [115.76161331700007, 10.469235204000029], [115.79968469300002, 10.462691687000074]]], [[[115.74317249400008, 10.447820055000022], [115.72175734500001, 10.45971736000007], [115.7324649200001, 10.469830070000057], [115.74317249400008, 10.447820055000022]]], [[[116.84104524000008, 10.469740307000052], [116.8453282700001, 10.494724648000044], [116.87102644900006, 10.49401080900003], [116.8688849340001, 10.476878690000035], [116.84104524000008, 10.469740307000052]]], [[[116.69399455000007, 10.517567473000042], [116.67614859200012, 10.490441618000034], [116.63760132400012, 10.506146060000049], [116.69399455000007, 10.517567473000042]]], [[[115.74198276400011, 10.532290921000026], [115.74793141700002, 10.490650353000035], [115.71104977100003, 10.487676027000077], [115.7193778840001, 10.515039829000045], [115.74198276400011, 10.532290921000026]]], [[[115.80741794200003, 10.520393616000035], [115.77648494900006, 10.519203885000024], [115.78302846600002, 10.539429304000066], [115.80741794200003, 10.520393616000035]]], [[[117.21072573800006, 10.588160337000033], [117.16908517000002, 10.590539798000066], [117.17384409200008, 10.619093330000055], [117.18931058900012, 10.617903599000044], [117.21072573800006, 10.588160337000033]]], [[[117.66451076300007, 10.655501810000032], [117.65255645000002, 10.626811459000066], [117.62984325600007, 10.623225165000065], [117.63223411800004, 10.64832922200003], [117.66451076300007, 10.655501810000032]]], [[[115.82842179600004, 10.672270121000054], [115.846267753, 10.640861236000035], [115.82199725100008, 10.640861236000035], [115.82842179600004, 10.672270121000054]]], [[[117.41297992300008, 10.675010663000023], [117.26307388000009, 10.691666890000022], [117.29400687300006, 10.740445841000053], [117.36420097300004, 10.74401503300004], [117.41535938400011, 10.709512848000031], [117.41297992300008, 10.675010663000023]]], [[[114.45170667100001, 10.718286904000024], [114.49071239800003, 10.705521393000026], [114.45950781600004, 10.694174273000044], [114.45170667100001, 10.718286904000024]]], [[[117.17741328400007, 10.736876650000056], [117.21072573800006, 10.73806638000002], [117.2166743900001, 10.717840961000036], [117.19169005000003, 10.714271770000039], [117.17741328400007, 10.736876650000056]]], [[[115.82485260400006, 10.728663347000065], [115.79487139600008, 10.722238803000039], [115.80058210200002, 10.746509305000075], [115.82485260400006, 10.728663347000065]]], [[[114.32277429800001, 10.739095503000044], [114.45723535900004, 10.776146995000033], [114.36938746600003, 10.695470359000069], [114.31918867000002, 10.692482335000022], [114.32277429800001, 10.739095503000044]]], [[[114.58290775300009, 10.79275238300005], [114.57936177800002, 10.758001826000054], [114.5587951220001, 10.763675387000035], [114.55241236600011, 10.78353284800005], [114.58290775300009, 10.79275238300005]]], [[[117.7709041490001, 10.755918038000061], [117.77209958000003, 10.808517015000064], [117.82828485100003, 10.84677081700005], [117.82708941900012, 10.77982666400004], [117.7709041490001, 10.755918038000061]]], [[[115.81914189800011, 10.832883739000067], [115.83341866400008, 10.800047177000067], [115.80772048500012, 10.800761016000024], [115.81914189800011, 10.832883739000067]]], [[[114.84986165500004, 10.820967349000057], [114.87018021600011, 10.831724234000035], [114.86838740200005, 10.813796092000075], [114.84986165500004, 10.820967349000057]]], [[[115.85911684300004, 10.827886871000032], [115.85055078300002, 10.857154242000036], [115.86982441700002, 10.83716676900002], [115.85911684300004, 10.827886871000032]]], [[[114.58273234900003, 10.840688304000025], [114.47815152400005, 10.810808069000075], [114.46799224400002, 10.838895490000027], [114.591098815, 10.910010451000062], [114.58273234900003, 10.840688304000025]]], [[[114.96041852700012, 10.893875124000033], [114.94009996700004, 10.843676328000072], [114.91739098800008, 10.840688304000025], [114.93531912900005, 10.907620032000068], [114.96041852700012, 10.893875124000033]]], [[[117.6657061950001, 11.054775862000042], [117.69798284, 11.038039824000066], [117.68841938900005, 11.016522061000046], [117.6585336070001, 11.021303786000033], [117.6657061950001, 11.054775862000042]]], [[[117.26523671100006, 11.061948450000045], [117.29990421800005, 11.07270733200005], [117.30349051200005, 11.033258099000022], [117.2700184360001, 11.033258099000022], [117.26523671100006, 11.061948450000045]]], [[[114.80291053600001, 11.104181536000056], [114.76650478300007, 11.044219119000047], [114.69940398300002, 11.000674982000021], [114.76507710600004, 11.112747596000077], [114.80291053600001, 11.104181536000056]]], [[[117.0213687270001, 11.052384999000026], [117.03451847100007, 11.089443370000026], [117.06799054700002, 11.066730175000032], [117.06320882200009, 11.036844393000024], [117.0213687270001, 11.052384999000026]]], [[[115.01563435000003, 11.08276638700005], [115.03990485300005, 11.057782046000057], [115.01920354200001, 11.057782046000057], [115.01563435000003, 11.08276638700005]]], [[[117.48280520600008, 11.077489057000037], [117.46009201200002, 11.061948450000045], [117.44694226800004, 11.06314388100003], [117.45650571800002, 11.088247938000052], [117.48280520600008, 11.077489057000037]]], [[[114.78934760900006, 11.15272254000007], [114.81861497900002, 11.13344890600007], [114.78078154900004, 11.146297996000044], [114.78934760900006, 11.15272254000007]]], [[[114.59497406300011, 11.329008086000044], [114.56766451700003, 11.31706016000004], [114.57904349400008, 11.339249166000059], [114.59497406300011, 11.329008086000044]]], [[[114.73152179500005, 11.428005192000057], [114.69397116800008, 11.450194198000077], [114.69738486200004, 11.493434313000023], [114.734366539, 11.479210591000026], [114.73152179500005, 11.428005192000057]]], [[[114.41167938000001, 11.452795455000057], [114.39765054200006, 11.473993799000027], [114.40520952300005, 11.489673641000024], [114.41167938000001, 11.452795455000057]]], [[[114.66267898000001, 11.515623319000042], [114.65130000200008, 11.429712038000048], [114.62967994500002, 11.420608856000058], [114.61602517200004, 11.521312808000062], [114.66267898000001, 11.515623319000042]]], [[[120.76836821100005, 21.945126189000064], [120.73413990800009, 21.900118100000043], [120.71669526000005, 21.91954609000004], [120.68414493000012, 22.197291591000067], [120.60691763800003, 22.33597665900004], [120.27119190000008, 22.58092001800003], [120.32664037900008, 22.556183349000037], [120.25002801100004, 22.64232098900004], [120.24987889600004, 22.678530188000025], [120.27923428200006, 22.685980950000044], [120.23695022100003, 22.715007098000058], [120.19346346800012, 22.827611599000022], [120.21492646800004, 22.84415927200007], [120.15057286000001, 22.975313951000032], [120.1763958900001, 22.976628580000067], [120.05769136000004, 23.032983908000062], [120.1231405100001, 23.378015792000042], [120.1662940970001, 23.335167307000063], [120.13837834600008, 23.409940978000066], [120.13538620200006, 23.66649280100006], [120.2126116710001, 23.794404619000034], [120.31268214700003, 23.82583091400005], [120.26873268000008, 23.83452542400005], [120.26728952600001, 23.867932164000024], [120.32494187500004, 23.921743763000052], [120.32549794500005, 23.964199704000066], [120.50241452900002, 24.211850239000057], [120.50158225200005, 24.268253078000043], [120.6206362370001, 24.428742973000055], [120.66445788900012, 24.362191530000075], [120.8274019260001, 24.296268223000027], [120.90364572900012, 24.324855704000072], [121.06624403700005, 24.315895745000034], [121.1844585340001, 24.411346363000064], [121.29912243700005, 24.450648053000066], [121.42451033900011, 24.683997588000068], [121.5358294880001, 24.722427353000057], [121.57840511500001, 24.782896424000057], [121.7273019800001, 24.851902203000066], [121.80761241800008, 24.947410965000074], [121.90579382100009, 24.94887711900003], [121.81114080100008, 24.82894369400003], [121.80987056000004, 24.72199592800007], [121.8700968820001, 24.590936270000043], [121.84166270800006, 24.468314238000062], [121.6227189120001, 24.10130772100007], [121.498335773, 23.475523021000072], [121.38772159200005, 23.19595084900004], [121.39348875100006, 23.101654129000053], [121.23771611300003, 22.877415615000075], [121.19028854300007, 22.85165352100006], [121.15887461600005, 22.74994408200007], [121.05690083600007, 22.686046653000062], [120.96764908900002, 22.558518110000023], [120.87843239200004, 22.296065776000034], [120.8950478810001, 22.09158708500007], [120.85637797400011, 21.89159982700005], [120.76836821100005, 21.945126189000064]], [[120.62788779300001, 24.12415345900007], [120.75908671800005, 24.167143469000052], [120.75292995100006, 24.219459955000048], [120.72185152700001, 24.227885730000025], [120.69359384800009, 24.193199594000077], [120.56881759700002, 24.206822514000066], [120.55256430700001, 24.166018617000077], [120.62788779300001, 24.12415345900007]]], [[[116.98763386500002, 23.46980595900004], [117.16500803600002, 23.469755510000027], [117.11890143000005, 23.407118559000025], [116.94057210300002, 23.426965782000025], [116.98763386500002, 23.46980595900004]]], [[[114.6982753210001, 25.24830143300005], [114.67570709900008, 25.327445484000066], [114.63762558000008, 25.31975955200005], [114.52378667200003, 25.406467376000023], [114.26524532400003, 25.30046702900006], [114.12364735100005, 25.31378216400003], [114.01609993900001, 25.277319694000028], [114.01843201500003, 25.404195032000075], [113.92525364700009, 25.44374110800004], [113.81712366400006, 25.328795798000044], [113.70736789800003, 25.34611005800008], [113.58935934200008, 25.321209536000026], [113.34638469600009, 25.412500540000053], [113.28704342800006, 25.502007631000026], [113.2544760180001, 25.499199066000074], [113.2473142340001, 25.582497578000073], [113.31151773900001, 25.647803211000053], [113.36655872000006, 25.633085683000047], [113.40591099400001, 25.574009514000068], [113.48739791900005, 25.595304703000068], [113.508965912, 25.68903676800005], [113.60574860800011, 25.748249314000077], [113.62128693500006, 25.831219275000024], [113.57349817400006, 25.891814987000032], [113.58857650400012, 25.923501936000036], [113.65439819200003, 25.96874125000005], [113.66298727900005, 26.050580797000066], [113.71900645900007, 26.058604752000065], [113.76378504600007, 26.109628263000047], [113.837880175, 26.102697308000074], [113.93988845800004, 26.17718498000005], [114.21499922900011, 26.218323431000044], [114.21240171000011, 26.147451138000065], [113.99117795100005, 26.04164262200004], [114.01159098100004, 25.98886133900004], [114.25187365200009, 26.038188544000036], [114.37924352200002, 26.108949663000033], [114.41441202700003, 26.161264593000055], [114.47852219300012, 26.171349717000055], [114.52316604700002, 26.230924061000053], [114.64972750200002, 26.205879501000027], [114.68510648100005, 26.235105033000025], [114.75563511300004, 26.391374883000026], [114.67720040100005, 26.392867944000045], [114.6214842820001, 26.471261180000056], [114.52403753800002, 26.51340330100004], [114.54980635200002, 26.59907495300007], [114.51934329700009, 26.69058521100004], [114.56786252900008, 26.714051229000063], [114.63572844500004, 26.71163202400004], [114.6630586770001, 26.64923310200004], [114.71580171300002, 26.69593803400005], [114.75268108300008, 26.699333697000043], [114.77579714500007, 26.664324262000036], [114.83637262400009, 26.699117516000058], [114.91684465800006, 26.556711579000023], [115.06181077300005, 26.47320180300005], [115.02693915300006, 26.381452052000043], [115.05400685500001, 26.284108219000075], [115.2365536100001, 26.23035016700004], [115.25519241500001, 26.189422233000073], [115.34331023800007, 26.15071035300008], [115.36313854100001, 26.080687563000026], [115.4896888620001, 26.142347573000052], [115.49430375200006, 26.20173178600004], [115.568757129, 26.287219121000078], [115.72128846800001, 26.340692414000046], [115.76998108100008, 26.299071973000025], [115.88029945400001, 26.280101251000076], [115.88978439700008, 26.149369571000022], [115.92926226000009, 26.09868662100007], [116.10639308900011, 26.12107878300003], [116.10370163700009, 26.15041030200007], [116.2521768360001, 26.233312891000026], [116.25806765100003, 26.273151897000048], [116.20930059900002, 26.338178334000077], [116.26092588200004, 26.419214428000032], [116.20183936300009, 26.51331834900003], [116.22012904300004, 26.53789297000003], [116.24713987500002, 26.554534636000028], [116.32998287400005, 26.50456991300007], [116.45757275100004, 26.597285862000035], [116.53939683700003, 26.56969213600007], [116.53706490400009, 26.649975141000027], [116.66681122900002, 26.661260368000057], [116.71528499100009, 26.60329202400004], [116.77901325800008, 26.586521333000064], [116.77146831100004, 26.549045481000064], [116.88074835000009, 26.452248547000067], [117.01507827300009, 26.484290567000073], [117.02526381700011, 26.368744953000032], [116.79687535300002, 26.306139761000054], [116.75144536700009, 26.198077819000048], [116.81606952100003, 26.147020631000032], [116.8108603820001, 26.115264281000066], [116.63967756700004, 26.04651414600005], [116.64988013900006, 25.91285909000004], [116.5997705200001, 25.872814507000044], [116.62958707100006, 25.779831346000037], [116.57765408600005, 25.701986103000024], [116.52625011700002, 25.400908187000027], [116.58699354200007, 25.38065885700007], [116.60467158300003, 25.326330718000065], [116.57294364400002, 25.30899690600006], [116.61681062200012, 25.27129403500004], [116.68186866100007, 25.288722585000073], [116.71925956300004, 25.358139831000074], [116.8094723370001, 25.360104998000054], [116.8576743970001, 25.405595090000077], [116.91072527200004, 25.39177942500004], [116.93584897100004, 25.349731332000033], [116.89203215000009, 25.284241716000054], [116.90217837600005, 25.222920816000055], [116.67590423800004, 25.162140261000047], [116.74395808000008, 25.095011533000047], [116.8593387190001, 25.071125436000045], [116.91675783800008, 25.012861189000034], [116.90102658700005, 24.97826002100004], [116.98131174700006, 24.977751196000042], [117.018173208, 24.94463487300004], [117.05459164000001, 24.885765363000075], [117.00944574400012, 24.78413654800005], [117.00192679800011, 24.59999825400007], [117.08955228500008, 24.568339602000037], [117.14696890700009, 24.500341251000066], [117.21193942600007, 24.524263851000057], [117.3061862510001, 24.507517653000036], [117.35314563000009, 24.457946803000027], [117.48734307000007, 24.526134553000077], [117.51930695800002, 24.516083043000037], [117.49423638700011, 24.35158845500007], [117.57056808200002, 24.334957479000025], [117.59729889700009, 24.280287845000032], [117.63614122100012, 24.34457601300005], [117.77157114400006, 24.360323090000065], [117.85403727300002, 24.301079707000042], [117.95237031400006, 24.322032696000065], [118.12053769300007, 24.251584999000045], [117.99686604900012, 24.20691149000004], [117.97515784000007, 24.14945510900003], [117.95832109600008, 24.212378926000042], [117.92256995800005, 24.166037265000057], [117.94695824900009, 24.15880427600007], [117.93588461400009, 24.120869920000075], [117.89935733700008, 24.10129387300003], [117.90695183800005, 24.022403843000063], [117.84989430200005, 24.019913436000024], [117.73652039300009, 23.897683980000068], [117.72843903500006, 23.93420179900005], [117.80641924200006, 24.037662020000027], [117.77433109200001, 24.010364722000077], [117.75668265900003, 24.039228329000025], [117.710997614, 24.029429786000037], [117.65934883000011, 23.763639574000024], [117.60802999700002, 23.71727384600007], [117.58203184100012, 23.728245945000026], [117.6229605630001, 23.781777141000077], [117.6370088970001, 23.885984165000025], [117.42369595900004, 23.94899653400006], [117.43586249600003, 23.912243657000033], [117.52230479900004, 23.870592945000055], [117.45084601000008, 23.781227337000075], [117.42362267200008, 23.78946906500005], [117.4429874440001, 23.742999162000046], [117.50607904800006, 23.76190437300005], [117.5255199390001, 23.730168625000033], [117.47481515200002, 23.716917478000028], [117.47001876800005, 23.653564432000053], [117.42407885700004, 23.650125734000028], [117.42023507400006, 23.585774324000056], [117.32587592200002, 23.58453478000007], [117.413084593, 23.675760612000033], [117.33553133100008, 23.69544117500004], [117.38293104800005, 23.804111196000065], [117.35105456100007, 23.749915773000055], [117.30780783600005, 23.79698027200004], [117.28357885600008, 23.79208109700005], [117.30424530000005, 23.762161407000065], [117.26960926000004, 23.68320332600007], [117.28864163600008, 23.645074227000066], [117.24769998300008, 23.62832174500005], [117.23561796100012, 23.707519835000028], [117.2332112580001, 23.633860393000077], [117.08367822200012, 23.569469450000042], [117.06757953100009, 23.635987727000042], [116.95029152100005, 23.60538825900005], [116.91201223300004, 23.640013666000073], [116.86151370800007, 23.45482080900007], [116.78035204000003, 23.353528725000047], [116.60778817500011, 23.37754373300004], [116.5417708970001, 23.427511799000058], [116.59441241400009, 23.324773307000044], [116.6801944560001, 23.350230918000022], [116.77021880500001, 23.320890827000028], [116.79196026400007, 23.26233230200006], [116.82543620600006, 23.26031920300005], [116.79683789700005, 23.217699484000036], [116.7503092390001, 23.27497889700004], [116.69978037600004, 23.288133806000076], [116.74174165400007, 23.250550704000034], [116.68852129800007, 23.237998746000073], [116.6504716290001, 23.170958711000026], [116.600705188, 23.255146541000045], [116.50457861600012, 23.26623280800004], [116.5297311270001, 23.212148424000077], [116.6074062130001, 23.206729522000046], [116.54360182500011, 23.12174161100006], [116.56032243200002, 23.030210985000053], [116.53667798600009, 23.000152032000074], [116.50875235, 23.010080319000053], [116.47629871200002, 22.950007017000075], [116.33917585100005, 22.930953456000054], [116.28234767100003, 22.983104878000063], [116.28127547200006, 22.949889506000034], [116.0847233610001, 22.82561860800007], [116.1228980620001, 22.904000792000033], [116.0018833470001, 22.943728700000065], [115.94801551300009, 22.988628265000045], [115.95257742600006, 23.05208962100005], [115.88441204000003, 23.129636842000025], [115.757828173, 23.18255298500003], [115.73597274200006, 23.25720483500004], [115.7933245700001, 23.26703216100003], [115.79257405200008, 23.347639730000026], [115.76616729500006, 23.38110608100004], [115.6561754490001, 23.369826105000072], [115.65065333900009, 23.466614450000066], [115.59877318500003, 23.499392022000052], [115.64563261600006, 23.552021380000042], [115.76547649200006, 23.53626387500003], [115.89975297800004, 23.764731591000043], [115.99183817200003, 23.815302374000055], [115.99590124300005, 23.89944231000004], [115.92298266600005, 23.900378319000026], [115.84626330900005, 24.000115117000064], [115.76148981800009, 24.013077976000034], [115.69736373400008, 24.102781867000033], [115.65760895900007, 24.102571940000075], [115.58975844300005, 24.189120625000044], [115.52104028600002, 24.216813056000035], [115.5824294460001, 24.229141842000047], [115.54024884000012, 24.348367472000064], [115.57827762600004, 24.468498305000026], [115.4895886270001, 24.50753919700003], [115.48214625700007, 24.572821528000077], [115.54550493300007, 24.635683108000023], [115.46044671800007, 24.738219188000073], [115.36066123400008, 24.778497129000073], [115.31634773300004, 24.74062243700007], [115.17467494300001, 24.710253477000037], [115.15532283100003, 24.675824670000054], [115.0216431230001, 24.688258028000064], [114.89856732700002, 24.649593134000042], [114.8372080260001, 24.552575524000076], [114.7983652040001, 24.586027070000057], [114.84431382100001, 24.716058478000036], [114.98058945500009, 24.794039026000064], [114.97366662400009, 24.91417188400004], [114.93868529300005, 25.021209243000044], [114.85521003100007, 25.000093054000047], [114.82092913000008, 25.06676439200004], [114.70342827800005, 25.132884684000032], [114.6682055230001, 25.19350031400006], [114.6982753210001, 25.24830143300005]]], [[[121.64138074300001, 25.072544383000036], [121.61199277700007, 25.134253270000045], [121.69152636400008, 25.17808426600004], [121.76680087900002, 25.155135908000034], [121.70069305600009, 25.04703218800006], [121.64138074300001, 25.072544383000036]]], [[[121.57972383700007, 36.78074477200005], [121.59958256000004, 36.716641147000075], [121.46245744500004, 36.75118203100004], [121.56940438800007, 36.82232207100003], [121.48060630100008, 36.78847131300006], [121.43709541800001, 36.83470502000006], [121.43419970500008, 36.766964132000055], [121.37318272000005, 36.789448193000055], [121.32175212400011, 36.90703146000004], [121.2370064370001, 36.913126797000075], [121.15855605900003, 37.013920116000065], [121.12468792100003, 37.14024826700006], [121.20874464300005, 37.23385082100003], [121.29239558200004, 37.233448278000026], [121.34768100800011, 37.385577727000054], [121.47188148900011, 37.44142598800005], [121.54359417300009, 37.42014364000005], [121.60905981400003, 37.465988776000074], [121.5646255580001, 37.42736290800008], [121.6566993780001, 37.42207315500008], [121.63250272700009, 37.44948593500004], [121.65843745000006, 37.44993754700005], [121.73378430000002, 37.41079868300005], [121.73013900400008, 37.441852072000074], [121.90885586800005, 37.44953648300003], [121.91971007300003, 37.40426162800003], [121.957805086, 37.41531222700007], [121.94644971800005, 37.45702329400007], [122.03403154500006, 37.56127616900005], [122.11776639300001, 37.531097887000044], [122.11074419200008, 37.46209881000004], [122.14432486100009, 37.42015797600004], [122.20506466100005, 37.448070931000075], [122.26108918800003, 37.39951308500008], [122.45092432500007, 37.402701345000025], [122.43475493800008, 37.36712113700003], [122.50080206300004, 37.36092995900003], [122.47042834700005, 37.38458981700006], [122.6582987590001, 37.40484642600006], [122.67807154500008, 37.36676369800006], [122.65684953400012, 37.35159183800005], [122.62510367000004, 37.36637310400005], [122.5310378260001, 37.329131360000076], [122.57058704000008, 37.311825345000045], [122.5473596270001, 37.298638408000045], [122.51550640200003, 37.305255755000076], [122.51923373600005, 37.24700497200007], [122.58783192400006, 37.17627356000003], [122.51986092400011, 37.169130205000044], [122.541379333, 37.12728857500008], [122.48882325900001, 37.135865297000066], [122.44281416900003, 37.10400357200007], [122.42880138400005, 37.13426782800008], [122.42339873800006, 37.03977988200006], [122.34039165000002, 37.01769034400007], [122.37006163900003, 36.99772965500006], [122.35687548300007, 36.96549232800004], [122.415534481, 37.00432973100004], [122.53780481700005, 37.015427386000056], [122.47484236500009, 36.92728062800006], [122.50205606700001, 36.89214108600004], [122.451508654, 36.87519286000003], [122.44905491500003, 36.90437871900008], [122.3702707760001, 36.916291658000034], [122.41069407500004, 36.84556071700007], [122.31723744700002, 36.84525702700006], [122.30483860000004, 36.81022916000006], [122.14394541600007, 36.81877941100004], [122.15215537200004, 36.88042737200004], [122.22396121100007, 36.87652745300005], [122.13196677700012, 36.91664633200003], [122.1515019200001, 36.983587173000046], [122.1789043010001, 36.97926552900003], [122.18171207800003, 37.02060951500005], [122.14717395500008, 37.03191639200003], [122.10193954800002, 36.926629235000064], [122.07134597900006, 36.948412967000024], [122.07003417900012, 36.89336506700005], [121.99287373400011, 36.885004930000036], [122.00286917000005, 36.94378230700005], [121.90509154500012, 36.99328673400004], [121.86493047800002, 36.93540699000005], [121.92375122300007, 36.914755642000046], [121.78931848000002, 36.90598780300007], [121.7196646320001, 36.829001006000055], [121.59546774400008, 36.78479267800003], [121.61330891900002, 36.82751895600006], [121.57972383700007, 36.78074477200005]]], [[[123.10249851800006, 39.07170605600004], [123.13698408300002, 39.10460487300003], [123.17382286600002, 39.05935706200006], [123.12442266500011, 39.03062897900003], [123.10249851800006, 39.07170605600004]]], [[[122.26329191200011, 39.150076299000034], [122.34647795600006, 39.21133856300003], [122.36247317000004, 39.16182697700003], [122.29615691200001, 39.137154433000035], [122.26329191200011, 39.150076299000034]]], [[[122.58051010500003, 39.220686484000055], [122.71061874700001, 39.22036129600008], [122.66339087400002, 39.19142418100006], [122.58051010500003, 39.220686484000055]]], [[[122.61744209800008, 39.26978035500008], [122.53365634800002, 39.25126836100003], [122.46385002500006, 39.28936429700008], [122.48296806700012, 39.29575281900003], [122.61744209800008, 39.26978035500008]]], [[[122.964331936, 39.546978840000065], [122.99275092300002, 39.52887502400006], [122.96691862800003, 39.49056296800006], [122.90560498700006, 39.52174842200003], [122.964331936, 39.546978840000065]]], [[[106.44304236200009, 40.53815286300005], [106.22401313300008, 40.72033913800004], [106.00992761200007, 40.71259726900007], [105.73201228500005, 40.83127672100005], [105.49527775200005, 40.806114741000044], [105.35340200400009, 40.83330063600005], [105.29103441800004, 40.950191966000034], [105.28697772900006, 41.23107103400008], [105.19949709500008, 41.39915078100006], [105.26331178300006, 41.73579858700003], [105.28594702400005, 41.71837389700005], [106.01679915900007, 42.020785329000034], [106.63714579300006, 42.23595126600003], [107.14686964100008, 42.325686989000076], [107.39557691500005, 42.43603261700008], [107.57765103000008, 42.38755413300004], [107.86129966100003, 42.38858476100006], [108.15039360700007, 42.45136275400006], [108.73744121500005, 42.37943321000006], [109.03006611300009, 42.425068570000064], [109.32520936400005, 42.415966135000076], [109.42369971800008, 42.432040004000044], [109.68572318400004, 42.58341855800006], [110.05120176000008, 42.62724376800003], [110.35803956000007, 42.74861226300004], [110.94903274200004, 43.301108191000026], [111.29562612200004, 43.405951680000044], [111.36336679300007, 43.45340224100005], [111.54869240200009, 43.46556424600004], [111.75594759100005, 43.63910317500006], [111.82086688500004, 43.64298034700005], [111.90595411100009, 43.70087563200008], [111.90339242400006, 43.82934717300003], [111.56416358100006, 44.07780481400005], [111.48114349900004, 44.17986499600005], [111.46933264700004, 44.25330050800005], [111.37901811300009, 44.31372197400003], [111.37054837300008, 44.35544856400003], [111.48581772300008, 44.515876020000064], [111.52432483300004, 44.684156302000076], [111.64907973500004, 44.89532082100004], [111.90629790000008, 45.06977065700005], [111.97295248700004, 45.09173757700006], [112.0708333560001, 45.05703400200008], [112.37575203000006, 45.056758641000044], [112.582340326, 44.89129549300003], [112.74508833000004, 44.83971599000006], [113.10784484200008, 44.784265692000076], [113.59535797100011, 44.75778032200003], [113.83703968000009, 44.89276223300004], [114.06150850100005, 44.951601407000055], [114.15592832300001, 45.04628098300003], [114.29170174800004, 45.10801523300006], [114.46497807500009, 45.27579253500005], [114.50030117500012, 45.39112797900003], [114.7004833530001, 45.443416901000035], [114.84394454400001, 45.37810449800003], [115.44135639000001, 45.41188135500005], [115.66597795900009, 45.464710007000065], [115.85698208300005, 45.60223541700003], [116.16631720600003, 45.701175352000064], [116.232692541, 45.78957414900003], [116.19162655100001, 45.91242307700003], [116.24270735300001, 46.00424243900005], [116.54113572500012, 46.29647204500003], [116.6996626240001, 46.32248266400006], [116.78420679500005, 46.37810200200005], [117.04954741400002, 46.33960581700006], [117.33111973100006, 46.36012037300003], [117.33179269900006, 46.45966116100004], [117.38829085000009, 46.493490171000076], [117.39526351300003, 46.562612784000066], [117.57476241200004, 46.588537074000044], [117.67377481300002, 46.493070629000044], [117.74151056800008, 46.517978877000075], [117.77941554100005, 46.49958457300005], [117.83252145600011, 46.57365991200004], [118.24409784800002, 46.707394804000046], [118.34899033300007, 46.715386410000065], [118.45213250200004, 46.673975788000064], [118.71962901900008, 46.64873915600003], [118.74540644600006, 46.729641367000056], [118.84566600200003, 46.75311532200004], [118.86919176800006, 46.68397984100005], [118.96550244100001, 46.68653178900007], [119.0813738490001, 46.60086735800007], [119.19600404800008, 46.59117728800004], [119.36665025800005, 46.592559691000076], [119.43304028300008, 46.62138510900007], [119.46418261200006, 46.584632697000075], [119.6555935990001, 46.58162509500005], [119.72125558900007, 46.61402656700005], [119.75066521000008, 46.67350477800005], [119.86663679900005, 46.663190848000056], [119.89521467800012, 46.78320990800006], [119.88070971200011, 46.88135141300006], [119.81033314600006, 46.92446732600007], [119.74745681000002, 47.02302391100005], [119.7665195720001, 47.04473419100003], [119.67708028400011, 47.15693863600006], [119.519074756, 47.23121422000003], [119.2867794880001, 47.42006175500006], [119.30565698500004, 47.451056434000066], [119.0814751370001, 47.51236173600006], [119.0688706310001, 47.63624804300008], [118.6747333510001, 47.73081862300006], [118.59747984700005, 47.85376600400008], [118.4729598990001, 47.97013640600005], [118.16824232300007, 48.02525239800008], [118.00724659200012, 47.983114528000044], [117.72918324300008, 47.97338522100006], [117.49188360500011, 47.76730531100003], [117.49962868800003, 47.724687878000054], [117.44167335600002, 47.72657213000008], [117.30955720300005, 47.62364464700005], [116.90555978200007, 47.833141503000036], [116.61130815500007, 47.85785764700006], [116.48005541600003, 47.82848618400004], [116.1338357510001, 47.831445821000045], [116.0136310800001, 47.78471676000004], [115.876099328, 47.65416513300005], [115.53239098600011, 47.876708292000046], [115.49729294600002, 47.91464081500004], [115.48410199900002, 48.065678501000036], [115.51712689500005, 48.14444475000005], [115.76595784500012, 48.24952675700007], [115.74666994400002, 48.507774647000076], [116.00758196700008, 48.77162515500004], [116.00079888000005, 48.87236545400003], [116.03042095400008, 48.93117746400003], [116.68115238000007, 49.836143793000076], [117.05076440000005, 49.65242495600006], [117.54898013000002, 49.586749990000044], [117.74195438700008, 49.49079454500003], [117.8414795860001, 49.57797817800008], [117.9979877190001, 49.60898879700005], [118.13474316800011, 49.66034076400007], [118.20064547900006, 49.735713944000054], [118.30560220000007, 49.75058536700004], [118.33260530100006, 49.82523117800008], [118.43113117200005, 49.81996260200003], [118.52082703200006, 49.91442878600003], [119.02533228800007, 49.97531152000005], [119.13245448400005, 50.06576296700007], [119.23743126600004, 50.09586275500004], [119.30903907200002, 50.19021692000007], [119.28458227300007, 50.22796571900005], [119.30935764300011, 50.339146895000056], [119.10201196900005, 50.34760285400006], [119.09002160500006, 50.39579483300008], [119.18297877000009, 50.41646027200005], [119.25732667400007, 50.56121133600004], [119.44619153600001, 50.73283214300005], [119.4643815390001, 50.865279902000054], [119.71595592100005, 51.05748536900006], [119.74005390700006, 51.11681679600008], [119.71985060500003, 51.18546014100008], [119.78887785600011, 51.19897507700006], [119.81151509600011, 51.277176352000026], [119.87773755300009, 51.319898651000074], [119.87095117500007, 51.35219056400007], [119.94763004700008, 51.377374460000055], [119.95942369300008, 51.49762190800004], [120.04669029400009, 51.651686288000064], [120.45467669700008, 51.863057852000054], [120.5929804430001, 51.89807865600005], [120.64563531800002, 51.984935361000055], [120.62999203100003, 52.01424277600006], [120.7032699990001, 52.09316642300007], [120.69944011300004, 52.19715048100005], [120.56527721000009, 52.304298379000045], [120.65040267100005, 52.40152086300003], [120.66682051200007, 52.505304796000075], [120.44866990900005, 52.61246252600006], [120.08916175400009, 52.54208525800004], [120.03724517700005, 52.555753408000044], [119.96822999200003, 52.59222658400006], [120.01832963200002, 52.67417469700007], [120.000225365, 52.749097850000055], [120.26370086000009, 52.84596822000003], [120.74425716500002, 53.19281058900003], [120.796531189, 53.27006420200007], [121.1435378540001, 53.25284159100005], [121.8449549280001, 53.402085105000026], [122.00481945500007, 53.38533758400007], [122.10591317600006, 53.44438839000003], [122.30658924300008, 53.463301192000074], [122.38089696400004, 53.416525113000034], [122.79843210600006, 53.421555409000064], [122.98836822600003, 53.482449873000064], [123.11837870900001, 53.47174367500003], [123.23291474000007, 53.53194315200005], [123.46261838900011, 53.48487408900007], [123.50786452500006, 53.53166277300005], [123.56697423300011, 53.47214915600006], [123.61599458800004, 53.52239983000004], [123.82647320100011, 53.455413787000055], [123.99918065200006, 53.35232313900008], [124.17667051400008, 53.35653545800005], [124.24959776000003, 53.323226455000054], [124.39759307700001, 53.16562703500006], [124.59612509100009, 53.17310617000004], [124.82086883800002, 53.072879629000056], [124.91822615400008, 53.169625635000045], [124.99456738000003, 53.179550851000045], [125.16826721000007, 53.155238230000066], [125.46956067300005, 53.018878792000066], [125.55190346600011, 53.03555875600006], [125.67418930500003, 52.95272677600008], [125.59301450500004, 52.847298472000034], [125.7747434480001, 52.860561820000044], [125.92095058600012, 52.73893056000003], [126.02575508400002, 52.75776745600007], [126.00509458800002, 52.66074764000007], [125.9058145250001, 52.60325308900008], [125.94818426100005, 52.54749722000008], [126.06258379200005, 52.55861473500005], [126.15017460600006, 52.49623451600007], [126.13105090900001, 52.46013749700006], [126.28689033900002, 52.36016299200003], [126.24448570200002, 52.29515459900006], [126.38482114700003, 52.25285846400004], [126.24894386100004, 52.20628702800008], [126.27517948200011, 52.17028776800004], [126.48583919700002, 52.130000290000055], [126.46612673900006, 52.02760484600003], [126.3818554500001, 51.99950854000008], [126.4092740640001, 51.91024291200006], [126.56841681000003, 51.74344624100007], [126.67183096100007, 51.68683432600005], [126.64946000700002, 51.563238916000046], [126.77528104800001, 51.510784698000066], [126.73700936400007, 51.41651206100005], [126.88144487200009, 51.35911394400006], [126.74855603200001, 51.28471955400005], [126.8459542060001, 51.21925616100003], [126.87140733800004, 51.26278990600008], [126.84426644300004, 51.29223600700004], [126.89972350300002, 51.300347387000045], [126.92029750600011, 51.250795663000076], [126.8471862880001, 51.14445175100008], [126.87639884300006, 51.03829436500007], [127.11898431800012, 50.87451635000008], [127.20216004400004, 50.76329066400007], [127.3093403690001, 50.56922666600008], [127.25711784300006, 50.455495787000075], [127.33450810000011, 50.38551522000006], [127.30461914800003, 50.29197156300006], [127.5021215700001, 50.242100770000036], [127.54674884400004, 50.189910574000066], [127.42373491300009, 50.000993089000076], [127.48023204600008, 49.902427137000075], [127.46831171100007, 49.796766912000066], [127.62169825900003, 49.74613136600004], [127.62255749100007, 49.65782153100008], [127.76560364300008, 49.564139596000075], [127.92345239800011, 49.60177981000004], [128.06513078000012, 49.52576798900003], [128.20981466700005, 49.550596109000026], [128.2753066240001, 49.53234889700008], [128.47733976400002, 49.59599726400006], [128.7374049760001, 49.55730211400004], [128.69309771500002, 49.479203521000045], [128.9278552400001, 49.44233403000004], [129.0533753210001, 49.348512292000066], [129.20089764500005, 49.382328339000026], [129.31513936300007, 49.329145889000074], [129.33649248900008, 49.427902964000054], [129.4324715580001, 49.40893165600005], [129.47304765400008, 49.39333243600004], [129.50527409400001, 49.27635338400006], [129.66539887700003, 49.25636510000004], [129.71047609800007, 49.18465228900004], [129.862245754, 49.08001788200005], [129.8848574640001, 49.014078794000056], [130.023823654, 48.92506307100007], [130.2208325790001, 48.858094969000035], [130.383206964, 48.895155714000055], [130.47825461000002, 48.85299046100005], [130.60183205200008, 48.86789832800008], [130.59514805800006, 48.80021633500007], [130.47181283600003, 48.615338921000046], [130.57026644600012, 48.55387330600007], [130.58602280600007, 48.47286595000003], [130.6697555180001, 48.505320038000036], [130.71136695400003, 48.491072519000056], [130.6930142770001, 48.353843479000034], [130.746626299, 48.265685347000044], [130.64320377100012, 48.040281022000045], [130.86397538100005, 47.87155540300006], [130.9206863700001, 47.696896664000064], [130.95453607700006, 47.67710096400003], [131.06906639200008, 47.66445582800003], [131.4044638370001, 47.732067948000065], [131.556562858, 47.64610092400005], [131.69225744100004, 47.67388559300008], [131.89070623700002, 47.651880978000065], [132.19218481000007, 47.68344119900007], [132.2708780580001, 47.73812822800005], [132.48338984500003, 47.67844786500007], [132.52603882900007, 47.702875034000044], [132.537096377, 47.81107145300007], [132.62890766300006, 47.878682240000046], [132.63338400400005, 47.93345590300004], [132.76162146500008, 47.91455545600007], [132.9981958290001, 48.07151160600006], [133.15789802900008, 48.102914697000074], [133.23979587700012, 48.06171323600006], [133.49424715300006, 48.096578469000065], [133.50918986500005, 48.13943389100007], [133.6235001990001, 48.17106740500003], [133.75079885700006, 48.26282492000007], [133.91912720900007, 48.25250644800008], [134.02087406600003, 48.31806623600005], [134.2825134210001, 48.367676103000065], [134.56874328700007, 48.394802189000075], [134.7508419720001, 48.33673915500003], [134.83303596500002, 48.39196501200007], [134.976797647, 48.41208173800004], [134.97272643100007, 48.36350915500003], [134.6421306300001, 48.24717443800006], [134.59290156300005, 48.08240935500004], [134.49432883100008, 47.99973515900007], [134.49904279700002, 47.90544122500006], [134.6162163460001, 47.875343341000075], [134.6099046180001, 47.80086736900006], [134.71057149900003, 47.711147469000025], [134.59953558900008, 47.56293166000006], [134.4598340230001, 47.44508965000006], [134.40821578700002, 47.41701803800004], [134.27696226000012, 47.421098666000034], [134.1097029440001, 47.28513636200006], [134.10181216900003, 47.23187258400003], [134.14965790600002, 47.188168233000056], [134.16491528300003, 47.118840103000025], [134.0119156820001, 47.036155163000046], [133.94450821200007, 46.63788578700007], [133.78422515600005, 46.48716158000008], [133.86311774800004, 46.381309731000044], [133.834553, 46.33824290000007], [133.86351326600004, 46.261293831000046], [133.66856334500005, 46.16430752100007], [133.6831946530001, 46.05331532800005], [133.63169930000004, 45.966372238000076], [133.52474634400005, 45.89045807900004], [133.46724903200004, 45.89989161700004], [133.40488033300005, 45.83531766200008], [133.43515314800004, 45.76962324200008], [133.37389612700008, 45.719854206000036], [133.40641177600003, 45.637002507000034], [133.304398987, 45.557512505000034], [133.17545050600006, 45.529035555000064], [133.1246732730001, 45.48129660300003], [133.04925232200003, 45.28648285600008], [133.09438390900004, 45.16079365200005], [133.05186292100007, 45.072649625000054], [132.91811948600002, 45.02630433000007], [131.9435806890001, 45.24130951800004], [131.81594276600003, 45.33990408100004], [131.71947691800005, 45.21425133200006], [131.63293691600006, 45.20975185000003], [131.58405531800008, 45.14191464400005], [131.61744406000003, 45.10806556000006], [131.58828304300005, 45.078123584000025], [131.414800355, 44.97528138100006], [131.24881234200006, 44.98714361400005], [131.2244097570001, 44.92400453600004], [131.1739588810001, 44.89719714100005], [131.037571425, 44.927616939000075], [131.01283137500002, 44.88028793800004], [130.92019339700005, 44.83553757900006], [131.0485282290001, 44.72580324000006], [131.2751420730001, 44.052976251000075], [131.1741251520001, 43.99046073900007], [131.19853465300002, 43.90168682900003], [131.15508806200012, 43.790783806000036], [131.1322104300001, 43.577922992000026], [131.22569140100006, 43.47322484100005], [131.2491102250001, 43.39943720900004], [131.1470245700001, 43.23387745100007], [131.1404509030001, 43.10652173600005], [131.06827215500005, 43.07591294800005], [131.03910784900006, 43.00279468700006], [131.0628294810001, 42.92999204600005], [130.94253890700008, 42.92324314200005], [130.9889222050001, 42.86182859400003], [130.84456004000003, 42.851258683000026], [130.7673888810001, 42.877558961000034], [130.72854371300002, 42.83632750700008], [130.562255896, 42.811239475000036], [130.37710763400003, 42.72333656400008], [130.45467029300005, 42.685219837000034], [130.52398277600003, 42.71737853800005], [130.58235191400001, 42.616605753000044], [130.57943408000006, 42.54794763900003], [130.5484114200001, 42.53320615300004], [130.60533481100003, 42.428038979000064], [130.57317946500007, 42.41809475300005], [130.53054816300005, 42.46125188900004], [130.52246574800006, 42.54534078200004], [130.47096623700008, 42.60268496800006], [130.40514921400006, 42.550681946000054], [130.37702354100009, 42.57783185100004], [130.40101213200012, 42.617593069000065], [130.3094076000001, 42.63286902100003], [130.19903738100004, 42.79167933100007], [130.21691086600003, 42.88302266800008], [130.0449817110001, 42.906012031000046], [130.1004975410001, 42.94405680700004], [130.05136173800008, 42.97047481300007], [129.82605400300008, 42.99621766400003], [129.68486899000004, 42.71900865600003], [129.71071355800007, 42.67304676800006], [129.65217572400002, 42.43858977900004], [129.55950097000004, 42.43973303900003], [129.50541921, 42.39956135700004], [129.508375633, 42.367904097000064], [129.38039581700002, 42.431779763000065], [129.26340372700008, 42.41774741200004], [129.25969247800003, 42.379686667000044], [129.1874247080001, 42.36123024200003], [129.17225037600008, 42.26507698100005], [129.13604906500007, 42.24804589400003], [129.14972540300005, 42.19383086300007], [129.08238721200007, 42.13520483600007], [128.89082065000002, 42.06056527100003], [128.88914335000004, 42.01492141600005], [128.6728310200001, 42.034204663000025], [128.53391487800002, 41.99971584700006], [127.9936894540001, 42.00042242100005], [128.05596740700003, 41.93554462000003], [128.05515756600005, 41.80928937300007], [128.10456863000002, 41.71859497200006], [128.2190741180001, 41.62753224200003], [128.24372147500003, 41.55469108400007], [128.10228850200008, 41.36194979100003], [127.99867416600011, 41.378304738000054], [127.97574927900007, 41.418179198000075], [127.9016839520001, 41.43760797300007], [127.81053184300004, 41.391814261000036], [127.74382108200007, 41.38488722500006], [127.70566354100004, 41.41357965900005], [127.5998277970001, 41.38417824000004], [127.51375572600011, 41.453658278000034], [127.22620119700002, 41.47069575100005], [127.2208439310001, 41.49604037300003], [127.06255078200002, 41.54218909800005], [127.1156641770001, 41.587697572000025], [127.02356554700009, 41.63926911200008], [127.02670189300011, 41.69096239400005], [126.88983021900003, 41.789046780000035], [126.83853389800004, 41.77335945100003], [126.81866227000012, 41.70269956200008], [126.66197725400002, 41.72529010100004], [126.65849363100006, 41.67091768800003], [126.53789721200008, 41.59681536800008], [126.54833880400008, 41.537150964000034], [126.46943390500007, 41.39599171400005], [126.49447417300007, 41.334606043000065], [126.409578441, 41.35111666900008], [126.22225067500005, 41.14435414900004], [126.09844596100004, 41.07774158600006], [126.00142449000009, 40.94961960000006], [125.93762390600011, 40.91784822900007], [125.99955265100004, 40.88878114000005], [125.73212680400002, 40.87138341700006], [125.61820951700008, 40.81457549700008], [125.60457693500007, 40.75103824300004], [125.52881422000007, 40.76110064200003], [125.48227113400003, 40.71038443400005], [125.40585714200006, 40.69896200800008], [125.3606377970001, 40.61665568400008], [125.2620882540001, 40.64130998500008], [125.01913507600011, 40.55441194700006], [124.95136751500002, 40.46724287600006], [124.86395609100009, 40.460379903000046], [124.40216710900006, 40.17168828000007], [124.29843234900011, 40.07498494300006], [124.3052463570001, 39.99437043700004], [124.18591528800005, 39.93689856700007], [124.10511374900011, 39.83634406600004], [123.96942453400004, 39.80673539900005], [123.93515846600008, 39.845617796000056], [123.8336934780001, 39.843227349000074], [123.83223067500012, 39.86877821600007], [123.697938668, 39.82605067600008], [123.60293406300002, 39.866374466000025], [123.51589949900006, 39.77342745300007], [123.49662386500006, 39.808883982000054], [123.43086981800002, 39.79450419900007], [123.41733500400005, 39.74505384100007], [123.3775072310001, 39.732640220000064], [123.36216856300007, 39.804852863000065], [123.3307415700001, 39.77800378500007], [123.23119753000003, 39.806705011000076], [123.22364759800007, 39.76301410000008], [123.16537055100002, 39.72784722800003], [123.21151744000008, 39.727930284000024], [123.24685330200009, 39.686445158000026], [123.1764569820001, 39.70049919500008], [123.095085304, 39.65756330500005], [123.05384387400011, 39.69321995900003], [123.05259043700005, 39.671596186000045], [122.95468486700008, 39.673655558000064], [122.92781173700007, 39.66532232600008], [122.95673063200002, 39.642651863000026], [122.93133982400002, 39.621498501000076], [122.80575441000008, 39.62425940300005], [122.77402158900009, 39.57921494200008], [122.67375946800007, 39.558657184000026], [122.64020995200008, 39.50923675900003], [122.61361686200007, 39.53886091800007], [122.55774367000004, 39.463417797000034], [122.5206303010001, 39.47315883400006], [122.44311277300005, 39.41233295700005], [122.34711102400001, 39.42376337300004], [122.23948801200004, 39.32392851900005], [122.1972856320001, 39.32408426400008], [122.20310741300011, 39.26926449600006], [122.03522017900002, 39.17378746600008], [122.11044058700008, 39.13907601400007], [122.0309918580001, 39.09996980900007], [122.00012819800008, 39.11807491900004], [122.01633045200003, 39.05964907300006], [121.92325525800004, 39.03255246400005], [121.86224353400007, 39.05777842200007], [121.88009103500008, 39.01732866000003], [121.80221129600011, 39.04218386300005], [121.85615360400004, 38.970568650000075], [121.84091769400004, 38.94928571300005], [121.68549080700006, 39.04862620700004], [121.66673559000003, 39.03576166400006], [121.70918924500006, 38.99865911200004], [121.63417057600009, 39.01864931700004], [121.58725184900004, 39.00184800300008], [121.62631499000008, 38.97410947100008], [121.55691730900003, 38.95107985100003], [121.66579021200005, 38.90924952200004], [121.6692448120001, 38.868259771000055], [121.55487992700012, 38.88072995400006], [121.47876339600009, 38.811234755000044], [121.1978377690001, 38.79667168000003], [121.17653090500005, 38.77311664500007], [121.21119816700002, 38.77297649500008], [121.16230224500009, 38.723679074000074], [121.08951583200007, 38.71607884100007], [121.09406276000004, 38.87473905000007], [121.03841105900005, 38.904555910000056], [121.31535390600004, 38.98038177900003], [121.26482808000003, 39.012582518000045], [121.34694554000009, 39.049166426000056], [121.37783976300011, 39.01404908100005], [121.459371927, 39.013554802000044], [121.62029123700006, 39.07047602800003], [121.64727930800007, 39.11429258800007], [121.59288782700003, 39.176791722000075], [121.5610652150001, 39.16501419400004], [121.55898723700011, 39.20769250400008], [121.60010145500007, 39.23314787400005], [121.54634846500005, 39.252163892000056], [121.69723807200012, 39.294515310000065], [121.72386489300004, 39.359162842000046], [121.81160749900005, 39.35704853300007], [121.92144838000002, 39.404518746000065], [121.79567972300003, 39.37922344200007], [121.66457228900003, 39.405833431000076], [121.63124684800005, 39.360736548000034], [121.4969414850001, 39.357601603000035], [121.44756565000012, 39.39067206900006], [121.40680304000011, 39.49082146000006], [121.47468101700008, 39.50868082300008], [121.52669609400004, 39.59837994700007], [121.49949972700006, 39.67573174700004], [121.42849195100007, 39.72777637100006], [121.4304127050001, 39.79815937300003], [121.4964557720001, 39.86684120800004], [121.57332988500002, 39.86946207500006], [121.65886133400011, 39.921062118000066], [121.73443980200011, 39.914654417000065], [121.8082670550001, 39.96807509000007], [121.83374830800005, 39.99937856400004], [121.78938114300001, 40.01946318200004], [121.86309351500006, 40.047549262000075], [121.9098165580001, 40.11322393900008], [121.96694657600005, 40.12005079000005], [121.95032473900005, 40.17762004200006], [122.02223461400001, 40.18496290200005], [122.05812928300008, 40.24250004900006], [122.04496683600007, 40.290734404000034], [122.13032122000004, 40.335803560000045], [122.157172564, 40.41224744300007], [122.24251819300002, 40.46561776400006], [122.21396784400008, 40.53768949900007], [122.1147311530001, 40.59984418400006], [122.09874900500006, 40.68458198800005], [121.93755342500003, 40.808121045000064], [121.91687143700005, 40.77818952300004], [121.90118445700011, 40.795835759000056], [121.9524010560001, 40.871173707000025], [121.91790938800011, 40.86325455900004], [121.91819823300011, 40.95926872100006], [121.84372955300012, 40.99550681000005], [121.8246600120001, 41.055106745000046], [121.79305505600007, 40.97895146800005], [121.7656127350001, 41.05646393200004], [121.72900803000005, 41.04323076800006], [121.70608257100002, 40.98264320800007], [121.67350096500002, 40.987182906000044], [121.71916309500011, 40.92357288000005], [121.679689671, 40.92325791300004], [121.71488306200001, 40.89584872000006], [121.63424109300001, 40.908030316000065], [121.57999190800001, 40.85911071700008], [121.45475460600005, 40.93463534400007], [121.37761680800008, 40.904715434000025], [121.26216063600009, 40.96476647700007], [121.23289361800005, 40.941764145000036], [121.269745682, 40.91616561700005], [121.13637335700002, 40.93861804100004], [121.0255981790001, 40.81976273600003], [120.94492668500004, 40.83153140100006], [120.88129087100003, 40.77315529900005], [120.88002542700008, 40.74701448500008], [120.98033851100001, 40.71021895900003], [120.80617641000003, 40.68489086500006], [120.69678383100006, 40.560342639000055], [120.63794360200006, 40.54223164700005], [120.61414516800005, 40.48526232200004], [120.49841903900005, 40.399085298000045], [120.54889145200002, 40.36633869700006], [120.47185768400004, 40.320618359000036], [120.45211860600011, 40.24706954000004], [120.38599554200005, 40.19055983700008], [120.33209356500004, 40.19728753900006], [119.92178475900005, 40.05546375000006], [119.85191808500008, 39.98365366500008], [119.76175908700009, 39.95207842100007], [119.614418827, 39.92801471100006], [119.5706587090001, 39.88769374900005], [119.52093687000001, 39.89742495300004], [119.47975035500008, 39.857802141000036], [119.48709107800005, 39.798623458000066], [119.40948241800004, 39.79068615500006], [119.38780713000006, 39.872140184000045], [119.53453285600006, 39.92875493400004], [119.72771009000007, 40.09617737200006], [119.72543277600005, 40.149698285000056], [119.6029149100001, 40.21722581600005], [119.567412106, 40.26961091900006], [119.53716645500003, 40.32088485500003], [119.54514379900002, 40.419748379000055], [119.49960369300004, 40.49279481100007], [119.39904203900005, 40.527639470000054], [119.27572774600003, 40.500828858000034], [119.19554796800003, 40.525355802000036], [119.19724852700006, 40.57795264500004], [119.11412558300003, 40.58594331200004], [119.10214646300005, 40.615413524000076], [119.13876135300006, 40.66284655000004], [118.97060787100008, 40.65625214700003], [118.80079879100003, 40.76840641600006], [118.770294981, 40.85537615100003], [118.95324867400006, 40.98205366900004], [118.87804306600003, 41.02470804100005], [119.12542310700007, 41.15803071000005], [119.19552021400011, 41.305566586000054], [119.07058041100004, 41.27502243600003], [118.95185518400001, 41.29992364300006], [118.85298588500007, 41.262294421000036], [118.7830602680001, 41.323220313000036], [118.47420727400004, 41.34447568400003], [118.41372793200003, 41.29993700500006], [118.30730667900002, 41.316477777000046], [118.24008076400003, 41.44528832900005], [118.27819159500007, 41.49735133900003], [118.26605862300005, 41.54595036200004], [118.19690315000003, 41.56123331800006], [118.19103878300007, 41.61215191200006], [118.09795987100006, 41.70679518900005], [118.10962154900005, 41.76299309900003], [118.16106588700006, 41.78865362300007], [118.26088928500008, 41.736215955000034], [118.29711235200011, 41.76798016400005], [118.31391087100008, 41.84876442700005], [118.24120076000008, 41.90422793400006], [118.28782419800007, 41.95321880600005], [118.24563067400004, 41.99636058400006], [118.25216509600011, 42.060860597000044], [118.09810947500011, 42.03532635200003], [118.10853020200011, 42.09026767000006], [118.04861727700006, 42.08764176400007], [118.05934734700008, 42.14566564100005], [117.93724509300012, 42.216972363000025], [118.00939133800011, 42.275422992000074], [117.95675346300004, 42.40433399900007], [117.73747197700004, 42.56211595100007], [117.56647830200006, 42.52967430500007], [117.48114767100003, 42.55513348900007], [117.36796566700002, 42.43614777300007], [117.24828682900011, 42.46308041800006], [116.91501451300007, 42.406467718000044], [116.64879664300008, 42.56896147700007], [116.53980570800002, 42.46519435400006], [116.46806781500004, 42.32932677400004], [116.3842578550001, 42.32212095800003], [116.25507007800002, 42.37586171000004], [116.21967644900008, 42.35295829300003], [116.21379740200007, 42.243285462000074], [115.97203335800009, 42.07010165600008], [115.92157902500003, 41.90041570100004], [115.78557587600005, 41.949365801000056], [115.80777230300009, 42.09952044000005], [115.78727866300005, 42.12497044200006], [115.59502793600006, 42.115574984000034], [115.58312140500004, 42.14929277200008], [115.50683850700011, 42.13244597900007], [115.46514053600004, 42.185123916000066], [115.33611380100001, 42.09263276000007], [115.24962666600004, 42.069250115000045], [115.08631914800003, 42.10601938000008], [114.92149188500002, 42.08335408000005], [114.808056297, 42.14134892700008], [114.76850322000007, 42.13538913300005], [114.76181872200004, 42.10188347300004], [114.577703412, 42.120305253000026], [114.46546909100005, 42.08075199600006], [114.48604418800005, 41.97560076900004], [114.28387544800012, 41.91523139600008], [114.19532025500007, 41.82082705400006], [114.16766460200006, 41.716855354000074], [114.22734624700001, 41.511787437000066], [114.02707046, 41.53782528000005], [113.86093549300006, 41.39636629100005], [113.94815616700009, 41.36342078800004], [113.91462477800007, 41.278426497000055], [113.72620394500007, 41.33256027400006], [113.60302515, 41.32204589000003], [113.63553879300002, 41.41331397500005], [113.59815984200009, 41.43048627200005], [113.47360067800003, 41.39377635900007], [113.34118532600007, 41.29126542100005], [113.3936821100001, 41.215107070000045], [113.52023667000003, 41.18740199900003], [113.61821792400008, 41.08559138900006], [113.57148532500003, 41.03374722800004], [113.5550412990001, 40.91178541900007], [113.49839520900002, 40.85128939100008], [113.4616904510001, 40.71119206800006], [113.50984108300008, 40.64792847100006], [113.63004047400011, 40.631024523000065], [113.73503672800007, 40.57948884700005], [113.76150637500007, 40.531135723000034], [113.59174304800001, 40.34638928000004], [113.4241106930001, 40.30780032400003], [113.18470263100005, 40.42737294800003], [113.09725400200011, 40.42022422400004], [112.98285788300007, 40.36140632400003], [112.793009815, 40.16287281600006], [112.41128249100007, 40.29815221400003], [112.14769600000011, 40.153397305000055], [112.02763437200008, 39.96861503700006], [111.91812708900005, 40.09002822800005], [111.77947225600008, 40.06605455700003], [111.57133282000007, 40.10649202400003], [111.49527110700006, 40.18272822500006], [111.37041733000007, 40.14531646000006], [111.33742650000005, 40.103729231000045], [111.17477034800004, 40.16938328300006], [111.02921358100008, 40.28348162100008], [110.88771554800007, 40.22005887500006], [110.85535769300009, 40.287797941000065], [110.76394203300003, 40.25460183000007], [110.70207611600006, 40.27950406800005], [110.67773342500004, 40.33795153700004], [110.61124926400004, 40.313725317000035], [110.65955485200004, 40.14468228100003], [110.62688023300007, 40.00614836200003], [110.37144845900008, 39.88925710700005], [110.37283816500008, 39.83417586000007], [110.32151687000004, 39.75763297000003], [110.23502976100008, 39.724240475000045], [110.15460020300009, 39.741997326000046], [110.10374398000005, 39.643821314000036], [110.09718937300005, 39.60501034500004], [110.12857751800004, 39.57987729000007], [110.28002897500005, 39.61339442800005], [110.31152872600006, 39.591880701000036], [110.48543134900007, 39.34138819000003], [110.38429487600007, 39.29289484700007], [110.21580965200008, 39.44054073400008], [110.09711176100006, 39.46217055200003], [110.07661766700005, 39.40697750700008], [110.16238057100009, 39.29646963500005], [109.95880630300007, 39.21645803800004], [109.84363417700007, 39.12527619900004], [109.67218824800005, 39.069232224000075], [109.61279457100005, 38.94104822700007], [109.55617395800004, 38.96118959300003], [109.50947733500004, 39.02959543600008], [109.47412662900007, 39.24488210000004], [109.35772811100009, 39.23634003300003], [109.32215564300009, 39.263201526000046], [109.31984406400005, 39.330170311000074], [109.13455637400006, 39.36408338900003], [109.09612252600004, 39.34372354000004], [108.99150678500007, 39.39423011300005], [108.89134850100004, 39.38132417200006], [108.68934565100005, 39.54872588100005], [108.44864491700008, 39.64943980000004], [107.96791431700007, 39.79685004500004], [107.87349441100008, 39.79273425900004], [107.55178663300006, 39.88522752800003], [107.42411419300004, 39.892025266000076], [107.22165603400003, 39.99211433600004], [107.13544111400006, 40.00027464100003], [107.09413038500008, 40.05956949500006], [106.89212772100007, 40.19365010400003], [106.84012983800005, 40.15252744700007], [106.60683847100006, 40.300235316000055], [106.44304236200009, 40.53815286300005]]]]}}, {"type": "Feature", "properties": {"id": "藩镇", "name": "藩镇", "color": "#7f8f7a", "owner": "藩镇", "units": ["幽州", "成德", "魏博"], "label_lon": 115.864, "label_lat": 39.153}, "geometry": {"type": "MultiPolygon", "coordinates": [[[[114.41143384100008, 35.53795173200007], [114.3742971260001, 35.481935417000045], [114.25408721500003, 35.47565166500004], [114.28253879100009, 35.64935319600005], [114.243825205, 35.74451196800004], [114.28105933800009, 35.780721217000064], [114.05098183200005, 35.798179696000034], [113.97526152600005, 35.717834964000076], [113.776700118, 35.677773512000044], [113.74381755600007, 35.79207513000006], [113.62298520000002, 35.825540457000045], [113.6050508720001, 35.93114882700007], [113.36080671600007, 36.03613311200007], [113.30045332100008, 36.153329480000025], [113.24952951800003, 36.156093172000055], [113.25174641700005, 36.18904359900006], [113.17660628400006, 36.25908558000003], [113.12677951600006, 36.26212661500006], [113.11735655700011, 36.344690857000046], [113.02828175400009, 36.44428671400004], [113.115937368, 36.47693483100005], [113.2140000710001, 36.46785939100005], [113.3364865100001, 36.40105293600004], [113.56762251100008, 36.44911705700008], [113.55073736500003, 36.55616552600003], [113.45043431700003, 36.619166653000036], [113.4403926440001, 36.66086876000003], [113.48642694000011, 36.67583054900007], [113.44217395600003, 36.71646655700005], [113.5667891600001, 36.762456771000075], [113.6657097640001, 36.883952280000074], [113.69969085000002, 36.84434996700003], [113.75307092300011, 36.868765249000035], [113.72478936200002, 37.03452383800004], [113.74803679700005, 37.13908864200005], [113.88832745400009, 37.316236952000054], [113.8552980280001, 37.34611692900006], [113.76621222900008, 37.334028164000074], [113.70972875900009, 37.41741882300005], [113.62475887800008, 37.403335671000036], [113.52363460000004, 37.47429154200006], [113.48812935300009, 37.47215110900004], [113.45967948100008, 37.418102600000054], [113.34419773600007, 37.43958525200003], [113.31607658400003, 37.592794930000025], [113.42932233800002, 37.710842426000056], [113.3889915100001, 37.763872426000034], [113.71840256900009, 37.859030939000036], [113.64015424900003, 37.946786848000045], [113.6548841340001, 38.01648707500004], [113.61244563200012, 38.085737702000074], [113.78844802000003, 38.094965159000026], [113.79661915000008, 38.14201499200004], [113.70639063700003, 38.151081085000044], [113.7191524320001, 38.18259716700004], [113.66124740100008, 38.22006134600008], [113.57142917400006, 38.21047489600005], [113.51611421900009, 38.25841587600007], [113.52252414500003, 38.52037849200008], [113.38587180400009, 38.51794517900004], [113.27850535200002, 38.47818107900008], [113.11603397400006, 38.56295347900004], [113.03881089100003, 38.654467743000055], [113.00846453100007, 38.763784015000056], [112.91845356400006, 38.78786948700008], [113.02460786900008, 38.85801566200007], [113.23601834500005, 38.89569642500004], [113.28624041500007, 38.96255007100007], [113.27534736200005, 39.05943834100003], [113.20393298500005, 39.09654924800003], [113.10285757400004, 39.30269042900005], [113.37907180900004, 39.30671072200005], [113.5348880570001, 39.435491918000025], [113.38097897900002, 39.61159761500005], [113.3762359860001, 39.67578709500003], [113.40932082400002, 39.72269568100006], [113.32909893500005, 39.77911726900004], [113.3676221390001, 39.83826918800003], [113.33271489900005, 39.91104577400006], [113.22344540100005, 39.93137484500005], [113.08614099800002, 39.887599816000034], [112.85234227, 39.90609301600006], [112.92287511900008, 39.984061833000055], [112.874043658, 40.03228969600008], [112.91712833600002, 40.182765559000075], [112.86056257200005, 40.22182908600007], [112.98285788300007, 40.36140632400003], [113.13494756600005, 40.42855640700003], [113.23780915300006, 40.40767166400008], [113.37886944000002, 40.315099092000025], [113.54501692000008, 40.32306450900006], [113.76150637500007, 40.531135723000034], [113.7019249330001, 40.59686222700003], [113.47653188800007, 40.67358988700005], [113.45871265500011, 40.73802096600008], [113.49839520900002, 40.85128939100008], [113.5550412990001, 40.91178541900007], [113.57148532500003, 41.03374722800004], [113.61821792400008, 41.08559138900006], [113.52023667000003, 41.18740199900003], [113.3936821100001, 41.215107070000045], [113.34118532600007, 41.29126542100005], [113.47360067800003, 41.39377635900007], [113.59815984200009, 41.43048627200005], [113.63553879300002, 41.41331397500005], [113.60302515, 41.32204589000003], [113.72620394500007, 41.33256027400006], [113.91462477800007, 41.278426497000055], [113.94815616700009, 41.36342078800004], [113.86093549300006, 41.39636629100005], [114.02707046, 41.53782528000005], [114.22734624700001, 41.511787437000066], [114.16766460200006, 41.716855354000074], [114.19532025500007, 41.82082705400006], [114.28387544800012, 41.91523139600008], [114.44915415800006, 41.94643826600003], [114.48604418800005, 41.97560076900004], [114.46546909100005, 42.08075199600006], [114.577703412, 42.120305253000026], [114.76181872200004, 42.10188347300004], [114.76850322000007, 42.13538913300005], [114.808056297, 42.14134892700008], [114.92149188500002, 42.08335408000005], [115.08631914800003, 42.10601938000008], [115.24962666600004, 42.069250115000045], [115.33611380100001, 42.09263276000007], [115.46514053600004, 42.185123916000066], [115.50683850700011, 42.13244597900007], [115.58312140500004, 42.14929277200008], [115.59502793600006, 42.115574984000034], [115.78727866300005, 42.12497044200006], [115.80777230300009, 42.09952044000005], [115.78557587600005, 41.949365801000056], [115.92157902500003, 41.90041570100004], [115.97203335800009, 42.07010165600008], [116.21379740200007, 42.243285462000074], [116.21967644900008, 42.35295829300003], [116.25507007800002, 42.37586171000004], [116.3842578550001, 42.32212095800003], [116.46806781500004, 42.32932677400004], [116.53980570800002, 42.46519435400006], [116.64879664300008, 42.56896147700007], [116.91501451300007, 42.406467718000044], [117.24828682900011, 42.46308041800006], [117.36796566700002, 42.43614777300007], [117.48114767100003, 42.55513348900007], [117.56647830200006, 42.52967430500007], [117.73747197700004, 42.56211595100007], [117.95675346300004, 42.40433399900007], [118.00939133800011, 42.275422992000074], [117.93724509300012, 42.216972363000025], [118.05934734700008, 42.14566564100005], [118.04861727700006, 42.08764176400007], [118.10853020200011, 42.09026767000006], [118.09810947500011, 42.03532635200003], [118.25216509600011, 42.060860597000044], [118.24563067400004, 41.99636058400006], [118.28782419800007, 41.95321880600005], [118.24120076000008, 41.90422793400006], [118.31391087100008, 41.84876442700005], [118.29711235200011, 41.76798016400005], [118.26088928500008, 41.736215955000034], [118.16106588700006, 41.78865362300007], [118.10962154900005, 41.76299309900003], [118.09795987100006, 41.70679518900005], [118.19103878300007, 41.61215191200006], [118.19690315000003, 41.56123331800006], [118.26605862300005, 41.54595036200004], [118.27819159500007, 41.49735133900003], [118.24008076400003, 41.44528832900005], [118.30730667900002, 41.316477777000046], [118.41372793200003, 41.29993700500006], [118.47420727400004, 41.34447568400003], [118.7830602680001, 41.323220313000036], [118.85298588500007, 41.262294421000036], [118.95185518400001, 41.29992364300006], [119.07058041100004, 41.27502243600003], [119.19552021400011, 41.305566586000054], [119.12542310700007, 41.15803071000005], [118.87804306600003, 41.02470804100005], [118.95324867400006, 40.98205366900004], [118.770294981, 40.85537615100003], [118.80079879100003, 40.76840641600006], [118.97060787100008, 40.65625214700003], [119.13876135300006, 40.66284655000004], [119.10214646300005, 40.615413524000076], [119.11412558300003, 40.58594331200004], [119.19724852700006, 40.57795264500004], [119.19554796800003, 40.525355802000036], [119.27572774600003, 40.500828858000034], [119.39904203900005, 40.527639470000054], [119.49960369300004, 40.49279481100007], [119.54514379900002, 40.419748379000055], [119.53716645500003, 40.32088485500003], [119.6029149100001, 40.21722581600005], [119.72543277600005, 40.149698285000056], [119.72771009000007, 40.09617737200006], [119.53453285600006, 39.92875493400004], [119.38780713000006, 39.872140184000045], [119.40948241800004, 39.79068615500006], [119.28399784600003, 39.68867515100004], [119.25681566600008, 39.60204674400006], [119.16379774200004, 39.57031478300007], [119.24636207000003, 39.57477238400003], [119.19699217300001, 39.462556826000025], [119.2340241500001, 39.43934207900003], [119.22944319600003, 39.39572000100003], [119.1277606320001, 39.385031], [119.08267382500003, 39.29687846200005], [118.9671268940001, 39.189857447000065], [118.71002035200002, 39.132312349000074], [118.56269136100002, 39.166735033000066], [118.27045595400011, 39.02039098600005], [118.14174853200007, 39.17760754300008], [118.06141349300003, 39.21292269300005], [117.9040441410001, 39.198502258000076], [117.69975866900006, 39.09459143500004], [117.73968769300006, 38.97526025600007], [117.6976317430001, 38.97308644900005], [117.54156008500001, 38.76273802600008], [117.55436242700011, 38.721513050000056], [117.50860482500002, 38.60150777500007], [117.76394966600003, 38.29021405200007], [117.6937358350001, 38.27433334600005], [117.6925345620001, 38.23225374800006], [117.6026772570001, 38.26531999700006], [117.44617586600009, 38.22965201100004], [117.31254736000005, 38.15419183000006], [117.21957879000001, 38.16174324100007], [117.15715007100005, 38.206681529000036], [117.11717167000006, 38.187084424000034], [117.12633813000002, 38.15666551800007], [117.00182867900003, 38.092253811000035], [117.00989489800008, 37.82924444200006], [116.73602127700008, 37.81615577100007], [116.60903586600011, 37.63923026100008], [116.455756543, 37.53138970900005], [116.56736866100005, 37.505210926000075], [116.67095151400008, 37.55795398600003], [116.78425504400002, 37.52287391800007], [116.81517544400003, 37.58100060900006], [116.87656043000004, 37.57663537800005], [116.87640791000001, 37.37667248500003], [116.75690557200005, 37.226957724000044], [116.6668793880001, 37.18112015600008], [116.69197242900009, 37.14712607700005], [116.68195795200006, 37.070254212000066], [116.75120273700009, 36.988842333000036], [116.86910877500009, 36.99324235900008], [116.97132446300009, 36.82883536000003], [117.04246792100002, 36.83702417200004], [117.04541047900011, 36.753749679000066], [116.77785417200005, 36.695354843000075], [116.86178969900004, 36.50984777800005], [117.05242900500002, 36.32254118100008], [117.01592120100008, 36.244212857000036], [116.88283184800002, 36.235501750000026], [116.83318164900004, 36.16624788000007], [116.89049626400003, 36.04048906600008], [116.93057579200001, 36.02731171500005], [116.936676755, 35.937517555000056], [117.10689215600007, 35.94061142500004], [117.12102149600003, 35.884483172000046], [117.160870369, 35.86461493300004], [117.24557205500003, 35.87989526300004], [117.26769423600001, 35.76149787400004], [116.96584489600002, 35.779523460000064], [116.83662038300008, 35.67328976700003], [116.63761857000009, 35.700317203000054], [116.59015039300004, 35.66754496900006], [116.6298447900001, 35.60814053900003], [116.5919379710001, 35.55595453300003], [116.33638551700005, 35.51801039800006], [116.44681050200006, 35.427893561000076], [116.43265854200001, 35.21909270400005], [116.20716481200009, 35.20078665300008], [116.14349667600004, 35.09229759700003], [115.95312375100002, 35.10222037600005], [115.80332680300012, 35.15171186800006], [115.758615254, 35.173532813000065], [115.76754108700004, 35.24409967400004], [115.61318037100011, 35.21748878600005], [115.5235943780001, 35.13579353200004], [115.42290579100006, 35.09773862800006], [115.23242285600008, 35.06759371600003], [115.22960487400007, 35.34690985700007], [115.1929861100001, 35.36762041900005], [115.190745633, 35.410965], [115.14080455400006, 35.42558848400006], [114.96116774900008, 35.34744380600006], [114.90808519000007, 35.62334130100004], [114.73468847600009, 35.66450723100007], [114.72374428100011, 35.70006760100006], [114.41143384100008, 35.53795173200007]]], [[[118.8470385070001, 39.11876616200004], [118.94631382900002, 39.14844775600005], [118.8420736060001, 39.106463406000046], [118.8470385070001, 39.11876616200004]]]]}}, {"type": "Feature", "properties": {"id": "唐", "name": "唐", "color": "#b8a06a", "owner": "唐", "units": ["岭南", "朔方", "河东", "西川"], "label_lon": 107.962, "label_lat": 33.332}, "geometry": {"type": "MultiPolygon", "coordinates": [[[[113.55641992400001, 22.094499232000032], [113.56738910600006, 22.12584856600006], [113.60035473200003, 22.118916451000075], [113.58217670700003, 22.099633208000057], [113.55641992400001, 22.094499232000032]]], [[[113.56652941800007, 22.13644643200007], [113.54496257700009, 22.156573415000025], [113.57854800300004, 22.143417788000022], [113.56652941800007, 22.13644643200007]]], [[[113.59438601700003, 22.14626774900006], [113.59278625700006, 22.14804391900003], [113.59462601300004, 22.147686859000032], [113.59438601700003, 22.14626774900006]]], [[[114.12499429600007, 22.160605634000035], [114.11302582300004, 22.230480356000044], [114.14529052500006, 22.20015459800004], [114.12499429600007, 22.160605634000035]]], [[[114.1084522330001, 22.263971628000036], [114.23382569500006, 22.272441034000053], [114.24261340600003, 22.208738134000043], [114.1637076720001, 22.20275177900004], [114.1084522330001, 22.263971628000036]]], [[[114.03935169700003, 22.32285375600003], [113.98714206500006, 22.20614785600003], [113.83150199600004, 22.193754839000064], [113.87131088400008, 22.27021609700006], [114.03935169700003, 22.32285375600003]]], [[[112.22945966800012, 21.68972013700005], [112.17627501900006, 21.755518540000025], [112.21278117800011, 21.842014160000076], [112.18970339100008, 21.800706562000073], [112.03004122100003, 21.779188584000053], [112.00449954100009, 21.822206163000033], [111.92023841300005, 21.840125429000068], [111.95908122300006, 21.77469547100003], [112.01229336800009, 21.762775043000033], [111.92126675900005, 21.71406355000005], [111.93299279800004, 21.654562052000074], [112.00651392400005, 21.642345368000065], [111.99640613500009, 21.61653270200003], [111.80461773600007, 21.55803723300005], [111.85682761800007, 21.61854487900007], [111.83778746800004, 21.642912500000023], [111.89686443500005, 21.63745944300007], [111.90506479100009, 21.66794021100003], [111.83261385100008, 21.68934195500003], [111.83470889000006, 21.769956464000074], [111.67630540800008, 21.760852809000028], [111.76007321700007, 21.706982641000025], [111.76701434300008, 21.645701546000055], [111.72905438200007, 21.634129229000052], [111.76755603900006, 21.612314596000033], [111.67032887500005, 21.589407006000044], [111.64039916200005, 21.51741254600006], [111.57814789100007, 21.57933826900006], [111.59691206500008, 21.52625960000006], [111.44569607100004, 21.51300759800006], [111.47896612500006, 21.54792487000003], [111.41590420500006, 21.58370030800006], [111.39221891200003, 21.64904060400005], [111.40155114200007, 21.68738604300006], [111.36014071100004, 21.751964287000078], [111.38060974900009, 21.847319687000038], [111.28858678700004, 21.889280477000057], [111.24480969400008, 21.994749429000024], [111.34846422000004, 22.264333484000076], [111.32860616900007, 22.293822098000078], [111.26707198900004, 22.306257428000038], [111.07748038400007, 22.243210859000044], [111.03201295500008, 22.281560338000077], [110.91191393000008, 22.200045144000057], [110.75498016100005, 22.207223979000048], [110.76798317900005, 22.297951870000077], [110.70823336300003, 22.355138883000052], [110.72441630800006, 22.425133794000033], [110.68093641400009, 22.482300474000056], [110.74542439900006, 22.49238045800007], [110.73180894400008, 22.550497138000026], [110.77025342800005, 22.600477667000064], [110.87842772600004, 22.61494692800005], [110.84200129300007, 22.694209831000023], [110.75836153300008, 22.750198441000066], [110.78042521800006, 22.83989516300005], [110.73332018700006, 22.860766827000077], [110.71413109800005, 22.924590248000072], [110.73596793100006, 22.994722883000065], [110.71519228000005, 23.077171356000065], [110.76528502900004, 23.133394636000048], [110.95857947600007, 23.226740481000036], [110.96369034600008, 23.154213369000047], [111.09948655100004, 23.187906017000046], [111.13052271500004, 23.13004727400005], [111.17351849800008, 23.143927477000034], [111.18153731100006, 23.10858900200003], [111.35064722500005, 22.977585071000078], [111.40671585800004, 23.03009023800007], [111.34501434500004, 23.33576379400006], [111.37869516300009, 23.415988948000063], [111.31308293100005, 23.446568358000036], [111.18672979000007, 23.442281183000034], [111.16918500100007, 23.50878410300004], [111.23237863700007, 23.514579905000062], [111.25679073900005, 23.568615241000032], [111.28986163000008, 23.57240491700003], [111.33644945700007, 23.51871571600003], [111.41502540700009, 23.516171324000027], [111.48863049600004, 23.640073992000055], [111.59882841900009, 23.642990875000066], [111.62268009300004, 23.704338736000068], [111.66468820800009, 23.71126739400006], [111.60570480800004, 23.789479045000064], [111.64330861900004, 23.85612165300006], [111.79073410300003, 23.839571572000068], [111.81506437500008, 23.933377719000077], [111.94079136000005, 23.982801551000023], [111.86746675800003, 24.09013350200007], [111.84322940700008, 24.21861950300007], [112.03112980900005, 24.344049721000033], [111.99016580600005, 24.545719209000026], [111.90805705400004, 24.60336950900006], [111.90373600600009, 24.66293301500008], [111.92594005700005, 24.710508067000035], [112.13684660500007, 24.847060318000047], [112.15791959800003, 24.871141003000048], [112.13703425900007, 24.91102763300006], [112.27028965900001, 24.89933306900008], [112.23793320300001, 24.827289902000075], [112.28408805400011, 24.77160832800007], [112.28366308400007, 24.665562752000028], [112.31805000400004, 24.64329050300006], [112.53461388100004, 24.699388114000044], [112.56909154700008, 24.765937958000052], [112.62110984000003, 24.73307778800006], [112.63988761700011, 24.861968852000075], [112.76706808100005, 24.895660442000064], [112.63687795100009, 25.12207638500007], [112.66472941300003, 25.18143419300003], [112.614303317, 25.25841354000005], [112.7064386290001, 25.305004680000025], [112.72713031500007, 25.400316101000044], [112.88914368200005, 25.50285879200004], [113.01980620800009, 25.53571869600006], [113.1070625970001, 25.62699611000005], [113.14225174800004, 25.61487530100004], [113.22502389800002, 25.725894453000024], [113.31151773900001, 25.647803211000053], [113.2547125970001, 25.612560467000037], [113.2544760180001, 25.499199066000074], [113.28704342800006, 25.502007631000026], [113.34638469600009, 25.412500540000053], [113.4532277300001, 25.356023898000046], [113.78001890700011, 25.31808985400005], [113.92525364700009, 25.44374110800004], [114.01843201500003, 25.404195032000075], [114.01609993900001, 25.277319694000028], [114.12364735100005, 25.31378216400003], [114.26524532400003, 25.30046702900006], [114.52378667200003, 25.406467376000023], [114.63762558000008, 25.31975955200005], [114.67570709900008, 25.327445484000066], [114.71216158100003, 25.272132428000077], [114.669281049, 25.21959072100003], [114.70342827800005, 25.132884684000032], [114.82092913000008, 25.06676439200004], [114.85521003100007, 25.000093054000047], [114.93868529300005, 25.021209243000044], [114.97366662400009, 24.91417188400004], [114.98058945500009, 24.794039026000064], [114.84431382100001, 24.716058478000036], [114.80859187800002, 24.656141519000073], [114.7983652040001, 24.586027070000057], [114.8372080260001, 24.552575524000076], [114.89856732700002, 24.649593134000042], [115.0216431230001, 24.688258028000064], [115.15532283100003, 24.675824670000054], [115.17467494300001, 24.710253477000037], [115.31634773300004, 24.74062243700007], [115.36066123400008, 24.778497129000073], [115.46044671800007, 24.738219188000073], [115.52505757300003, 24.667765245000055], [115.54550493300007, 24.635683108000023], [115.48195785900009, 24.541192231000025], [115.4895886270001, 24.50753919700003], [115.57827762600004, 24.468498305000026], [115.54024884000012, 24.348367472000064], [115.58542602600005, 24.26886923400008], [115.5824294460001, 24.229141842000047], [115.52104028600002, 24.216813056000035], [115.58975844300005, 24.189120625000044], [115.65760895900007, 24.102571940000075], [115.69736373400008, 24.102781867000033], [115.76148981800009, 24.013077976000034], [115.84626330900005, 24.000115117000064], [115.92298266600005, 23.900378319000026], [115.99590124300005, 23.89944231000004], [116.00592606000009, 23.84747421800006], [115.89975297800004, 23.764731591000043], [115.76547649200006, 23.53626387500003], [115.64563261600006, 23.552021380000042], [115.59877318500003, 23.499392022000052], [115.65065333900009, 23.466614450000066], [115.6561754490001, 23.369826105000072], [115.76616729500006, 23.38110608100004], [115.79257405200008, 23.347639730000026], [115.7933245700001, 23.26703216100003], [115.73597274200006, 23.25720483500004], [115.757828173, 23.18255298500003], [115.931019375, 23.08230025000006], [115.94801551300009, 22.988628265000045], [116.07693090600003, 22.892603372000053], [116.03364909400011, 22.876419387000055], [116.05647179400012, 22.84654378700003], [115.95046604400011, 22.833649484000034], [115.8013414940001, 22.753507197000033], [115.79470467700003, 22.826890285000047], [115.65392481600009, 22.877394448000075], [115.73184317300002, 22.933587016000047], [115.52601390400002, 22.85869030400005], [115.55396522700005, 22.90262361400005], [115.5110607900001, 22.89175737100004], [115.53231560600011, 22.82972889100006], [115.60277195300011, 22.85957872800003], [115.50688532700008, 22.758847693000064], [115.54718452100008, 22.722687175000033], [115.5515145810001, 22.748368377000077], [115.59277082500012, 22.74820535200007], [115.55274458200006, 22.698374838000063], [115.55352133100007, 22.64006722700003], [115.465279957, 22.697042594000038], [115.3867093, 22.67764670100007], [115.3323839200001, 22.70885456800005], [115.3453470500001, 22.750783624000064], [115.42118978400003, 22.754618314000027], [115.39078979300007, 22.77454152400003], [115.2172878770001, 22.782558575000053], [115.30423649500005, 22.868231923000053], [115.23297346200002, 22.820665292000058], [115.17006822300004, 22.820738283000026], [115.16383542500012, 22.77480076300003], [115.00471054200011, 22.81601954300004], [115.01233218100003, 22.709387169000024], [114.97040546200003, 22.69456100900004], [114.9371252090001, 22.758850230000064], [114.85462032100008, 22.75864890200006], [114.87567978600009, 22.705072311000038], [114.89787878000004, 22.717999422000048], [114.95224670000005, 22.663904828000057], [114.89796932600007, 22.615364741000064], [114.88098079600002, 22.54579055800008], [114.86008790900007, 22.602167791000056], [114.7481581940001, 22.57722816000006], [114.72457832000009, 22.59761215700007], [114.72260665400006, 22.728054808000024], [114.80163272900006, 22.781189333000043], [114.76005320900003, 22.817095839000046], [114.74523932800003, 22.772422883000047], [114.50027805900004, 22.740568384000028], [114.54533847300002, 22.69260202600003], [114.47758735500008, 22.64530725700007], [114.55305199500003, 22.64422769600003], [114.56467849100011, 22.61788378800003], [114.47956921200011, 22.553688348000037], [114.52685056300004, 22.55925792000005], [114.58770132200004, 22.493972605000067], [114.52059552800006, 22.481804424000075], [114.48656835500003, 22.441494584000054], [114.45621112200001, 22.557362279000074], [114.39188713600004, 22.589393107000035], [114.27377057600006, 22.577132474000052], [114.20036475400002, 22.529850182000075], [114.3157816050001, 22.501601717000028], [114.16690591100007, 22.45057907100005], [114.19617108600005, 22.39864895100004], [114.31657324500009, 22.472897096000054], [114.33799689600005, 22.422147262000067], [114.36281502000008, 22.454525971000066], [114.38647841700003, 22.435137826000073], [114.36517452400005, 22.369315542000038], [114.25960956000006, 22.370446154000035], [114.29272322200006, 22.318329660000074], [114.27286697800002, 22.237604219000048], [114.248588186, 22.31439549600003], [114.23467300400011, 22.284357143000022], [114.1496181770001, 22.30777280500007], [114.09455013800005, 22.375413045000073], [113.90730162600005, 22.36235550300006], [113.89517141300007, 22.40531641700005], [114.03076633900002, 22.499727551000035], [113.92875695500004, 22.521669649000046], [113.86968676300012, 22.485701446000064], [113.89563643200006, 22.526463801000034], [113.7758092680001, 22.656994798000028], [113.759003828, 22.73792349000007], [113.61733209600004, 22.786641432000067], [113.51881970900001, 23.050862837000068], [113.465975565, 23.060237979000078], [113.49479908100011, 23.008182418000047], [113.49252613700003, 22.906701260000034], [113.46765046700011, 22.897261412000034], [113.59801634200005, 22.737336079000045], [113.4740374800001, 22.78902508400006], [113.60131687600006, 22.629117458000053], [113.31872025100006, 22.81647915600007], [113.27832076000004, 22.778783298000064], [113.33743627800004, 22.785485777000076], [113.38598751500001, 22.736099112000034], [113.46976848000008, 22.71616307900007], [113.56096147000005, 22.594275711000023], [113.54803133700011, 22.377349406000064], [113.6119152220001, 22.357853202000058], [113.56958791900001, 22.288806398000077], [113.59192447500004, 22.22519863800005], [113.56024099500007, 22.176904786000023], [113.43951891100005, 22.15841263300007], [113.31935054000007, 22.34781263900004], [113.2580160980001, 22.38926235400004], [113.24816072700003, 22.285911102000057], [113.30137775900005, 22.170626066000068], [113.25150668100002, 22.09976832700005], [113.25885411800004, 22.050489605000053], [113.138054968, 22.05091154300004], [113.113975288, 22.095981233000032], [113.13544303900005, 22.20188947400004], [113.18487895300007, 22.258908211000062], [113.18290079600001, 22.36073637800007], [113.15224830500006, 22.244030096000074], [113.08314472900008, 22.216185078000024], [113.07306166700005, 22.419053993000034], [113.03152839200004, 22.43858586300007], [113.06879038800002, 22.226730475000068], [112.99697190600011, 22.09428981600007], [113.02683814400007, 21.935174510000024], [112.95996257400009, 21.870107137000048], [112.8902933600001, 21.844900046000078], [112.84995609000009, 21.943134134000047], [112.76224715800004, 21.937719854000022], [112.73077918100012, 21.881904363000046], [112.64815558400005, 21.840142640000067], [112.647661018, 21.775274765000063], [112.56448254700001, 21.746425722000026], [112.43002931500007, 21.81954004200003], [112.4178929200001, 21.892044892000058], [112.50781977000008, 21.959770784000057], [112.49263827000004, 21.978596174000074], [112.470487552, 21.942906607000054], [112.40212286100007, 21.930326527000034], [112.40254569100011, 22.04793730700004], [112.36056068500011, 21.99316305900004], [112.40158852900004, 21.806182086000035], [112.39029522600003, 21.726676688000055], [112.22945966800012, 21.68972013700005]]], [[[102.72992053200005, 28.673521395000023], [102.66070136400003, 28.84058907800005], [102.34855036700009, 28.843803337000054], [102.25796981700006, 28.904752792000068], [102.16770388900005, 29.035978785000054], [102.15186943200007, 29.139469704000078], [102.06942739700008, 29.185296879000077], [102.13121234900007, 29.225172582000027], [102.05733213800005, 29.29398112000007], [101.90007153000005, 29.287225438000064], [101.75488887200004, 29.206286439000053], [101.71683237500008, 29.217176907000066], [101.70262533400006, 29.282727967000028], [101.51428620200005, 29.291243381000072], [101.47224129300008, 29.323614875000032], [101.36658799400004, 29.256419097000048], [101.33494513400007, 29.196677788000045], [101.26654456900008, 29.234256204000076], [101.11304813300006, 29.148463566000032], [101.05398736500007, 29.223773316000063], [101.02667818200007, 29.353419073000055], [101.26411416300004, 29.49412931300003], [101.26166777800006, 29.75385835000003], [101.32305800300009, 29.776074318000042], [101.41061589100008, 29.908480225000062], [101.42222128000009, 30.017104172000074], [101.36586621000004, 30.045076791000042], [101.39921017600005, 30.09968728000007], [101.37009924400007, 30.203222656000037], [101.28554270700005, 30.225735891000056], [101.27810327200007, 30.333905107000078], [101.34776914800005, 30.41506813700005], [101.37924745600009, 30.39246795200006], [101.64359490600003, 30.397475154000063], [101.71408004500006, 30.33766089100004], [101.78533385000009, 30.398761570000033], [101.60435592600004, 30.619620031000068], [101.64734087400007, 30.819328102000043], [101.63520607800007, 30.89767898200006], [101.52332344400008, 30.974541011000042], [101.43315090200008, 30.92267868600004], [101.29676458900008, 31.07941547300004], [101.29185403500009, 31.11423399800003], [101.35000363500006, 31.152786796000044], [101.36019902500004, 31.243122867000068], [101.42856045200006, 31.265479606000042], [101.45929804500008, 31.31889433400005], [101.41194740400005, 31.367983700000025], [101.29484834800007, 31.380327971000042], [101.24830422900004, 31.518901460000052], [101.48744511800004, 31.77464220400003], [101.42603410900006, 31.838765945000034], [101.39779067900008, 31.970145641000045], [101.28878637500009, 32.05144642100004], [101.49337664600006, 32.31346110700002], [101.43492151000004, 32.39240651000006], [101.65471615600006, 32.36621325700003], [101.71192071200005, 32.33082537100006], [101.80640476700006, 32.36637046900006], [101.91748759000006, 32.33118639300005], [102.09120472500007, 32.35070332200007], [102.14819112900005, 32.29578976600004], [102.23947893300004, 32.323052207000046], [102.28235329200004, 32.23720124400006], [102.36311531600006, 32.238699293000025], [102.38130608600005, 32.168498672000055], [102.47255842200008, 32.12106492300006], [102.50280596600004, 32.033767305000026], [102.60848601700008, 31.983047964000036], [102.69967369100004, 31.88482510500006], [102.70714639400006, 32.03138575100007], [102.61037257900006, 32.18507137700004], [102.61456324600005, 32.242243245000054], [102.68182638700006, 32.27757471900003], [102.68016276300006, 32.37869045900004], [102.79351583000005, 32.481186396000055], [102.85077172800004, 32.655826716000036], [102.97836552300004, 32.732334097000034], [102.97299588700008, 32.85119020600007], [103.10171136800005, 32.92389867500003], [103.16879543100004, 32.85414068500006], [103.23910564000005, 32.83451871500006], [103.29056687000008, 32.88923111300005], [103.31496106200007, 32.99601787000006], [103.38664588700004, 32.99793921500003], [103.39330036000007, 33.06241802900007], [103.58156829600006, 33.14853626100006], [103.59526485200007, 33.11764598700006], [103.68869658400007, 33.108442394000065], [103.72653246700008, 33.04045764400007], [103.83450537900006, 33.01632801000005], [103.89226384000006, 32.91704387400006], [103.97311192000006, 32.938105103000055], [103.98018889200006, 33.03608189200003], [104.01913343800004, 33.04242996200003], [104.21127292500006, 32.91179084200007], [104.29269337300008, 32.89238068700007], [104.31325582400007, 32.833929855000065], [104.48775389300005, 32.743283089000045], [104.58539638100007, 32.72633146100003], [104.74321442200005, 32.63369804200005], [104.85171370300009, 32.64722269500004], [104.92372230300003, 32.58714600500008], [105.04591510000006, 32.64106087600004], [105.10881995700004, 32.603610512000046], [105.20076230800004, 32.651923629000066], [105.29833295900005, 32.63985338500004], [105.46897301000007, 32.762774629000035], [105.41659936600007, 32.77404630600006], [105.40311292200005, 32.85052058800005], [105.43374652300008, 32.903193060000035], [105.49321266800007, 32.90806169800004], [105.50453687100008, 32.80277403500003], [105.57480496600004, 32.70851115200003], [105.78779526100004, 32.75780073100003], [105.82328155100004, 32.82563942000007], [106.06962676300009, 32.84535170100003], [106.09964195200007, 32.80812623800006], [106.07600181800007, 32.75940875200007], [106.22825650200008, 32.67894271200004], [106.30395981100008, 32.67264139200006], [106.22517166700004, 32.50592101600006], [106.07286404300004, 32.42815935600004], [106.06447115000009, 32.39366400100005], [106.13205585600008, 32.367298679000044], [106.13549674000006, 32.33376904800008], [106.03617342900009, 32.280949674000055], [106.01349202100005, 32.22017391500003], [106.08095581600008, 32.19245205000004], [106.07474253600009, 32.15703662400006], [106.14761938000004, 32.110915732000024], [106.26053385200004, 32.10394147300008], [106.36467484300005, 32.140972358000056], [106.43687062500004, 32.08594063700008], [106.45051983800005, 31.991719489000047], [106.38201262100006, 31.71278669700007], [106.46790594400005, 31.58504091100008], [106.62388096100005, 31.50138768000005], [106.65215173800004, 31.58234942400003], [106.83592233600007, 31.531436668000026], [106.87225513500005, 31.399399678000066], [106.98008088000006, 31.268838575000075], [106.95132758700004, 31.151573814000074], [106.80757519300005, 30.979709780000064], [106.69090919600006, 30.908930946000055], [106.67818232300004, 30.842617164000046], [106.90064891200007, 30.724983906000034], [106.90185573400004, 30.692907297000033], [106.86375447900008, 30.69190876600004], [106.90366579700009, 30.64479112500004], [106.99704537300005, 30.631908390000035], [107.04404023000006, 30.65867251800006], [106.97377405700007, 30.47944612200007], [106.89108652100003, 30.422639359000073], [106.72373227900005, 30.165997917000027], [106.67962474700005, 30.15311924300005], [106.53009674200007, 29.90270819400007], [106.48561877200007, 29.88430866500005], [106.36778398300004, 29.911345588000074], [106.33469786100005, 29.879640979000044], [106.34941900100006, 29.770557799000073], [106.25105503700007, 29.571326699000053], [106.26137718400008, 29.39378110000007], [106.12934614900007, 29.262345534000076], [106.04078554900008, 29.295668527000032], [105.89465369800007, 29.009703615000035], [105.86351252200006, 29.016903598000056], [105.84485738700005, 29.07410292900005], [105.75969304500006, 29.04009675100008], [105.71945311200005, 28.93068188500007], [105.60481939900006, 28.868243128000074], [105.65968248200005, 28.81968278100004], [105.56139839200006, 28.67682658700005], [105.53460282600008, 28.48883502700005], [105.46488751500004, 28.49302756000003], [105.45617972100007, 28.45858299100007], [105.31519238600004, 28.48460205600003], [105.09861038200006, 28.417970258000025], [105.03830719400008, 28.375398499000028], [105.03445717200009, 28.259817767000072], [105.00921948000007, 28.24083518900005], [104.89929792700008, 28.317290781000054], [104.84051849800005, 28.320028380000053], [104.72980164500007, 28.491267805000064], [104.65942662200007, 28.472281472000077], [104.68941662600008, 28.377851571000065], [104.62330327200004, 28.280685667000057], [104.63283867100006, 28.21696505400007], [104.50003416700008, 28.19883890400007], [104.51280704300007, 28.168691917000046], [104.46396794300006, 28.13467666400004], [104.40473864900008, 28.196837954000046], [104.43649993500009, 28.22975853300005], [104.39761155600007, 28.305840732000036], [104.28595595400009, 28.32990483100008], [104.27156128400009, 28.402894247000063], [104.08243320900004, 28.367850022000027], [104.05305655500007, 28.33403444000004], [103.98200214500008, 28.407015854000065], [103.91858929700004, 28.409025717000077], [103.84181267400004, 28.465393697000025], [103.81964690300003, 28.518593457000065], [103.66999104800004, 28.427992967000023], [103.67146353000004, 28.56073748600005], [103.63293786300005, 28.565934698000035], [103.61963805000005, 28.61476646400007], [103.47289814900006, 28.54394701900003], [103.43585127600005, 28.426750221000077], [103.26210752400004, 28.437391348000062], [103.23775035300008, 28.470593506000057], [103.24947382800008, 28.617216633000055], [103.29766937400007, 28.703792943000053], [103.22166934200004, 28.806598957000062], [103.11263723100006, 28.795046439000032], [103.03316214300008, 28.669476936000024], [102.96875420900005, 28.67856172000006], [102.96340514100007, 28.64691080600005], [102.87011836200008, 28.632333931000062], [102.72992053200005, 28.673521395000023]]], [[[111.10333334400008, 36.20650181900004], [110.97188463800006, 36.29678210900005], [110.69442938900005, 36.282586380000055], [110.62437831700004, 36.32009641800005], [110.42957797100007, 36.32220886700003], [110.43006441200004, 36.42457266100007], [110.45948569300003, 36.46711688500005], [110.37984160400003, 36.62661749100005], [110.27035016200006, 36.59813824200006], [110.17659432900007, 36.71304348900003], [109.99715924100008, 36.754115186000035], [109.95751976000008, 36.734084421000034], [109.73584117500008, 36.86337286100007], [109.64744486000006, 36.85129809000006], [109.63025092500004, 36.87919038000007], [109.59168764100008, 36.99002843300008], [109.61921916600005, 37.02145233700003], [109.92720052900006, 37.01203535800005], [110.01835190900005, 37.094398058000024], [110.00652784300007, 37.124950666000075], [109.96805858800008, 37.10992335000003], [109.94378979900006, 37.198053206000054], [110.02437140600006, 37.20464816900005], [109.94301988700005, 37.28648986400003], [109.79010493000004, 37.26790884400003], [109.79722508000003, 37.32911749500005], [109.68518852800008, 37.40054293400004], [109.57086506000007, 37.41833291100005], [109.58525764800004, 37.50778124200008], [109.55585769900006, 37.567085948000056], [109.57335082000009, 37.60241312000005], [109.61193770500006, 37.60152515600004], [109.60478114000006, 37.66948294100007], [109.68269997500005, 37.66995043700007], [109.71243944300005, 37.69214649800006], [109.70328477300006, 37.75145725700003], [109.82392675700004, 37.76318291200005], [109.80132360600004, 37.78939184400008], [109.87207972000004, 37.85488993900003], [109.94373607900008, 37.821085854000046], [110.01521796700007, 37.894368444000065], [110.02623711500007, 37.817108648000044], [110.12336157200008, 37.77878454900008], [110.15935322000007, 37.79475323500003], [110.08829310300007, 37.92312851200006], [110.10241966800004, 38.08487638500003], [110.03590278800004, 38.188415966000036], [110.02930403100004, 38.27426907900008], [110.06032053200005, 38.34264074300006], [110.30143507600008, 38.34384642400005], [110.35145134800007, 38.37414908100004], [110.31636122100008, 38.48272600100006], [110.21602614600005, 38.482781663000026], [110.08958696000008, 38.58792789700004], [109.92234716400009, 38.583559353000055], [109.84481604400008, 38.62810437100006], [109.73894561300006, 38.611426951000055], [109.78891664600008, 38.80038263800003], [109.68381767200009, 38.866119490000074], [109.58344634500008, 38.874025019000044], [109.54341584400004, 38.816838698000026], [109.39367648600006, 38.793228826000075], [109.35582195900008, 38.70816780000007], [109.30574697100008, 38.68492030900006], [109.33097265000004, 38.61432475300006], [109.25852327600006, 38.616581507000035], [109.16091739600006, 38.57089201300005], [109.06560581200006, 38.44823614100005], [108.89807246400005, 38.34967115300003], [108.86425895800005, 38.204399539000065], [109.01079896500005, 38.08804100100008], [109.02001010900005, 38.002276438000024], [108.92785471300004, 37.874339304000046], [109.03281087600004, 37.88250102500007], [109.13773324900006, 37.81866978700003], [109.06573606600006, 37.77241923400004], [109.01608093000004, 37.62541855600006], [109.23200121300005, 37.54886051200003], [109.27898225200005, 37.47507755400005], [109.27944194500009, 37.37201350500004], [109.34679417000007, 37.359150929000066], [109.01184640100007, 37.267809155000066], [108.92101197700003, 37.16596987600008], [108.95971441800003, 37.11901460300004], [108.91996197400005, 36.99562063800005], [109.02438313300007, 36.95156347600005], [109.04574808600006, 36.88566644600007], [108.89413967900003, 36.70067902000005], [108.89670233700008, 36.51560125100008], [108.74935204000008, 36.363806640000064], [108.38882747400004, 36.46407666700003], [108.32500162500008, 36.524245515000075], [108.14733509000007, 36.58365555000006], [108.11880365000007, 36.541680048000046], [108.02576390800004, 36.57740052200006], [107.96702210700005, 36.646312812000076], [107.91333586700006, 36.65251523400008], [107.85966936500006, 36.778045286000065], [107.65651511600004, 36.82440430200006], [107.50663912600004, 36.80175256000007], [107.54050879800008, 36.722280682000076], [107.58336430100007, 36.732040675000064], [107.64385346600005, 36.69401458200008], [107.61625217300008, 36.62783018400006], [107.65367180600003, 36.57256778300007], [107.72095095800006, 36.544984457000055], [107.70823724100006, 36.44662273800003], [107.66439633800007, 36.39386231800006], [107.67541140700007, 36.28292390800004], [107.55297739400004, 36.277929062000055], [107.41585115100008, 36.215662715000065], [107.33223968300007, 36.235396528000024], [107.29383837500006, 36.04231469500007], [107.04795640600008, 36.11347103300005], [106.97217510000007, 36.24378489800006], [106.83552333500006, 36.20018906000007], [106.73095068300006, 36.205721432000075], [106.57623723300009, 36.27150487600005], [106.43572502600006, 36.270280324000055], [106.48535634300003, 36.34950504900007], [106.46613790000004, 36.42150387100003], [106.33042594700004, 36.52733247300006], [106.42637420300008, 36.56721747600005], [106.35931195400008, 36.60034002800006], [106.04345971500004, 36.54527712300006], [106.04083319800009, 36.375347592000026], [105.96107723900008, 36.287026498000046], [106.00660542300005, 36.19381396500006], [105.90301577100007, 36.197854188000065], [105.83381184300003, 36.15943369900003], [105.70604178200006, 36.15399890200007], [105.58410951700006, 36.21902920700006], [105.49739080200004, 36.19824691200006], [105.46938936000004, 36.32701614900003], [105.37770072800004, 36.308794645000035], [105.29082284300006, 36.38303833000003], [105.08210933400005, 36.296411644000045], [104.88477544800008, 36.27693122200003], [104.67842795900003, 36.169964632000074], [104.55534224200005, 36.20238911600006], [104.50306810800004, 36.37286547100007], [104.42505864800006, 36.424367937000056], [104.31375478000007, 36.332966516000056], [104.24074501100006, 36.358736488000034], [104.18163975000004, 36.29004709900005], [104.10557803500006, 36.29738486800005], [103.94458010400007, 36.68719600700007], [103.97546403600006, 36.74922570700005], [103.81408242000003, 36.81176392300006], [103.70363583100004, 36.77540067000007], [103.60813714700004, 36.85270056000007], [103.58029224900008, 37.03597279400003], [103.70870124000004, 37.23914454700008], [103.78750033000006, 37.26472521900007], [103.75776785900007, 37.38317594000006], [103.79534093500007, 37.57732700200006], [103.83290137600005, 37.62335292300003], [103.71279701200007, 37.74872845900006], [103.42048928000008, 37.83101063500004], [103.37732481200004, 38.06378196400004], [103.43096560400005, 38.10721223400003], [103.53339235200008, 38.111161924000044], [103.53765203200004, 38.24068409600005], [103.50591293600007, 38.324816035000026], [103.42454245600004, 38.38905586200008], [103.89664627900004, 38.60598161300004], [104.02318506300008, 38.84751804900003], [104.17999896200007, 38.93631531800003], [104.20733149900008, 39.073827754000035], [104.07953296000005, 39.27348495900003], [104.09378960400005, 39.39861390300007], [104.27947693900006, 39.482473836000054], [104.32333206600003, 39.53503865500005], [104.30336035700009, 39.73640578000004], [104.24860686400007, 39.88858135700008], [104.44353037800005, 40.06798256500008], [104.68167700700008, 40.14043258500004], [104.57841434600005, 40.29208552600005], [104.59711188300008, 40.41484115900005], [104.48898005400008, 40.468213899000034], [104.49847023800004, 40.59407885300004], [104.19435363600007, 40.912489798000024], [104.10104418900005, 41.082017687000075], [103.96847259800006, 41.203922109000075], [103.88391729200004, 41.37447441300003], [103.50728183500007, 41.638830866000035], [103.39683968000008, 41.86504235000007], [103.86778784000006, 41.76965810200005], [104.54085553800007, 41.85442879500005], [104.54606373300004, 41.626298588000054], [104.92915394200008, 41.635931423000045], [105.00047500600004, 41.561192591000065], [105.26331178300006, 41.73579858700003], [105.19949709500008, 41.39915078100006], [105.28697772900006, 41.23107103400008], [105.29103441800004, 40.950191966000034], [105.35340200400009, 40.83330063600005], [105.49527775200005, 40.806114741000044], [105.73201228500005, 40.83127672100005], [106.00992761200007, 40.71259726900007], [106.22401313300008, 40.72033913800004], [106.47248140500005, 40.51158006800006], [106.52363787800005, 40.38687741500007], [106.60683847100006, 40.300235316000055], [106.84012983800005, 40.15252744700007], [106.89212772100007, 40.19365010400003], [107.09413038500008, 40.05956949500006], [107.13544111400006, 40.00027464100003], [107.22165603400003, 39.99211433600004], [107.42411419300004, 39.892025266000076], [107.55178663300006, 39.88522752800003], [107.87349441100008, 39.79273425900004], [107.96791431700007, 39.79685004500004], [108.44864491700008, 39.64943980000004], [108.68934565100005, 39.54872588100005], [108.89134850100004, 39.38132417200006], [108.99150678500007, 39.39423011300005], [109.09612252600004, 39.34372354000004], [109.13455637400006, 39.36408338900003], [109.31984406400005, 39.330170311000074], [109.32215564300009, 39.263201526000046], [109.35772811100009, 39.23634003300003], [109.47412662900007, 39.24488210000004], [109.50947733500004, 39.02959543600008], [109.58307623700006, 38.94363082600006], [109.61279457100005, 38.94104822700007], [109.67218824800005, 39.069232224000075], [109.84363417700007, 39.12527619900004], [109.95880630300007, 39.21645803800004], [110.16238057100009, 39.29646963500005], [110.07661766700005, 39.40697750700008], [110.09711176100006, 39.46217055200003], [110.21580965200008, 39.44054073400008], [110.38429487600007, 39.29289484700007], [110.48543134900007, 39.34138819000003], [110.31152872600006, 39.591880701000036], [110.28002897500005, 39.61339442800005], [110.12857751800004, 39.57987729000007], [110.09718937300005, 39.60501034500004], [110.10374398000005, 39.643821314000036], [110.15460020300009, 39.741997326000046], [110.23502976100008, 39.724240475000045], [110.32151687000004, 39.75763297000003], [110.37283816500008, 39.83417586000007], [110.37144845900008, 39.88925710700005], [110.62688023300007, 40.00614836200003], [110.65955485200004, 40.14468228100003], [110.61124926400004, 40.313725317000035], [110.67773342500004, 40.33795153700004], [110.70207611600006, 40.27950406800005], [110.76394203300003, 40.25460183000007], [110.85535769300009, 40.287797941000065], [110.88771554800007, 40.22005887500006], [111.02921358100008, 40.28348162100008], [111.17477034800004, 40.16938328300006], [111.33742650000005, 40.103729231000045], [111.37041733000007, 40.14531646000006], [111.49527110700006, 40.18272822500006], [111.57133282000007, 40.10649202400003], [111.77947225600008, 40.06605455700003], [111.91812708900005, 40.09002822800005], [112.02763437200008, 39.96861503700006], [112.14769600000011, 40.153397305000055], [112.41128249100007, 40.29815221400003], [112.55392737700004, 40.26459783800004], [112.67795689600007, 40.18366245300007], [112.793009815, 40.16287281600006], [112.86056257200005, 40.22182908600007], [112.91712833600002, 40.182765559000075], [112.874043658, 40.03228969600008], [112.92287511900008, 39.984061833000055], [112.85234227, 39.90609301600006], [112.88781438700005, 39.89111357500008], [113.08614099800002, 39.887599816000034], [113.22344540100005, 39.93137484500005], [113.33271489900005, 39.91104577400006], [113.3676221390001, 39.83826918800003], [113.32909893500005, 39.77911726900004], [113.40932082400002, 39.72269568100006], [113.3762359860001, 39.67578709500003], [113.38097897900002, 39.61159761500005], [113.5348880570001, 39.435491918000025], [113.37907180900004, 39.30671072200005], [113.10285757400004, 39.30269042900005], [113.20393298500005, 39.09654924800003], [113.27534736200005, 39.05943834100003], [113.28624041500007, 38.96255007100007], [113.23601834500005, 38.89569642500004], [113.02460786900008, 38.85801566200007], [112.91845356400006, 38.78786948700008], [113.00846453100007, 38.763784015000056], [113.03881089100003, 38.654467743000055], [113.11603397400006, 38.56295347900004], [113.27850535200002, 38.47818107900008], [113.38587180400009, 38.51794517900004], [113.52252414500003, 38.52037849200008], [113.51611421900009, 38.25841587600007], [113.57142917400006, 38.21047489600005], [113.66124740100008, 38.22006134600008], [113.7191524320001, 38.18259716700004], [113.70639063700003, 38.151081085000044], [113.79661915000008, 38.14201499200004], [113.78844802000003, 38.094965159000026], [113.61244563200012, 38.085737702000074], [113.6548841340001, 38.01648707500004], [113.64015424900003, 37.946786848000045], [113.71840256900009, 37.859030939000036], [113.3889915100001, 37.763872426000034], [113.42932233800002, 37.710842426000056], [113.31607658400003, 37.592794930000025], [113.34419773600007, 37.43958525200003], [113.45967948100008, 37.418102600000054], [113.48812935300009, 37.47215110900004], [113.52363460000004, 37.47429154200006], [113.62475887800008, 37.403335671000036], [113.70972875900009, 37.41741882300005], [113.76621222900008, 37.334028164000074], [113.8552980280001, 37.34611692900006], [113.88832745400009, 37.316236952000054], [113.74803679700005, 37.13908864200005], [113.72478936200002, 37.03452383800004], [113.75307092300011, 36.868765249000035], [113.69969085000002, 36.84434996700003], [113.6657097640001, 36.883952280000074], [113.5667891600001, 36.762456771000075], [113.44217395600003, 36.71646655700005], [113.48642694000011, 36.67583054900007], [113.4403926440001, 36.66086876000003], [113.45043431700003, 36.619166653000036], [113.55073736500003, 36.55616552600003], [113.56762251100008, 36.44911705700008], [113.3364865100001, 36.40105293600004], [113.2140000710001, 36.46785939100005], [113.115937368, 36.47693483100005], [113.02828175400009, 36.44428671400004], [113.11735655700011, 36.344690857000046], [113.12677951600006, 36.26212661500006], [113.20515897100006, 36.22363529800003], [113.14747325200005, 36.144528973000035], [113.08135459500011, 36.13820124600005], [113.02647643800003, 36.15148661400008], [112.97233703200004, 36.23036742700003], [112.85621368600005, 36.25262902500003], [112.66591790700011, 36.19212694200007], [112.53326309400006, 36.18792499500006], [112.5629630740001, 36.255288773000075], [112.47694055000011, 36.25057439300008], [112.41324844100006, 36.32648255400005], [112.20917337500009, 36.40025157300005], [112.15418491100002, 36.472807352000075], [112.10513943400008, 36.46985994600004], [112.05001367300008, 36.31347516900007], [112.14890406900008, 36.10145641400004], [112.0644504070001, 36.03137157400005], [111.81596115200006, 36.08085959300007], [111.68657634200008, 36.07345011600006], [111.56349385700008, 36.20849967000004], [111.34212365900004, 36.32300836200005], [111.26890005300004, 36.20954022400008], [111.10333334400008, 36.20650181900004]]]]}}, {"type": "Feature", "properties": {"id": "黄巢", "name": "黄巢", "color": "#9b6b6b", "owner": "黄巢", "units": ["京畿", "凤翔", "宣武", "山南东道", "忠武", "感化", "桂管", "江西", "浙东", "浙西", "淄青", "淮南", "湖南", "福建", "荆南", "都畿", "鄂岳"], "label_lon": 114.033, "label_lat": 30.966}, "geometry": {"type": "MultiPolygon", "coordinates": [[[[118.43489866700008, 24.504264544000023], [118.485669948, 24.46547233800004], [118.47455417900005, 24.40734510900006], [118.36808977900012, 24.416191369000046], [118.33810233600002, 24.36658738400007], [118.29812064400005, 24.406603347000043], [118.30999263900003, 24.474814310000056], [118.373410121, 24.45448664500003], [118.43489866700008, 24.504264544000023]]], [[[108.55523369000008, 23.358067144000074], [108.40873663700006, 23.54391528800005], [108.37329967600004, 23.672924301000023], [108.50953314500003, 23.675327066000023], [108.41647249000005, 23.827773884000067], [108.43550312900004, 24.029331828000068], [108.31163377200005, 23.957316696000078], [108.20768779100007, 23.846861165000064], [108.10562069600007, 23.83810242900006], [107.99110504700008, 23.709643958000072], [107.91777964900007, 23.70788807300005], [107.91471274400004, 23.87434791000004], [107.83403461400007, 23.981277157000022], [107.84844393000009, 24.032188951000023], [107.79246148300007, 24.08168293800003], [107.82270197200006, 24.125673997000035], [107.78284757600005, 24.153784244000065], [107.90287053600008, 24.380177229000026], [107.87254440500004, 24.45037142700005], [107.86639273400004, 24.42257190600003], [107.79090722200004, 24.42838039800006], [107.73345648100008, 24.36248392500005], [107.69945963000004, 24.364361728000063], [107.65714894900009, 24.428749320000065], [107.66139933100004, 24.49581154300006], [107.55379886100008, 24.64617013700007], [107.56474677300008, 24.80874029100005], [107.58849071300006, 24.82862824500006], [107.66171419600005, 24.773202361000074], [107.70176397200004, 24.782399275000046], [107.68375020000008, 24.90406404500004], [107.74868976400006, 24.94261241600003], [107.86851068100009, 24.93934616000007], [107.89916393500005, 24.995048885000074], [107.83944032200009, 25.135940659000028], [107.76351291500004, 25.126729999000077], [107.76257414300005, 25.237488330000076], [107.68181000600003, 25.192838437000034], [107.63709268800005, 25.299560976000066], [107.62468096400005, 25.617823221000037], [107.78627069100008, 25.643677525000044], [107.82658901600007, 25.80047117400005], [107.80249017700004, 25.83605384400005], [107.69397365500004, 25.84960958100004], [107.67703529600004, 25.890833453000027], [107.72801331500006, 25.944026604000044], [107.66486108100008, 26.02041134800004], [107.74987379700008, 26.08609169300007], [107.72368716000005, 26.18116953200007], [107.80137409200006, 26.130493026000067], [107.86079135700004, 26.14612012400005], [107.94628009800005, 26.08348214800003], [108.12656077800006, 26.11144332500004], [108.12291038300003, 26.216498100000024], [108.08105306500005, 26.25690426500006], [108.02151571200005, 26.253090400000076], [107.92096457700006, 26.413646650000032], [107.96516872200004, 26.493357928000023], [108.08108116300008, 26.500446271000044], [108.18884712400006, 26.581253305000075], [108.09485863000003, 26.694004170000028], [108.17651433100008, 26.86731285700006], [108.29016335400007, 26.873570960000052], [108.46503480400008, 26.807141629000057], [108.52783018600007, 26.86062967500004], [108.53196947600009, 26.97504916400004], [108.58802943100005, 27.055491697000036], [108.66273151100006, 27.08709697000006], [108.73234694600006, 27.023976095000023], [108.76769784100009, 27.039239190000046], [108.76752850300005, 27.071472610000058], [108.83119776000007, 27.099895272000026], [108.98808775300006, 27.286667459000057], [109.09064828600003, 27.334870226000078], [109.18093902000004, 27.44184113500006], [109.23712280100006, 27.430135483000072], [109.42984061600004, 27.57605361000003], [109.49791032600007, 27.525048250000054], [109.57998975100008, 27.595261893000043], [109.70785043200004, 27.611943108000048], [109.76295272500005, 27.669351320000033], [109.84307874600006, 27.686983310000073], [109.82752743600008, 27.73995949400006], [109.88994163600006, 27.817424997000046], [109.94219598200004, 27.74416559100007], [110.25744752700007, 27.690456211000026], [110.36451706200006, 27.57087126700003], [110.45490079700005, 27.586316657000054], [110.49808324400004, 27.715347503000032], [110.46137837700007, 27.808971443000075], [110.37033377800009, 27.762193898000078], [110.30823203600005, 27.81108477500004], [110.23372548800006, 27.816199383000026], [110.30244416800008, 27.92996810900007], [110.36557903500005, 27.886976321000077], [110.44337804400004, 27.908498570000063], [110.46421481100003, 28.06945415100006], [110.33435687200006, 28.084572671000046], [110.30740329300005, 28.182484074000058], [110.23007694100005, 28.20222804900004], [110.17690767600004, 28.27597312100005], [110.16680420900008, 28.37058425200007], [110.07890302200008, 28.441679883000063], [110.13413499200004, 28.482622824000032], [110.13224806000005, 28.55981416900005], [110.20486559000005, 28.56637633400004], [110.18930964600008, 28.626540099000067], [110.35116671300005, 28.825870649000024], [110.35221282800006, 28.917085368000073], [110.29898625800007, 28.95628528900005], [110.31307308600009, 29.042824428000074], [110.16739361000003, 29.170445706000066], [110.09908099900008, 29.12488840900005], [110.06558692500005, 29.14393090300007], [110.05527711600007, 29.21084043700006], [110.11500823300008, 29.32556854300003], [109.97178052700008, 29.294673999000054], [109.90890428800009, 29.43238618500004], [109.79918637400004, 29.38137552300003], [109.73011637700006, 29.529756349000024], [109.73523610300003, 29.59892621000006], [109.64392708100007, 29.631614458000058], [109.81380141900007, 29.75844036600006], [109.77114830300007, 29.789842520000036], [109.76286911700004, 29.863021494000066], [109.81972317000009, 29.99672870200004], [109.97247506000008, 30.10736061700004], [109.92917170800007, 30.23548919700005], [109.94338991300003, 30.31628280800004], [109.86942198200006, 30.44565967300008], [109.89990270000004, 30.511220827000045], [109.87153037800005, 30.541519433000076], [109.65595326100004, 30.519166916000074], [109.52047273400007, 30.665516350000075], [109.56565140200007, 30.667981428000076], [109.63724124800007, 30.775683198000024], [109.53562916400006, 30.913988904000064], [109.61132081800008, 31.03003620900006], [109.74631898700005, 31.13433109300007], [109.74532565300007, 31.164757008000038], [109.64075852700006, 31.183588620000023], [109.56848824500008, 31.262413895000066], [109.60232164500007, 31.301165990000072], [109.92902691300009, 31.42969346700005], [109.92773503500007, 31.487587507000057], [109.83373672700009, 31.545789267000032], [109.69170399800004, 31.548031215000037], [109.70972409400008, 31.62713733100003], [109.63855763900006, 31.73284551100005], [109.39895320500005, 31.728380349000076], [109.29907407700006, 31.693420746000072], [109.02463629500005, 31.94665671000007], [108.89818893800003, 31.982773938000037], [108.44836924600008, 32.228968767000026], [108.45484866300006, 32.26366135500007], [108.29502057500008, 32.24263956100003], [108.26563506800005, 32.28454805000007], [108.19371293400008, 32.27677648100007], [108.18715415100007, 32.24738419900007], [108.01334902500008, 32.228332031000036], [107.95364351100005, 32.153332015000046], [107.90553443100004, 32.145068706000075], [107.76942611700008, 32.24181938900006], [107.64581987800005, 32.394574584000054], [107.40566122600006, 32.407437480000056], [107.39726326000005, 32.53734917200006], [107.29027522100006, 32.524608288000024], [107.22402184300006, 32.41362331600004], [107.12403032500004, 32.45045313300005], [107.10585141700005, 32.49706993500007], [107.06197347300008, 32.43356678300006], [107.07201461500006, 32.18998312200006], [106.94331300600004, 32.01159547700007], [106.68614114800005, 31.976170684000067], [106.64856133800004, 31.87733655900007], [106.57887440800005, 31.88883388800008], [106.48356633700007, 31.99619313000005], [106.45051983800005, 31.991719489000047], [106.43687062500004, 32.08594063700008], [106.39322160500006, 32.12539903600003], [106.14761938000004, 32.110915732000024], [106.07474253600009, 32.15703662400006], [106.08095581600008, 32.19245205000004], [106.01349202100005, 32.22017391500003], [106.03617342900009, 32.280949674000055], [106.13549674000006, 32.33376904800008], [106.13205585600008, 32.367298679000044], [106.06447115000009, 32.39366400100005], [106.07286404300004, 32.42815935600004], [106.22517166700004, 32.50592101600006], [106.30395981100008, 32.67264139200006], [106.22825650200008, 32.67894271200004], [106.07600181800007, 32.75940875200007], [106.09964195200007, 32.80812623800006], [106.06962676300009, 32.84535170100003], [105.82328155100004, 32.82563942000007], [105.78779526100004, 32.75780073100003], [105.57480496600004, 32.70851115200003], [105.50453687100008, 32.80277403500003], [105.50447797200007, 32.90407064500005], [105.43374652300008, 32.903193060000035], [105.40204626600007, 32.83732575400006], [105.31284048900005, 32.81438620000006], [105.25586836500008, 32.91067272200007], [105.13392045900008, 32.870206910000036], [104.99813748800005, 32.98146370400008], [105.01889686100009, 33.11077878400005], [104.98102249000004, 33.204868248000025], [104.86334632600006, 33.30148298600005], [104.74298408000004, 33.338723694000066], [104.70254321800007, 33.430367389000025], [104.57232724900007, 33.52052836400003], [104.56641337900004, 33.56085318300006], [104.62199976200009, 33.63287832700007], [104.71044279500006, 33.57874800400003], [104.74143113600007, 33.61089080000005], [104.78324532600004, 33.67347620800007], [104.73945979300004, 33.762762837000025], [104.77292980300007, 33.786213006000025], [104.75124635700007, 33.84416027900005], [104.82500985100006, 33.88517243800004], [104.80391641200004, 33.98946566300003], [104.65888521000005, 34.13359162300003], [104.63735883800007, 34.221777254000074], [104.80254939500009, 34.23852253500007], [104.85947802600003, 34.35767589500006], [104.98672294000005, 34.380503556000065], [105.04611961700004, 34.423920526000074], [104.94609960800005, 34.443707277000044], [104.80730596500007, 34.41470413400003], [104.77706358000006, 34.50001660200007], [104.71224082600008, 34.545811152000056], [104.72575696400008, 34.65147774900004], [104.60103877400007, 34.71004478900005], [104.59361905600008, 34.84563686000007], [104.86085979600006, 34.860681285000055], [104.87664060300006, 34.950290030000076], [104.84365175000005, 35.102002724000045], [104.86878389200007, 35.12573323100003], [104.83352379900003, 35.17794543600007], [104.89117412200005, 35.24749415000008], [104.86693643000007, 35.28107737600004], [104.91540326700004, 35.28998827300006], [104.99608428400006, 35.429050604000054], [105.10046281100006, 35.40875785900005], [105.20941044300008, 35.455387261000055], [105.25502415600005, 35.443516282000076], [105.49029689500009, 35.56588682800003], [105.48205815400007, 35.66615478400007], [105.51567503100006, 35.73219341500004], [105.37758462500005, 35.77869734600006], [105.38359271000007, 35.83380076200007], [105.33313138200003, 35.859401148000074], [105.32349512300004, 35.902950486000066], [105.35776039800004, 35.99202217900006], [105.49301175600004, 36.07371143000006], [105.49739080200004, 36.19824691200006], [105.58410951700006, 36.21902920700006], [105.70604178200006, 36.15399890200007], [106.00660542300005, 36.19381396500006], [105.96107723900008, 36.287026498000046], [106.04083319800009, 36.375347592000026], [106.04345971500004, 36.54527712300006], [106.35931195400008, 36.60034002800006], [106.42637420300008, 36.56721747600005], [106.33042594700004, 36.52733247300006], [106.46613790000004, 36.42150387100003], [106.48535634300003, 36.34950504900007], [106.43572502600006, 36.270280324000055], [106.57623723300009, 36.27150487600005], [106.73095068300006, 36.205721432000075], [106.83552333500006, 36.20018906000007], [106.97217510000007, 36.24378489800006], [107.04795640600008, 36.11347103300005], [107.29383837500006, 36.04231469500007], [107.33223968300007, 36.235396528000024], [107.41585115100008, 36.215662715000065], [107.55297739400004, 36.277929062000055], [107.67541140700007, 36.28292390800004], [107.66439633800007, 36.39386231800006], [107.70823724100006, 36.44662273800003], [107.72095095800006, 36.544984457000055], [107.63350133700004, 36.59654634100008], [107.61625217300008, 36.62783018400006], [107.64385346600005, 36.69401458200008], [107.58336430100007, 36.732040675000064], [107.54050879800008, 36.722280682000076], [107.51462155800004, 36.81802228200007], [107.71462637800005, 36.82149423000004], [107.85966936500006, 36.778045286000065], [107.91333586700006, 36.65251523400008], [107.96702210700005, 36.646312812000076], [108.02576390800004, 36.57740052200006], [108.11880365000007, 36.541680048000046], [108.14733509000007, 36.58365555000006], [108.32500162500008, 36.524245515000075], [108.38882747400004, 36.46407666700003], [108.74935204000008, 36.363806640000064], [108.89670233700008, 36.51560125100008], [108.87911979300009, 36.63454324500003], [109.16322529200005, 36.498177300000066], [109.25801395900004, 36.512281597000026], [109.32683324200008, 36.59557547900005], [109.26739349300004, 36.67102887300007], [109.44752691600007, 36.691439022000054], [109.36718610800006, 37.01290929000004], [109.41055539200005, 36.99410274400003], [109.47836694400007, 37.03383215000008], [109.59168764100008, 36.99002843300008], [109.64744486000006, 36.85129809000006], [109.73584117500008, 36.86337286100007], [109.93153098400006, 36.75308816200004], [109.71240118000009, 36.619780828000046], [109.67920075900008, 36.54270534300008], [109.69631251300007, 36.50105795300004], [110.07124596500006, 36.40805051900003], [110.07730955000005, 36.36573032500007], [110.13711358200004, 36.37096261900007], [110.30782474400007, 36.273099036000076], [110.40771798100008, 36.264654165000024], [110.44297548200007, 36.28575254000003], [110.42957797100007, 36.32220886700003], [110.62437831700004, 36.32009641800005], [110.69442938900005, 36.282586380000055], [110.97188463800006, 36.29678210900005], [111.02814256800008, 36.23892571500005], [111.17305564100008, 36.20374633700004], [111.30215513100006, 36.228085658000055], [111.34212365900004, 36.32300836200005], [111.56349385700008, 36.20849967000004], [111.68657634200008, 36.07345011600006], [111.81596115200006, 36.08085959300007], [112.0644504070001, 36.03137157400005], [112.14890406900008, 36.10145641400004], [112.09048036500008, 36.194771238000044], [112.05445302400005, 36.361459386000035], [112.10513943400008, 36.46985994600004], [112.15418491100002, 36.472807352000075], [112.20917337500009, 36.40025157300005], [112.41324844100006, 36.32648255400005], [112.47694055000011, 36.25057439300008], [112.5629630740001, 36.255288773000075], [112.53326309400006, 36.18792499500006], [112.66591790700011, 36.19212694200007], [112.85621368600005, 36.25262902500003], [112.97233703200004, 36.23036742700003], [113.02647643800003, 36.15148661400008], [113.14747325200005, 36.144528973000035], [113.20515897100006, 36.22363529800003], [113.17660628400006, 36.25908558000003], [113.25174641700005, 36.18904359900006], [113.24952951800003, 36.156093172000055], [113.30045332100008, 36.153329480000025], [113.36080671600007, 36.03613311200007], [113.6050508720001, 35.93114882700007], [113.62298520000002, 35.825540457000045], [113.74381755600007, 35.79207513000006], [113.776700118, 35.677773512000044], [113.97526152600005, 35.717834964000076], [114.05098183200005, 35.798179696000034], [114.28105933800009, 35.780721217000064], [114.243825205, 35.74451196800004], [114.28253879100009, 35.64935319600005], [114.25408721500003, 35.47565166500004], [114.3742971260001, 35.481935417000045], [114.41143384100008, 35.53795173200007], [114.72374428100011, 35.70006760100006], [114.73468847600009, 35.66450723100007], [114.90808519000007, 35.62334130100004], [114.96116774900008, 35.34744380600006], [115.14080455400006, 35.42558848400006], [115.190745633, 35.410965], [115.1929861100001, 35.36762041900005], [115.22960487400007, 35.34690985700007], [115.23242285600008, 35.06759371600003], [115.42290579100006, 35.09773862800006], [115.5235943780001, 35.13579353200004], [115.61318037100011, 35.21748878600005], [115.76754108700004, 35.24409967400004], [115.758615254, 35.173532813000065], [115.80332680300012, 35.15171186800006], [115.95312375100002, 35.10222037600005], [116.14349667600004, 35.09229759700003], [116.20716481200009, 35.20078665300008], [116.43265854200001, 35.21909270400005], [116.44681050200006, 35.427893561000076], [116.33638551700005, 35.51801039800006], [116.5919379710001, 35.55595453300003], [116.6298447900001, 35.60814053900003], [116.59015039300004, 35.66754496900006], [116.63761857000009, 35.700317203000054], [116.83662038300008, 35.67328976700003], [116.96584489600002, 35.779523460000064], [117.26769423600001, 35.76149787400004], [117.24557205500003, 35.87989526300004], [117.160870369, 35.86461493300004], [117.12102149600003, 35.884483172000046], [117.10689215600007, 35.94061142500004], [116.936676755, 35.937517555000056], [116.93057579200001, 36.02731171500005], [116.89049626400003, 36.04048906600008], [116.83318164900004, 36.16624788000007], [116.88283184800002, 36.235501750000026], [117.01592120100008, 36.244212857000036], [117.05242900500002, 36.32254118100008], [116.86178969900004, 36.50984777800005], [116.77785417200005, 36.695354843000075], [117.04541047900011, 36.753749679000066], [117.04246792100002, 36.83702417200004], [116.97132446300009, 36.82883536000003], [116.86910877500009, 36.99324235900008], [116.75120273700009, 36.988842333000036], [116.68195795200006, 37.070254212000066], [116.69197242900009, 37.14712607700005], [116.6668793880001, 37.18112015600008], [116.75690557200005, 37.226957724000044], [116.87640791000001, 37.37667248500003], [116.87656043000004, 37.57663537800005], [116.81517544400003, 37.58100060900006], [116.78425504400002, 37.52287391800007], [116.67095151400008, 37.55795398600003], [116.56736866100005, 37.505210926000075], [116.45183147000012, 37.522476512000026], [116.60903586600011, 37.63923026100008], [116.73602127700008, 37.81615577100007], [117.00989489800008, 37.82924444200006], [117.00182867900003, 38.092253811000035], [117.12633813000002, 38.15666551800007], [117.11717167000006, 38.187084424000034], [117.15715007100005, 38.206681529000036], [117.21957879000001, 38.16174324100007], [117.31254736000005, 38.15419183000006], [117.44617586600009, 38.22965201100004], [117.6026772570001, 38.26531999700006], [117.6925345620001, 38.23225374800006], [117.68302860500012, 38.19927544900003], [117.77264248900008, 38.23298450100003], [117.76234611100006, 38.18762945700007], [117.8373537110001, 38.19239207500004], [117.83339505300012, 38.13947398800008], [117.88651152900002, 38.12653514900006], [117.8393213280001, 38.10311291900007], [117.95157556200002, 38.10297365100007], [117.86491337100006, 38.07463340100003], [117.997911154, 38.069661014000076], [118.01786752100008, 38.00904452800006], [117.92567921400007, 37.98377329900006], [117.997970043, 37.97507285100005], [118.00542397900006, 37.943111585000054], [117.9622847390001, 37.91229762000006], [117.96482760800006, 37.86621284700004], [117.89577055200004, 37.82246973400004], [117.95126189200005, 37.81205781800003], [118.02834033300007, 37.93637201200005], [118.10219495600006, 37.94373588900004], [118.12962963100006, 38.063727088000064], [118.25293063900006, 38.07487706200004], [118.2269319720001, 38.02851605800004], [118.25799181900004, 38.01371516800003], [118.32431632700002, 38.072770422000076], [118.44291278800006, 38.08803853300003], [118.49833337900009, 37.96385647000005], [118.57640763500001, 38.03197794100004], [118.62304917800009, 38.02634348700008], [118.65130190800005, 38.10206350000004], [118.7017071460001, 38.08714981300005], [118.74954131800007, 38.12465638900005], [118.71386177400007, 38.04671827400006], [118.86329322400002, 38.05152160500006], [118.75571390400012, 38.00799078400007], [118.75962350800012, 37.968083712000066], [118.80571407000002, 37.93626784400004], [118.83284097300009, 38.01113481900006], [118.8920710650001, 38.01269395200006], [118.87994056700006, 37.94587908800003], [118.96343434300002, 37.94311808100008], [118.97100778000004, 37.89484261700005], [118.93185046500002, 37.83972477800006], [118.89393745000007, 37.84851600400003], [118.90463882400002, 37.78562044800003], [119.02117754300002, 37.75359804900006], [119.02350317700007, 37.721892593000064], [118.96840895900004, 37.69218675700006], [118.90388008200011, 37.58736290600007], [118.91118074200006, 37.54722546600004], [118.8599402000001, 37.51903624000005], [118.887882321, 37.50638638000004], [118.87464766200003, 37.41802546800005], [118.75700341800007, 37.403150260000075], [118.79644023700007, 37.33479783800004], [118.88087662300006, 37.314859194000064], [118.88875274000009, 37.26927672900007], [118.98537673200008, 37.24395212600007], [118.9792172650001, 37.18847469900004], [119.08528794600011, 37.165144216000044], [119.11716216100001, 37.102716661000045], [119.74439746700011, 37.11628985600004], [119.88033979400007, 37.262421424000024], [119.87024183300002, 37.313685218000046], [119.81735114700007, 37.34101637200007], [119.91284711300011, 37.402575127000034], [120.09133505800003, 37.450657928000055], [120.26537510800006, 37.57195720000004], [120.27630920900003, 37.64784022300006], [120.19279623700004, 37.675841631000026], [120.35706995300006, 37.68949475000005], [120.41901122600007, 37.73978257700003], [120.55497294100007, 37.75176922700007], [120.68829713600007, 37.82252538000006], [120.9105142620001, 37.807417024000074], [120.90910274300006, 37.77140524500004], [121.001809051, 37.699729657000034], [121.11769333200004, 37.69380099600005], [121.10853280600008, 37.61145543200007], [121.14787873400007, 37.572960644000034], [121.25310957900001, 37.559649973000035], [121.25902600400002, 37.526629177000075], [121.33381729300004, 37.58085814400005], [121.31796238900006, 37.61833458700005], [121.41085130200008, 37.584254789000056], [121.34277052700008, 37.561122761000036], [121.47188148900011, 37.44142598800005], [121.34768100800011, 37.385577727000054], [121.29239558200004, 37.233448278000026], [121.20874464300005, 37.23385082100003], [121.12468792100003, 37.14024826700006], [121.17588769200006, 36.987798389000034], [121.2370064370001, 36.913126797000075], [121.32175212400011, 36.90703146000004], [121.3474959460001, 36.81275437200003], [121.434712611, 36.74453793500004], [121.35856695400003, 36.724891478000075], [121.350948001, 36.695720083000026], [121.1510586070001, 36.65577815900008], [121.14533181400009, 36.68155859900003], [121.02314714400006, 36.587893155000074], [120.99949029800007, 36.635931398000025], [120.996454792, 36.57114712600003], [120.92934358200012, 36.573087878000024], [120.90341267000008, 36.59599678200004], [120.93189835200008, 36.609006358000045], [120.85990034100007, 36.64382309300004], [120.7566703760001, 36.61069388100003], [120.72921593400008, 36.53525822700004], [120.83932041800006, 36.585901328000034], [120.85308474800001, 36.541423191000035], [120.94609085600007, 36.53376890200008], [120.94221204900009, 36.50518518900003], [120.91413396100006, 36.47770132900007], [120.92740630300011, 36.43866637200006], [120.85665470900005, 36.44720364600005], [120.88407561500003, 36.40972375800004], [120.86178608600005, 36.36459558700005], [120.82537008800011, 36.36938634200004], [120.7775626450001, 36.46269792700008], [120.66453245500009, 36.43211897600003], [120.67937267600007, 36.31624156700008], [120.62519876100009, 36.31789764000007], [120.66584967200004, 36.11685680000005], [120.56706774400004, 36.085077900000044], [120.54323404700006, 36.105947368000045], [120.40671725300001, 36.04907110400006], [120.2458853490001, 36.04450736900003], [120.33346888800008, 36.14420480900003], [120.32342339200011, 36.23797706500005], [120.25299289700001, 36.26602092600007], [120.2374414520001, 36.206747404000055], [120.26927658900001, 36.18441746800005], [120.21739563500012, 36.16677625500006], [120.18067946700012, 36.21473636300004], [120.07753844800004, 36.20277642900004], [120.05951942400009, 36.11299199100006], [120.15883049800004, 36.03047776300008], [120.19386179600008, 36.034098407000045], [120.14789095300011, 35.988892261000046], [120.19459877600002, 35.966335521000076], [120.27733282000008, 36.00143744400003], [120.2643875330001, 35.97175639200003], [120.1474455010001, 35.88331270900005], [120.13665296200008, 35.90761874800006], [120.18372030500007, 35.94370713600006], [119.96670788000006, 35.85378488900005], [120.00487728300004, 35.82742181900005], [120.00353469800007, 35.77878687800006], [119.95917696200002, 35.71626136300006], [119.91075199400007, 35.75240859400003], [119.87074079900003, 35.73465483000007], [119.91266442200003, 35.70172325800007], [119.86455443200009, 35.67375099100008], [119.89207346, 35.635576757000024], [119.80201679400011, 35.62065718200006], [119.7978405980001, 35.66248617200006], [119.73114685400003, 35.583509341000024], [119.70392253300008, 35.634246361000066], [119.65300507000006, 35.591070917000025], [119.60097607700004, 35.59668218300004], [119.60727120500007, 35.513204306000034], [119.52861079800005, 35.35740537800007], [119.49947850400008, 35.38207239600007], [119.49115199900007, 35.33936397100007], [119.39340767500005, 35.30307871100007], [119.35482843900002, 35.25440552600003], [119.34854406700003, 35.10777141600005], [119.28313508600002, 35.08264477700004], [119.19103175100008, 35.104294769000035], [119.22304762600004, 35.074260636000076], [119.14742037000008, 34.83141998200006], [119.19657557300002, 34.77552342100006], [119.301271541, 34.73660988200004], [119.36252382900011, 34.75749687100006], [119.47492232400009, 34.71958282300005], [119.44871155200008, 34.67815395000002], [119.47444994200009, 34.62572571900006], [119.6325512310001, 34.56443681700006], [119.56646164200004, 34.50070376300005], [119.50678470300011, 34.49244772600008], [119.54831940300005, 34.47043513500006], [119.69648007800004, 34.530779979000044], [120.24188845900005, 34.30534270600003], [120.41531254300003, 33.89727724900007], [120.47024959900011, 33.84305949800006], [120.4469022830001, 33.78166201300007], [120.47453380000002, 33.78754296500006], [120.52464460600004, 33.69569433100003], [120.52486233900004, 33.626028305000034], [120.58861525800012, 33.52847064600007], [120.65122665800004, 33.29068735200008], [120.74353346900011, 33.21954322300007], [120.71659357500005, 33.17384978500007], [120.77803517000007, 33.03645398900005], [120.85447287300008, 33.026293329000055], [120.87581564300001, 32.99366901700006], [120.90410680700006, 32.84269555100008], [120.8382651280001, 32.813049962000036], [120.83035765900001, 32.76844499500004], [120.88206544800005, 32.73137561300007], [120.89480785900003, 32.63243181100006], [120.84918681500005, 32.647246016000054], [120.86911724700008, 32.595696857000064], [121.33679123200011, 32.391108419000034], [121.36761191200003, 32.250472097000056], [121.3359619900001, 32.19439588200004], [121.40066356500006, 32.17670048600007], [121.434746, 32.11098555600006], [121.53326566600003, 32.10007897700007], [121.7492053310001, 31.984557410000036], [121.81289474400012, 31.921321240000054], [121.88056764800001, 31.729607817000044], [121.8589179810001, 31.66811107500007], [121.78230677300007, 31.67544138100004], [121.3352375710001, 31.866051259000074], [121.17961868300006, 31.832364836000067], [121.0826989200001, 31.85255721300007], [120.97306364700012, 31.816930651000064], [120.92271317400002, 31.851301054000032], [120.96340186700002, 31.861321933000056], [120.78292905100011, 32.002236527000036], [120.60230871800002, 32.066677457000026], [120.44897233400002, 32.06871813400005], [120.30116815300005, 31.970428706000064], [120.42720737000002, 31.952712400000053], [120.42993908100004, 32.00233910700007], [120.45684755800005, 32.00733728400007], [120.74427895400004, 31.97384352100005], [120.7996182920001, 31.86477122100007], [120.760731673, 31.81645010300008], [120.85998173000007, 31.753392267000038], [121.00981383700002, 31.736563672000045], [121.15583785000001, 31.66543561800006], [121.25516894600003, 31.572937328000023], [121.28065055200011, 31.49253948100005], [121.48890294500006, 31.410667481000075], [121.70842595400006, 31.27006510600006], [121.7817177180001, 31.16945173700003], [121.8808065820001, 30.918042635000063], [121.84553337600005, 30.84234383000006], [121.47906775800004, 30.804576995000048], [121.343825089, 30.69628457500005], [121.14602169400007, 30.62721890100005], [121.11160822400007, 30.58580555800006], [121.01733314400008, 30.573442666000062], [120.92547639600002, 30.485330084000054], [120.93745503000002, 30.42606728100003], [120.89411361200007, 30.406307432000062], [120.88242831900004, 30.355524651000053], [120.78196862400011, 30.32535893100004], [120.671252879, 30.386925131000055], [120.47576354600005, 30.388411491000056], [120.38264311000012, 30.355466963000026], [120.32239192300005, 30.290593154000078], [120.2155044110001, 30.26686561300005], [120.1849307760001, 30.225191798000026], [120.288196674, 30.26439407400005], [120.32795876400007, 30.23739975600006], [120.4195549420001, 30.340506005000066], [120.5475269960001, 30.35041605500004], [120.5992890770001, 30.32502075600007], [120.5817412770001, 30.23289635100008], [120.62033691800002, 30.12586623800007], [120.7666866300001, 30.112985757000047], [120.91957477500011, 30.15864476300004], [121.1273958160001, 30.277885617000038], [121.28174600900002, 30.30004589200007], [121.4404783550001, 30.231500940000046], [121.56599530200003, 30.05936500100006], [121.67957359000002, 29.978322286000036], [121.97611279900002, 29.874532145000046], [122.1224863440001, 29.872643124000035], [121.88204534700003, 29.764469473000077], [121.68155742500005, 29.558075076000023], [121.52845712200008, 29.511800237000045], [121.49690315200007, 29.54763701400003], [121.42421021900009, 29.479836361000025], [121.42205751400002, 29.40529410700003], [121.4944359220001, 29.48771828300005], [121.498640582, 29.454500031000066], [121.52878177500008, 29.457075496000073], [121.48030784900004, 29.395173905000036], [121.56828836000011, 29.48244343400006], [121.70862658400006, 29.529000844000052], [121.77023948500005, 29.527529393000066], [121.77587292700002, 29.465886925000063], [121.84118770700002, 29.524191287000065], [121.73161791000007, 29.55774826700008], [121.81580933100008, 29.613307682000027], [121.94404264900004, 29.630703668000024], [121.97984491400007, 29.587927192000052], [121.94642527100007, 29.53016430200006], [121.90396646800002, 29.52344686200007], [121.97324469000012, 29.452709167000023], [121.9543409150001, 29.415373509000062], [121.88304773100003, 29.39967008600007], [121.90716282500011, 29.341628164000042], [121.93759841700012, 29.338597073000074], [121.90736666900011, 29.311506761000032], [121.92498778700008, 29.268692804000068], [121.98077086900003, 29.280448422000063], [121.9520936880001, 29.217619341000045], [121.8613294700001, 29.158239224000056], [121.79682010800002, 29.18379553300008], [121.82858324300003, 29.29469636600004], [121.79241028900003, 29.286413564000043], [121.81297116000007, 29.329079], [121.78095044100007, 29.34409346600006], [121.79027261800002, 29.374186894000047], [121.7563999030001, 29.367485720000047], [121.76706774400009, 29.239645557000074], [121.73943964500006, 29.19127521400003], [121.64954134800007, 29.193693304000078], [121.64753941600009, 29.30790107400003], [121.61297986200009, 29.279344067000068], [121.61331587400002, 29.184447695000074], [121.5882655150001, 29.285386205000066], [121.56470054500005, 29.259394584000063], [121.50002706200007, 29.26836525300007], [121.53660718900005, 29.247513624000078], [121.52027378700006, 29.170649816000036], [121.49756714000011, 29.159154147000038], [121.47812037900007, 29.19750816800007], [121.46986393200007, 29.15816410800005], [121.41398712800003, 29.160781237000037], [121.453107756, 29.135145540000053], [121.44415695200007, 29.106815356000027], [121.6340129130001, 29.099408469000025], [121.61764995800002, 29.047168218000024], [121.52359949400011, 29.04899701900007], [121.52043569300008, 28.991816399000072], [121.54846030600004, 29.028342810000026], [121.61622149700008, 29.028144608000048], [121.65417083200009, 29.05911833400006], [121.69670054300002, 29.00384400200005], [121.66671663300008, 28.993095762000053], [121.68859343200006, 28.909712298000045], [121.5593186970001, 28.932379355000023], [121.5328581340001, 28.965062475000025], [121.49127498900009, 28.94626482500007], [121.504160135, 28.898475637000047], [121.63236758000005, 28.875973738000027], [121.62556797700006, 28.831901628000026], [121.66544279800007, 28.829826180000055], [121.62759432300004, 28.72578946400006], [121.43234476700002, 28.684486244000027], [121.48594762300002, 28.650089152000078], [121.52676316600002, 28.524655978000055], [121.61537838800007, 28.526043436000066], [121.55733580100002, 28.484219239000026], [121.58133859600002, 28.35211356800005], [121.63919686200006, 28.336372288000064], [121.6133775620001, 28.25847629900005], [121.56796818600003, 28.240082834000077], [121.5743625, 28.297961128000054], [121.45046666000007, 28.322832979000054], [121.43054334500005, 28.281811455000025], [121.4008079350001, 28.287426769000035], [121.41606836800008, 28.242083255000068], [121.37280602900012, 28.21518577300003], [121.35418608900011, 28.125570966000055], [121.30472744300005, 28.174198025000067], [121.26229359700005, 28.16180700800004], [121.2632567390001, 28.06024703500003], [121.14102311600004, 28.019763004000026], [121.12723168000002, 28.128926104000072], [121.19859703600002, 28.19169051600005], [121.21541320800009, 28.170151099000066], [121.23242360200004, 28.210294004000048], [121.27509420600006, 28.197145656000032], [121.2273239210001, 28.310438893000025], [121.26393352000002, 28.326138988000025], [121.13893127200004, 28.389117277000025], [121.07567661400003, 28.31026532900006], [121.02740267400009, 28.304120054000066], [121.05190007200008, 28.230024253000067], [121.11382805400001, 28.226201552000077], [121.07285421600011, 28.146838178000053], [120.99840491600003, 28.129123726000046], [120.96434861300008, 27.977833777000058], [120.71922863800012, 28.026877244000048], [120.68253673200002, 28.008275517000072], [120.82056609400001, 27.93811131600006], [120.8369012280001, 27.856162162000032], [120.71219552600007, 27.71031649400004], [120.60979303300007, 27.761660323000058], [120.66707656200003, 27.62754082600003], [120.5371516670001, 27.566103749000035], [120.58408603700002, 27.55822194900003], [120.60717037200004, 27.479290607000053], [120.637649183, 27.491166460000045], [120.66583304400001, 27.456580631000065], [120.61846342600006, 27.352900485000077], [120.52886748100002, 27.394857263000063], [120.51520496, 27.32104424700003], [120.53845732900004, 27.28874760800005], [120.48445974900005, 27.170026224000026], [120.4371228650001, 27.19990027800003], [120.38745545600011, 27.16546152500007], [120.36901465500011, 27.229762004000065], [120.29835585300009, 27.218617136000034], [120.30208244000005, 27.279606496000042], [120.20267063100005, 27.261780032000047], [120.17404687900012, 27.218512884000063], [120.1801674190001, 27.189613834000056], [120.24222616300005, 27.235446049000075], [120.29230746000007, 27.201759087000028], [120.35302858500006, 27.21653449300004], [120.37927648100003, 27.183085770000048], [120.34649396900011, 27.14937683200003], [120.42079576000003, 27.147343145000036], [120.42928436600005, 27.121866160000025], [120.3635249670001, 27.098426105000044], [120.36947796700008, 27.068594545000053], [120.24173785900007, 27.11008843600007], [120.27479961900008, 27.049045431000025], [120.23809034400006, 27.030759198000055], [120.25589387900004, 26.985975947000043], [120.17618378500003, 26.97289361000003], [120.23800879200007, 26.95091231500004], [120.22745368000005, 26.916300402000047], [120.12203101600005, 26.933753374000048], [120.09593306800002, 26.883814852000057], [120.03088864500012, 26.873861445000045], [120.04382195100004, 26.831532689000028], [120.13154802300005, 26.794614126000056], [120.10456513600002, 26.74565421500006], [120.15226476100008, 26.72042366000005], [120.11214553900004, 26.673522258000048], [120.14790731000005, 26.64290993000003], [120.08984148600007, 26.61039529900006], [120.06794909500002, 26.636122412000077], [119.9441119820001, 26.584476422000023], [119.87163767000004, 26.511842186000024], [119.81925126800002, 26.51170352300005], [119.8384159960001, 26.58614907200007], [119.98281363500007, 26.648056473000054], [119.97860947800007, 26.695145943000057], [120.06783393, 26.77724254700007], [119.92085309200002, 26.780704436000065], [119.93358779200003, 26.72648743800005], [119.86411340400002, 26.64444385300004], [119.83681975500008, 26.70722759000006], [119.79333130700002, 26.685243306000075], [119.79139066700009, 26.744948711000063], [119.84449922800002, 26.799090042000046], [119.79068510000002, 26.816447238000023], [119.84310014500011, 26.844084529000042], [119.7797728170001, 26.830182492000063], [119.75551256500012, 26.726894095000034], [119.6507438110001, 26.89769349000005], [119.68757398100001, 26.815901969000038], [119.67761742100004, 26.75995], [119.73153238000009, 26.714244974000053], [119.61839201500004, 26.754780229000062], [119.61657440800002, 26.786982298000055], [119.5591769350001, 26.769725333000054], [119.62819808300003, 26.73015831600003], [119.56220896500008, 26.719109110000034], [119.6086277920001, 26.67040860900005], [119.54947061100006, 26.66519838200003], [119.58270966000009, 26.598346938000077], [119.77401874200007, 26.589749161000043], [119.80583088000003, 26.54033260500006], [119.76101205700002, 26.550523689000045], [119.82621181900004, 26.44144697100006], [119.75673232400004, 26.405145108000056], [119.76005876600004, 26.436951918000034], [119.72074233600006, 26.433835824000028], [119.65599963300008, 26.492401932000064], [119.55787890600004, 26.46661169400005], [119.5805177420001, 26.42716802900003], [119.64546190500005, 26.440120207000064], [119.669555639, 26.415199432000065], [119.69099590200005, 26.315307818000065], [119.73866269300004, 26.320480501000077], [119.83528422100005, 26.42051071700007], [119.87421660700011, 26.352096337000035], [119.96445276600002, 26.361787029000027], [119.89692109300006, 26.305215822000036], [119.78672569800005, 26.299917294000068], [119.79354942300006, 26.267243251000025], [119.76508404200001, 26.288907566000034], [119.63786484500008, 26.247296899000048], [119.67168381300007, 26.217878335000023], [119.50606827400009, 26.05824272900003], [119.71617572200012, 25.98568466000006], [119.6872588980001, 25.893567629000074], [119.641856931, 25.89830015800004], [119.61375659900011, 25.842812968000032], [119.57739039900002, 25.87613794200007], [119.63238650000005, 25.765957009000033], [119.61418874700007, 25.677469968000025], [119.44112772100004, 25.68631447200005], [119.44070988600004, 25.63123715100005], [119.48975438900004, 25.61341720000007], [119.488292827, 25.558414011000025], [119.52117314100008, 25.531799096000043], [119.53729720500007, 25.570889015000034], [119.59390681500008, 25.568002573000058], [119.57601187600005, 25.521716087000073], [119.60079895400008, 25.495746840000038], [119.5507175460001, 25.46225510900007], [119.59721904900005, 25.48042328200006], [119.6439137320001, 25.44065269300006], [119.64154084800009, 25.32776454800006], [119.59385552600008, 25.327181675000077], [119.57896021400006, 25.430478660000063], [119.53020303100004, 25.39961973100003], [119.56044936100011, 25.36767700200005], [119.47691091900003, 25.343373257000053], [119.51118157000008, 25.442564520000076], [119.46801215100004, 25.447062825000046], [119.42769466800007, 25.409027175000062], [119.45774260900009, 25.496618469000055], [119.3626232040001, 25.50993792500003], [119.3860771520001, 25.56222675300006], [119.32701511700009, 25.601948105000076], [119.333973452, 25.414864902000033], [119.28248442600011, 25.41721068700008], [119.31770984200011, 25.53839954600005], [119.28499299300006, 25.546561980000035], [119.28145369200001, 25.49999384800003], [119.12421005300007, 25.405013997000026], [119.14822943100012, 25.34988384500008], [119.21305826500009, 25.339176674000043], [119.22965167900009, 25.290957165000066], [119.1915751250001, 25.263684795000074], [119.21359378700004, 25.229735108000057], [119.25080661600009, 25.300278947000038], [119.29948287700006, 25.300932055000033], [119.36551303800002, 25.241294340000024], [119.35250735800003, 25.212013736000074], [119.290189026, 25.21617720100005], [119.30781812900011, 25.16876218500005], [119.283634935, 25.138540398000032], [119.23580950500002, 25.156213137000066], [119.24439789100006, 25.182189442000038], [119.16282829400006, 25.16484954200007], [119.17202567900006, 25.21836505400006], [119.12025034100009, 25.227100101000076], [119.09746848600003, 25.15811392100005], [119.16825746300003, 25.10555313800006], [119.10080066300009, 25.08703121700006], [119.07179642000006, 25.132566836000024], [119.07123845400008, 25.09490437200003], [119.0300635750001, 25.129433667000058], [119.07638184300004, 25.202086327000075], [118.9701735760001, 25.191154831000063], [118.9900408520001, 25.241078085000026], [119.07046777800008, 25.256798883000044], [118.89057922400002, 25.237808409000024], [118.88861649900002, 25.205786990000036], [118.92842697100002, 25.199014457000033], [118.91841668200004, 25.167615734000037], [118.98006267700009, 25.167394201000036], [118.99036653400003, 25.13715762700008], [118.943436646, 25.121530843000073], [118.97719232000009, 25.083017056000074], [118.85280979800007, 25.059609339000076], [118.96347221100007, 24.96911369600008], [118.96563252500005, 25.00298377200005], [119.01295617000005, 25.023173522000036], [119.01406040300003, 24.970643351000035], [118.9855615670001, 24.957256362000066], [119.02223160400001, 24.939640344000054], [118.89129348600011, 24.919557112000064], [118.99584909200007, 24.862586707000048], [118.87407646400004, 24.885936109000056], [118.82616073000008, 24.847324164000042], [118.71147809800004, 24.837735234000036], [118.66637046700009, 24.940531469000064], [118.68329438, 24.860126473000037], [118.64004160500008, 24.849608077000028], [118.63609011500012, 24.816781606000063], [118.67837538200001, 24.772160189000033], [118.72491976600008, 24.797139094000045], [118.7969570680001, 24.75938526400006], [118.74284124100006, 24.717526478000025], [118.7367699890001, 24.672882250000043], [118.65034262900008, 24.661988746000077], [118.68301362900002, 24.60057500100004], [118.65150045300004, 24.540353467000045], [118.58228379000002, 24.506919997000068], [118.582827629, 24.569503128000065], [118.46654398400005, 24.62885088300004], [118.46173407300012, 24.700087936000045], [118.436845102, 24.70285143600006], [118.42802319600003, 24.590277128000025], [118.30065266400004, 24.58029639700004], [118.23404432600012, 24.528966123000032], [118.20785145000002, 24.57504446300004], [118.22700315800012, 24.61140828200007], [118.18639269900007, 24.618011134000028], [118.21636577700008, 24.651751293000075], [118.15915669100002, 24.676100016000078], [118.12818837600003, 24.59455561900006], [118.14176590600005, 24.52915145700007], [118.19550968600004, 24.488468535000038], [118.18160571100009, 24.442504319000022], [118.09499825600005, 24.42567017300007], [118.11000420300002, 24.545220940000036], [118.00891708900008, 24.572610522000048], [117.96645090700008, 24.544282637000038], [118.062751552, 24.520034289000023], [118.07389590600008, 24.485179538000068], [118.02362646600011, 24.471232868000072], [118.05261938100011, 24.446169386000065], [117.88262327000007, 24.475536482000052], [117.91984299, 24.427843806000055], [117.85636214500005, 24.41105486300006], [117.91799335200005, 24.36811718000007], [118.09103243000004, 24.390033378000055], [118.02447785600009, 24.32381748100005], [118.11746749000008, 24.34670041100003], [118.143710327, 24.265590463000024], [117.95237031400006, 24.322032696000065], [117.85403727300002, 24.301079707000042], [117.77157114400006, 24.360323090000065], [117.63614122100012, 24.34457601300005], [117.59729889700009, 24.280287845000032], [117.57056808200002, 24.334957479000025], [117.49423638700011, 24.35158845500007], [117.51930695800002, 24.516083043000037], [117.45542594100004, 24.520340153000063], [117.35314563000009, 24.457946803000027], [117.3061862510001, 24.507517653000036], [117.21193942600007, 24.524263851000057], [117.14696890700009, 24.500341251000066], [117.08955228500008, 24.568339602000037], [117.00192679800011, 24.59999825400007], [117.00944574400012, 24.78413654800005], [117.05459164000001, 24.885765363000075], [116.98131174700006, 24.977751196000042], [116.90102658700005, 24.97826002100004], [116.91675783800008, 25.012861189000034], [116.82979805200011, 25.094407069000056], [116.74395808000008, 25.095011533000047], [116.67590423800004, 25.162140261000047], [116.90217837600005, 25.222920816000055], [116.89203215000009, 25.284241716000054], [116.93584897100004, 25.349731332000033], [116.91072527200004, 25.39177942500004], [116.8576743970001, 25.405595090000077], [116.8094723370001, 25.360104998000054], [116.71925956300004, 25.358139831000074], [116.68186866100007, 25.288722585000073], [116.61681062200012, 25.27129403500004], [116.57294364400002, 25.30899690600006], [116.60467158300003, 25.326330718000065], [116.58699354200007, 25.38065885700007], [116.52625011700002, 25.400908187000027], [116.57765408600005, 25.701986103000024], [116.62958707100006, 25.779831346000037], [116.5997705200001, 25.872814507000044], [116.64988013900006, 25.91285909000004], [116.63967756700004, 26.04651414600005], [116.8108603820001, 26.115264281000066], [116.81606952100003, 26.147020631000032], [116.75144536700009, 26.198077819000048], [116.7606392240001, 26.25802484700006], [116.82047147500009, 26.32413296200008], [117.02526381700011, 26.368744953000032], [117.01507827300009, 26.484290567000073], [116.88074835000009, 26.452248547000067], [116.77146831100004, 26.549045481000064], [116.77901325800008, 26.586521333000064], [116.71528499100009, 26.60329202400004], [116.66681122900002, 26.661260368000057], [116.53706490400009, 26.649975141000027], [116.53939683700003, 26.56969213600007], [116.45757275100004, 26.597285862000035], [116.32998287400005, 26.50456991300007], [116.24713987500002, 26.554534636000028], [116.22012904300004, 26.53789297000003], [116.20183936300009, 26.51331834900003], [116.26092588200004, 26.419214428000032], [116.20930059900002, 26.338178334000077], [116.25806765100003, 26.273151897000048], [116.2521768360001, 26.233312891000026], [116.10370163700009, 26.15041030200007], [116.10639308900011, 26.12107878300003], [115.92926226000009, 26.09868662100007], [115.88978439700008, 26.149369571000022], [115.88029945400001, 26.280101251000076], [115.76998108100008, 26.299071973000025], [115.72128846800001, 26.340692414000046], [115.568757129, 26.287219121000078], [115.49430375200006, 26.20173178600004], [115.4896888620001, 26.142347573000052], [115.36313854100001, 26.080687563000026], [115.34331023800007, 26.15071035300008], [115.25519241500001, 26.189422233000073], [115.2365536100001, 26.23035016700004], [115.05400685500001, 26.284108219000075], [115.02693915300006, 26.381452052000043], [115.06181077300005, 26.47320180300005], [114.91684465800006, 26.556711579000023], [114.83637262400009, 26.699117516000058], [114.77579714500007, 26.664324262000036], [114.75268108300008, 26.699333697000043], [114.71580171300002, 26.69593803400005], [114.6630586770001, 26.64923310200004], [114.60743496100008, 26.72510828000003], [114.51934329700009, 26.69058521100004], [114.54980635200002, 26.59907495300007], [114.52403753800002, 26.51340330100004], [114.6214842820001, 26.471261180000056], [114.67720040100005, 26.392867944000045], [114.75563511300004, 26.391374883000026], [114.68510648100005, 26.235105033000025], [114.64972750200002, 26.205879501000027], [114.52316604700002, 26.230924061000053], [114.47852219300012, 26.171349717000055], [114.41441202700003, 26.161264593000055], [114.37924352200002, 26.108949663000033], [114.25187365200009, 26.038188544000036], [114.01159098100004, 25.98886133900004], [113.99117795100005, 26.04164262200004], [114.21240171000011, 26.147451138000065], [114.21499922900011, 26.218323431000044], [113.93988845800004, 26.17718498000005], [113.837880175, 26.102697308000074], [113.76378504600007, 26.109628263000047], [113.71900645900007, 26.058604752000065], [113.66298727900005, 26.050580797000066], [113.65439819200003, 25.96874125000005], [113.57349817400006, 25.891814987000032], [113.62128693500006, 25.831219275000024], [113.60574860800011, 25.748249314000077], [113.508965912, 25.68903676800005], [113.51175307300002, 25.621936781000045], [113.44628094500001, 25.577919808000047], [113.40591099400001, 25.574009514000068], [113.22502389800002, 25.725894453000024], [113.24160225700007, 25.80261166300005], [113.21762040800002, 25.903213837000067], [113.15579661600009, 25.947151175000045], [113.18215189000011, 26.00886986200004], [113.161913346, 26.063511909000056], [113.08416263800007, 26.01049217600007], [113.042810884, 26.060858015000065], [112.88008127800003, 26.00321173800006], [112.89935130800006, 25.935583973000064], [112.79745995400003, 25.838506719000065], [112.75310393400002, 25.73633288600007], [112.80055375300003, 25.69632278100005], [112.79034156900002, 25.66986854700008], [112.72109010200006, 25.66731335700007], [112.76501538900004, 25.577974582000024], [112.73492276600007, 25.49210996000005], [112.77662078900005, 25.435019917000034], [112.70308634700007, 25.37574660200005], [112.71614473500006, 25.337806826000076], [112.7064386290001, 25.305004680000025], [112.66922839600011, 25.305301301000043], [112.6778732360001, 25.27009537400005], [112.614303317, 25.25841354000005], [112.66472941300003, 25.18143419300003], [112.63687795100009, 25.12207638500007], [112.76706808100005, 24.895660442000064], [112.63988761700011, 24.861968852000075], [112.62110984000003, 24.73307778800006], [112.56909154700008, 24.765937958000052], [112.53461388100004, 24.699388114000044], [112.31805000400004, 24.64329050300006], [112.28366308400007, 24.665562752000028], [112.28408805400011, 24.77160832800007], [112.23793320300001, 24.827289902000075], [112.27028965900001, 24.89933306900008], [112.13703425900007, 24.91102763300006], [112.15791959800003, 24.871141003000048], [112.13684660500007, 24.847060318000047], [111.92594005700005, 24.710508067000035], [111.90373600600009, 24.66293301500008], [111.90805705400004, 24.60336950900006], [111.99016580600005, 24.545719209000026], [112.03112980900005, 24.344049721000033], [111.84322940700008, 24.21861950300007], [111.86746675800003, 24.09013350200007], [111.94079136000005, 23.982801551000023], [111.81506437500008, 23.933377719000077], [111.79073410300003, 23.839571572000068], [111.64330861900004, 23.85612165300006], [111.60570480800004, 23.789479045000064], [111.66468820800009, 23.71126739400006], [111.62268009300004, 23.704338736000068], [111.59882841900009, 23.642990875000066], [111.48863049600004, 23.640073992000055], [111.41502540700009, 23.516171324000027], [111.33644945700007, 23.51871571600003], [111.28986163000008, 23.57240491700003], [111.25679073900005, 23.568615241000032], [111.23237863700007, 23.514579905000062], [111.16918500100007, 23.50878410300004], [111.18672979000007, 23.442281183000034], [111.31308293100005, 23.446568358000036], [111.37869516300009, 23.415988948000063], [111.34501434500004, 23.33576379400006], [111.41262673200004, 23.050909688000047], [111.35064722500005, 22.977585071000078], [111.18153731100006, 23.10858900200003], [111.17351849800008, 23.143927477000034], [111.13052271500004, 23.13004727400005], [111.09948655100004, 23.187906017000046], [110.96369034600008, 23.154213369000047], [110.95857947600007, 23.226740481000036], [110.89035214900008, 23.213021325000057], [110.71519228000005, 23.077171356000065], [110.67984501000007, 23.068112675000066], [110.62777003600007, 23.122898242000076], [110.55985305500008, 23.097162651000076], [110.54635626100008, 23.13011358500006], [110.31963837200004, 23.049438637000037], [110.25109938100007, 22.95419105600007], [110.26826342100009, 22.885883980000074], [110.10450917300005, 22.90834872000005], [109.88199605500006, 23.049795881000023], [109.83794707400006, 23.00632215400003], [109.82518477800005, 22.906659140000045], [109.73947393200007, 22.830994357000066], [109.73342939500009, 22.73820044200005], [109.65099667300007, 22.67520093400003], [109.59223407800005, 22.707093522000037], [109.43204962600004, 22.944361033000064], [109.33703775500004, 22.987584928000047], [109.31353462300007, 23.101419648000046], [109.22467453200005, 23.140669092000053], [109.22027159400005, 23.31171543800008], [109.13235267000005, 23.311141631000055], [109.09374245600009, 23.367300476000025], [108.91188219300005, 23.401946458000054], [108.85950888500008, 23.442669162000072], [108.79562551400005, 23.409668741000075], [108.68961877300006, 23.257403443000044], [108.62547105500005, 23.218751734000023], [108.58702026700007, 23.244269575000033], [108.55523369000008, 23.358067144000074]], [[113.23078536800006, 35.291606182000066], [113.19638382900007, 35.28940782600006], [113.1622381630001, 35.35874073900004], [113.13154374700002, 35.40629289700007], [113.19579747500006, 35.289336552000066], [113.23078536800006, 35.291606182000066]], [[113.28408392339887, 35.22542340123454], [113.332773287, 35.23757547800005], [113.37385411700006, 35.266135029000054], [113.3976948620001, 35.289657410000075], [113.4097945960001, 35.35641265300006], [113.3728940082253, 35.361507573640594], [113.40920754900003, 35.35634237900007], [113.39710832500009, 35.28958707700008], [113.28408392339887, 35.22542340123454]]], [[[120.72185152700001, 24.227885730000025], [120.75292995100006, 24.219459955000048], [120.75908671800005, 24.167143469000052], [120.65182957200011, 24.125298635000036], [120.560677542, 24.144119876000047], [120.56881759700002, 24.206822514000066], [120.69359384800009, 24.193199594000077], [120.72185152700001, 24.227885730000025]]], [[[121.06624403700005, 24.315895745000034], [120.90364572900012, 24.324855704000072], [120.8274019260001, 24.296268223000027], [120.66445788900012, 24.362191530000075], [120.6206362370001, 24.428742973000055], [120.67732079900009, 24.495281942000076], [120.70201689100008, 24.589805443000046], [120.83235994800009, 24.67413999000007], [120.89971564100006, 24.760767547000057], [120.902904239, 24.832384440000055], [121.08422147200008, 25.053402111000025], [121.41060252500006, 25.158120927000027], [121.42878464000012, 25.232759776000023], [121.55092742300008, 25.302315803000056], [121.69152636400008, 25.17808426600004], [121.60607912600005, 25.11095764600003], [121.67789553400007, 25.046735244000047], [121.75562697300006, 25.107506588000035], [121.76680087900002, 25.155135908000034], [121.91421330900005, 25.116962536000074], [121.91830957600007, 25.045508151000035], [121.98725056800004, 24.998490693000065], [121.90579382100009, 24.94887711900003], [121.80761241800008, 24.947410965000074], [121.7273019800001, 24.851902203000066], [121.57840511500001, 24.782896424000057], [121.5358294880001, 24.722427353000057], [121.42451033900011, 24.683997588000068], [121.27795814400008, 24.431252691000054], [121.1844585340001, 24.411346363000064], [121.06624403700005, 24.315895745000034]]], [[[119.70302217400001, 25.557704512000043], [119.77249051700005, 25.639999601000056], [119.7871337150001, 25.604747874000054], [119.83825978700008, 25.597596320000036], [119.84108598400007, 25.546801970000047], [119.88428556800011, 25.542146737000053], [119.81396823300008, 25.491225453000027], [119.85513138500005, 25.43802456800006], [119.76840599700006, 25.40412038000005], [119.76778142100011, 25.378429372000028], [119.7007627810001, 25.40714203500005], [119.73060945500004, 25.460679835000064], [119.68189159200006, 25.44092464700003], [119.6929486460001, 25.47951281400003], [119.735869567, 25.482293037000034], [119.74093705300004, 25.560909671000047], [119.70302217400001, 25.557704512000043]]], [[[121.93397649500002, 30.171115652000026], [122.31305116600004, 30.00921547100006], [122.293577346, 29.93919763300005], [122.10498214600011, 30.001144710000062], [122.0049979150001, 30.001459502000046], [121.93397649500002, 30.171115652000026]]], [[[122.0973869070001, 30.306375494000065], [122.21810994600003, 30.30788426600003], [122.21778525000002, 30.224517092000042], [122.06612984000003, 30.274894861000064], [122.0973869070001, 30.306375494000065]]], [[[122.51665588500009, 30.692631575000064], [122.44331449000003, 30.68652297600005], [122.41244574200005, 30.735204946000067], [122.51775382400001, 30.715278443000045], [122.51665588500009, 30.692631575000064]]], [[[121.453397977, 31.71740107000005], [121.51171392800006, 31.71198337800007], [121.58317326500003, 31.649922282000034], [121.87221198300006, 31.52706590300005], [121.80908007700009, 31.456826845000023], [121.57500637500004, 31.51628900600008], [121.34051829300006, 31.624319356000058], [121.22396786800005, 31.74781411200007], [121.20512984100003, 31.708366196000043], [121.13707889200009, 31.765325209000025], [121.1772310560001, 31.813429504000055], [121.30431244400006, 31.83094348000003], [121.453397977, 31.71740107000005]]]]}}]}