{"type": "FeatureCollection", "_meta": {"topic": "huang-chao-rebellion", "year": 879, "method": "使用 gazetteer 中国历史朝代底图：以现代县界为几何底图，省级单元治所经纬度定位；不采用唐代当时州县界线。黄巢起义控制范围仅依据主要城市与区域归属的史料重建，非精确战线。", "max_km": 260.0, "units_total": 24, "units_matched": 24, "units_missing": [], "counties_placed": 1435, "counties_outside": 1664, "control_sha1": "4ce8a563fd7e9b25", "gazetteer_sha1": "689fd7f108b2b726", "built_from": {"control": "huang-chao-rebellion_control.json", "units": "huang-chao-rebellion_province_gazetteer.json"}}, "features": [{"type": "Feature", "properties": {"id": "藩镇", "name": "藩镇", "color": "#7f8f7a", "owner": "藩镇", "units": ["幽州", "成德", "魏博"], "label_lon": 115.864, "label_lat": 39.153}, "geometry": {"type": "MultiPolygon", "coordinates": [[[[114.41143384100008, 35.53795173200007], [114.3742971260001, 35.481935417000045], [114.25408721500003, 35.47565166500004], [114.28253879100009, 35.64935319600005], [114.243825205, 35.74451196800004], [114.28105933800009, 35.780721217000064], [114.05098183200005, 35.798179696000034], [113.97526152600005, 35.717834964000076], [113.776700118, 35.677773512000044], [113.74381755600007, 35.79207513000006], [113.62298520000002, 35.825540457000045], [113.6050508720001, 35.93114882700007], [113.36080671600007, 36.03613311200007], [113.30045332100008, 36.153329480000025], [113.24952951800003, 36.156093172000055], [113.25174641700005, 36.18904359900006], [113.17660628400006, 36.25908558000003], [113.12677951600006, 36.26212661500006], [113.11735655700011, 36.344690857000046], [113.02828175400009, 36.44428671400004], [113.115937368, 36.47693483100005], [113.2140000710001, 36.46785939100005], [113.3364865100001, 36.40105293600004], [113.56762251100008, 36.44911705700008], [113.55073736500003, 36.55616552600003], [113.45043431700003, 36.619166653000036], [113.4403926440001, 36.66086876000003], [113.48642694000011, 36.67583054900007], [113.44217395600003, 36.71646655700005], [113.5667891600001, 36.762456771000075], [113.6657097640001, 36.883952280000074], [113.69969085000002, 36.84434996700003], [113.75307092300011, 36.868765249000035], [113.72478936200002, 37.03452383800004], [113.74803679700005, 37.13908864200005], [113.88832745400009, 37.316236952000054], [113.8552980280001, 37.34611692900006], [113.76621222900008, 37.334028164000074], [113.70972875900009, 37.41741882300005], [113.62475887800008, 37.403335671000036], [113.52363460000004, 37.47429154200006], [113.48812935300009, 37.47215110900004], [113.45967948100008, 37.418102600000054], [113.34419773600007, 37.43958525200003], [113.31607658400003, 37.592794930000025], [113.42932233800002, 37.710842426000056], [113.3889915100001, 37.763872426000034], [113.71840256900009, 37.859030939000036], [113.64015424900003, 37.946786848000045], [113.6548841340001, 38.01648707500004], [113.61244563200012, 38.085737702000074], [113.78844802000003, 38.094965159000026], [113.79661915000008, 38.14201499200004], [113.70639063700003, 38.151081085000044], [113.7191524320001, 38.18259716700004], [113.66124740100008, 38.22006134600008], [113.57142917400006, 38.21047489600005], [113.51611421900009, 38.25841587600007], [113.52252414500003, 38.52037849200008], [113.38587180400009, 38.51794517900004], [113.27850535200002, 38.47818107900008], [113.11603397400006, 38.56295347900004], [113.03881089100003, 38.654467743000055], [113.00846453100007, 38.763784015000056], [112.91845356400006, 38.78786948700008], [113.02460786900008, 38.85801566200007], [113.23601834500005, 38.89569642500004], [113.28624041500007, 38.96255007100007], [113.27534736200005, 39.05943834100003], [113.20393298500005, 39.09654924800003], [113.10285757400004, 39.30269042900005], [113.37907180900004, 39.30671072200005], [113.5348880570001, 39.435491918000025], [113.38097897900002, 39.61159761500005], [113.3762359860001, 39.67578709500003], [113.40932082400002, 39.72269568100006], [113.32909893500005, 39.77911726900004], [113.3676221390001, 39.83826918800003], [113.33271489900005, 39.91104577400006], [113.22344540100005, 39.93137484500005], [113.08614099800002, 39.887599816000034], [112.85234227, 39.90609301600006], [112.92287511900008, 39.984061833000055], [112.874043658, 40.03228969600008], [112.91712833600002, 40.182765559000075], [112.86056257200005, 40.22182908600007], [112.98285788300007, 40.36140632400003], [113.13494756600005, 40.42855640700003], [113.23780915300006, 40.40767166400008], [113.37886944000002, 40.315099092000025], [113.54501692000008, 40.32306450900006], [113.76150637500007, 40.531135723000034], [113.7019249330001, 40.59686222700003], [113.47653188800007, 40.67358988700005], [113.45871265500011, 40.73802096600008], [113.49839520900002, 40.85128939100008], [113.5550412990001, 40.91178541900007], [113.57148532500003, 41.03374722800004], [113.61821792400008, 41.08559138900006], [113.52023667000003, 41.18740199900003], [113.3936821100001, 41.215107070000045], [113.34118532600007, 41.29126542100005], [113.47360067800003, 41.39377635900007], [113.59815984200009, 41.43048627200005], [113.63553879300002, 41.41331397500005], [113.60302515, 41.32204589000003], [113.72620394500007, 41.33256027400006], [113.91462477800007, 41.278426497000055], [113.94815616700009, 41.36342078800004], [113.86093549300006, 41.39636629100005], [114.02707046, 41.53782528000005], [114.22734624700001, 41.511787437000066], [114.16766460200006, 41.716855354000074], [114.19532025500007, 41.82082705400006], [114.28387544800012, 41.91523139600008], [114.44915415800006, 41.94643826600003], [114.48604418800005, 41.97560076900004], [114.46546909100005, 42.08075199600006], [114.577703412, 42.120305253000026], [114.76181872200004, 42.10188347300004], [114.76850322000007, 42.13538913300005], [114.808056297, 42.14134892700008], [114.92149188500002, 42.08335408000005], [115.08631914800003, 42.10601938000008], [115.24962666600004, 42.069250115000045], [115.33611380100001, 42.09263276000007], [115.46514053600004, 42.185123916000066], [115.50683850700011, 42.13244597900007], [115.58312140500004, 42.14929277200008], [115.59502793600006, 42.115574984000034], [115.78727866300005, 42.12497044200006], [115.80777230300009, 42.09952044000005], [115.78557587600005, 41.949365801000056], [115.92157902500003, 41.90041570100004], [115.97203335800009, 42.07010165600008], [116.21379740200007, 42.243285462000074], [116.21967644900008, 42.35295829300003], [116.25507007800002, 42.37586171000004], [116.3842578550001, 42.32212095800003], [116.46806781500004, 42.32932677400004], [116.53980570800002, 42.46519435400006], [116.64879664300008, 42.56896147700007], [116.91501451300007, 42.406467718000044], [117.24828682900011, 42.46308041800006], [117.36796566700002, 42.43614777300007], [117.48114767100003, 42.55513348900007], [117.56647830200006, 42.52967430500007], [117.73747197700004, 42.56211595100007], [117.95675346300004, 42.40433399900007], [118.00939133800011, 42.275422992000074], [117.93724509300012, 42.216972363000025], [118.05934734700008, 42.14566564100005], [118.04861727700006, 42.08764176400007], [118.10853020200011, 42.09026767000006], [118.09810947500011, 42.03532635200003], [118.25216509600011, 42.060860597000044], [118.24563067400004, 41.99636058400006], [118.28782419800007, 41.95321880600005], [118.24120076000008, 41.90422793400006], [118.31391087100008, 41.84876442700005], [118.29711235200011, 41.76798016400005], [118.26088928500008, 41.736215955000034], [118.16106588700006, 41.78865362300007], [118.10962154900005, 41.76299309900003], [118.09795987100006, 41.70679518900005], [118.19103878300007, 41.61215191200006], [118.19690315000003, 41.56123331800006], [118.26605862300005, 41.54595036200004], [118.27819159500007, 41.49735133900003], [118.24008076400003, 41.44528832900005], [118.30730667900002, 41.316477777000046], [118.41372793200003, 41.29993700500006], [118.47420727400004, 41.34447568400003], [118.7830602680001, 41.323220313000036], [118.85298588500007, 41.262294421000036], [118.95185518400001, 41.29992364300006], [119.07058041100004, 41.27502243600003], [119.19552021400011, 41.305566586000054], [119.12542310700007, 41.15803071000005], [118.87804306600003, 41.02470804100005], [118.95324867400006, 40.98205366900004], [118.770294981, 40.85537615100003], [118.80079879100003, 40.76840641600006], [118.97060787100008, 40.65625214700003], [119.13876135300006, 40.66284655000004], [119.10214646300005, 40.615413524000076], [119.11412558300003, 40.58594331200004], [119.19724852700006, 40.57795264500004], [119.19554796800003, 40.525355802000036], [119.27572774600003, 40.500828858000034], [119.39904203900005, 40.527639470000054], [119.49960369300004, 40.49279481100007], [119.54514379900002, 40.419748379000055], [119.53716645500003, 40.32088485500003], [119.6029149100001, 40.21722581600005], [119.72543277600005, 40.149698285000056], [119.72771009000007, 40.09617737200006], [119.53453285600006, 39.92875493400004], [119.38780713000006, 39.872140184000045], [119.40948241800004, 39.79068615500006], [119.28399784600003, 39.68867515100004], [119.25681566600008, 39.60204674400006], [119.16379774200004, 39.57031478300007], [119.24636207000003, 39.57477238400003], [119.19699217300001, 39.462556826000025], [119.2340241500001, 39.43934207900003], [119.22944319600003, 39.39572000100003], [119.1277606320001, 39.385031], [119.08267382500003, 39.29687846200005], [118.9671268940001, 39.189857447000065], [118.71002035200002, 39.132312349000074], [118.56269136100002, 39.166735033000066], [118.27045595400011, 39.02039098600005], [118.14174853200007, 39.17760754300008], [118.06141349300003, 39.21292269300005], [117.9040441410001, 39.198502258000076], [117.69975866900006, 39.09459143500004], [117.73968769300006, 38.97526025600007], [117.6976317430001, 38.97308644900005], [117.54156008500001, 38.76273802600008], [117.55436242700011, 38.721513050000056], [117.50860482500002, 38.60150777500007], [117.76394966600003, 38.29021405200007], [117.6937358350001, 38.27433334600005], [117.6925345620001, 38.23225374800006], [117.6026772570001, 38.26531999700006], [117.44617586600009, 38.22965201100004], [117.31254736000005, 38.15419183000006], [117.21957879000001, 38.16174324100007], [117.15715007100005, 38.206681529000036], [117.11717167000006, 38.187084424000034], [117.12633813000002, 38.15666551800007], [117.00182867900003, 38.092253811000035], [117.00989489800008, 37.82924444200006], [116.73602127700008, 37.81615577100007], [116.60903586600011, 37.63923026100008], [116.455756543, 37.53138970900005], [116.56736866100005, 37.505210926000075], [116.67095151400008, 37.55795398600003], [116.78425504400002, 37.52287391800007], [116.81517544400003, 37.58100060900006], [116.87656043000004, 37.57663537800005], [116.87640791000001, 37.37667248500003], [116.75690557200005, 37.226957724000044], [116.6668793880001, 37.18112015600008], [116.69197242900009, 37.14712607700005], [116.68195795200006, 37.070254212000066], [116.75120273700009, 36.988842333000036], [116.86910877500009, 36.99324235900008], [116.97132446300009, 36.82883536000003], [117.04246792100002, 36.83702417200004], [117.04541047900011, 36.753749679000066], [116.77785417200005, 36.695354843000075], [116.86178969900004, 36.50984777800005], [117.05242900500002, 36.32254118100008], [117.01592120100008, 36.244212857000036], [116.88283184800002, 36.235501750000026], [116.83318164900004, 36.16624788000007], [116.89049626400003, 36.04048906600008], [116.93057579200001, 36.02731171500005], [116.936676755, 35.937517555000056], [117.10689215600007, 35.94061142500004], [117.12102149600003, 35.884483172000046], [117.160870369, 35.86461493300004], [117.24557205500003, 35.87989526300004], [117.26769423600001, 35.76149787400004], [116.96584489600002, 35.779523460000064], [116.83662038300008, 35.67328976700003], [116.63761857000009, 35.700317203000054], [116.59015039300004, 35.66754496900006], [116.6298447900001, 35.60814053900003], [116.5919379710001, 35.55595453300003], [116.33638551700005, 35.51801039800006], [116.44681050200006, 35.427893561000076], [116.43265854200001, 35.21909270400005], [116.20716481200009, 35.20078665300008], [116.14349667600004, 35.09229759700003], [115.95312375100002, 35.10222037600005], [115.80332680300012, 35.15171186800006], [115.758615254, 35.173532813000065], [115.76754108700004, 35.24409967400004], [115.61318037100011, 35.21748878600005], [115.5235943780001, 35.13579353200004], [115.42290579100006, 35.09773862800006], [115.23242285600008, 35.06759371600003], [115.22960487400007, 35.34690985700007], [115.1929861100001, 35.36762041900005], [115.190745633, 35.410965], [115.14080455400006, 35.42558848400006], [114.96116774900008, 35.34744380600006], [114.90808519000007, 35.62334130100004], [114.73468847600009, 35.66450723100007], [114.72374428100011, 35.70006760100006], [114.41143384100008, 35.53795173200007]]], [[[118.8470385070001, 39.11876616200004], [118.94631382900002, 39.14844775600005], [118.8420736060001, 39.106463406000046], [118.8470385070001, 39.11876616200004]]]]}}, {"type": "Feature", "properties": {"id": "唐", "name": "唐", "color": "#b8a06a", "owner": "唐", "units": ["京畿", "凤翔", "宣武", "山南东道", "朔方", "河东", "浙西", "湖南", "荆南", "西川", "都畿", "鄂岳"], "label_lon": 109.666, "label_lat": 33.582}, "geometry": {"type": "Polygon", "coordinates": [[[110.35221282800006, 28.917085368000073], [110.29898625800007, 28.95628528900005], [110.31307308600009, 29.042824428000074], [110.16739361000003, 29.170445706000066], [110.09908099900008, 29.12488840900005], [110.06558692500005, 29.14393090300007], [110.05527711600007, 29.21084043700006], [110.11500823300008, 29.32556854300003], [109.97178052700008, 29.294673999000054], [109.90890428800009, 29.43238618500004], [109.79918637400004, 29.38137552300003], [109.73011637700006, 29.529756349000024], [109.73523610300003, 29.59892621000006], [109.64392708100007, 29.631614458000058], [109.81380141900007, 29.75844036600006], [109.77114830300007, 29.789842520000036], [109.76286911700004, 29.863021494000066], [109.81972317000009, 29.99672870200004], [109.97247506000008, 30.10736061700004], [109.92917170800007, 30.23548919700005], [109.94338991300003, 30.31628280800004], [109.86942198200006, 30.44565967300008], [109.89990270000004, 30.511220827000045], [109.87153037800005, 30.541519433000076], [109.65595326100004, 30.519166916000074], [109.52047273400007, 30.665516350000075], [109.56565140200007, 30.667981428000076], [109.63724124800007, 30.775683198000024], [109.53562916400006, 30.913988904000064], [109.61132081800008, 31.03003620900006], [109.74631898700005, 31.13433109300007], [109.74532565300007, 31.164757008000038], [109.64075852700006, 31.183588620000023], [109.56848824500008, 31.262413895000066], [109.60232164500007, 31.301165990000072], [109.92902691300009, 31.42969346700005], [109.92773503500007, 31.487587507000057], [109.83373672700009, 31.545789267000032], [109.69170399800004, 31.548031215000037], [109.70972409400008, 31.62713733100003], [109.63855763900006, 31.73284551100005], [109.39895320500005, 31.728380349000076], [109.29907407700006, 31.693420746000072], [109.02463629500005, 31.94665671000007], [108.89818893800003, 31.982773938000037], [108.44836924600008, 32.228968767000026], [108.45484866300006, 32.26366135500007], [108.29502057500008, 32.24263956100003], [108.26563506800005, 32.28454805000007], [108.19371293400008, 32.27677648100007], [108.18715415100007, 32.24738419900007], [108.01334902500008, 32.228332031000036], [107.95364351100005, 32.153332015000046], [107.90553443100004, 32.145068706000075], [107.76942611700008, 32.24181938900006], [107.64581987800005, 32.394574584000054], [107.40566122600006, 32.407437480000056], [107.39726326000005, 32.53734917200006], [107.29027522100006, 32.524608288000024], [107.22402184300006, 32.41362331600004], [107.12403032500004, 32.45045313300005], [107.10585141700005, 32.49706993500007], [107.06197347300008, 32.43356678300006], [107.07201461500006, 32.18998312200006], [106.91156426800006, 31.98961286000008], [106.68614114800005, 31.976170684000067], [106.64856133800004, 31.87733655900007], [106.57887440800005, 31.88883388800008], [106.48356633700007, 31.99619313000005], [106.45051983800005, 31.991719489000047], [106.40292615100009, 31.866884542000037], [106.38425526900005, 31.682435860000055], [106.46790594400005, 31.58504091100008], [106.59187167600004, 31.507829275000063], [106.64469453800007, 31.52392504900007], [106.65215173800004, 31.58234942400003], [106.83592233600007, 31.531436668000026], [106.87225513500005, 31.399399678000066], [106.98008088000006, 31.268838575000075], [106.95132758700004, 31.151573814000074], [106.80757519300005, 30.979709780000064], [106.69090919600006, 30.908930946000055], [106.67818232300004, 30.842617164000046], [106.90064891200007, 30.724983906000034], [106.90185573400004, 30.692907297000033], [106.86375447900008, 30.69190876600004], [106.90366579700009, 30.64479112500004], [106.99704537300005, 30.631908390000035], [107.04404023000006, 30.65867251800006], [106.97377405700007, 30.47944612200007], [106.89108652100003, 30.422639359000073], [106.72373227900005, 30.165997917000027], [106.67962474700005, 30.15311924300005], [106.53009674200007, 29.90270819400007], [106.48561877200007, 29.88430866500005], [106.36778398300004, 29.911345588000074], [106.33469786100005, 29.879640979000044], [106.34941900100006, 29.770557799000073], [106.25105503700007, 29.571326699000053], [106.26137718400008, 29.39378110000007], [106.12934614900007, 29.262345534000076], [106.04078554900008, 29.295668527000032], [105.89465369800007, 29.009703615000035], [105.86351252200006, 29.016903598000056], [105.84485738700005, 29.07410292900005], [105.75969304500006, 29.04009675100008], [105.71945311200005, 28.93068188500007], [105.60481939900006, 28.868243128000074], [105.65968248200005, 28.81968278100004], [105.56139839200006, 28.67682658700005], [105.53460282600008, 28.48883502700005], [105.46488751500004, 28.49302756000003], [105.45617972100007, 28.45858299100007], [105.31519238600004, 28.48460205600003], [105.09861038200006, 28.417970258000025], [105.03830719400008, 28.375398499000028], [105.03445717200009, 28.259817767000072], [105.00921948000007, 28.24083518900005], [104.89929792700008, 28.317290781000054], [104.84051849800005, 28.320028380000053], [104.72980164500007, 28.491267805000064], [104.65942662200007, 28.472281472000077], [104.68941662600008, 28.377851571000065], [104.62330327200004, 28.280685667000057], [104.63283867100006, 28.21696505400007], [104.50003416700008, 28.19883890400007], [104.51280704300007, 28.168691917000046], [104.46396794300006, 28.13467666400004], [104.40473864900008, 28.196837954000046], [104.43649993500009, 28.22975853300005], [104.39761155600007, 28.305840732000036], [104.28595595400009, 28.32990483100008], [104.27156128400009, 28.402894247000063], [104.08243320900004, 28.367850022000027], [104.05305655500007, 28.33403444000004], [103.98200214500008, 28.407015854000065], [103.91858929700004, 28.409025717000077], [103.84181267400004, 28.465393697000025], [103.81964690300003, 28.518593457000065], [103.66999104800004, 28.427992967000023], [103.67146353000004, 28.56073748600005], [103.63293786300005, 28.565934698000035], [103.61963805000005, 28.61476646400007], [103.47289814900006, 28.54394701900003], [103.43585127600005, 28.426750221000077], [103.26210752400004, 28.437391348000062], [103.23775035300008, 28.470593506000057], [103.24947382800008, 28.617216633000055], [103.29766937400007, 28.703792943000053], [103.22166934200004, 28.806598957000062], [103.11263723100006, 28.795046439000032], [103.03316214300008, 28.669476936000024], [102.96875420900005, 28.67856172000006], [102.96340514100007, 28.64691080600005], [102.87011836200008, 28.632333931000062], [102.70040079200004, 28.69798247600005], [102.66070136400003, 28.84058907800005], [102.34855036700009, 28.843803337000054], [102.21656400300009, 28.954091447000053], [102.15186943200007, 29.139469704000078], [102.06942739700008, 29.185296879000077], [102.13121234900007, 29.225172582000027], [102.11812721800004, 29.25611930100007], [102.05733213800005, 29.29398112000007], [101.90007153000005, 29.287225438000064], [101.75488887200004, 29.206286439000053], [101.71683237500008, 29.217176907000066], [101.70262533400006, 29.282727967000028], [101.51428620200005, 29.291243381000072], [101.47224129300008, 29.323614875000032], [101.36658799400004, 29.256419097000048], [101.33494513400007, 29.196677788000045], [101.26654456900008, 29.234256204000076], [101.18435397400003, 29.169804165000073], [101.08485007500008, 29.165549886000065], [101.02667818200007, 29.353419073000055], [101.26411416300004, 29.49412931300003], [101.26166777800006, 29.75385835000003], [101.32305800300009, 29.776074318000042], [101.41061589100008, 29.908480225000062], [101.42222128000009, 30.017104172000074], [101.36586621000004, 30.045076791000042], [101.39921017600005, 30.09968728000007], [101.37009924400007, 30.203222656000037], [101.28554270700005, 30.225735891000056], [101.27810327200007, 30.333905107000078], [101.34776914800005, 30.41506813700005], [101.37924745600009, 30.39246795200006], [101.64359490600003, 30.397475154000063], [101.71408004500006, 30.33766089100004], [101.78533385000009, 30.398761570000033], [101.60435592600004, 30.619620031000068], [101.64734087400007, 30.819328102000043], [101.63520607800007, 30.89767898200006], [101.52332344400008, 30.974541011000042], [101.43315090200008, 30.92267868600004], [101.29676458900008, 31.07941547300004], [101.29185403500009, 31.11423399800003], [101.35000363500006, 31.152786796000044], [101.36019902500004, 31.243122867000068], [101.42856045200006, 31.265479606000042], [101.45929804500008, 31.31889433400005], [101.41194740400005, 31.367983700000025], [101.29484834800007, 31.380327971000042], [101.24830422900004, 31.518901460000052], [101.48744511800004, 31.77464220400003], [101.42603410900006, 31.838765945000034], [101.39779067900008, 31.970145641000045], [101.28878637500009, 32.05144642100004], [101.49337664600006, 32.31346110700002], [101.43492151000004, 32.39240651000006], [101.65471615600006, 32.36621325700003], [101.71192071200005, 32.33082537100006], [101.80640476700006, 32.36637046900006], [101.91748759000006, 32.33118639300005], [102.09120472500007, 32.35070332200007], [102.14819112900005, 32.29578976600004], [102.23947893300004, 32.323052207000046], [102.28235329200004, 32.23720124400006], [102.36311531600006, 32.238699293000025], [102.38130608600005, 32.168498672000055], [102.47255842200008, 32.12106492300006], [102.50280596600004, 32.033767305000026], [102.60848601700008, 31.983047964000036], [102.69967369100004, 31.88482510500006], [102.70714639400006, 32.03138575100007], [102.61037257900006, 32.18507137700004], [102.61456324600005, 32.242243245000054], [102.68182638700006, 32.27757471900003], [102.68016276300006, 32.37869045900004], [102.79351583000005, 32.481186396000055], [102.85077172800004, 32.655826716000036], [102.97836552300004, 32.732334097000034], [102.97299588700008, 32.85119020600007], [103.10171136800005, 32.92389867500003], [103.16879543100004, 32.85414068500006], [103.23910564000005, 32.83451871500006], [103.29056687000008, 32.88923111300005], [103.31496106200007, 32.99601787000006], [103.38664588700004, 32.99793921500003], [103.39330036000007, 33.06241802900007], [103.51177184500006, 33.136676125000065], [103.66140609600006, 33.12523474400007], [103.72653246700008, 33.04045764400007], [103.83450537900006, 33.01632801000005], [103.89226384000006, 32.91704387400006], [103.97311192000006, 32.938105103000055], [103.98018889200006, 33.03608189200003], [104.01913343800004, 33.04242996200003], [104.21127292500006, 32.91179084200007], [104.29269337300008, 32.89238068700007], [104.31325582400007, 32.833929855000065], [104.48775389300005, 32.743283089000045], [104.58539638100007, 32.72633146100003], [104.74321442200005, 32.63369804200005], [104.85171370300009, 32.64722269500004], [104.92372230300003, 32.58714600500008], [105.04591510000006, 32.64106087600004], [105.10881995700004, 32.603610512000046], [105.20076230800004, 32.651923629000066], [105.29833295900005, 32.63985338500004], [105.46897301000007, 32.762774629000035], [105.41659936600007, 32.77404630600006], [105.40204626600007, 32.83732575400006], [105.31284048900005, 32.81438620000006], [105.25586836500008, 32.91067272200007], [105.20657866600004, 32.87337320100005], [105.10322426700009, 32.88590895600004], [104.99813748800005, 32.98146370400008], [105.01889686100009, 33.11077878400005], [104.98102249000004, 33.204868248000025], [104.86334632600006, 33.30148298600005], [104.74298408000004, 33.338723694000066], [104.70254321800007, 33.430367389000025], [104.57232724900007, 33.52052836400003], [104.56641337900004, 33.56085318300006], [104.62199976200009, 33.63287832700007], [104.71044279500006, 33.57874800400003], [104.74143113600007, 33.61089080000005], [104.78324532600004, 33.67347620800007], [104.73945979300004, 33.762762837000025], [104.77292980300007, 33.786213006000025], [104.75124635700007, 33.84416027900005], [104.82500985100006, 33.88517243800004], [104.80391641200004, 33.98946566300003], [104.65888521000005, 34.13359162300003], [104.63735883800007, 34.221777254000074], [104.80254939500009, 34.23852253500007], [104.85947802600003, 34.35767589500006], [104.98672294000005, 34.380503556000065], [105.04611961700004, 34.423920526000074], [104.94609960800005, 34.443707277000044], [104.80730596500007, 34.41470413400003], [104.77706358000006, 34.50001660200007], [104.71224082600008, 34.545811152000056], [104.72575696400008, 34.65147774900004], [104.60103877400007, 34.71004478900005], [104.59361905600008, 34.84563686000007], [104.86085979600006, 34.860681285000055], [104.87664060300006, 34.950290030000076], [104.84365175000005, 35.102002724000045], [104.86878389200007, 35.12573323100003], [104.83352379900003, 35.17794543600007], [104.89117412200005, 35.24749415000008], [104.86693643000007, 35.28107737600004], [104.91540326700004, 35.28998827300006], [104.99608428400006, 35.429050604000054], [105.10046281100006, 35.40875785900005], [105.20941044300008, 35.455387261000055], [105.25502415600005, 35.443516282000076], [105.49029689500009, 35.56588682800003], [105.48205815400007, 35.66615478400007], [105.51567503100006, 35.73219341500004], [105.37758462500005, 35.77869734600006], [105.38359271000007, 35.83380076200007], [105.33313138200003, 35.859401148000074], [105.32349512300004, 35.902950486000066], [105.35776039800004, 35.99202217900006], [105.49301175600004, 36.07371143000006], [105.48690444900006, 36.296647645000064], [105.46938936000004, 36.32701614900003], [105.37770072800004, 36.308794645000035], [105.29082284300006, 36.38303833000003], [105.24656505600007, 36.38348498800008], [105.08210933400005, 36.296411644000045], [104.88477544800008, 36.27693122200003], [104.67842795900003, 36.169964632000074], [104.55534224200005, 36.20238911600006], [104.50306810800004, 36.37286547100007], [104.42505864800006, 36.424367937000056], [104.31375478000007, 36.332966516000056], [104.24074501100006, 36.358736488000034], [104.18163975000004, 36.29004709900005], [104.13223703900007, 36.27957912000005], [104.08051468900004, 36.33537123200006], [104.04953190600008, 36.48089820400003], [103.95422382700008, 36.65578562600007], [103.97546403600006, 36.74922570700005], [103.81408242000003, 36.81176392300006], [103.70363583100004, 36.77540067000007], [103.60813714700004, 36.85270056000007], [103.58029224900008, 37.03597279400003], [103.70870124000004, 37.23914454700008], [103.78750033000006, 37.26472521900007], [103.75776785900007, 37.38317594000006], [103.79534093500007, 37.57732700200006], [103.83290137600005, 37.62335292300003], [103.71279701200007, 37.74872845900006], [103.42048928000008, 37.83101063500004], [103.37732481200004, 38.06378196400004], [103.43096560400005, 38.10721223400003], [103.53339235200008, 38.111161924000044], [103.53765203200004, 38.24068409600005], [103.50591293600007, 38.324816035000026], [103.42454245600004, 38.38905586200008], [103.89664627900004, 38.60598161300004], [104.02318506300008, 38.84751804900003], [104.17999896200007, 38.93631531800003], [104.20733149900008, 39.073827754000035], [104.07953296000005, 39.27348495900003], [104.09378960400005, 39.39861390300007], [104.27947693900006, 39.482473836000054], [104.32333206600003, 39.53503865500005], [104.30336035700009, 39.73640578000004], [104.24860686400007, 39.88858135700008], [104.44353037800005, 40.06798256500008], [104.68167700700008, 40.14043258500004], [104.57841434600005, 40.29208552600005], [104.59711188300008, 40.41484115900005], [104.48898005400008, 40.468213899000034], [104.49847023800004, 40.59407885300004], [104.19435363600007, 40.912489798000024], [104.10104418900005, 41.082017687000075], [103.96847259800006, 41.203922109000075], [103.88391729200004, 41.37447441300003], [103.50728183500007, 41.638830866000035], [103.39683968000008, 41.86504235000007], [103.86778784000006, 41.76965810200005], [104.54085553800007, 41.85442879500005], [104.54606373300004, 41.626298588000054], [104.92915394200008, 41.635931423000045], [105.00047500600004, 41.561192591000065], [105.26331178300006, 41.73579858700003], [105.19949709500008, 41.39915078100006], [105.28697772900006, 41.23107103400008], [105.29103441800004, 40.950191966000034], [105.35340200400009, 40.83330063600005], [105.49527775200005, 40.806114741000044], [105.73201228500005, 40.83127672100005], [106.00992761200007, 40.71259726900007], [106.22401313300008, 40.72033913800004], [106.47248140500005, 40.51158006800006], [106.52363787800005, 40.38687741500007], [106.60683847100006, 40.300235316000055], [106.84012983800005, 40.15252744700007], [106.89212772100007, 40.19365010400003], [107.09413038500008, 40.05956949500006], [107.13544111400006, 40.00027464100003], [107.22165603400003, 39.99211433600004], [107.42411419300004, 39.892025266000076], [107.55178663300006, 39.88522752800003], [107.87349441100008, 39.79273425900004], [107.96791431700007, 39.79685004500004], [108.44864491700008, 39.64943980000004], [108.68934565100005, 39.54872588100005], [108.89134850100004, 39.38132417200006], [108.99150678500007, 39.39423011300005], [109.09612252600004, 39.34372354000004], [109.13455637400006, 39.36408338900003], [109.31984406400005, 39.330170311000074], [109.32215564300009, 39.263201526000046], [109.35772811100009, 39.23634003300003], [109.47412662900007, 39.24488210000004], [109.50947733500004, 39.02959543600008], [109.58307623700006, 38.94363082600006], [109.61279457100005, 38.94104822700007], [109.67218824800005, 39.069232224000075], [109.84363417700007, 39.12527619900004], [109.95880630300007, 39.21645803800004], [110.16238057100009, 39.29646963500005], [110.07661766700005, 39.40697750700008], [110.09711176100006, 39.46217055200003], [110.21580965200008, 39.44054073400008], [110.38429487600007, 39.29289484700007], [110.48543134900007, 39.34138819000003], [110.31152872600006, 39.591880701000036], [110.28002897500005, 39.61339442800005], [110.12857751800004, 39.57987729000007], [110.09718937300005, 39.60501034500004], [110.10374398000005, 39.643821314000036], [110.15460020300009, 39.741997326000046], [110.23502976100008, 39.724240475000045], [110.32151687000004, 39.75763297000003], [110.37283816500008, 39.83417586000007], [110.37144845900008, 39.88925710700005], [110.62688023300007, 40.00614836200003], [110.65955485200004, 40.14468228100003], [110.61124926400004, 40.313725317000035], [110.67773342500004, 40.33795153700004], [110.70207611600006, 40.27950406800005], [110.76394203300003, 40.25460183000007], [110.85535769300009, 40.287797941000065], [110.88771554800007, 40.22005887500006], [111.02921358100008, 40.28348162100008], [111.17477034800004, 40.16938328300006], [111.33742650000005, 40.103729231000045], [111.37041733000007, 40.14531646000006], [111.49527110700006, 40.18272822500006], [111.57133282000007, 40.10649202400003], [111.77947225600008, 40.06605455700003], [111.91812708900005, 40.09002822800005], [112.02763437200008, 39.96861503700006], [112.14769600000011, 40.153397305000055], [112.41128249100007, 40.29815221400003], [112.55392737700004, 40.26459783800004], [112.67795689600007, 40.18366245300007], [112.793009815, 40.16287281600006], [112.86056257200005, 40.22182908600007], [112.91712833600002, 40.182765559000075], [112.874043658, 40.03228969600008], [112.92287511900008, 39.984061833000055], [112.85234227, 39.90609301600006], [112.88781438700005, 39.89111357500008], [113.08614099800002, 39.887599816000034], [113.22344540100005, 39.93137484500005], [113.33271489900005, 39.91104577400006], [113.3676221390001, 39.83826918800003], [113.32909893500005, 39.77911726900004], [113.40932082400002, 39.72269568100006], [113.3762359860001, 39.67578709500003], [113.38097897900002, 39.61159761500005], [113.5348880570001, 39.435491918000025], [113.37907180900004, 39.30671072200005], [113.10285757400004, 39.30269042900005], [113.20393298500005, 39.09654924800003], [113.27534736200005, 39.05943834100003], [113.28624041500007, 38.96255007100007], [113.23601834500005, 38.89569642500004], [113.02460786900008, 38.85801566200007], [112.91845356400006, 38.78786948700008], [113.00846453100007, 38.763784015000056], [113.03881089100003, 38.654467743000055], [113.11603397400006, 38.56295347900004], [113.27850535200002, 38.47818107900008], [113.38587180400009, 38.51794517900004], [113.52252414500003, 38.52037849200008], [113.51611421900009, 38.25841587600007], [113.57142917400006, 38.21047489600005], [113.66124740100008, 38.22006134600008], [113.7191524320001, 38.18259716700004], [113.70639063700003, 38.151081085000044], [113.79661915000008, 38.14201499200004], [113.78844802000003, 38.094965159000026], [113.61244563200012, 38.085737702000074], [113.6548841340001, 38.01648707500004], [113.64015424900003, 37.946786848000045], [113.71840256900009, 37.859030939000036], [113.3889915100001, 37.763872426000034], [113.42932233800002, 37.710842426000056], [113.31607658400003, 37.592794930000025], [113.34419773600007, 37.43958525200003], [113.45967948100008, 37.418102600000054], [113.48812935300009, 37.47215110900004], [113.52363460000004, 37.47429154200006], [113.62475887800008, 37.403335671000036], [113.70972875900009, 37.41741882300005], [113.76621222900008, 37.334028164000074], [113.8552980280001, 37.34611692900006], [113.88832745400009, 37.316236952000054], [113.74803679700005, 37.13908864200005], [113.72478936200002, 37.03452383800004], [113.75307092300011, 36.868765249000035], [113.69969085000002, 36.84434996700003], [113.6657097640001, 36.883952280000074], [113.5667891600001, 36.762456771000075], [113.44217395600003, 36.71646655700005], [113.48642694000011, 36.67583054900007], [113.4403926440001, 36.66086876000003], [113.45043431700003, 36.619166653000036], [113.55073736500003, 36.55616552600003], [113.56762251100008, 36.44911705700008], [113.3364865100001, 36.40105293600004], [113.2140000710001, 36.46785939100005], [113.0609210670001, 36.459584190000044], [113.02828175400009, 36.44428671400004], [113.11735655700011, 36.344690857000046], [113.12677951600006, 36.26212661500006], [113.17660628400006, 36.25908558000003], [113.25174641700005, 36.18904359900006], [113.24952951800003, 36.156093172000055], [113.30045332100008, 36.153329480000025], [113.36080671600007, 36.03613311200007], [113.6050508720001, 35.93114882700007], [113.62298520000002, 35.825540457000045], [113.74381755600007, 35.79207513000006], [113.776700118, 35.677773512000044], [113.97526152600005, 35.717834964000076], [114.05098183200005, 35.798179696000034], [114.28105933800009, 35.780721217000064], [114.243825205, 35.74451196800004], [114.28253879100009, 35.64935319600005], [114.25408721500003, 35.47565166500004], [114.31960129700008, 35.46400798700006], [114.72374428100011, 35.70006760100006], [114.73468847600009, 35.66450723100007], [114.90808519000007, 35.62334130100004], [114.96116774900008, 35.34744380600006], [115.14080455400006, 35.42558848400006], [115.190745633, 35.410965], [115.246663, 35.296053166000036], [115.23242285600008, 35.06759371600003], [115.42290579100006, 35.09773862800006], [115.5235943780001, 35.13579353200004], [115.61318037100011, 35.21748878600005], [115.76754108700004, 35.24409967400004], [115.758615254, 35.173532813000065], [115.80332680300012, 35.15171186800006], [115.95312375100002, 35.10222037600005], [116.14349667600004, 35.09229759700003], [116.08975658300005, 35.01707327400004], [116.14235392700004, 34.93134289100004], [116.13645957300002, 34.89407910400007], [116.00876773300001, 34.921422892000066], [115.96889779700007, 34.80817091700004], [115.86474440500001, 34.822059886000034], [115.81379300100002, 34.73418120700006], [115.81217032200004, 34.636100001000045], [115.71351453200009, 34.52328193300008], [115.79378483000005, 34.37277342900006], [115.67857360300002, 34.34403914500007], [115.67162392700004, 34.311394750000034], [115.76942261500005, 34.044896710000046], [115.57027262300005, 34.083686800000066], [115.45785241400006, 33.97339825600005], [115.2804363460001, 33.996406781000076], [115.07635370800006, 33.94901252100004], [115.06212890800009, 34.00294050100007], [115.11650711400011, 34.06386636800005], [115.088514282, 34.21717611300005], [114.96049967200008, 34.268745857000056], [114.62873088600008, 34.24890772700007], [114.47122999900012, 34.33085151700004], [114.4044956780001, 34.321839425000064], [114.37451862500006, 34.26798233300008], [114.26561348700011, 34.28628026500007], [114.15439915200011, 34.226656828000046], [113.9786933790001, 34.26533727800006], [113.84607534100007, 34.35164252900006], [113.83572987800005, 34.528080826000064], [113.76508179500001, 34.61560895100007], [113.69361616200001, 34.65013199600003], [113.511035934, 34.612641060000044], [113.46808258800002, 34.65895821700008], [113.38643447200002, 34.596504666000044], [113.22838757800002, 34.60626800600005], [113.15858388000004, 34.515292686000066], [113.2668788840001, 34.46456617200005], [113.27596170100003, 34.362519631000055], [113.08548540400011, 34.26922988500007], [113.02513563000002, 34.282484572000044], [113.05792668100003, 34.174747936000074], [112.97722570600001, 34.01478866300005], [112.76109755800007, 34.004917325000065], [112.69187400300007, 33.967149590000076], [113.04096745600009, 33.781004590000066], [113.14125294400003, 33.581773680000026], [113.0164579420001, 33.56735667700008], [112.89871136400006, 33.62244147800004], [112.7654242100001, 33.59033255600008], [112.80814717500004, 33.52223367100004], [112.79996929000004, 33.47841703900008], [112.67026882000005, 33.355217003000064], [112.6139260330001, 33.181653898000036], [112.75680879700008, 33.11763641500005], [112.98899178200008, 33.16558978900002], [113.04294723800001, 33.131558330000075], [113.13526552500002, 33.13650271500006], [113.15292773100009, 33.11355002800008], [113.08327522700006, 33.007479104000026], [113.16235192400006, 32.91641509900006], [113.13910002600005, 32.863053851000075], [113.21787194, 32.71255925400004], [113.15610776400001, 32.637929401000065], [113.20304553400001, 32.602774844000066], [113.3175840450001, 32.58362095700005], [113.38108646400008, 32.62096428600006], [113.49065501200005, 32.58068745500003], [113.63136993300009, 32.72256658500004], [113.73558884300007, 32.67135873600006], [113.77476889400009, 32.61401058600006], [113.83822849700005, 32.64618827700008], [113.96130272800008, 32.553545335000024], [114.06874980200007, 32.52920187400008], [114.10914003300002, 32.438726845000076], [114.19212470600007, 32.45422784200008], [114.20391375100007, 32.51115056400005], [114.2392872260001, 32.49582938900005], [114.31771358300011, 32.302014298000074], [114.38217625700008, 32.26782968500004], [114.62636820000012, 32.290508801000044], [114.6683459300001, 32.207262326000034], [114.82372631300007, 32.15193234700007], [115.05774738100001, 32.30013802800005], [115.0909336310001, 32.390001021000046], [115.09915456800002, 32.34415388900004], [115.16360673600002, 32.31409608200005], [115.32052855800009, 32.34820257700005], [115.35784319200002, 32.241864204000024], [115.4939853620001, 32.28807653800004], [115.56686206000006, 32.39011457300006], [115.64945369800012, 32.38779791500008], [115.6550614900001, 32.46945842200006], [115.74432792200002, 32.478883121000024], [115.81871782600001, 32.434343288000036], [115.87842587700004, 32.57253255300003], [115.94592402500007, 32.60242026700007], [116.07431582900006, 32.52185097000006], [116.12379016500006, 32.44195868200006], [116.23996058700004, 32.44053915000006], [116.27791126800003, 32.502301155000055], [116.39474171600011, 32.436965533000034], [116.48070185400002, 32.46765963200005], [116.46146952400011, 32.38746232700004], [116.51977165400001, 32.27873032000008], [116.49666218300001, 32.18449835900003], [116.56475186000011, 32.034998846000065], [116.67537026600007, 31.99447101900006], [116.6983525390001, 31.912332524000078], [116.94273793800005, 31.993738276000045], [117.05885590100002, 31.99110990500003], [117.18134742600012, 31.926270088000024], [117.33571049600005, 31.965837890000046], [117.36638308800002, 31.98295707300008], [117.3147299210001, 32.028641986000025], [117.35181989600005, 32.22635590800007], [117.41975794500001, 32.27023709900004], [117.43105722300004, 32.23624252700006], [117.51163019, 32.20958759800004], [117.70746045700002, 32.24610512500004], [117.87143657900003, 32.24374810300003], [117.89663726600008, 32.217311582000036], [117.97481424400007, 32.25096750800003], [118.21324069900004, 32.226664440000036], [118.34309366700006, 32.19318257300006], [118.42376488900004, 32.07746996900005], [118.45823056000006, 32.186267102000045], [118.57788186800008, 32.17361878400004], [118.65532324000003, 32.24722482300007], [118.78349971900002, 32.24715651200006], [118.91537868500006, 32.18057893900004], [119.1450908590001, 32.24096486700006], [119.27927993700007, 32.20514073100003], [119.44300370500002, 32.257898469000054], [119.587101888, 32.250374056000055], [119.63510506400007, 32.20535873500006], [119.743837256, 32.30306240500005], [119.83336155300003, 32.266759824000076], [119.859376569, 32.38545659500005], [120.22288439700003, 32.335703860000024], [120.26984383100012, 32.37960766500004], [120.37139466100007, 32.36008915700006], [120.48686016500005, 32.480892535000066], [120.66992356300011, 32.472882510000034], [120.77057958900002, 32.50159260600003], [120.85662008600002, 32.62978829600007], [120.86911724700008, 32.595696857000064], [121.27373605700006, 32.43942118000007], [121.35556970100004, 32.37489400900006], [121.36761191200003, 32.250472097000056], [121.3359619900001, 32.19439588200004], [121.40066356500006, 32.17670048600007], [121.434746, 32.11098555600006], [121.53326566600003, 32.10007897700007], [121.7492053310001, 31.984557410000036], [121.81289474400012, 31.921321240000054], [121.88056764800001, 31.729607817000044], [121.8589179810001, 31.66811107500007], [121.78230677300007, 31.67544138100004], [121.3352375710001, 31.866051259000074], [121.17961868300006, 31.832364836000067], [121.0826989200001, 31.85255721300007], [120.97306364700012, 31.816930651000064], [120.92271317400002, 31.851301054000032], [120.96340186700002, 31.861321933000056], [120.78292905100011, 32.002236527000036], [120.60230871800002, 32.066677457000026], [120.44897233400002, 32.06871813400005], [120.30130175400006, 31.95319698800006], [120.42720737000002, 31.952712400000053], [120.44035151000003, 32.00690356000007], [120.74427895400004, 31.97384352100005], [120.7996182920001, 31.86477122100007], [120.760731673, 31.81645010300008], [120.85998173000007, 31.753392267000038], [121.00981383700002, 31.736563672000045], [121.15583785000001, 31.66543561800006], [121.25516894600003, 31.572937328000023], [121.28930878500012, 31.488551951000034], [121.11828441400007, 31.42839623800006], [121.1072773840001, 31.37859406900003], [121.02461353000001, 31.423635321000063], [120.97350099500011, 31.523408821000032], [120.7956374470001, 31.514915121000058], [120.8170291020001, 31.486802433000037], [120.79915829000004, 31.37939440400004], [120.86405994200004, 31.305120806000048], [120.8665213700001, 31.213640190000035], [120.63304434400004, 31.212097251000046], [120.55333822000011, 31.107404779000035], [120.54128161800008, 31.04333065900005], [120.31327078900006, 30.933572798000057], [120.32893365600012, 30.903457495000055], [120.15134483600002, 30.92532192300007], [119.98705551900002, 31.009624319000068], [119.88096928900006, 31.167436898000062], [119.64471614800004, 31.178696934000072], [119.55355705200009, 30.95821331800005], [119.53134866100004, 30.80476421900005], [119.44546342000001, 30.754002962000072], [119.42053524900007, 30.64438234000005], [119.3536079920001, 30.684893035000073], [119.31683313600001, 30.67773636700008], [119.31291143600004, 30.628095202000054], [119.13101714200002, 30.601116742000045], [119.04885692000005, 30.78327051200006], [118.98461610400011, 30.736681843000042], [118.8814208010001, 30.739704859000028], [118.81259364400012, 30.703139907000036], [118.78472402900002, 30.60473391900007], [118.69370006200006, 30.557530263000046], [118.652989638, 30.577662618000033], [118.60804340000004, 30.539406077000024], [118.58350923100011, 30.444366596000066], [118.5056917920001, 30.404231309000068], [118.39339788200004, 30.43214027700003], [118.25991362700006, 30.38907851400006], [118.19382411600009, 30.465694237000037], [118.098228833, 30.451259090000065], [118.10395818200004, 30.52291087800006], [118.03201851500012, 30.502347693000047], [117.95887167700005, 30.52204836900006], [117.93011472300009, 30.451304339000046], [117.9469348670001, 30.38710035400004], [117.75945930300009, 30.33898667400007], [117.78504302400006, 30.427588755000045], [117.68098702700001, 30.54795097500005], [117.80933118000007, 30.658127234000062], [117.7025721660001, 30.785876237000025], [117.70424702100001, 30.835789048000038], [117.63491814100007, 30.772294317000046], [117.32163737000008, 30.695152303000043], [117.20295837800006, 30.625815869000064], [117.19978183600006, 30.69531154300006], [117.11918113700006, 30.729773996000063], [117.02320713900008, 30.676172293000036], [116.93405634800001, 30.770195485000045], [116.753980898, 30.81459251800004], [116.69331998300004, 30.695526852000057], [116.6169725310001, 30.631965964000074], [116.64538343900006, 30.49247239600004], [116.62466684600008, 30.466182038000056], [116.47867359600002, 30.463566590000028], [116.48067723400004, 30.391874160000043], [116.42813563300001, 30.323814522000077], [116.48110231900012, 30.237150046000068], [116.45587259600006, 30.141389341000036], [116.17894399800002, 30.38628186300008], [116.04401668100002, 30.36719426600007], [115.99901171300007, 30.419874719000063], [115.8926066350001, 30.435199822000072], [115.86159385200006, 30.313630643000067], [115.89208858100005, 30.300582612000028], [115.75803601500002, 30.197647672000073], [115.78993377000006, 30.074295169000038], [115.76814348300002, 30.02114666400007], [115.8007952590001, 29.95865328800005], [115.72595658700004, 29.804539678000026], [115.43583019700009, 29.816543565000075], [115.41565339500005, 29.728212357000075], [115.27877780400001, 29.627482817000043], [115.09417198900007, 29.67533446300007], [115.13558677900005, 29.561566861000074], [115.12389595800005, 29.514774137000074], [114.95960049700011, 29.568805927000028], [114.92738416700001, 29.504901335000056], [114.87374740900009, 29.51746001400005], [114.85608045600009, 29.473519638000027], [114.90825191700003, 29.452106979000064], [114.8466660040001, 29.40434053000007], [114.7364927970001, 29.38579823400005], [114.6011855160001, 29.410742766000055], [114.42032894800002, 29.31663697600004], [114.27155642000002, 29.34250462800003], [114.22953840700006, 29.332149361000063], [114.20757521500002, 29.247238073000062], [114.13223819200005, 29.20572298700006], [114.03458085900002, 29.204881401000023], [114.00220297100009, 29.14158753600003], [113.93832650500008, 29.125480519000064], [113.9228607770001, 28.978786890000038], [114.08653853300007, 28.836967809000043], [114.12719388500011, 28.84563412500006], [114.1367145690001, 28.76230503900007], [114.20111756500012, 28.829325367000024], [114.33461516900002, 28.708542676000036], [114.46103830600009, 28.69618624800006], [114.50863841700004, 28.751124580000067], [114.57531583500008, 28.759728653000025], [114.72960337000006, 28.621484426000052], [114.69467774000009, 28.57525305000007], [114.49858660000007, 28.507289693000075], [114.39022480200003, 28.411902097000052], [114.56188887600001, 28.294370898000068], [114.590583691, 28.232941260000075], [114.58902557200008, 28.200170898000067], [114.52407474400002, 28.18329095000007], [114.48712754200005, 28.00863190900003], [114.55453166400002, 28.02646129900006], [114.57985695700006, 27.94080770200003], [114.47654542400005, 27.84701070400007], [114.48555721200012, 27.812089653000044], [114.57191523900008, 27.785966356000074], [114.52124902900005, 27.57498451400005], [114.60153031400012, 27.51508097900006], [114.6934102570001, 27.572307507000062], [114.74736119400006, 27.570967627000073], [114.7176283230001, 27.503577672000063], [114.78266492500006, 27.35873027200006], [114.72961859100008, 27.243806697000025], [114.62719293200007, 27.198157150000043], [114.6063590870001, 27.105562242000076], [114.43312184500007, 27.069088385000043], [114.45641614200008, 27.001924364000047], [114.41854098600004, 26.913284153000063], [114.453371403, 26.84750351300005], [114.32576849400004, 26.80108937500006], [114.29602653200004, 26.693346373000054], [114.51934329700009, 26.69058521100004], [114.54980635200002, 26.59907495300007], [114.52403753800002, 26.51340330100004], [114.6214842820001, 26.471261180000056], [114.67720040100005, 26.392867944000045], [114.75563511300004, 26.391374883000026], [114.76121679200003, 26.357508960000075], [114.64972750200002, 26.205879501000027], [114.52316604700002, 26.230924061000053], [114.47852219300012, 26.171349717000055], [114.41441202700003, 26.161264593000055], [114.37924352200002, 26.108949663000033], [114.21806814400009, 26.02845761100008], [114.01159098100004, 25.98886133900004], [113.99117795100005, 26.04164262200004], [114.21240171000011, 26.147451138000065], [114.21499922900011, 26.218323431000044], [113.93988845800004, 26.17718498000005], [113.837880175, 26.102697308000074], [113.76378504600007, 26.109628263000047], [113.71900645900007, 26.058604752000065], [113.66298727900005, 26.050580797000066], [113.65439819200003, 25.96874125000005], [113.57349817400006, 25.891814987000032], [113.62128693500006, 25.831219275000024], [113.60574860800011, 25.748249314000077], [113.508965912, 25.68903676800005], [113.51175307300002, 25.621936781000045], [113.44628094500001, 25.577919808000047], [113.40591099400001, 25.574009514000068], [113.22502389800002, 25.725894453000024], [113.24160225700007, 25.80261166300005], [113.21762040800002, 25.903213837000067], [113.15579661600009, 25.947151175000045], [113.18215189000011, 26.00886986200004], [113.161913346, 26.063511909000056], [113.08416263800007, 26.01049217600007], [113.042810884, 26.060858015000065], [112.91542276000007, 26.03388220900007], [112.85243591100004, 25.98773987000004], [112.79363819200012, 26.05794917000003], [112.73265047100006, 26.06341844700006], [112.65149549900002, 26.174796874000037], [112.51960895400009, 26.15191362300004], [112.33048386700011, 26.190260742000078], [112.19472397700008, 26.11410953400008], [112.10985733000007, 26.354092783000056], [112.13413993300003, 26.44469041800005], [112.10353357500003, 26.464969436000047], [112.16590723500008, 26.489915216000043], [112.1906874020001, 26.54770527900007], [112.13638620300003, 26.56043069800006], [112.09775827100009, 26.646163192000074], [111.98242917900006, 26.65357029300003], [111.98847450000005, 26.593043391000037], [111.95727091500004, 26.59039490400005], [111.86941534800008, 26.817695525000033], [111.77658684700003, 26.815029770000024], [111.72974256800006, 26.777318772000058], [111.72108943300009, 26.85504480700007], [111.63461014900008, 26.84928078400003], [111.55148838900004, 26.792482155000073], [111.51996308600008, 26.849363453000024], [111.35077319800007, 26.885352013000045], [111.30213330900006, 26.842139445000043], [111.30718532700007, 26.77222908400006], [111.27190835800008, 26.706191060000037], [111.16130028800006, 26.789874112000064], [111.06311373500006, 26.81606609800008], [111.04927816800006, 26.881323610000038], [110.98461099600007, 26.926048753000032], [110.96432273400006, 27.030407319000062], [110.86403382700007, 27.04078019600007], [110.83947441400005, 27.109727461000034], [110.74526331700008, 27.154233824000073], [110.80446358100005, 27.200035313000058], [110.75502981800008, 27.25781210100007], [110.75542069400007, 27.380060901000036], [110.69439233000008, 27.34713418800004], [110.63186978900006, 27.385375728000042], [110.58472637000006, 27.280563459000064], [110.54976652500005, 27.27655521400004], [110.46719166100007, 27.36298578700007], [110.40955921500006, 27.320652911000025], [110.38690942200009, 27.338745462000077], [110.46216342500009, 27.543386741000063], [110.49240942900008, 27.751129517000038], [110.46137837700007, 27.808971443000075], [110.37033377800009, 27.762193898000078], [110.30823203600005, 27.81108477500004], [110.23372548800006, 27.816199383000026], [110.30244416800008, 27.92996810900007], [110.36557903500005, 27.886976321000077], [110.44337804400004, 27.908498570000063], [110.46421481100003, 28.06945415100006], [110.33435687200006, 28.084572671000046], [110.30740329300005, 28.182484074000058], [110.23007694100005, 28.20222804900004], [110.17690767600004, 28.27597312100005], [110.16680420900008, 28.37058425200007], [110.07890302200008, 28.441679883000063], [110.13413499200004, 28.482622824000032], [110.13224806000005, 28.55981416900005], [110.20486559000005, 28.56637633400004], [110.18930964600008, 28.626540099000067], [110.23405741500005, 28.65105638500006], [110.25627288000004, 28.728592871000046], [110.32064351300005, 28.765221604000033], [110.36237335900006, 28.857914883000035], [110.35221282800006, 28.917085368000073]], [[110.44297548200007, 36.28575254000003], [110.43006441200004, 36.42457266100007], [110.45948569300003, 36.46711688500005], [110.41627786300006, 36.59521895900008], [110.37984160400003, 36.62661749100005], [110.27035016200006, 36.59813824200006], [110.20890540800008, 36.69702006800003], [110.03840309600008, 36.74568836200007], [109.93153098400006, 36.75308816200004], [109.74597009100006, 36.647821226000076], [109.67920075900008, 36.54270534300008], [109.72839170300006, 36.478751094000074], [110.07124596500006, 36.40805051900003], [110.07730955000005, 36.36573032500007], [110.13711358200004, 36.37096261900007], [110.35368889500006, 36.260756823000065], [110.44297548200007, 36.28575254000003]], [[108.87911979300009, 36.63454324500003], [109.16322529200005, 36.498177300000066], [109.25801395900004, 36.512281597000026], [109.32683324200008, 36.59557547900005], [109.26739349300004, 36.67102887300007], [109.44752691600007, 36.691439022000054], [109.36718610800006, 37.01290929000004], [109.41055539200005, 36.99410274400003], [109.47836694400007, 37.03383215000008], [109.59168764100008, 36.99002843300008], [109.67186151500005, 37.036241122000035], [109.92720052900006, 37.01203535800005], [110.01087261200007, 37.067570173000036], [110.00652784300007, 37.124950666000075], [109.96805858800008, 37.10992335000003], [109.94378979900006, 37.198053206000054], [110.02437140600006, 37.20464816900005], [110.01368995900003, 37.23562521200006], [109.90320078000008, 37.295304233000024], [109.79010493000004, 37.26790884400003], [109.79722508000003, 37.32911749500005], [109.68518852800008, 37.40054293400004], [109.57086506000007, 37.41833291100005], [109.58525764800004, 37.50778124200008], [109.55585769900006, 37.567085948000056], [109.57335082000009, 37.60241312000005], [109.61193770500006, 37.60152515600004], [109.60478114000006, 37.66948294100007], [109.71243944300005, 37.69214649800006], [109.70328477300006, 37.75145725700003], [109.82392675700004, 37.76318291200005], [109.80132360600004, 37.78939184400008], [109.87207972000004, 37.85488993900003], [109.94373607900008, 37.821085854000046], [110.01521796700007, 37.894368444000065], [110.02623711500007, 37.817108648000044], [110.12336157200008, 37.77878454900008], [110.15935322000007, 37.79475323500003], [110.08829310300007, 37.92312851200006], [110.10241966800004, 38.08487638500003], [110.03590278800004, 38.188415966000036], [110.02930403100004, 38.27426907900008], [110.06032053200005, 38.34264074300006], [110.30143507600008, 38.34384642400005], [110.35145134800007, 38.37414908100004], [110.34763880600008, 38.43097024300005], [110.31636122100008, 38.48272600100006], [110.21602614600005, 38.482781663000026], [110.08958696000008, 38.58792789700004], [109.92234716400009, 38.583559353000055], [109.84481604400008, 38.62810437100006], [109.73894561300006, 38.611426951000055], [109.78891664600008, 38.80038263800003], [109.68381767200009, 38.866119490000074], [109.58344634500008, 38.874025019000044], [109.54341584400004, 38.816838698000026], [109.39367648600006, 38.793228826000075], [109.35582195900008, 38.70816780000007], [109.30574697100008, 38.68492030900006], [109.33097265000004, 38.61432475300006], [109.25852327600006, 38.616581507000035], [109.16091739600006, 38.57089201300005], [109.06560581200006, 38.44823614100005], [108.89807246400005, 38.34967115300003], [108.86425895800005, 38.204399539000065], [109.01079896500005, 38.08804100100008], [109.02001010900005, 38.002276438000024], [108.92785471300004, 37.874339304000046], [109.03281087600004, 37.88250102500007], [109.13773324900006, 37.81866978700003], [109.06573606600006, 37.77241923400004], [109.01608093000004, 37.62541855600006], [109.23200121300005, 37.54886051200003], [109.27898225200005, 37.47507755400005], [109.27944194500009, 37.37201350500004], [109.34679417000007, 37.359150929000066], [109.01184640100007, 37.267809155000066], [108.92101197700003, 37.16596987600008], [108.95971441800003, 37.11901460300004], [108.91996197400005, 36.99562063800005], [109.04961981900004, 36.91810955400007], [108.97853779200005, 36.778383563000034], [108.89413967900003, 36.70067902000005], [108.87911979300009, 36.63454324500003]], [[120.52948446800008, 31.350768353000035], [120.5408347130001, 31.23067551500003], [120.7055960560001, 31.282031763000077], [120.70203715700006, 31.31526081000004], [120.59128758300005, 31.36028407300006], [120.52948446800008, 31.350768353000035]], [[113.19579747500006, 35.289336552000066], [113.23085607032397, 35.29164384147154], [113.19638382900007, 35.28940782600006], [113.1622381630001, 35.35874073900004], [113.13154374700002, 35.40629289700007], [113.19579747500006, 35.289336552000066]], [[113.39710832500009, 35.28958707700008], [113.28408392339887, 35.22542340123454], [113.332773287, 35.23757547800005], [113.37385411700006, 35.266135029000054], [113.3976948620001, 35.289657410000075], [113.4097945960001, 35.35641265300006], [113.3728940082253, 35.361507573640594], [113.40920754900003, 35.35634237900007], [113.39710832500009, 35.28958707700008]]]}}, {"type": "Feature", "properties": {"id": "黄巢", "name": "黄巢", "color": "#9b6b6b", "owner": "黄巢", "units": ["岭南", "忠武", "感化", "桂管", "江西", "浙东", "淄青", "淮南", "福建"], "label_lon": 115.786, "label_lat": 28.973}, "geometry": {"type": "MultiPolygon", "coordinates": [[[[113.55379029100004, 22.09600739800004], [113.56738910600006, 22.12584856600006], [113.60035473200003, 22.118916451000075], [113.58217670700003, 22.099633208000057], [113.55379029100004, 22.09600739800004]]], [[[113.54505227300001, 22.141193178000037], [113.5527614560001, 22.15044579000005], [113.57854800300004, 22.143417788000022], [113.54505227300001, 22.141193178000037]]], [[[113.59278625700006, 22.14804391900003], [113.59438601700003, 22.14626774900006], [113.59275623400003, 22.14660780400004], [113.59278625700006, 22.14804391900003]]], [[[114.12499429600007, 22.160605634000035], [114.11302582300004, 22.230480356000044], [114.14529052500006, 22.20015459800004], [114.12499429600007, 22.160605634000035]]], [[[114.11077179100005, 22.27315106700007], [114.23382569500006, 22.272441034000053], [114.24261340600003, 22.208738134000043], [114.1637076720001, 22.20275177900004], [114.11077179100005, 22.27315106700007]]], [[[113.99505059500007, 22.20865679800005], [113.95255332400006, 22.221214107000037], [113.83150199600004, 22.193754839000064], [113.87131088400008, 22.27021609700006], [114.03935169700003, 22.32285375600003], [113.99505059500007, 22.20865679800005]]], [[[112.18267931800005, 21.73316425200005], [112.21278117800011, 21.842014160000076], [112.18970339100008, 21.800706562000073], [112.03004122100003, 21.779188584000053], [112.00449954100009, 21.822206163000033], [111.92023841300005, 21.840125429000068], [111.95908122300006, 21.77469547100003], [112.01229336800009, 21.762775043000033], [111.92126675900005, 21.71406355000005], [111.93299279800004, 21.654562052000074], [112.00651392400005, 21.642345368000065], [111.99640613500009, 21.61653270200003], [111.80461773600007, 21.55803723300005], [111.85682761800007, 21.61854487900007], [111.83778746800004, 21.642912500000023], [111.89686443500005, 21.63745944300007], [111.90506479100009, 21.66794021100003], [111.83261385100008, 21.68934195500003], [111.83470889000006, 21.769956464000074], [111.67630540800008, 21.760852809000028], [111.76007321700007, 21.706982641000025], [111.76701434300008, 21.645701546000055], [111.72905438200007, 21.634129229000052], [111.76755603900006, 21.612314596000033], [111.67032887500005, 21.589407006000044], [111.64039916200005, 21.51741254600006], [111.57814789100007, 21.57933826900006], [111.59691206500008, 21.52625960000006], [111.44569607100004, 21.51300759800006], [111.47896612500006, 21.54792487000003], [111.41590420500006, 21.58370030800006], [111.39221891200003, 21.64904060400005], [111.40155114200007, 21.68738604300006], [111.36014071100004, 21.751964287000078], [111.38060974900009, 21.847319687000038], [111.28858678700004, 21.889280477000057], [111.24480969400008, 21.994749429000024], [111.34846422000004, 22.264333484000076], [111.32860616900007, 22.293822098000078], [111.26707198900004, 22.306257428000038], [111.07748038400007, 22.243210859000044], [111.03201295500008, 22.281560338000077], [110.91191393000008, 22.200045144000057], [110.75498016100005, 22.207223979000048], [110.76798317900005, 22.297951870000077], [110.70823336300003, 22.355138883000052], [110.72441630800006, 22.425133794000033], [110.68093641400009, 22.482300474000056], [110.74542439900006, 22.49238045800007], [110.73180894400008, 22.550497138000026], [110.77025342800005, 22.600477667000064], [110.87842772600004, 22.61494692800005], [110.84200129300007, 22.694209831000023], [110.75836153300008, 22.750198441000066], [110.78042521800006, 22.83989516300005], [110.72130133900004, 22.894700064000062], [110.71519228000005, 23.077171356000065], [110.67984501000007, 23.068112675000066], [110.62777003600007, 23.122898242000076], [110.55985305500008, 23.097162651000076], [110.54635626100008, 23.13011358500006], [110.31963837200004, 23.049438637000037], [110.25109938100007, 22.95419105600007], [110.26826342100009, 22.885883980000074], [110.10450917300005, 22.90834872000005], [109.88199605500006, 23.049795881000023], [109.83794707400006, 23.00632215400003], [109.82518477800005, 22.906659140000045], [109.73947393200007, 22.830994357000066], [109.73342939500009, 22.73820044200005], [109.65099667300007, 22.67520093400003], [109.59223407800005, 22.707093522000037], [109.43204962600004, 22.944361033000064], [109.33703775500004, 22.987584928000047], [109.31353462300007, 23.101419648000046], [109.22467453200005, 23.140669092000053], [109.22027159400005, 23.31171543800008], [109.13235267000005, 23.311141631000055], [109.09374245600009, 23.367300476000025], [108.91188219300005, 23.401946458000054], [108.85950888500008, 23.442669162000072], [108.79562551400005, 23.409668741000075], [108.65723846500003, 23.225595987000077], [108.58702026700007, 23.244269575000033], [108.57534465000003, 23.326026299000034], [108.40873663700006, 23.54391528800005], [108.37329967600004, 23.672924301000023], [108.50953314500003, 23.675327066000023], [108.41647249000005, 23.827773884000067], [108.43550312900004, 24.029331828000068], [108.31163377200005, 23.957316696000078], [108.20768779100007, 23.846861165000064], [108.10562069600007, 23.83810242900006], [107.99110504700008, 23.709643958000072], [107.91777964900007, 23.70788807300005], [107.91471274400004, 23.87434791000004], [107.83403461400007, 23.981277157000022], [107.84844393000009, 24.032188951000023], [107.79246148300007, 24.08168293800003], [107.82270197200006, 24.125673997000035], [107.78284757600005, 24.153784244000065], [107.90287053600008, 24.380177229000026], [107.87254440500004, 24.45037142700005], [107.86639273400004, 24.42257190600003], [107.79090722200004, 24.42838039800006], [107.73345648100008, 24.36248392500005], [107.69945963000004, 24.364361728000063], [107.65714894900009, 24.428749320000065], [107.66139933100004, 24.49581154300006], [107.55379886100008, 24.64617013700007], [107.56474677300008, 24.80874029100005], [107.58849071300006, 24.82862824500006], [107.66171419600005, 24.773202361000074], [107.70176397200004, 24.782399275000046], [107.68375020000008, 24.90406404500004], [107.74868976400006, 24.94261241600003], [107.86851068100009, 24.93934616000007], [107.89916393500005, 24.995048885000074], [107.83944032200009, 25.135940659000028], [107.76351291500004, 25.126729999000077], [107.76257414300005, 25.237488330000076], [107.68181000600003, 25.192838437000034], [107.63709268800005, 25.299560976000066], [107.60834890700005, 25.573958145000063], [107.65888305200008, 25.631731624000054], [107.78627069100008, 25.643677525000044], [107.82658901600007, 25.80047117400005], [107.80249017700004, 25.83605384400005], [107.69397365500004, 25.84960958100004], [107.67703529600004, 25.890833453000027], [107.72801331500006, 25.944026604000044], [107.66486108100008, 26.02041134800004], [107.74987379700008, 26.08609169300007], [107.72368716000005, 26.18116953200007], [107.80137409200006, 26.130493026000067], [107.86079135700004, 26.14612012400005], [107.94628009800005, 26.08348214800003], [108.12656077800006, 26.11144332500004], [108.12291038300003, 26.216498100000024], [108.08105306500005, 26.25690426500006], [108.02151571200005, 26.253090400000076], [107.92096457700006, 26.413646650000032], [107.96516872200004, 26.493357928000023], [108.08108116300008, 26.500446271000044], [108.18884712400006, 26.581253305000075], [108.09485863000003, 26.694004170000028], [108.17651433100008, 26.86731285700006], [108.29016335400007, 26.873570960000052], [108.46503480400008, 26.807141629000057], [108.52783018600007, 26.86062967500004], [108.53196947600009, 26.97504916400004], [108.58802943100005, 27.055491697000036], [108.66273151100006, 27.08709697000006], [108.73234694600006, 27.023976095000023], [108.76769784100009, 27.039239190000046], [108.76752850300005, 27.071472610000058], [108.83119776000007, 27.099895272000026], [108.98808775300006, 27.286667459000057], [109.09064828600003, 27.334870226000078], [109.18093902000004, 27.44184113500006], [109.23712280100006, 27.430135483000072], [109.42984061600004, 27.57605361000003], [109.49791032600007, 27.525048250000054], [109.57998975100008, 27.595261893000043], [109.70785043200004, 27.611943108000048], [109.76295272500005, 27.669351320000033], [109.84307874600006, 27.686983310000073], [109.82752743600008, 27.73995949400006], [109.88994163600006, 27.817424997000046], [109.94219598200004, 27.74416559100007], [110.25744752700007, 27.690456211000026], [110.36451706200006, 27.57087126700003], [110.45490079700005, 27.586316657000054], [110.43379316700003, 27.444910616000072], [110.38379868600003, 27.370025734000023], [110.40955921500006, 27.320652911000025], [110.46719166100007, 27.36298578700007], [110.49652246000005, 27.306381198000054], [110.58472637000006, 27.280563459000064], [110.63186978900006, 27.385375728000042], [110.69439233000008, 27.34713418800004], [110.75542069400007, 27.380060901000036], [110.75502981800008, 27.25781210100007], [110.80446358100005, 27.200035313000058], [110.74526331700008, 27.154233824000073], [110.83947441400005, 27.109727461000034], [110.86403382700007, 27.04078019600007], [110.96432273400006, 27.030407319000062], [110.98461099600007, 26.926048753000032], [111.04927816800006, 26.881323610000038], [111.06311373500006, 26.81606609800008], [111.16130028800006, 26.789874112000064], [111.22840852800005, 26.726159464000034], [111.27190835800008, 26.706191060000037], [111.29788547300006, 26.735436191000076], [111.30213330900006, 26.842139445000043], [111.35077319800007, 26.885352013000045], [111.51996308600008, 26.849363453000024], [111.55148838900004, 26.792482155000073], [111.63461014900008, 26.84928078400003], [111.72108943300009, 26.85504480700007], [111.72974256800006, 26.777318772000058], [111.77658684700003, 26.815029770000024], [111.86941534800008, 26.817695525000033], [111.95727091500004, 26.59039490400005], [111.98847450000005, 26.593043391000037], [111.98242917900006, 26.65357029300003], [112.09775827100009, 26.646163192000074], [112.13638620300003, 26.56043069800006], [112.1906874020001, 26.54770527900007], [112.16590723500008, 26.489915216000043], [112.10353357500003, 26.464969436000047], [112.13413993300003, 26.44469041800005], [112.10985733000007, 26.354092783000056], [112.19472397700008, 26.11410953400008], [112.33048386700011, 26.190260742000078], [112.51960895400009, 26.15191362300004], [112.65149549900002, 26.174796874000037], [112.73265047100006, 26.06341844700006], [112.79363819200012, 26.05794917000003], [112.85243591100004, 25.98773987000004], [112.88008127800003, 26.00321173800006], [112.89935130800006, 25.935583973000064], [112.79745995400003, 25.838506719000065], [112.75310393400002, 25.73633288600007], [112.80055375300003, 25.69632278100005], [112.79034156900002, 25.66986854700008], [112.72109010200006, 25.66731335700007], [112.76501538900004, 25.577974582000024], [112.73492276600007, 25.49210996000005], [112.77662078900005, 25.435019917000034], [113.01980620800009, 25.53571869600006], [113.1070625970001, 25.62699611000005], [113.14225174800004, 25.61487530100004], [113.22502389800002, 25.725894453000024], [113.31151773900001, 25.647803211000053], [113.2547125970001, 25.612560467000037], [113.2544760180001, 25.499199066000074], [113.28704342800006, 25.502007631000026], [113.34638469600009, 25.412500540000053], [113.42175742400002, 25.36846597600004], [113.58935934200008, 25.321209536000026], [113.70736789800003, 25.34611005800008], [113.81712366400006, 25.328795798000044], [113.92525364700009, 25.44374110800004], [114.01843201500003, 25.404195032000075], [114.01609993900001, 25.277319694000028], [114.12364735100005, 25.31378216400003], [114.26524532400003, 25.30046702900006], [114.39075387800006, 25.33520870500007], [114.4697863350001, 25.399254989000042], [114.55134497000006, 25.399235807000025], [114.70314257100006, 25.29406447100007], [114.6682055230001, 25.19350031400006], [114.70342827800005, 25.132884684000032], [114.82092913000008, 25.06676439200004], [114.85521003100007, 25.000093054000047], [114.93868529300005, 25.021209243000044], [114.98058945500009, 24.794039026000064], [114.82442229100002, 24.692937461000042], [114.7983652040001, 24.586027070000057], [114.8372080260001, 24.552575524000076], [114.89856732700002, 24.649593134000042], [115.0216431230001, 24.688258028000064], [115.15532283100003, 24.675824670000054], [115.17467494300001, 24.710253477000037], [115.31634773300004, 24.74062243700007], [115.36066123400008, 24.778497129000073], [115.46044671800007, 24.738219188000073], [115.52505757300003, 24.667765245000055], [115.54550493300007, 24.635683108000023], [115.48195785900009, 24.541192231000025], [115.4895886270001, 24.50753919700003], [115.57827762600004, 24.468498305000026], [115.54024884000012, 24.348367472000064], [115.58542602600005, 24.26886923400008], [115.5824294460001, 24.229141842000047], [115.52104028600002, 24.216813056000035], [115.58975844300005, 24.189120625000044], [115.65760895900007, 24.102571940000075], [115.69736373400008, 24.102781867000033], [115.76148981800009, 24.013077976000034], [115.84626330900005, 24.000115117000064], [115.92298266600005, 23.900378319000026], [115.99590124300005, 23.89944231000004], [116.00592606000009, 23.84747421800006], [115.89975297800004, 23.764731591000043], [115.76547649200006, 23.53626387500003], [115.64563261600006, 23.552021380000042], [115.59877318500003, 23.499392022000052], [115.65065333900009, 23.466614450000066], [115.6561754490001, 23.369826105000072], [115.76616729500006, 23.38110608100004], [115.79257405200008, 23.347639730000026], [115.7933245700001, 23.26703216100003], [115.73597274200006, 23.25720483500004], [115.757828173, 23.18255298500003], [115.931019375, 23.08230025000006], [115.94801551300009, 22.988628265000045], [116.07693090600003, 22.892603372000053], [116.03364909400011, 22.876419387000055], [116.05647179400012, 22.84654378700003], [115.95046604400011, 22.833649484000034], [115.8013414940001, 22.753507197000033], [115.79470467700003, 22.826890285000047], [115.65392481600009, 22.877394448000075], [115.73184317300002, 22.933587016000047], [115.52601390400002, 22.85869030400005], [115.55396522700005, 22.90262361400005], [115.5110607900001, 22.89175737100004], [115.53231560600011, 22.82972889100006], [115.60277195300011, 22.85957872800003], [115.50688532700008, 22.758847693000064], [115.54718452100008, 22.722687175000033], [115.5515145810001, 22.748368377000077], [115.59277082500012, 22.74820535200007], [115.55274458200006, 22.698374838000063], [115.55352133100007, 22.64006722700003], [115.465279957, 22.697042594000038], [115.3867093, 22.67764670100007], [115.3323839200001, 22.70885456800005], [115.3453470500001, 22.750783624000064], [115.42118978400003, 22.754618314000027], [115.39078979300007, 22.77454152400003], [115.2172878770001, 22.782558575000053], [115.30423649500005, 22.868231923000053], [115.23297346200002, 22.820665292000058], [115.17006822300004, 22.820738283000026], [115.16383542500012, 22.77480076300003], [115.00471054200011, 22.81601954300004], [115.01233218100003, 22.709387169000024], [114.97040546200003, 22.69456100900004], [114.9371252090001, 22.758850230000064], [114.85462032100008, 22.75864890200006], [114.87567978600009, 22.705072311000038], [114.89787878000004, 22.717999422000048], [114.95224670000005, 22.663904828000057], [114.89796932600007, 22.615364741000064], [114.88098079600002, 22.54579055800008], [114.86008790900007, 22.602167791000056], [114.7481581940001, 22.57722816000006], [114.72457832000009, 22.59761215700007], [114.72260665400006, 22.728054808000024], [114.80163272900006, 22.781189333000043], [114.76005320900003, 22.817095839000046], [114.74523932800003, 22.772422883000047], [114.50027805900004, 22.740568384000028], [114.54533847300002, 22.69260202600003], [114.47758735500008, 22.64530725700007], [114.55305199500003, 22.64422769600003], [114.56467849100011, 22.61788378800003], [114.47956921200011, 22.553688348000037], [114.52685056300004, 22.55925792000005], [114.58770132200004, 22.493972605000067], [114.52059552800006, 22.481804424000075], [114.48656835500003, 22.441494584000054], [114.45621112200001, 22.557362279000074], [114.39188713600004, 22.589393107000035], [114.27377057600006, 22.577132474000052], [114.20036475400002, 22.529850182000075], [114.3157816050001, 22.501601717000028], [114.16690591100007, 22.45057907100005], [114.19617108600005, 22.39864895100004], [114.31657324500009, 22.472897096000054], [114.33799689600005, 22.422147262000067], [114.36281502000008, 22.454525971000066], [114.38647841700003, 22.435137826000073], [114.36517452400005, 22.369315542000038], [114.25960956000006, 22.370446154000035], [114.29272322200006, 22.318329660000074], [114.27286697800002, 22.237604219000048], [114.248588186, 22.31439549600003], [114.23467300400011, 22.284357143000022], [114.1496181770001, 22.30777280500007], [114.09455013800005, 22.375413045000073], [113.90730162600005, 22.36235550300006], [113.89517141300007, 22.40531641700005], [114.03076633900002, 22.499727551000035], [113.92875695500004, 22.521669649000046], [113.86968676300012, 22.485701446000064], [113.89563643200006, 22.526463801000034], [113.7758092680001, 22.656994798000028], [113.759003828, 22.73792349000007], [113.61733209600004, 22.786641432000067], [113.51881970900001, 23.050862837000068], [113.465975565, 23.060237979000078], [113.49479908100011, 23.008182418000047], [113.49252613700003, 22.906701260000034], [113.46765046700011, 22.897261412000034], [113.59801634200005, 22.737336079000045], [113.4740374800001, 22.78902508400006], [113.60131687600006, 22.629117458000053], [113.31872025100006, 22.81647915600007], [113.27832076000004, 22.778783298000064], [113.33743627800004, 22.785485777000076], [113.38598751500001, 22.736099112000034], [113.46976848000008, 22.71616307900007], [113.56096147000005, 22.594275711000023], [113.54803133700011, 22.377349406000064], [113.6119152220001, 22.357853202000058], [113.56958791900001, 22.288806398000077], [113.59192447500004, 22.22519863800005], [113.56024099500007, 22.176904786000023], [113.43951891100005, 22.15841263300007], [113.31935054000007, 22.34781263900004], [113.2580160980001, 22.38926235400004], [113.24816072700003, 22.285911102000057], [113.30137775900005, 22.170626066000068], [113.25150668100002, 22.09976832700005], [113.25885411800004, 22.050489605000053], [113.138054968, 22.05091154300004], [113.113975288, 22.095981233000032], [113.13544303900005, 22.20188947400004], [113.18487895300007, 22.258908211000062], [113.18290079600001, 22.36073637800007], [113.15224830500006, 22.244030096000074], [113.08314472900008, 22.216185078000024], [113.07306166700005, 22.419053993000034], [113.03152839200004, 22.43858586300007], [113.06879038800002, 22.226730475000068], [112.99697190600011, 22.09428981600007], [113.02683814400007, 21.935174510000024], [112.95996257400009, 21.870107137000048], [112.8902933600001, 21.844900046000078], [112.84995609000009, 21.943134134000047], [112.76224715800004, 21.937719854000022], [112.73077918100012, 21.881904363000046], [112.64815558400005, 21.840142640000067], [112.647661018, 21.775274765000063], [112.56448254700001, 21.746425722000026], [112.43002931500007, 21.81954004200003], [112.4178929200001, 21.892044892000058], [112.50781977000008, 21.959770784000057], [112.49263827000004, 21.978596174000074], [112.470487552, 21.942906607000054], [112.40212286100007, 21.930326527000034], [112.40254569100011, 22.04793730700004], [112.36056068500011, 21.99316305900004], [112.40158852900004, 21.806182086000035], [112.39029522600003, 21.726676688000055], [112.22945966800012, 21.68972013700005], [112.18267931800005, 21.73316425200005]]], [[[118.41121323900006, 24.508790573000056], [118.485669948, 24.46547233800004], [118.47455417900005, 24.40734510900006], [118.36808977900012, 24.416191369000046], [118.33810233600002, 24.36658738400007], [118.29812064400005, 24.406603347000043], [118.30999263900003, 24.474814310000056], [118.373410121, 24.45448664500003], [118.41121323900006, 24.508790573000056]]], [[[115.568757129, 26.287219121000078], [115.4896888620001, 26.142347573000052], [115.36313854100001, 26.080687563000026], [115.34331023800007, 26.15071035300008], [115.25519241500001, 26.189422233000073], [115.2365536100001, 26.23035016700004], [115.05400685500001, 26.284108219000075], [115.02693915300006, 26.381452052000043], [115.06181077300005, 26.47320180300005], [114.91684465800006, 26.556711579000023], [114.83637262400009, 26.699117516000058], [114.77579714500007, 26.664324262000036], [114.75268108300008, 26.699333697000043], [114.71580171300002, 26.69593803400005], [114.6630586770001, 26.64923310200004], [114.60743496100008, 26.72510828000003], [114.51934329700009, 26.69058521100004], [114.29602653200004, 26.693346373000054], [114.32576849400004, 26.80108937500006], [114.453371403, 26.84750351300005], [114.41854098600004, 26.913284153000063], [114.45641614200008, 27.001924364000047], [114.43312184500007, 27.069088385000043], [114.6063590870001, 27.105562242000076], [114.62719293200007, 27.198157150000043], [114.72961859100008, 27.243806697000025], [114.78266492500006, 27.35873027200006], [114.7176283230001, 27.503577672000063], [114.74736119400006, 27.570967627000073], [114.6934102570001, 27.572307507000062], [114.60153031400012, 27.51508097900006], [114.52124902900005, 27.57498451400005], [114.57191523900008, 27.785966356000074], [114.48555721200012, 27.812089653000044], [114.47654542400005, 27.84701070400007], [114.57985695700006, 27.94080770200003], [114.55453166400002, 28.02646129900006], [114.48712754200005, 28.00863190900003], [114.52407474400002, 28.18329095000007], [114.58902557200008, 28.200170898000067], [114.590583691, 28.232941260000075], [114.56188887600001, 28.294370898000068], [114.39022480200003, 28.411902097000052], [114.49858660000007, 28.507289693000075], [114.69467774000009, 28.57525305000007], [114.72960337000006, 28.621484426000052], [114.57531583500008, 28.759728653000025], [114.50863841700004, 28.751124580000067], [114.46103830600009, 28.69618624800006], [114.33461516900002, 28.708542676000036], [114.20111756500012, 28.829325367000024], [114.1367145690001, 28.76230503900007], [114.12719388500011, 28.84563412500006], [114.08653853300007, 28.836967809000043], [113.9228607770001, 28.978786890000038], [113.93832650500008, 29.125480519000064], [114.00220297100009, 29.14158753600003], [114.03458085900002, 29.204881401000023], [114.13223819200005, 29.20572298700006], [114.20757521500002, 29.247238073000062], [114.22953840700006, 29.332149361000063], [114.27155642000002, 29.34250462800003], [114.42032894800002, 29.31663697600004], [114.6011855160001, 29.410742766000055], [114.7364927970001, 29.38579823400005], [114.8466660040001, 29.40434053000007], [114.90825191700003, 29.452106979000064], [114.85608045600009, 29.473519638000027], [114.87374740900009, 29.51746001400005], [114.92738416700001, 29.504901335000056], [114.95960049700011, 29.568805927000028], [115.12389595800005, 29.514774137000074], [115.13558677900005, 29.561566861000074], [115.09417198900007, 29.67533446300007], [115.27877780400001, 29.627482817000043], [115.41565339500005, 29.728212357000075], [115.43583019700009, 29.816543565000075], [115.72595658700004, 29.804539678000026], [115.8007952590001, 29.95865328800005], [115.76814348300002, 30.02114666400007], [115.78993377000006, 30.074295169000038], [115.75803601500002, 30.197647672000073], [115.89208858100005, 30.300582612000028], [115.86159385200006, 30.313630643000067], [115.8926066350001, 30.435199822000072], [115.99901171300007, 30.419874719000063], [116.04401668100002, 30.36719426600007], [116.17894399800002, 30.38628186300008], [116.45587259600006, 30.141389341000036], [116.48110231900012, 30.237150046000068], [116.42813563300001, 30.323814522000077], [116.48067723400004, 30.391874160000043], [116.47867359600002, 30.463566590000028], [116.62466684600008, 30.466182038000056], [116.64538343900006, 30.49247239600004], [116.6169725310001, 30.631965964000074], [116.69331998300004, 30.695526852000057], [116.753980898, 30.81459251800004], [116.93405634800001, 30.770195485000045], [117.02320713900008, 30.676172293000036], [117.11918113700006, 30.729773996000063], [117.19978183600006, 30.69531154300006], [117.20295837800006, 30.625815869000064], [117.32163737000008, 30.695152303000043], [117.63491814100007, 30.772294317000046], [117.70424702100001, 30.835789048000038], [117.7025721660001, 30.785876237000025], [117.80933118000007, 30.658127234000062], [117.68098702700001, 30.54795097500005], [117.78504302400006, 30.427588755000045], [117.75945930300009, 30.33898667400007], [117.9469348670001, 30.38710035400004], [117.93011472300009, 30.451304339000046], [117.95887167700005, 30.52204836900006], [118.03201851500012, 30.502347693000047], [118.10395818200004, 30.52291087800006], [118.098228833, 30.451259090000065], [118.19382411600009, 30.465694237000037], [118.25991362700006, 30.38907851400006], [118.39339788200004, 30.43214027700003], [118.5056917920001, 30.404231309000068], [118.58350923100011, 30.444366596000066], [118.60804340000004, 30.539406077000024], [118.652989638, 30.577662618000033], [118.69370006200006, 30.557530263000046], [118.78472402900002, 30.60473391900007], [118.8390493060001, 30.72627549200007], [118.98461610400011, 30.736681843000042], [119.04885692000005, 30.78327051200006], [119.13101714200002, 30.601116742000045], [119.31291143600004, 30.628095202000054], [119.31683313600001, 30.67773636700008], [119.3536079920001, 30.684893035000073], [119.42053524900007, 30.64438234000005], [119.44546342000001, 30.754002962000072], [119.53134866100004, 30.80476421900005], [119.55355705200009, 30.95821331800005], [119.64471614800004, 31.178696934000072], [119.88096928900006, 31.167436898000062], [119.98705551900002, 31.009624319000068], [120.15134483600002, 30.92532192300007], [120.32893365600012, 30.903457495000055], [120.31327078900006, 30.933572798000057], [120.54128161800008, 31.04333065900005], [120.55333822000011, 31.107404779000035], [120.63304434400004, 31.212097251000046], [120.8665213700001, 31.213640190000035], [120.86405994200004, 31.305120806000048], [120.79915829000004, 31.37939440400004], [120.8170291020001, 31.486802433000037], [120.7956374470001, 31.514915121000058], [120.97350099500011, 31.523408821000032], [121.02461353000001, 31.423635321000063], [121.1072773840001, 31.37859406900003], [121.11828441400007, 31.42839623800006], [121.28930878500012, 31.488551951000034], [121.48890294500006, 31.410667481000075], [121.7519656400001, 31.222289101000058], [121.867763996, 30.981143345000078], [121.8748607340001, 30.866784651000046], [121.84553337600005, 30.84234383000006], [121.47906775800004, 30.804576995000048], [121.343825089, 30.69628457500005], [121.14602169400007, 30.62721890100005], [121.11160822400007, 30.58580555800006], [121.01733314400008, 30.573442666000062], [120.92547639600002, 30.485330084000054], [120.93745503000002, 30.42606728100003], [120.89411361200007, 30.406307432000062], [120.88242831900004, 30.355524651000053], [120.78196862400011, 30.32535893100004], [120.671252879, 30.386925131000055], [120.47576354600005, 30.388411491000056], [120.18984369000009, 30.239928147000057], [120.288196674, 30.26439407400005], [120.32795876400007, 30.23739975600006], [120.4195549420001, 30.340506005000066], [120.5475269960001, 30.35041605500004], [120.5992890770001, 30.32502075600007], [120.5817412770001, 30.23289635100008], [120.62033691800002, 30.12586623800007], [120.7666866300001, 30.112985757000047], [120.91957477500011, 30.15864476300004], [121.1273958160001, 30.277885617000038], [121.28174600900002, 30.30004589200007], [121.4404783550001, 30.231500940000046], [121.56599530200003, 30.05936500100006], [121.67957359000002, 29.978322286000036], [121.97611279900002, 29.874532145000046], [122.1224863440001, 29.872643124000035], [121.88204534700003, 29.764469473000077], [121.68155742500005, 29.558075076000023], [121.52845712200008, 29.511800237000045], [121.49690315200007, 29.54763701400003], [121.42421021900009, 29.479836361000025], [121.42205751400002, 29.40529410700003], [121.4944359220001, 29.48771828300005], [121.498640582, 29.454500031000066], [121.52878177500008, 29.457075496000073], [121.48030784900004, 29.395173905000036], [121.56828836000011, 29.48244343400006], [121.70862658400006, 29.529000844000052], [121.77023948500005, 29.527529393000066], [121.77587292700002, 29.465886925000063], [121.84118770700002, 29.524191287000065], [121.73161791000007, 29.55774826700008], [121.81580933100008, 29.613307682000027], [121.94404264900004, 29.630703668000024], [121.97984491400007, 29.587927192000052], [121.94642527100007, 29.53016430200006], [121.90396646800002, 29.52344686200007], [121.97324469000012, 29.452709167000023], [121.9543409150001, 29.415373509000062], [121.88304773100003, 29.39967008600007], [121.90716282500011, 29.341628164000042], [121.93759841700012, 29.338597073000074], [121.90736666900011, 29.311506761000032], [121.92498778700008, 29.268692804000068], [121.98077086900003, 29.280448422000063], [121.9520936880001, 29.217619341000045], [121.8613294700001, 29.158239224000056], [121.79682010800002, 29.18379553300008], [121.82858324300003, 29.29469636600004], [121.79241028900003, 29.286413564000043], [121.81297116000007, 29.329079], [121.78095044100007, 29.34409346600006], [121.79027261800002, 29.374186894000047], [121.7563999030001, 29.367485720000047], [121.76706774400009, 29.239645557000074], [121.73943964500006, 29.19127521400003], [121.64954134800007, 29.193693304000078], [121.64753941600009, 29.30790107400003], [121.61297986200009, 29.279344067000068], [121.61331587400002, 29.184447695000074], [121.5882655150001, 29.285386205000066], [121.56470054500005, 29.259394584000063], [121.50002706200007, 29.26836525300007], [121.53660718900005, 29.247513624000078], [121.52027378700006, 29.170649816000036], [121.49756714000011, 29.159154147000038], [121.47812037900007, 29.19750816800007], [121.46986393200007, 29.15816410800005], [121.41398712800003, 29.160781237000037], [121.453107756, 29.135145540000053], [121.44415695200007, 29.106815356000027], [121.6340129130001, 29.099408469000025], [121.61764995800002, 29.047168218000024], [121.52359949400011, 29.04899701900007], [121.52043569300008, 28.991816399000072], [121.54846030600004, 29.028342810000026], [121.61622149700008, 29.028144608000048], [121.65417083200009, 29.05911833400006], [121.69670054300002, 29.00384400200005], [121.66671663300008, 28.993095762000053], [121.68859343200006, 28.909712298000045], [121.5593186970001, 28.932379355000023], [121.5328581340001, 28.965062475000025], [121.49127498900009, 28.94626482500007], [121.504160135, 28.898475637000047], [121.63236758000005, 28.875973738000027], [121.62556797700006, 28.831901628000026], [121.66544279800007, 28.829826180000055], [121.62759432300004, 28.72578946400006], [121.43234476700002, 28.684486244000027], [121.48594762300002, 28.650089152000078], [121.52676316600002, 28.524655978000055], [121.61537838800007, 28.526043436000066], [121.55733580100002, 28.484219239000026], [121.58133859600002, 28.35211356800005], [121.63919686200006, 28.336372288000064], [121.6133775620001, 28.25847629900005], [121.56796818600003, 28.240082834000077], [121.5743625, 28.297961128000054], [121.45046666000007, 28.322832979000054], [121.43054334500005, 28.281811455000025], [121.4008079350001, 28.287426769000035], [121.41606836800008, 28.242083255000068], [121.37280602900012, 28.21518577300003], [121.35418608900011, 28.125570966000055], [121.30472744300005, 28.174198025000067], [121.26229359700005, 28.16180700800004], [121.2632567390001, 28.06024703500003], [121.14102311600004, 28.019763004000026], [121.12723168000002, 28.128926104000072], [121.19859703600002, 28.19169051600005], [121.21541320800009, 28.170151099000066], [121.23242360200004, 28.210294004000048], [121.27509420600006, 28.197145656000032], [121.2273239210001, 28.310438893000025], [121.26393352000002, 28.326138988000025], [121.13893127200004, 28.389117277000025], [121.07567661400003, 28.31026532900006], [121.02740267400009, 28.304120054000066], [121.05190007200008, 28.230024253000067], [121.11382805400001, 28.226201552000077], [121.07285421600011, 28.146838178000053], [120.99840491600003, 28.129123726000046], [120.96434861300008, 27.977833777000058], [120.71922863800012, 28.026877244000048], [120.68253673200002, 28.008275517000072], [120.82056609400001, 27.93811131600006], [120.8369012280001, 27.856162162000032], [120.71219552600007, 27.71031649400004], [120.60979303300007, 27.761660323000058], [120.66707656200003, 27.62754082600003], [120.5371516670001, 27.566103749000035], [120.58408603700002, 27.55822194900003], [120.60717037200004, 27.479290607000053], [120.637649183, 27.491166460000045], [120.66583304400001, 27.456580631000065], [120.61846342600006, 27.352900485000077], [120.52886748100002, 27.394857263000063], [120.51520496, 27.32104424700003], [120.53845732900004, 27.28874760800005], [120.48445974900005, 27.170026224000026], [120.4371228650001, 27.19990027800003], [120.38745545600011, 27.16546152500007], [120.36901465500011, 27.229762004000065], [120.29835585300009, 27.218617136000034], [120.30208244000005, 27.279606496000042], [120.20267063100005, 27.261780032000047], [120.17404687900012, 27.218512884000063], [120.1801674190001, 27.189613834000056], [120.24222616300005, 27.235446049000075], [120.29230746000007, 27.201759087000028], [120.35302858500006, 27.21653449300004], [120.37927648100003, 27.183085770000048], [120.34649396900011, 27.14937683200003], [120.42079576000003, 27.147343145000036], [120.42928436600005, 27.121866160000025], [120.3635249670001, 27.098426105000044], [120.36947796700008, 27.068594545000053], [120.24173785900007, 27.11008843600007], [120.27479961900008, 27.049045431000025], [120.23809034400006, 27.030759198000055], [120.25589387900004, 26.985975947000043], [120.17618378500003, 26.97289361000003], [120.23800879200007, 26.95091231500004], [120.22745368000005, 26.916300402000047], [120.12203101600005, 26.933753374000048], [120.09593306800002, 26.883814852000057], [120.03088864500012, 26.873861445000045], [120.04382195100004, 26.831532689000028], [120.13154802300005, 26.794614126000056], [120.10456513600002, 26.74565421500006], [120.15226476100008, 26.72042366000005], [120.11214553900004, 26.673522258000048], [120.14790731000005, 26.64290993000003], [120.08984148600007, 26.61039529900006], [120.06794909500002, 26.636122412000077], [119.9441119820001, 26.584476422000023], [119.87163767000004, 26.511842186000024], [119.81925126800002, 26.51170352300005], [119.8384159960001, 26.58614907200007], [119.98281363500007, 26.648056473000054], [119.97860947800007, 26.695145943000057], [120.06783393, 26.77724254700007], [119.92085309200002, 26.780704436000065], [119.93358779200003, 26.72648743800005], [119.86411340400002, 26.64444385300004], [119.83681975500008, 26.70722759000006], [119.79333130700002, 26.685243306000075], [119.79139066700009, 26.744948711000063], [119.84449922800002, 26.799090042000046], [119.79068510000002, 26.816447238000023], [119.84310014500011, 26.844084529000042], [119.7797728170001, 26.830182492000063], [119.75551256500012, 26.726894095000034], [119.6507438110001, 26.89769349000005], [119.68757398100001, 26.815901969000038], [119.67761742100004, 26.75995], [119.73153238000009, 26.714244974000053], [119.61839201500004, 26.754780229000062], [119.61657440800002, 26.786982298000055], [119.5591769350001, 26.769725333000054], [119.62819808300003, 26.73015831600003], [119.56220896500008, 26.719109110000034], [119.6086277920001, 26.67040860900005], [119.54947061100006, 26.66519838200003], [119.58270966000009, 26.598346938000077], [119.77401874200007, 26.589749161000043], [119.80583088000003, 26.54033260500006], [119.76101205700002, 26.550523689000045], [119.82621181900004, 26.44144697100006], [119.75673232400004, 26.405145108000056], [119.76005876600004, 26.436951918000034], [119.72074233600006, 26.433835824000028], [119.65599963300008, 26.492401932000064], [119.55787890600004, 26.46661169400005], [119.5805177420001, 26.42716802900003], [119.64546190500005, 26.440120207000064], [119.669555639, 26.415199432000065], [119.69099590200005, 26.315307818000065], [119.73866269300004, 26.320480501000077], [119.83528422100005, 26.42051071700007], [119.87421660700011, 26.352096337000035], [119.96445276600002, 26.361787029000027], [119.89692109300006, 26.305215822000036], [119.78672569800005, 26.299917294000068], [119.79354942300006, 26.267243251000025], [119.76508404200001, 26.288907566000034], [119.63786484500008, 26.247296899000048], [119.67168381300007, 26.217878335000023], [119.50606827400009, 26.05824272900003], [119.71617572200012, 25.98568466000006], [119.6872588980001, 25.893567629000074], [119.641856931, 25.89830015800004], [119.61375659900011, 25.842812968000032], [119.57739039900002, 25.87613794200007], [119.63238650000005, 25.765957009000033], [119.61418874700007, 25.677469968000025], [119.44112772100004, 25.68631447200005], [119.44070988600004, 25.63123715100005], [119.48975438900004, 25.61341720000007], [119.488292827, 25.558414011000025], [119.52117314100008, 25.531799096000043], [119.53729720500007, 25.570889015000034], [119.59390681500008, 25.568002573000058], [119.57601187600005, 25.521716087000073], [119.60079895400008, 25.495746840000038], [119.5507175460001, 25.46225510900007], [119.59721904900005, 25.48042328200006], [119.6439137320001, 25.44065269300006], [119.64154084800009, 25.32776454800006], [119.59385552600008, 25.327181675000077], [119.57896021400006, 25.430478660000063], [119.53020303100004, 25.39961973100003], [119.56044936100011, 25.36767700200005], [119.47691091900003, 25.343373257000053], [119.51118157000008, 25.442564520000076], [119.46801215100004, 25.447062825000046], [119.42769466800007, 25.409027175000062], [119.45774260900009, 25.496618469000055], [119.3626232040001, 25.50993792500003], [119.3860771520001, 25.56222675300006], [119.32701511700009, 25.601948105000076], [119.333973452, 25.414864902000033], [119.28248442600011, 25.41721068700008], [119.31770984200011, 25.53839954600005], [119.28499299300006, 25.546561980000035], [119.28145369200001, 25.49999384800003], [119.12421005300007, 25.405013997000026], [119.14822943100012, 25.34988384500008], [119.21305826500009, 25.339176674000043], [119.22965167900009, 25.290957165000066], [119.1915751250001, 25.263684795000074], [119.21359378700004, 25.229735108000057], [119.25080661600009, 25.300278947000038], [119.29948287700006, 25.300932055000033], [119.36551303800002, 25.241294340000024], [119.35250735800003, 25.212013736000074], [119.290189026, 25.21617720100005], [119.30781812900011, 25.16876218500005], [119.283634935, 25.138540398000032], [119.23580950500002, 25.156213137000066], [119.24439789100006, 25.182189442000038], [119.16282829400006, 25.16484954200007], [119.17202567900006, 25.21836505400006], [119.12025034100009, 25.227100101000076], [119.09746848600003, 25.15811392100005], [119.16825746300003, 25.10555313800006], [119.10080066300009, 25.08703121700006], [119.07179642000006, 25.132566836000024], [119.07123845400008, 25.09490437200003], [119.0300635750001, 25.129433667000058], [119.07638184300004, 25.202086327000075], [118.9701735760001, 25.191154831000063], [118.9900408520001, 25.241078085000026], [119.07046777800008, 25.256798883000044], [118.89057922400002, 25.237808409000024], [118.88861649900002, 25.205786990000036], [118.92842697100002, 25.199014457000033], [118.91841668200004, 25.167615734000037], [118.98006267700009, 25.167394201000036], [118.99036653400003, 25.13715762700008], [118.943436646, 25.121530843000073], [118.97719232000009, 25.083017056000074], [118.85280979800007, 25.059609339000076], [118.96347221100007, 24.96911369600008], [118.96563252500005, 25.00298377200005], [119.01295617000005, 25.023173522000036], [119.01406040300003, 24.970643351000035], [118.9855615670001, 24.957256362000066], [119.02223160400001, 24.939640344000054], [118.89129348600011, 24.919557112000064], [118.99584909200007, 24.862586707000048], [118.87407646400004, 24.885936109000056], [118.82616073000008, 24.847324164000042], [118.71147809800004, 24.837735234000036], [118.66637046700009, 24.940531469000064], [118.68329438, 24.860126473000037], [118.64004160500008, 24.849608077000028], [118.63609011500012, 24.816781606000063], [118.67837538200001, 24.772160189000033], [118.72491976600008, 24.797139094000045], [118.7969570680001, 24.75938526400006], [118.74284124100006, 24.717526478000025], [118.7367699890001, 24.672882250000043], [118.65034262900008, 24.661988746000077], [118.68301362900002, 24.60057500100004], [118.65150045300004, 24.540353467000045], [118.58228379000002, 24.506919997000068], [118.582827629, 24.569503128000065], [118.46654398400005, 24.62885088300004], [118.46173407300012, 24.700087936000045], [118.436845102, 24.70285143600006], [118.42802319600003, 24.590277128000025], [118.30065266400004, 24.58029639700004], [118.23404432600012, 24.528966123000032], [118.20785145000002, 24.57504446300004], [118.22700315800012, 24.61140828200007], [118.18639269900007, 24.618011134000028], [118.21636577700008, 24.651751293000075], [118.15915669100002, 24.676100016000078], [118.12818837600003, 24.59455561900006], [118.14176590600005, 24.52915145700007], [118.19550968600004, 24.488468535000038], [118.18160571100009, 24.442504319000022], [118.09499825600005, 24.42567017300007], [118.11000420300002, 24.545220940000036], [118.00891708900008, 24.572610522000048], [117.96645090700008, 24.544282637000038], [118.062751552, 24.520034289000023], [118.07389590600008, 24.485179538000068], [118.02362646600011, 24.471232868000072], [118.05261938100011, 24.446169386000065], [117.88262327000007, 24.475536482000052], [117.91984299, 24.427843806000055], [117.85636214500005, 24.41105486300006], [117.91799335200005, 24.36811718000007], [118.09103243000004, 24.390033378000055], [118.02447785600009, 24.32381748100005], [118.11746749000008, 24.34670041100003], [118.143710327, 24.265590463000024], [117.95237031400006, 24.322032696000065], [117.85403727300002, 24.301079707000042], [117.77157114400006, 24.360323090000065], [117.63614122100012, 24.34457601300005], [117.59729889700009, 24.280287845000032], [117.57056808200002, 24.334957479000025], [117.49423638700011, 24.35158845500007], [117.51930695800002, 24.516083043000037], [117.45542594100004, 24.520340153000063], [117.35314563000009, 24.457946803000027], [117.3061862510001, 24.507517653000036], [117.21193942600007, 24.524263851000057], [117.14696890700009, 24.500341251000066], [117.08955228500008, 24.568339602000037], [117.00192679800011, 24.59999825400007], [117.00944574400012, 24.78413654800005], [117.05459164000001, 24.885765363000075], [116.98131174700006, 24.977751196000042], [116.90102658700005, 24.97826002100004], [116.91675783800008, 25.012861189000034], [116.82979805200011, 25.094407069000056], [116.74395808000008, 25.095011533000047], [116.67590423800004, 25.162140261000047], [116.90217837600005, 25.222920816000055], [116.89203215000009, 25.284241716000054], [116.93584897100004, 25.349731332000033], [116.91072527200004, 25.39177942500004], [116.8576743970001, 25.405595090000077], [116.8094723370001, 25.360104998000054], [116.71925956300004, 25.358139831000074], [116.68186866100007, 25.288722585000073], [116.61681062200012, 25.27129403500004], [116.57294364400002, 25.30899690600006], [116.60467158300003, 25.326330718000065], [116.58699354200007, 25.38065885700007], [116.52625011700002, 25.400908187000027], [116.57765408600005, 25.701986103000024], [116.62958707100006, 25.779831346000037], [116.5997705200001, 25.872814507000044], [116.64988013900006, 25.91285909000004], [116.63967756700004, 26.04651414600005], [116.8108603820001, 26.115264281000066], [116.81606952100003, 26.147020631000032], [116.75144536700009, 26.198077819000048], [116.7606392240001, 26.25802484700006], [116.82047147500009, 26.32413296200008], [117.02526381700011, 26.368744953000032], [117.01507827300009, 26.484290567000073], [116.88074835000009, 26.452248547000067], [116.77146831100004, 26.549045481000064], [116.77901325800008, 26.586521333000064], [116.62417438600005, 26.666862942000023], [116.53706490400009, 26.649975141000027], [116.53939683700003, 26.56969213600007], [116.45757275100004, 26.597285862000035], [116.32998287400005, 26.50456991300007], [116.24713987500002, 26.554534636000028], [116.22012904300004, 26.53789297000003], [116.20183936300009, 26.51331834900003], [116.26092588200004, 26.419214428000032], [116.20930059900002, 26.338178334000077], [116.25806765100003, 26.273151897000048], [116.2521768360001, 26.233312891000026], [116.10370163700009, 26.15041030200007], [116.10639308900011, 26.12107878300003], [115.92926226000009, 26.09868662100007], [115.88978439700008, 26.149369571000022], [115.88029945400001, 26.280101251000076], [115.76998108100008, 26.299071973000025], [115.72128846800001, 26.340692414000046], [115.568757129, 26.287219121000078]]], [[[113.38108646400008, 32.62096428600006], [113.3175840450001, 32.58362095700005], [113.15610776400001, 32.637929401000065], [113.21787194, 32.71255925400004], [113.13910002600005, 32.863053851000075], [113.16235192400006, 32.91641509900006], [113.08327522700006, 33.007479104000026], [113.15292773100009, 33.11355002800008], [113.13526552500002, 33.13650271500006], [113.04294723800001, 33.131558330000075], [112.98899178200008, 33.16558978900002], [112.75680879700008, 33.11763641500005], [112.6139260330001, 33.181653898000036], [112.67026882000005, 33.355217003000064], [112.79996929000004, 33.47841703900008], [112.80814717500004, 33.52223367100004], [112.7654242100001, 33.59033255600008], [112.89871136400006, 33.62244147800004], [113.0164579420001, 33.56735667700008], [113.14125294400003, 33.581773680000026], [113.04096745600009, 33.781004590000066], [112.69187400300007, 33.967149590000076], [112.76109755800007, 34.004917325000065], [112.97722570600001, 34.01478866300005], [113.05792668100003, 34.174747936000074], [113.02513563000002, 34.282484572000044], [113.08548540400011, 34.26922988500007], [113.27596170100003, 34.362519631000055], [113.2668788840001, 34.46456617200005], [113.15858388000004, 34.515292686000066], [113.22838757800002, 34.60626800600005], [113.38643447200002, 34.596504666000044], [113.46808258800002, 34.65895821700008], [113.511035934, 34.612641060000044], [113.69361616200001, 34.65013199600003], [113.76508179500001, 34.61560895100007], [113.83572987800005, 34.528080826000064], [113.84607534100007, 34.35164252900006], [113.9786933790001, 34.26533727800006], [114.11879511000006, 34.22228159100007], [114.26561348700011, 34.28628026500007], [114.37451862500006, 34.26798233300008], [114.4044956780001, 34.321839425000064], [114.47122999900012, 34.33085151700004], [114.62873088600008, 34.24890772700007], [114.74909723500002, 34.23993477700003], [114.85801401700007, 34.28219465300003], [115.05581812300011, 34.239980299000024], [115.088514282, 34.21717611300005], [115.11535263000007, 34.10292259700003], [115.06212890800009, 34.00294050100007], [115.07635370800006, 33.94901252100004], [115.2804363460001, 33.996406781000076], [115.45785241400006, 33.97339825600005], [115.57027262300005, 34.083686800000066], [115.76942261500005, 34.044896710000046], [115.67162392700004, 34.311394750000034], [115.67857360300002, 34.34403914500007], [115.79378483000005, 34.37277342900006], [115.71351453200009, 34.52328193300008], [115.81217032200004, 34.636100001000045], [115.81379300100002, 34.73418120700006], [115.86474440500001, 34.822059886000034], [115.96889779700007, 34.80817091700004], [116.00876773300001, 34.921422892000066], [116.13645957300002, 34.89407910400007], [116.08975658300005, 35.01707327400004], [116.20716481200009, 35.20078665300008], [116.43265854200001, 35.21909270400005], [116.44681050200006, 35.427893561000076], [116.33638551700005, 35.51801039800006], [116.5919379710001, 35.55595453300003], [116.6298447900001, 35.60814053900003], [116.59015039300004, 35.66754496900006], [116.63761857000009, 35.700317203000054], [116.83662038300008, 35.67328976700003], [116.96584489600002, 35.779523460000064], [117.26769423600001, 35.76149787400004], [117.24557205500003, 35.87989526300004], [117.160870369, 35.86461493300004], [117.12102149600003, 35.884483172000046], [117.10689215600007, 35.94061142500004], [116.936676755, 35.937517555000056], [116.93057579200001, 36.02731171500005], [116.89049626400003, 36.04048906600008], [116.83318164900004, 36.16624788000007], [116.88283184800002, 36.235501750000026], [117.01592120100008, 36.244212857000036], [117.05242900500002, 36.32254118100008], [116.86178969900004, 36.50984777800005], [116.77785417200005, 36.695354843000075], [117.04541047900011, 36.753749679000066], [117.04246792100002, 36.83702417200004], [116.97132446300009, 36.82883536000003], [116.86910877500009, 36.99324235900008], [116.75120273700009, 36.988842333000036], [116.68195795200006, 37.070254212000066], [116.69197242900009, 37.14712607700005], [116.6668793880001, 37.18112015600008], [116.75690557200005, 37.226957724000044], [116.87640791000001, 37.37667248500003], [116.87656043000004, 37.57663537800005], [116.81517544400003, 37.58100060900006], [116.78425504400002, 37.52287391800007], [116.67095151400008, 37.55795398600003], [116.56736866100005, 37.505210926000075], [116.45183147000012, 37.522476512000026], [116.60903586600011, 37.63923026100008], [116.73602127700008, 37.81615577100007], [117.00989489800008, 37.82924444200006], [117.00182867900003, 38.092253811000035], [117.12633813000002, 38.15666551800007], [117.11717167000006, 38.187084424000034], [117.15715007100005, 38.206681529000036], [117.21957879000001, 38.16174324100007], [117.31254736000005, 38.15419183000006], [117.44617586600009, 38.22965201100004], [117.6026772570001, 38.26531999700006], [117.6925345620001, 38.23225374800006], [117.68302860500012, 38.19927544900003], [117.77264248900008, 38.23298450100003], [117.76234611100006, 38.18762945700007], [117.8373537110001, 38.19239207500004], [117.83339505300012, 38.13947398800008], [117.88651152900002, 38.12653514900006], [117.8393213280001, 38.10311291900007], [117.95157556200002, 38.10297365100007], [117.86491337100006, 38.07463340100003], [117.997911154, 38.069661014000076], [118.01786752100008, 38.00904452800006], [117.92567921400007, 37.98377329900006], [117.997970043, 37.97507285100005], [118.00542397900006, 37.943111585000054], [117.9622847390001, 37.91229762000006], [117.96482760800006, 37.86621284700004], [117.89577055200004, 37.82246973400004], [117.95126189200005, 37.81205781800003], [118.02834033300007, 37.93637201200005], [118.10219495600006, 37.94373588900004], [118.12962963100006, 38.063727088000064], [118.25293063900006, 38.07487706200004], [118.2269319720001, 38.02851605800004], [118.25799181900004, 38.01371516800003], [118.32431632700002, 38.072770422000076], [118.44291278800006, 38.08803853300003], [118.49833337900009, 37.96385647000005], [118.57640763500001, 38.03197794100004], [118.62304917800009, 38.02634348700008], [118.65130190800005, 38.10206350000004], [118.7017071460001, 38.08714981300005], [118.74954131800007, 38.12465638900005], [118.71386177400007, 38.04671827400006], [118.86329322400002, 38.05152160500006], [118.75571390400012, 38.00799078400007], [118.75962350800012, 37.968083712000066], [118.80571407000002, 37.93626784400004], [118.83284097300009, 38.01113481900006], [118.8920710650001, 38.01269395200006], [118.87994056700006, 37.94587908800003], [118.96343434300002, 37.94311808100008], [118.97100778000004, 37.89484261700005], [118.93185046500002, 37.83972477800006], [118.89393745000007, 37.84851600400003], [118.90463882400002, 37.78562044800003], [119.02117754300002, 37.75359804900006], [119.02350317700007, 37.721892593000064], [118.96840895900004, 37.69218675700006], [118.90388008200011, 37.58736290600007], [118.91118074200006, 37.54722546600004], [118.8599402000001, 37.51903624000005], [118.887882321, 37.50638638000004], [118.87464766200003, 37.41802546800005], [118.75700341800007, 37.403150260000075], [118.79644023700007, 37.33479783800004], [118.88087662300006, 37.314859194000064], [118.88875274000009, 37.26927672900007], [118.98537673200008, 37.24395212600007], [118.9792172650001, 37.18847469900004], [119.08528794600011, 37.165144216000044], [119.11716216100001, 37.102716661000045], [119.74439746700011, 37.11628985600004], [119.88033979400007, 37.262421424000024], [119.87024183300002, 37.313685218000046], [119.81735114700007, 37.34101637200007], [119.91284711300011, 37.402575127000034], [120.09133505800003, 37.450657928000055], [120.26537510800006, 37.57195720000004], [120.27630920900003, 37.64784022300006], [120.19279623700004, 37.675841631000026], [120.35706995300006, 37.68949475000005], [120.41901122600007, 37.73978257700003], [120.55497294100007, 37.75176922700007], [120.68829713600007, 37.82252538000006], [120.9105142620001, 37.807417024000074], [120.90910274300006, 37.77140524500004], [121.001809051, 37.699729657000034], [121.11769333200004, 37.69380099600005], [121.10853280600008, 37.61145543200007], [121.14787873400007, 37.572960644000034], [121.25310957900001, 37.559649973000035], [121.25902600400002, 37.526629177000075], [121.33381729300004, 37.58085814400005], [121.31796238900006, 37.61833458700005], [121.41085130200008, 37.584254789000056], [121.34277052700008, 37.561122761000036], [121.47188148900011, 37.44142598800005], [121.34768100800011, 37.385577727000054], [121.29239558200004, 37.233448278000026], [121.20874464300005, 37.23385082100003], [121.12468792100003, 37.14024826700006], [121.17588769200006, 36.987798389000034], [121.2370064370001, 36.913126797000075], [121.32175212400011, 36.90703146000004], [121.3474959460001, 36.81275437200003], [121.434712611, 36.74453793500004], [121.35856695400003, 36.724891478000075], [121.350948001, 36.695720083000026], [121.1510586070001, 36.65577815900008], [121.14533181400009, 36.68155859900003], [121.02314714400006, 36.587893155000074], [120.99949029800007, 36.635931398000025], [120.996454792, 36.57114712600003], [120.92934358200012, 36.573087878000024], [120.90341267000008, 36.59599678200004], [120.93189835200008, 36.609006358000045], [120.85990034100007, 36.64382309300004], [120.7566703760001, 36.61069388100003], [120.72921593400008, 36.53525822700004], [120.83932041800006, 36.585901328000034], [120.85308474800001, 36.541423191000035], [120.94609085600007, 36.53376890200008], [120.94221204900009, 36.50518518900003], [120.91413396100006, 36.47770132900007], [120.92740630300011, 36.43866637200006], [120.85665470900005, 36.44720364600005], [120.88407561500003, 36.40972375800004], [120.86178608600005, 36.36459558700005], [120.82537008800011, 36.36938634200004], [120.7775626450001, 36.46269792700008], [120.66453245500009, 36.43211897600003], [120.67937267600007, 36.31624156700008], [120.62519876100009, 36.31789764000007], [120.66584967200004, 36.11685680000005], [120.56706774400004, 36.085077900000044], [120.54323404700006, 36.105947368000045], [120.40671725300001, 36.04907110400006], [120.2458853490001, 36.04450736900003], [120.33346888800008, 36.14420480900003], [120.32342339200011, 36.23797706500005], [120.25299289700001, 36.26602092600007], [120.2374414520001, 36.206747404000055], [120.26927658900001, 36.18441746800005], [120.21739563500012, 36.16677625500006], [120.18067946700012, 36.21473636300004], [120.07753844800004, 36.20277642900004], [120.05951942400009, 36.11299199100006], [120.15883049800004, 36.03047776300008], [120.19386179600008, 36.034098407000045], [120.14789095300011, 35.988892261000046], [120.19459877600002, 35.966335521000076], [120.27733282000008, 36.00143744400003], [120.2643875330001, 35.97175639200003], [120.1474455010001, 35.88331270900005], [120.13665296200008, 35.90761874800006], [120.18372030500007, 35.94370713600006], [119.96670788000006, 35.85378488900005], [120.00487728300004, 35.82742181900005], [120.00353469800007, 35.77878687800006], [119.95917696200002, 35.71626136300006], [119.91075199400007, 35.75240859400003], [119.87074079900003, 35.73465483000007], [119.91266442200003, 35.70172325800007], [119.86455443200009, 35.67375099100008], [119.89207346, 35.635576757000024], [119.80201679400011, 35.62065718200006], [119.7978405980001, 35.66248617200006], [119.73114685400003, 35.583509341000024], [119.70392253300008, 35.634246361000066], [119.65300507000006, 35.591070917000025], [119.60097607700004, 35.59668218300004], [119.60727120500007, 35.513204306000034], [119.52861079800005, 35.35740537800007], [119.49947850400008, 35.38207239600007], [119.49115199900007, 35.33936397100007], [119.39340767500005, 35.30307871100007], [119.35482843900002, 35.25440552600003], [119.34854406700003, 35.10777141600005], [119.28313508600002, 35.08264477700004], [119.19103175100008, 35.104294769000035], [119.22304762600004, 35.074260636000076], [119.14742037000008, 34.83141998200006], [119.19657557300002, 34.77552342100006], [119.301271541, 34.73660988200004], [119.36252382900011, 34.75749687100006], [119.47492232400009, 34.71958282300005], [119.44871155200008, 34.67815395000002], [119.47444994200009, 34.62572571900006], [119.6325512310001, 34.56443681700006], [119.56646164200004, 34.50070376300005], [119.50678470300011, 34.49244772600008], [119.54831940300005, 34.47043513500006], [119.69648007800004, 34.530779979000044], [120.24188845900005, 34.30534270600003], [120.41531254300003, 33.89727724900007], [120.47024959900011, 33.84305949800006], [120.4469022830001, 33.78166201300007], [120.47453380000002, 33.78754296500006], [120.52464460600004, 33.69569433100003], [120.52486233900004, 33.626028305000034], [120.58861525800012, 33.52847064600007], [120.65122665800004, 33.29068735200008], [120.74353346900011, 33.21954322300007], [120.71659357500005, 33.17384978500007], [120.77803517000007, 33.03645398900005], [120.85447287300008, 33.026293329000055], [120.87581564300001, 32.99366901700006], [120.90410680700006, 32.84269555100008], [120.8382651280001, 32.813049962000036], [120.83035765900001, 32.76844499500004], [120.88206544800005, 32.73137561300007], [120.89480785900003, 32.63243181100006], [120.84918681500005, 32.647246016000054], [120.82974906100003, 32.55984510300004], [120.78536051700007, 32.55740323900005], [120.77057958900002, 32.50159260600003], [120.66992356300011, 32.472882510000034], [120.48686016500005, 32.480892535000066], [120.37139466100007, 32.36008915700006], [120.26984383100012, 32.37960766500004], [120.22288439700003, 32.335703860000024], [119.859376569, 32.38545659500005], [119.83336155300003, 32.266759824000076], [119.743837256, 32.30306240500005], [119.63510506400007, 32.20535873500006], [119.587101888, 32.250374056000055], [119.44300370500002, 32.257898469000054], [119.27927993700007, 32.20514073100003], [119.1450908590001, 32.24096486700006], [118.91537868500006, 32.18057893900004], [118.78349971900002, 32.24715651200006], [118.65532324000003, 32.24722482300007], [118.57788186800008, 32.17361878400004], [118.45823056000006, 32.186267102000045], [118.42376488900004, 32.07746996900005], [118.34309366700006, 32.19318257300006], [118.21324069900004, 32.226664440000036], [117.97481424400007, 32.25096750800003], [117.89663726600008, 32.217311582000036], [117.87143657900003, 32.24374810300003], [117.70746045700002, 32.24610512500004], [117.51163019, 32.20958759800004], [117.43105722300004, 32.23624252700006], [117.41975794500001, 32.27023709900004], [117.35181989600005, 32.22635590800007], [117.3147299210001, 32.028641986000025], [117.36638308800002, 31.98295707300008], [117.33571049600005, 31.965837890000046], [117.18134742600012, 31.926270088000024], [117.05885590100002, 31.99110990500003], [116.94273793800005, 31.993738276000045], [116.6983525390001, 31.912332524000078], [116.67537026600007, 31.99447101900006], [116.56475186000011, 32.034998846000065], [116.49666218300001, 32.18449835900003], [116.51977165400001, 32.27873032000008], [116.46146952400011, 32.38746232700004], [116.48070185400002, 32.46765963200005], [116.39474171600011, 32.436965533000034], [116.27791126800003, 32.502301155000055], [116.23996058700004, 32.44053915000006], [116.12379016500006, 32.44195868200006], [116.07431582900006, 32.52185097000006], [115.94592402500007, 32.60242026700007], [115.87842587700004, 32.57253255300003], [115.81871782600001, 32.434343288000036], [115.74432792200002, 32.478883121000024], [115.6550614900001, 32.46945842200006], [115.64945369800012, 32.38779791500008], [115.56686206000006, 32.39011457300006], [115.4939853620001, 32.28807653800004], [115.35784319200002, 32.241864204000024], [115.32052855800009, 32.34820257700005], [115.16360673600002, 32.31409608200005], [115.09915456800002, 32.34415388900004], [115.0909336310001, 32.390001021000046], [115.05774738100001, 32.30013802800005], [114.82372631300007, 32.15193234700007], [114.6683459300001, 32.207262326000034], [114.62636820000012, 32.290508801000044], [114.38217625700008, 32.26782968500004], [114.31771358300011, 32.302014298000074], [114.2392872260001, 32.49582938900005], [114.20391375100007, 32.51115056400005], [114.19212470600007, 32.45422784200008], [114.10914003300002, 32.438726845000076], [114.06874980200007, 32.52920187400008], [113.96130272800008, 32.553545335000024], [113.83822849700005, 32.64618827700008], [113.77476889400009, 32.61401058600006], [113.73558884300007, 32.67135873600006], [113.63136993300009, 32.72256658500004], [113.49065501200005, 32.58068745500003], [113.38108646400008, 32.62096428600006]]], [[[120.72185152700001, 24.227885730000025], [120.75292995100006, 24.219459955000048], [120.75908671800005, 24.167143469000052], [120.65182957200011, 24.125298635000036], [120.560677542, 24.144119876000047], [120.56881759700002, 24.206822514000066], [120.69359384800009, 24.193199594000077], [120.72185152700001, 24.227885730000025]]], [[[121.06624403700005, 24.315895745000034], [120.90364572900012, 24.324855704000072], [120.8274019260001, 24.296268223000027], [120.66445788900012, 24.362191530000075], [120.6206362370001, 24.428742973000055], [120.67732079900009, 24.495281942000076], [120.70201689100008, 24.589805443000046], [120.83235994800009, 24.67413999000007], [120.89971564100006, 24.760767547000057], [120.902904239, 24.832384440000055], [121.08422147200008, 25.053402111000025], [121.41060252500006, 25.158120927000027], [121.42878464000012, 25.232759776000023], [121.55092742300008, 25.302315803000056], [121.69152636400008, 25.17808426600004], [121.60607912600005, 25.11095764600003], [121.67789553400007, 25.046735244000047], [121.75562697300006, 25.107506588000035], [121.76680087900002, 25.155135908000034], [121.91421330900005, 25.116962536000074], [121.91830957600007, 25.045508151000035], [121.98725056800004, 24.998490693000065], [121.90579382100009, 24.94887711900003], [121.80761241800008, 24.947410965000074], [121.7273019800001, 24.851902203000066], [121.57840511500001, 24.782896424000057], [121.5358294880001, 24.722427353000057], [121.42451033900011, 24.683997588000068], [121.27795814400008, 24.431252691000054], [121.1844585340001, 24.411346363000064], [121.06624403700005, 24.315895745000034]]], [[[119.70302217400001, 25.557704512000043], [119.77249051700005, 25.639999601000056], [119.7871337150001, 25.604747874000054], [119.83825978700008, 25.597596320000036], [119.84108598400007, 25.546801970000047], [119.88428556800011, 25.542146737000053], [119.81396823300008, 25.491225453000027], [119.85513138500005, 25.43802456800006], [119.76840599700006, 25.40412038000005], [119.76778142100011, 25.378429372000028], [119.7007627810001, 25.40714203500005], [119.73060945500004, 25.460679835000064], [119.68189159200006, 25.44092464700003], [119.6929486460001, 25.47951281400003], [119.735869567, 25.482293037000034], [119.74093705300004, 25.560909671000047], [119.70302217400001, 25.557704512000043]]], [[[121.93397649500002, 30.171115652000026], [122.31305116600004, 30.00921547100006], [122.293577346, 29.93919763300005], [122.10498214600011, 30.001144710000062], [122.0049979150001, 30.001459502000046], [121.93397649500002, 30.171115652000026]]], [[[122.0973869070001, 30.306375494000065], [122.21810994600003, 30.30788426600003], [122.21778525000002, 30.224517092000042], [122.06612984000003, 30.274894861000064], [122.0973869070001, 30.306375494000065]]], [[[122.51665588500009, 30.692631575000064], [122.44331449000003, 30.68652297600005], [122.41244574200005, 30.735204946000067], [122.51775382400001, 30.715278443000045], [122.51665588500009, 30.692631575000064]]], [[[120.68067991800001, 31.260030629000028], [120.5408347130001, 31.23067551500003], [120.52948446800008, 31.350768353000035], [120.55662475600002, 31.37349427600003], [120.70203715700006, 31.31526081000004], [120.68067991800001, 31.260030629000028]]], [[[121.43887118400005, 31.723285399000076], [121.51171392800006, 31.71198337800007], [121.58317326500003, 31.649922282000034], [121.87221198300006, 31.52706590300005], [121.80908007700009, 31.456826845000023], [121.57500637500004, 31.51628900600008], [121.34051829300006, 31.624319356000058], [121.22396786800005, 31.74781411200007], [121.20512984100003, 31.708366196000043], [121.13707889200009, 31.765325209000025], [121.1772310560001, 31.813429504000055], [121.30431244400006, 31.83094348000003], [121.43887118400005, 31.723285399000076]]]]}}]}